"ASV","Contaminant","Phylum","Class","Order","Family","Genus","Species"
"ASV_1",FALSE,"Chordata","Aves","Sphenisciformes","Spheniscidae","Eudyptula","Eudyptula minor"
"ASV_2",FALSE,"Chordata","Aves","Sphenisciformes","Spheniscidae","Eudyptula","Eudyptula minor"
"ASV_4",FALSE,"Chordata","Actinopteri","Cyprinodontiformes","Poeciliidae","Gambusia","Gambusia affinis"
"ASV_6",FALSE,"Chordata","Aves","Sphenisciformes","Spheniscidae","Eudyptula","Eudyptula minor"
"ASV_8",FALSE,"Bacteroidota","Flavobacteriia","Flavobacteriales","Flavobacteriaceae","Aggregatimonas","Aggregatimonas sangjinii"
"ASV_10",FALSE,"Nematoda","Chromadorea","Rhabditida","Rhabditidae","Rhabditis","Rhabditis sp."
"ASV_13",FALSE,"Chordata","Aves","Sphenisciformes","Spheniscidae","Eudyptula","Eudyptula minor"
"ASV_14",FALSE,"Nematoda","Chromadorea","Rhabditida","Rhabditidae","Oscheius","Oscheius sp."
"ASV_15",FALSE,"Arthropoda","Arachnida","Trombidiformes","Eupodidae","","Eupodidae sp. BOLD:ACX7636"
"ASV_16",FALSE,"Nematoda","Chromadorea","Rhabditida","Rhabditidae","Oscheius","Oscheius sp."
"ASV_17",FALSE,"Bacteroidota","Flavobacteriia","Flavobacteriales","Flavobacteriaceae","Flavobacterium","Flavobacterium sp. KBS0721"
"ASV_21",FALSE,"Apicomplexa","Conoidasida","Eucoccidiorida","Eimeriidae","Eimeria","Eimeria sp."
"ASV_23",FALSE,"Bacteroidota","Flavobacteriia","Flavobacteriales","Flavobacteriaceae","Maribacter","Maribacter sp. BPC-D8"
"ASV_24",FALSE,"Bacteroidota","Flavobacteriia","Flavobacteriales","Flavobacteriaceae","Aggregatimonas","Aggregatimonas sangjinii"
"ASV_26",FALSE,"Platyhelminthes","Cestoda","Cyclophyllidea","Taeniidae","Versteria","Versteria mustelae"
"ASV_27",FALSE,"Arthropoda","Arachnida","Sarcoptiformes","Acaridae","Tyrophagus","Tyrophagus curvipenis"
"ASV_33",FALSE,"Chordata","Actinopteri","Cyprinodontiformes","Poeciliidae","Gambusia","Gambusia affinis"
"ASV_34",FALSE,"Arthropoda","Collembola","Entomobryomorpha","Entomobryidae","Entomobrya","Entomobrya sp. HB0852"
"ASV_36",FALSE,"Basidiomycota","Agaricomycetes","Polyporales","Meripilaceae","Rigidoporus","Rigidoporus microporus"
"ASV_37",FALSE,"Bacteroidota","Flavobacteriia","Flavobacteriales","Flavobacteriaceae","Winogradskyella","Winogradskyella schleiferi"
"ASV_38",FALSE,"","Synurophyceae","Synurales","Mallomonadaceae","Synura","Synura petersenii"
"ASV_39",FALSE,"Arthropoda","Insecta","Siphonaptera","Rhopalopsyllidae","Parapsyllus","Parapsyllus humboldti"
"ASV_41",FALSE,"Ascomycota","Sordariomycetes","Amphisphaeriales","Apiosporaceae","Apiospora","Apiospora arundinis"
"ASV_42",FALSE,"Arthropoda","Insecta","Lepidoptera","Tineidae","Monopis","Monopis crocicapitella"
"ASV_44",FALSE,"Platyhelminthes","Trematoda","Strigeidida","Schistosomatidae","","Schistosomatidae sp. W829"
"ASV_45",FALSE,"Bacteroidota","Flavobacteriia","Flavobacteriales","Flavobacteriaceae","Flavobacterium","Flavobacterium sp. NG2"
"ASV_46",FALSE,"Rotifera","Eurotatoria","Adinetida","Adinetidae","Adineta","Adineta sp. MX.1.1"
"ASV_47",FALSE,"Bacteroidota","Flavobacteriia","Flavobacteriales","Flavobacteriaceae","Aequorivita","Aequorivita sp. F7"
"ASV_49",FALSE,"Bacteroidota","Flavobacteriia","Flavobacteriales","Flavobacteriaceae","Flavobacterium","Flavobacterium inviolabile"
"ASV_51",FALSE,"Chordata","Mammalia","Primates","Hominidae","Homo","Homo sapiens"
"ASV_55",FALSE,"Rotifera","Eurotatoria","","","","Bdelloidea environmental sample"
"ASV_56",FALSE,"Bacteroidota","Flavobacteriia","Flavobacteriales","Flavobacteriaceae","Aequorivita","Aequorivita ciconiae"
"ASV_57",FALSE,"Chordata","Aves","Sphenisciformes","Spheniscidae","Eudyptula","Eudyptula minor"
"ASV_58",FALSE,"Chordata","Actinopteri","Cyprinodontiformes","Poeciliidae","Gambusia","Gambusia affinis"
"ASV_61",FALSE,"Chordata","Actinopteri","Cyprinodontiformes","Poeciliidae","Gambusia","Gambusia affinis"
"ASV_63",FALSE,"Chordata","Actinopteri","Cyprinodontiformes","Poeciliidae","Gambusia","Gambusia affinis"
"ASV_64",FALSE,"Chordata","Actinopteri","Cyprinodontiformes","Poeciliidae","Gambusia","Gambusia affinis"
"ASV_67",FALSE,"Chordata","Aves","Sphenisciformes","Spheniscidae","Eudyptula","Eudyptula minor"
"ASV_68",FALSE,"Apicomplexa","Conoidasida","Eucoccidiorida","Eimeriidae","Eimeria","Eimeria sp."
"ASV_71",FALSE,"Chordata","Actinopteri","Cyprinodontiformes","Poeciliidae","Gambusia","Gambusia affinis"
"ASV_74",FALSE,"Nematoda","Chromadorea","Rhabditida","Rhabditidae","Oscheius","Oscheius sp."
"ASV_75",FALSE,"Ascomycota","Sordariomycetes","Ophiostomatales","Ophiostomataceae","Ceratocystiopsis","Ceratocystiopsis pallidobrunnea"
"ASV_76",FALSE,"Tubulinea","Elardia","Arcellinida","Netzeliidae","Cucurbitella","Cucurbitella mespiliformis"
"ASV_78",FALSE,"Chordata","Actinopteri","Cyprinodontiformes","Poeciliidae","Gambusia","Gambusia affinis"
"ASV_80",FALSE,"Chordata","Actinopteri","Cyprinodontiformes","Poeciliidae","Gambusia","Gambusia affinis"
"ASV_81",FALSE,"Bacteroidota","Flavobacteriia","Flavobacteriales","Flavobacteriaceae","","uncultured Flavobacteriaceae bacterium"
"ASV_83",FALSE,"Ascomycota","Sordariomycetes","Amphisphaeriales","Sporocadaceae","Neopestalotiopsis","Neopestalotiopsis cubana"
"ASV_84",FALSE,"Mucoromycota","Mucoromycetes","Mucorales","Mucoraceae","Apophysomyces","Apophysomyces elegans"
"ASV_86",FALSE,"Arthropoda","Insecta","Diptera","Chloropidae","","Chloropidae sp."
"ASV_87",FALSE,"Bacteroidota","Flavobacteriia","Flavobacteriales","Flavobacteriaceae","Flavobacterium","Flavobacterium marginilacus"
"ASV_88",FALSE,"Arthropoda","Insecta","Diptera","Psychodidae","Psychoda","Psychoda sigma"
"ASV_92",FALSE,"Chordata","Actinopteri","Cyprinodontiformes","Poeciliidae","Gambusia","Gambusia affinis"
"ASV_93",FALSE,"Arthropoda","Insecta","Siphonaptera","Rhopalopsyllidae","Parapsyllus","Parapsyllus humboldti"
"ASV_94",FALSE,"Nematoda","Chromadorea","Rhabditida","Neodiplogasteridae","Koerneria","Koerneria sp. RS1982"
"ASV_95",FALSE,"Chordata","Actinopteri","Cyprinodontiformes","Poeciliidae","Gambusia","Gambusia affinis"
"ASV_96",FALSE,"Apicomplexa","Conoidasida","Eucoccidiorida","Eimeriidae","Eimeria","Eimeria sp."
"ASV_97",FALSE,"Chordata","Actinopteri","Cyprinodontiformes","Poeciliidae","Gambusia","Gambusia affinis"
"ASV_98",FALSE,"Nematoda","Chromadorea","Rhabditida","Rhabditidae","Teratorhabditis","Teratorhabditis synpapillata"
"ASV_100",FALSE,"Chordata","Aves","Sphenisciformes","Spheniscidae","Eudyptula","Eudyptula minor"
"ASV_101",FALSE,"Ascomycota","Leotiomycetes","Helotiales","Mollisiaceae","Phialocephala","Phialocephala europaea"
"ASV_102",FALSE,"Ascomycota","Leotiomycetes","","","Leohumicola","Leohumicola incrustata"
"ASV_103",FALSE,"Chordata","Actinopteri","Cyprinodontiformes","Poeciliidae","Gambusia","Gambusia affinis"
"ASV_105",FALSE,"Ascomycota","Dothideomycetes","Mycosphaerellales","Teratosphaeriaceae","Acrodontium","Acrodontium crateriforme"
"ASV_107",FALSE,"Chordata","Actinopteri","Cyprinodontiformes","Poeciliidae","Gambusia","Gambusia affinis"
"ASV_109",FALSE,"Arthropoda","Insecta","Coleoptera","Curculionidae","Curculio","Curculio sp. 2 ZM-2022a"
"ASV_110",FALSE,"Bacteroidota","Flavobacteriia","Flavobacteriales","Flavobacteriaceae","","uncultured Flavobacteriaceae bacterium"
"ASV_112",FALSE,"Platyhelminthes","Trematoda","Strigeidida","Schistosomatidae","","Schistosomatidae sp. W829"
"ASV_113",FALSE,"Bacillariophyta","Coscinodiscophyceae","Chaetocerotales","Chaetocerotaceae","Chaetoceros","Chaetoceros sp. MBTD-CMFRI-S045"
"ASV_114",FALSE,"Chordata","Actinopteri","Cyprinodontiformes","Poeciliidae","Gambusia","Gambusia affinis"
"ASV_116",FALSE,"Rotifera","Eurotatoria","Adinetida","Adinetidae","Adineta","Adineta vaga"
"ASV_117",FALSE,"Bacteroidota","Flavobacteriia","Flavobacteriales","Flavobacteriaceae","Maribacter","Maribacter sp. BPC-D8"
"ASV_118",FALSE,"Ascomycota","Dothideomycetes","Mycosphaerellales","Teratosphaeriaceae","Acrodontium","Acrodontium crateriforme"
"ASV_119",FALSE,"Chordata","Actinopteri","Cyprinodontiformes","Poeciliidae","Gambusia","Gambusia affinis"
"ASV_121",FALSE,"Ascomycota","Eurotiomycetes","Chaetothyriales","Herpotrichiellaceae","Cladophialophora","Cladophialophora bantiana"
"ASV_123",FALSE,"Chordata","Aves","Sphenisciformes","Spheniscidae","Eudyptula","Eudyptula minor"
"ASV_124",FALSE,"Chordata","Actinopteri","Cyprinodontiformes","Poeciliidae","Gambusia","Gambusia affinis"
"ASV_125",FALSE,"Chordata","Actinopteri","Cyprinodontiformes","Poeciliidae","Gambusia","Gambusia affinis"
"ASV_126",FALSE,"Chordata","Actinopteri","Cyprinodontiformes","Poeciliidae","Gambusia","Gambusia affinis"
"ASV_130",FALSE,"Basidiomycota","Agaricomycetes","Agaricales","Amanitaceae","Amanita","Amanita thiersii"
"ASV_132",FALSE,"Chordata","Actinopteri","Cyprinodontiformes","Poeciliidae","Gambusia","Gambusia affinis"
"ASV_135",FALSE,"Chordata","Actinopteri","Cyprinodontiformes","Poeciliidae","Gambusia","Gambusia affinis"
"ASV_136",FALSE,"Mollusca","Gastropoda","Cycloneritida","Helicinidae","Pleuropoma","Pleuropoma jana"
"ASV_137",FALSE,"Ascomycota","Sordariomycetes","Glomerellales","Glomerellaceae","Colletotrichum","Colletotrichum destructivum"
"ASV_140",FALSE,"Bacteroidota","Flavobacteriia","Flavobacteriales","Flavobacteriaceae","","uncultured Flavobacteriaceae bacterium"
"ASV_141",FALSE,"Arthropoda","Collembola","Entomobryomorpha","Isotomidae","Desoria","Desoria sp. BOLD:AAA7162"
"ASV_142",FALSE,"Discosea","","Longamoebia","Acanthamoebidae","Acanthamoeba","Acanthamoeba comandoni"
"ASV_144",FALSE,"Platyhelminthes","Catenulida","","Stenostomidae","Stenostomum","Stenostomum cf. simplex AW-2018"
"ASV_145",FALSE,"","Phaeophyceae","Ectocarpales","Chordariaceae","Haplogloia","Haplogloia sp. 4GWS"
"ASV_146",FALSE,"Chordata","Aves","Sphenisciformes","Spheniscidae","Eudyptula","Eudyptula minor"
"ASV_147",FALSE,"Ascomycota","Eurotiomycetes","Eurotiales","Aspergillaceae","Penicillium","Penicillium citrinum"
"ASV_148",FALSE,"Pseudomonadota","Alphaproteobacteria","Hyphomicrobiales","Nitrobacteraceae","Bradyrhizobium","Bradyrhizobium sp. Ash2021"
"ASV_149",FALSE,"Nematoda","Chromadorea","Rhabditida","Panagrolaimidae","Halicephalobus","Halicephalobus sp. AA5"
"ASV_152",FALSE,"Chordata","Actinopteri","Cyprinodontiformes","Poeciliidae","Gambusia","Gambusia affinis"
"ASV_153",FALSE,"Ascomycota","Leotiomycetes","","","Leohumicola","Leohumicola verrucosa"
"ASV_154",FALSE,"Basidiomycota","Microbotryomycetes","Sporidiobolales","Sporidiobolaceae","Rhodotorula","Rhodotorula mucilaginosa"
"ASV_156",FALSE,"Chordata","Actinopteri","Cyprinodontiformes","Poeciliidae","Gambusia","Gambusia affinis"
"ASV_157",FALSE,"Rotifera","Eurotatoria","Adinetida","Adinetidae","Adineta","Adineta vaga"
"ASV_158",FALSE,"Chordata","Actinopteri","Cyprinodontiformes","Poeciliidae","Gambusia","Gambusia affinis"
"ASV_159",FALSE,"Oomycota","","Lagenidiales","","Paralagenidium","Paralagenidium karlingii"
"ASV_160",FALSE,"Chordata","Actinopteri","Cyprinodontiformes","Poeciliidae","Gambusia","Gambusia affinis"
"ASV_162",FALSE,"Pseudomonadota","Alphaproteobacteria","Hyphomicrobiales","Nitrobacteraceae","Bradyrhizobium","Bradyrhizobium sp. Ash2021"
"ASV_163",FALSE,"Ascomycota","Leotiomycetes","","","Leohumicola","Leohumicola sp. DAOM 239516"
"ASV_164",FALSE,"Chordata","Actinopteri","Cyprinodontiformes","Poeciliidae","Gambusia","Gambusia affinis"
"ASV_165",FALSE,"Ascomycota","Leotiomycetes","","","Leohumicola","Leohumicola levissima"
"ASV_166",FALSE,"Chordata","Actinopteri","Cyprinodontiformes","Poeciliidae","Gambusia","Gambusia affinis"
"ASV_167",FALSE,"Chordata","Mammalia","Chiroptera","Vespertilionidae","Chalinolobus","Chalinolobus tuberculatus"
"ASV_168",FALSE,"Ascomycota","Sordariomycetes","Ophiostomatales","Ophiostomataceae","Ophiostoma","Ophiostoma piceae"
"ASV_169",FALSE,"Chordata","Actinopteri","Cyprinodontiformes","Poeciliidae","Gambusia","Gambusia holbrooki"
"ASV_170",FALSE,"Arthropoda","Arachnida","Sarcoptiformes","Acaridae","","Acaridae sp. BIOUG30847-B02"
"ASV_171",FALSE,"Ascomycota","Sordariomycetes","Hypocreales","Cordycipitaceae","Zarea","Zarea fungicola"
"ASV_172",FALSE,"Bacteroidota","Flavobacteriia","Flavobacteriales","Flavobacteriaceae","Flagellimonas","Flagellimonas sp."
"ASV_173",FALSE,"Ascomycota","Sordariomycetes","Microascales","Microascaceae","Scopulariopsis","Scopulariopsis brevicaulis"
"ASV_174",FALSE,"Ascomycota","Sordariomycetes","Glomerellales","Glomerellaceae","Colletotrichum","Colletotrichum destructivum"
"ASV_175",FALSE,"Rotifera","Eurotatoria","Adinetida","Adinetidae","Adineta","Adineta vaga"
"ASV_176",FALSE,"Chordata","Actinopteri","Cyprinodontiformes","Poeciliidae","Gambusia","Gambusia affinis"
"ASV_177",FALSE,"Oomycota","","","","Haptoglossa","Haptoglossa zoospora"
"ASV_178",FALSE,"Nematoda","Chromadorea","Rhabditida","Aphelenchoididae","Bursaphelenchus","Bursaphelenchus tadamiensis"
"ASV_179",FALSE,"Pseudomonadota","Alphaproteobacteria","Hyphomicrobiales","Nitrobacteraceae","Bradyrhizobium","Bradyrhizobium sp. Ash2021"
"ASV_180",FALSE,"Chordata","Actinopteri","Cyprinodontiformes","Poeciliidae","Gambusia","Gambusia affinis"
"ASV_181",FALSE,"Ascomycota","Eurotiomycetes","Chaetothyriales","Trichomeriaceae","Arthrocladium","Arthrocladium fulminans"
"ASV_182",FALSE,"Chordata","Actinopteri","Cyprinodontiformes","Poeciliidae","Gambusia","Gambusia affinis"
"ASV_183",FALSE,"Chordata","Actinopteri","Cyprinodontiformes","Poeciliidae","Gambusia","Gambusia affinis"
"ASV_184",FALSE,"Chordata","Actinopteri","Cyprinodontiformes","Poeciliidae","Gambusia","Gambusia affinis"
"ASV_185",FALSE,"Pseudomonadota","Alphaproteobacteria","Hyphomicrobiales","Nitrobacteraceae","Bradyrhizobium","Bradyrhizobium sp. Ash2021"
"ASV_186",FALSE,"Chordata","Actinopteri","Cyprinodontiformes","Poeciliidae","Gambusia","Gambusia affinis"
"ASV_187",FALSE,"Chordata","Actinopteri","Cyprinodontiformes","Poeciliidae","Gambusia","Gambusia affinis"
"ASV_189",FALSE,"Ascomycota","Eurotiomycetes","Chaetothyriales","Herpotrichiellaceae","Cladophialophora","Cladophialophora bantiana"
"ASV_190",FALSE,"Ascomycota","Sordariomycetes","Amphisphaeriales","Sporocadaceae","Neopestalotiopsis","Neopestalotiopsis cubana"
"ASV_191",FALSE,"Arthropoda","Insecta","","","","Endopterygota sp. NZAC 03009123"
"ASV_192",FALSE,"Basidiomycota","Agaricomycetes","Polyporales","Meripilaceae","Rigidoporus","Rigidoporus microporus"
"ASV_194",FALSE,"Apicomplexa","Conoidasida","Eucoccidiorida","Eimeriidae","Eimeria","Eimeria sp."
"ASV_195",FALSE,"Chordata","Actinopteri","Cyprinodontiformes","Poeciliidae","Gambusia","Gambusia affinis"
"ASV_196",FALSE,"Chordata","Actinopteri","Cyprinodontiformes","Poeciliidae","Gambusia","Gambusia affinis"
"ASV_197",FALSE,"Chordata","Actinopteri","Cyprinodontiformes","Poeciliidae","Gambusia","Gambusia affinis"
"ASV_198",FALSE,"Ascomycota","Eurotiomycetes","Chaetothyriales","Herpotrichiellaceae","Cladophialophora","Cladophialophora bantiana"
"ASV_199",FALSE,"Ascomycota","Pichiomycetes","Serinales","Metschnikowiaceae","Clavispora","Clavispora lusitaniae"
"ASV_201",FALSE,"Pseudomonadota","Alphaproteobacteria","Hyphomicrobiales","Nitrobacteraceae","Bradyrhizobium","Bradyrhizobium sp. Ash2021"
"ASV_202",FALSE,"Rotifera","Eurotatoria","","","","Bdelloidea environmental sample"
"ASV_204",FALSE,"Ascomycota","Sordariomycetes","Hypocreales","Hypocreaceae","Trichoderma","Trichoderma atroviride"
"ASV_206",FALSE,"Nematoda","Chromadorea","Rhabditida","Diplogasteridae","Parapristionchus","Parapristionchus giblindavisi"
"ASV_207",FALSE,"Mucoromycota","Mucoromycetes","Mucorales","Mucoraceae","Apophysomyces","Apophysomyces elegans"
"ASV_210",FALSE,"Chordata","Actinopteri","Cyprinodontiformes","Poeciliidae","Gambusia","Gambusia affinis"
"ASV_211",FALSE,"","Synurophyceae","Synurales","Mallomonadaceae","Synura","Synura petersenii"
"ASV_212",FALSE,"Ascomycota","Dothideomycetes","Mycosphaerellales","Teratosphaeriaceae","Acrodontium","Acrodontium crateriforme"
"ASV_213",FALSE,"Chordata","Actinopteri","Cyprinodontiformes","Poeciliidae","Gambusia","Gambusia affinis"
"ASV_214",FALSE,"Chordata","Actinopteri","Cyprinodontiformes","Poeciliidae","Gambusia","Gambusia affinis"
"ASV_215",FALSE,"","Synurophyceae","Synurales","Mallomonadaceae","Synura","Synura petersenii"
"ASV_217",FALSE,"Arthropoda","Insecta","Hemiptera","Flatidae","Petrusa","Petrusa epilepsis"
"ASV_218",FALSE,"","Synurophyceae","Synurales","Mallomonadaceae","Synura","Synura petersenii"
"ASV_219",FALSE,"Ascomycota","Leotiomycetes","","","Leohumicola","Leohumicola sp."
"ASV_220",FALSE,"Bacteroidota","Flavobacteriia","Flavobacteriales","Flavobacteriaceae","Aequorivita","Aequorivita ciconiae"
"ASV_221",FALSE,"Pseudomonadota","Alphaproteobacteria","Hyphomicrobiales","Nitrobacteraceae","Bradyrhizobium","Bradyrhizobium sp. Ash2021"
"ASV_222",FALSE,"Annelida","Polychaeta","","Capitellidae","Dasybranchus","Dasybranchus sp. DH1"
"ASV_224",FALSE,"Chordata","Actinopteri","Cyprinodontiformes","Poeciliidae","Gambusia","Gambusia affinis"
"ASV_225",FALSE,"","Synurophyceae","Synurales","Mallomonadaceae","Synura","Synura petersenii"
"ASV_226",FALSE,"Ascomycota","Sordariomycetes","Hypocreales","Hypocreaceae","Trichoderma","Trichoderma atroviride"
"ASV_227",FALSE,"Ascomycota","Sordariomycetes","Ophiostomatales","Ophiostomataceae","Sporothrix","Sporothrix schenckii"
"ASV_228",FALSE,"Pseudomonadota","Alphaproteobacteria","Hyphomicrobiales","Nitrobacteraceae","Bradyrhizobium","Bradyrhizobium sp. Ash2021"
"ASV_229",FALSE,"Chordata","Actinopteri","Cyprinodontiformes","Poeciliidae","Gambusia","Gambusia affinis"
"ASV_230",FALSE,"Chordata","Actinopteri","Cyprinodontiformes","Poeciliidae","Gambusia","Gambusia affinis"
"ASV_232",FALSE,"Chordata","Actinopteri","Cyprinodontiformes","Poeciliidae","Gambusia","Gambusia affinis"
"ASV_233",FALSE,"Chordata","Actinopteri","Cyprinodontiformes","Poeciliidae","Gambusia","Gambusia affinis"
"ASV_234",FALSE,"Arthropoda","","","","","Mandibulata sp. NZAC 03011075"
"ASV_235",FALSE,"Ascomycota","Sordariomycetes","Amphisphaeriales","Sporocadaceae","Neopestalotiopsis","Neopestalotiopsis cubana"
"ASV_236",FALSE,"Ascomycota","Leotiomycetes","Thelebolales","Thelebolaceae","Pseudogymnoascus","Pseudogymnoascus destructans"
"ASV_237",FALSE,"Ascomycota","Sordariomycetes","Ophiostomatales","Ophiostomataceae","Sporothrix","Sporothrix brasiliensis"
"ASV_238",FALSE,"Ascomycota","Leotiomycetes","Helotiales","Ploettnerulaceae","Rhynchobrunnera","Rhynchobrunnera orthospora"
"ASV_240",FALSE,"Ascomycota","Dothideomycetes","Cladosporiales","Cladosporiaceae","Cladosporium","Cladosporium sphaerospermum"
"ASV_241",FALSE,"Chordata","Actinopteri","Cyprinodontiformes","Poeciliidae","Gambusia","Gambusia affinis"
"ASV_242",FALSE,"","Synurophyceae","Synurales","Mallomonadaceae","Synura","Synura petersenii"
"ASV_243",FALSE,"Ascomycota","Sordariomycetes","Hypocreales","Ophiocordycipitaceae","Tolypocladium","Tolypocladium ophioglossoides"
"ASV_244",FALSE,"Ascomycota","Leotiomycetes","","Myxotrichaceae","Myxotrichum","Myxotrichum deflexum"
"ASV_245",FALSE,"Ascomycota","Lecanoromycetes","Teloschistales","Teloschistaceae","Phaeoplaca","Phaeoplaca camptidia"
"ASV_246",FALSE,"Nematoda","Chromadorea","Rhabditida","Rhabditidae","Oscheius","Oscheius sp."
"ASV_247",FALSE,"Chordata","Mammalia","Chiroptera","Vespertilionidae","Chalinolobus","Chalinolobus tuberculatus"
"ASV_248",FALSE,"Ascomycota","Leotiomycetes","","","Leohumicola","Leohumicola minima"
"ASV_249",FALSE,"Nematoda","Chromadorea","Rhabditida","Rhabditidae","Rhabditis","Rhabditis sp."
"ASV_250",FALSE,"Rotifera","Eurotatoria","Adinetida","Adinetidae","Adineta","Adineta vaga"
"ASV_251",FALSE,"Chordata","Actinopteri","Cyprinodontiformes","Poeciliidae","Gambusia","Gambusia affinis"
"ASV_252",FALSE,"Bacteroidota","Flavobacteriia","Flavobacteriales","Flavobacteriaceae","Flavobacterium","Flavobacterium flavipigmentatum"
"ASV_255",FALSE,"Chordata","Actinopteri","Cyprinodontiformes","Poeciliidae","Gambusia","Gambusia affinis"
"ASV_256",FALSE,"Chordata","Aves","Sphenisciformes","Spheniscidae","Eudyptula","Eudyptula minor"
"ASV_257",FALSE,"Mollusca","Gastropoda","Stylommatophora","Limacidae","Weltersia","Weltersia obscura"
"ASV_258",FALSE,"Chordata","Actinopteri","Cyprinodontiformes","Poeciliidae","Gambusia","Gambusia affinis"
"ASV_260",FALSE,"Chordata","Actinopteri","Cyprinodontiformes","Poeciliidae","Gambusia","Gambusia affinis"
"ASV_261",FALSE,"","Synurophyceae","Synurales","Mallomonadaceae","Synura","Synura petersenii"
"ASV_263",FALSE,"Arthropoda","Insecta","","","","Endopterygota sp. NZAC 03009123"
"ASV_264",FALSE,"Peploviricota","Herviviricetes","Herpesvirales","Orthoherpesviridae","Iltovirus","Iltovirus gallidalpha1"
"ASV_266",FALSE,"Rotifera","Eurotatoria","Philodinida","Philodinidae","Macrotrachela","Macrotrachela quadricornifera"
"ASV_267",FALSE,"Pseudomonadota","Alphaproteobacteria","Hyphomicrobiales","Nitrobacteraceae","Bradyrhizobium","Bradyrhizobium sp. Ash2021"
"ASV_269",FALSE,"Pseudomonadota","Alphaproteobacteria","Hyphomicrobiales","Nitrobacteraceae","Bradyrhizobium","Bradyrhizobium sp. Ash2021"
"ASV_270",FALSE,"Rotifera","Eurotatoria","Philodinida","Philodinidae","Macrotrachela","Macrotrachela quadricornifera"
"ASV_271",FALSE,"Chordata","Actinopteri","Cyprinodontiformes","Poeciliidae","Gambusia","Gambusia affinis"
"ASV_273",FALSE,"Chordata","Actinopteri","Cyprinodontiformes","Poeciliidae","Gambusia","Gambusia affinis"
"ASV_274",FALSE,"Ascomycota","Leotiomycetes","","","Leohumicola","Leohumicola verrucosa"
"ASV_275",FALSE,"Peploviricota","Herviviricetes","Herpesvirales","Orthoherpesviridae","Iltovirus","Iltovirus gallidalpha1"
"ASV_276",FALSE,"Ascomycota","Leotiomycetes","","","Leohumicola","Leohumicola sp. DAOM 239516"
"ASV_277",FALSE,"Ascomycota","Leotiomycetes","Helotiales","Mollisiaceae","Acephala","Acephala applanata"
"ASV_278",FALSE,"Arthropoda","Arachnida","Pseudoscorpiones","Chernetidae","Paraustrochernes","Paraustrochernes victorianus"
"ASV_279",FALSE,"Rotifera","Eurotatoria","","","","Bdelloidea environmental sample"
"ASV_281",FALSE,"Rotifera","Eurotatoria","Adinetida","Adinetidae","Adineta","Adineta vaga"
"ASV_282",FALSE,"Ascomycota","Sordariomycetes","Hypocreales","Nectriaceae","Fusarium","Fusarium haematococcum"
"ASV_283",FALSE,"Oomycota","","Pythiales","Pythiaceae","Globisporangium","Globisporangium kandovanense"
"ASV_285",FALSE,"Pseudomonadota","Alphaproteobacteria","Hyphomicrobiales","Nitrobacteraceae","Bradyrhizobium","Bradyrhizobium sp. Ash2021"
"ASV_286",FALSE,"Chordata","Actinopteri","Cyprinodontiformes","Poeciliidae","Gambusia","Gambusia affinis"
"ASV_287",FALSE,"Basidiomycota","Agaricomycetes","Polyporales","Meripilaceae","Rigidoporus","Rigidoporus microporus"
"ASV_288",FALSE,"Bacteroidota","Flavobacteriia","Flavobacteriales","Flavobacteriaceae","Flavobacterium","Flavobacterium marginilacus"
"ASV_291",FALSE,"Chordata","Actinopteri","Beloniformes","Hemiramphidae","Hyporhamphus","Hyporhamphus ihi"
"ASV_292",FALSE,"Ascomycota","Dothideomycetes","Dothideales","Dothioraceae","Sydowia","Sydowia polyspora"
"ASV_293",FALSE,"Ascomycota","Dothideomycetes","Cladosporiales","Cladosporiaceae","Cladosporium","Cladosporium sp."
"ASV_294",FALSE,"Chordata","Actinopteri","Cyprinodontiformes","Poeciliidae","Gambusia","Gambusia affinis"
"ASV_295",FALSE,"Chordata","Actinopteri","Cyprinodontiformes","Poeciliidae","Gambusia","Gambusia affinis"
"ASV_296",FALSE,"Bacteroidota","Sphingobacteriia","Sphingobacteriales","Sphingobacteriaceae","Pedobacter","Candidatus Pedobacter colombiensis"
"ASV_297",FALSE,"Ascomycota","Pichiomycetes","Serinales","Metschnikowiaceae","Clavispora","Clavispora lusitaniae"
"ASV_298",FALSE,"Chordata","Actinopteri","Cyprinodontiformes","Poeciliidae","Gambusia","Gambusia affinis"
"ASV_299",FALSE,"Chordata","Aves","Sphenisciformes","Spheniscidae","Eudyptula","Eudyptula minor"
"ASV_300",FALSE,"Arthropoda","Arachnida","Trombidiformes","Eupodidae","","Eupodidae sp. BOLD:ACX7636"
"ASV_301",FALSE,"Chordata","Actinopteri","Cyprinodontiformes","Poeciliidae","Gambusia","Gambusia affinis"
"ASV_303",FALSE,"Chordata","Aves","Sphenisciformes","Spheniscidae","Eudyptula","Eudyptula minor"
"ASV_304",FALSE,"","","","","",""
"ASV_305",FALSE,"Pseudomonadota","Alphaproteobacteria","Hyphomicrobiales","Nitrobacteraceae","Bradyrhizobium","Bradyrhizobium sp. Ash2021"
"ASV_306",FALSE,"Chordata","Actinopteri","Cyprinodontiformes","Poeciliidae","Gambusia","Gambusia affinis"
"ASV_308",FALSE,"Ascomycota","Leotiomycetes","Thelebolales","Thelebolaceae","Pseudogymnoascus","Pseudogymnoascus destructans"
"ASV_309",FALSE,"Pseudomonadota","Alphaproteobacteria","Hyphomicrobiales","Nitrobacteraceae","Bradyrhizobium","Bradyrhizobium sp. Ash2021"
"ASV_310",FALSE,"Ascomycota","Sordariomycetes","Hypocreales","Cordycipitaceae","Akanthomyces","Akanthomyces lecanii"
"ASV_312",FALSE,"Ascomycota","Leotiomycetes","Thelebolales","Thelebolaceae","Pseudogymnoascus","Pseudogymnoascus pannorum"
"ASV_314",FALSE,"Peploviricota","Herviviricetes","Herpesvirales","Orthoherpesviridae","Iltovirus","Iltovirus gallidalpha1"
"ASV_315",FALSE,"Nematoda","Chromadorea","Rhabditida","Neotylenchidae","Fergusobia","Fergusobia sp. 1037 FC508"
"ASV_317",FALSE,"Arthropoda","Collembola","Entomobryomorpha","Entomobryidae","Entomobrya","Entomobrya sp. HB0852"
"ASV_319",FALSE,"Arthropoda","Insecta","Diptera","Tachinidae","Exorista","Exorista civilis"
"ASV_321",FALSE,"Pseudomonadota","Alphaproteobacteria","Hyphomicrobiales","Nitrobacteraceae","Bradyrhizobium","Bradyrhizobium sp. Ash2021"
"ASV_322",FALSE,"","","","","","Amoebozoa sp."
"ASV_324",FALSE,"Chordata","Actinopteri","Cyprinodontiformes","Poeciliidae","Gambusia","Gambusia affinis"
"ASV_325",FALSE,"Chordata","Actinopteri","Cyprinodontiformes","Poeciliidae","Gambusia","Gambusia affinis"
"ASV_327",FALSE,"Mucoromycota","Mucoromycetes","Mucorales","Mucoraceae","Mucor","Mucor lusitanicus"
"ASV_328",FALSE,"Ascomycota","Leotiomycetes","","","Leohumicola","Leohumicola minima"
"ASV_329",FALSE,"Chordata","Actinopteri","Cyprinodontiformes","Poeciliidae","Gambusia","Gambusia affinis"
"ASV_330",FALSE,"Chordata","Actinopteri","Cyprinodontiformes","Poeciliidae","Gambusia","Gambusia affinis"
"ASV_331",FALSE,"Chordata","Actinopteri","Cyprinodontiformes","Poeciliidae","Gambusia","Gambusia affinis"
"ASV_335",FALSE,"Ascomycota","Sordariomycetes","Ophiostomatales","Ophiostomataceae","Sporothrix","Sporothrix sp. FH-2023a"
"ASV_338",FALSE,"Chordata","Actinopteri","Cyprinodontiformes","Poeciliidae","Gambusia","Gambusia affinis"
"ASV_339",FALSE,"","Synurophyceae","Synurales","Mallomonadaceae","Synura","Synura petersenii"
"ASV_340",FALSE,"Ascomycota","Leotiomycetes","","","Leohumicola","Leohumicola levissima"
"ASV_343",FALSE,"Basidiomycota","Agaricomycetes","Agaricales","Hygrophoraceae","Hygrocybe","Hygrocybe helobia"
"ASV_344",FALSE,"Basidiomycota","Agaricomycetes","Polyporales","Meripilaceae","Rigidoporus","Rigidoporus microporus"
"ASV_345",FALSE,"Pseudomonadota","Alphaproteobacteria","Hyphomicrobiales","Nitrobacteraceae","Bradyrhizobium","Bradyrhizobium sp. Ash2021"
"ASV_346",FALSE,"Ascomycota","Sordariomycetes","Amphisphaeriales","Apiosporaceae","Apiospora","Apiospora arundinis"
"ASV_349",FALSE,"Chordata","Actinopteri","Cyprinodontiformes","Poeciliidae","Gambusia","Gambusia affinis"
"ASV_350",FALSE,"Pseudomonadota","Alphaproteobacteria","Hyphomicrobiales","Nitrobacteraceae","Bradyrhizobium","Bradyrhizobium sp. Ash2021"
"ASV_351",FALSE,"Basidiomycota","Agaricomycetes","Polyporales","Meripilaceae","Rigidoporus","Rigidoporus microporus"
"ASV_353",FALSE,"Ascomycota","Leotiomycetes","","","Leohumicola","Leohumicola incrustata"
"ASV_354",FALSE,"Ascomycota","Leotiomycetes","Thelebolales","Thelebolaceae","Pseudogymnoascus","Pseudogymnoascus destructans"
"ASV_355",FALSE,"Basidiomycota","Agaricomycetes","Agaricales","Psathyrellaceae","Coprinellus","Coprinellus micaceus"
"ASV_357",FALSE,"Discosea","Flabellinia","","Vannellidae","Vannella","Vannella samoroda"
"ASV_358",FALSE,"Chordata","Actinopteri","Cyprinodontiformes","Poeciliidae","Gambusia","Gambusia affinis"
"ASV_359",FALSE,"Peploviricota","Herviviricetes","Herpesvirales","Orthoherpesviridae","Iltovirus","Iltovirus gallidalpha1"
"ASV_360",FALSE,"Chordata","Actinopteri","Cyprinodontiformes","Poeciliidae","Gambusia","Gambusia affinis"
"ASV_362",FALSE,"Chordata","Aves","Sphenisciformes","Spheniscidae","Eudyptula","Eudyptula minor"
"ASV_363",FALSE,"Pseudomonadota","Alphaproteobacteria","Hyphomicrobiales","Nitrobacteraceae","Bradyrhizobium","Bradyrhizobium sp. Ash2021"
"ASV_366",FALSE,"Pseudomonadota","Alphaproteobacteria","Hyphomicrobiales","Nitrobacteraceae","Bradyrhizobium","Bradyrhizobium sp. Ash2021"
"ASV_367",FALSE,"Ascomycota","Pichiomycetes","Serinales","Debaryomycetaceae","Candida","Candida buenavistaensis"
"ASV_368",FALSE,"Chordata","Actinopteri","Cyprinodontiformes","Poeciliidae","Gambusia","Gambusia affinis"
"ASV_369",FALSE,"Ascomycota","Sordariomycetes","Glomerellales","Glomerellaceae","Colletotrichum","Colletotrichum destructivum"
"ASV_370",FALSE,"Pseudomonadota","Alphaproteobacteria","Hyphomicrobiales","Nitrobacteraceae","Bradyrhizobium","Bradyrhizobium sp. Ash2021"
"ASV_371",FALSE,"Chordata","Actinopteri","Cyprinodontiformes","Poeciliidae","Gambusia","Gambusia affinis"
"ASV_372",FALSE,"Arthropoda","Arachnida","Trombidiformes","Ereynetidae","","Ereynetidae sp. BOLD:ABV1860"
"ASV_373",FALSE,"Arthropoda","Insecta","Lepidoptera","Noctuidae","Schinia","Schinia sordidus"
"ASV_374",FALSE,"Arthropoda","Insecta","Hemiptera","Flatidae","Petrusa","Petrusa epilepsis"
"ASV_375",FALSE,"Arthropoda","Insecta","Diptera","Mycetophilidae","Boletina","Boletina sp. BOLD:AAV0669"
"ASV_376",FALSE,"Chordata","Aves","Sphenisciformes","Spheniscidae","Eudyptula","Eudyptula minor"
"ASV_377",FALSE,"Peploviricota","Herviviricetes","Herpesvirales","Orthoherpesviridae","Iltovirus","Iltovirus gallidalpha1"
"ASV_379",FALSE,"Ascomycota","Sordariomycetes","Ophiostomatales","Ophiostomataceae","Ophiostoma","Ophiostoma piceae"
"ASV_380",FALSE,"Basidiomycota","Agaricomycetes","Polyporales","Meripilaceae","Rigidoporus","Rigidoporus microporus"
"ASV_381",FALSE,"Basidiomycota","Agaricomycetes","Agaricales","Entolomataceae","Entoloma","Entoloma clypeatum"
"ASV_382",FALSE,"Ascomycota","Pichiomycetes","Serinales","Metschnikowiaceae","Clavispora","Clavispora lusitaniae"
"ASV_383",FALSE,"Arthropoda","Insecta","Diptera","Limoniidae","Symplecta","Symplecta pilipes"
"ASV_384",FALSE,"Bacteroidota","Flavobacteriia","Flavobacteriales","Flavobacteriaceae","Cellulophaga","Cellulophaga algicola"
"ASV_385",FALSE,"Chordata","Actinopteri","Cyprinodontiformes","Poeciliidae","Gambusia","Gambusia affinis"
"ASV_386",FALSE,"Arthropoda","Insecta","","","","Endopterygota sp. NZAC 03009123"
"ASV_387",FALSE,"Ascomycota","Dothideomycetes","Mycosphaerellales","Teratosphaeriaceae","Acrodontium","Acrodontium crateriforme"
"ASV_388",FALSE,"Chordata","Aves","Sphenisciformes","Spheniscidae","Eudyptula","Eudyptula minor"
"ASV_389",FALSE,"Pseudomonadota","Alphaproteobacteria","Hyphomicrobiales","Nitrobacteraceae","Bradyrhizobium","Bradyrhizobium sp. Ash2021"
"ASV_390",FALSE,"Ascomycota","Pichiomycetes","Serinales","Metschnikowiaceae","Clavispora","Clavispora lusitaniae"
"ASV_391",FALSE,"Ascomycota","Leotiomycetes","Leotiales","Leotiaceae","Leotia","Leotia lubrica"
"ASV_392",FALSE,"","Synurophyceae","Synurales","Mallomonadaceae","Synura","Synura petersenii"
"ASV_393",FALSE,"Ascomycota","Leotiomycetes","Thelebolales","Thelebolaceae","Pseudogymnoascus","Pseudogymnoascus pannorum"
"ASV_395",FALSE,"Ascomycota","Leotiomycetes","","","Leohumicola","Leohumicola verrucosa"
"ASV_396",FALSE,"Chordata","Actinopteri","Cyprinodontiformes","Poeciliidae","Gambusia","Gambusia affinis"
"ASV_397",FALSE,"Basidiomycota","Agaricomycetes","Agaricales","Psathyrellaceae","Coprinellus","Coprinellus micaceus"
"ASV_398",FALSE,"Arthropoda","Insecta","Coleoptera","Scarabaeidae","Mimeoma","Mimeoma maculata"
"ASV_400",FALSE,"Ascomycota","Leotiomycetes","Leotiales","Leotiaceae","Leotia","Leotia lubrica"
"ASV_401",FALSE,"Ascomycota","Leotiomycetes","Chaetomellales","Chaetomellaceae","Synchaetomella","Synchaetomella acerina"
"ASV_402",FALSE,"Pseudomonadota","Alphaproteobacteria","Hyphomicrobiales","Nitrobacteraceae","Bradyrhizobium","Bradyrhizobium sp. Ash2021"
"ASV_403",FALSE,"Ascomycota","Leotiomycetes","Thelebolales","Thelebolaceae","Pseudogymnoascus","Pseudogymnoascus destructans"
"ASV_404",FALSE,"Apicomplexa","Conoidasida","Eucoccidiorida","Eimeriidae","Eimeria","Eimeria sp."
"ASV_405",FALSE,"Chordata","Mammalia","Primates","Hominidae","Homo","Homo sapiens"
"ASV_406",FALSE,"Bacteroidota","Flavobacteriia","Flavobacteriales","Flavobacteriaceae","Maribacter","Maribacter sp. BPC-D8"
"ASV_407",FALSE,"Chordata","Actinopteri","Cyprinodontiformes","Poeciliidae","Gambusia","Gambusia affinis"
"ASV_408",FALSE,"Chordata","Actinopteri","Cyprinodontiformes","Poeciliidae","Gambusia","Gambusia affinis"
"ASV_409",FALSE,"Nematoda","Chromadorea","Rhabditida","Rhabditidae","Rhabditis","Rhabditis sp."
"ASV_410",FALSE,"Ascomycota","Leotiomycetes","Thelebolales","Thelebolaceae","Pseudogymnoascus","Pseudogymnoascus pannorum"
"ASV_412",FALSE,"Ascomycota","Sordariomycetes","Ophiostomatales","Ophiostomataceae","Ophiostoma","Ophiostoma piceae"
"ASV_413",FALSE,"Bacteroidota","Flavobacteriia","Flavobacteriales","Crocinitomicaceae","Fluviicola","Fluviicola sp."
"ASV_415",FALSE,"Cnidaria","Hydrozoa","Anthoathecata","Hydridae","Hydra","Hydra vulgaris"
"ASV_416",FALSE,"Ascomycota","Leotiomycetes","","","Leohumicola","Leohumicola levissima"
"ASV_417",FALSE,"","","","","",""
"ASV_418",FALSE,"Pseudomonadota","Alphaproteobacteria","Hyphomicrobiales","Nitrobacteraceae","Bradyrhizobium","Bradyrhizobium sp. Ash2021"
"ASV_419",FALSE,"Arthropoda","Arachnida","Sarcoptiformes","","","Sarcoptiformes sp. BOLD:AAN6699"
"ASV_420",FALSE,"Chordata","Aves","Sphenisciformes","Spheniscidae","Eudyptula","Eudyptula minor"
"ASV_421",FALSE,"Chordata","Actinopteri","Cyprinodontiformes","Poeciliidae","Gambusia","Gambusia affinis"
"ASV_422",FALSE,"Bacillariophyta","Coscinodiscophyceae","Chaetocerotales","Chaetocerotaceae","Chaetoceros","Chaetoceros sp. MBTD-CMFRI-S045"
"ASV_423",FALSE,"Basidiomycota","Agaricomycetes","Polyporales","Meripilaceae","Rigidoporus","Rigidoporus microporus"
"ASV_424",FALSE,"Bacteroidota","Flavobacteriia","Flavobacteriales","Flavobacteriaceae","Winogradskyella","Winogradskyella schleiferi"
"ASV_425",FALSE,"Rotifera","Eurotatoria","Adinetida","Adinetidae","Adineta","Adineta vaga"
"ASV_427",FALSE,"Peploviricota","Herviviricetes","Herpesvirales","Orthoherpesviridae","Iltovirus","Iltovirus gallidalpha1"
"ASV_428",FALSE,"Rotifera","Eurotatoria","Adinetida","Adinetidae","Adineta","Adineta vaga"
"ASV_429",FALSE,"Pseudomonadota","Alphaproteobacteria","Hyphomicrobiales","Nitrobacteraceae","Bradyrhizobium","Bradyrhizobium sp. Ash2021"
"ASV_430",FALSE,"Arthropoda","Insecta","Diptera","Calliphoridae","Paralucilia","Paralucilia sp. ACA1060"
"ASV_431",FALSE,"Ascomycota","Leotiomycetes","Thelebolales","Thelebolaceae","Pseudogymnoascus","Pseudogymnoascus pannorum"
"ASV_432",FALSE,"Pseudomonadota","Alphaproteobacteria","Hyphomicrobiales","Nitrobacteraceae","Bradyrhizobium","Bradyrhizobium sp. Ash2021"
"ASV_433",FALSE,"Basidiomycota","Agaricomycetes","Polyporales","Meripilaceae","Rigidoporus","Rigidoporus microporus"
"ASV_434",FALSE,"Chordata","Aves","Sphenisciformes","Spheniscidae","Eudyptula","Eudyptula minor"
"ASV_436",FALSE,"Chordata","Actinopteri","Cyprinodontiformes","Poeciliidae","Gambusia","Gambusia affinis"
"ASV_437",FALSE,"Ascomycota","Eurotiomycetes","Chaetothyriales","Herpotrichiellaceae","Cladophialophora","Cladophialophora bantiana"
"ASV_440",FALSE,"Arthropoda","Insecta","Diptera","Cecidomyiidae","","Cecidomyiidae sp. BOLD:ACA9586"
"ASV_441",FALSE,"Pseudomonadota","Alphaproteobacteria","Hyphomicrobiales","Nitrobacteraceae","Bradyrhizobium","Bradyrhizobium sp. Ash2021"
"ASV_442",FALSE,"Arthropoda","Insecta","Hemiptera","Fulgoridae","Aracynthus","Aracynthus sp. CCDB-32968-B09"
"ASV_443",FALSE,"Evosea","Eumycetozoa","Trichiida","Trichiidae","Trichia","Trichia scabra"
"ASV_444",FALSE,"Arthropoda","Insecta","Lepidoptera","","","Lepidoptera sp. NZAC 03011646"
"ASV_445",FALSE,"Pseudomonadota","Alphaproteobacteria","Hyphomicrobiales","Nitrobacteraceae","Bradyrhizobium","Bradyrhizobium sp. Ash2021"
"ASV_446",FALSE,"Chordata","Actinopteri","Cyprinodontiformes","Poeciliidae","Gambusia","Gambusia affinis"
"ASV_447",FALSE,"Ascomycota","Leotiomycetes","","Myxotrichaceae","Myxotrichum","Myxotrichum deflexum"
"ASV_449",FALSE,"","Synurophyceae","Synurales","Mallomonadaceae","Synura","Synura petersenii"
"ASV_450",FALSE,"Nematoda","Chromadorea","Rhabditida","Metastrongylidae","Angiostrongylus","Angiostrongylus costaricensis"
"ASV_451",FALSE,"Chordata","Actinopteri","Cyprinodontiformes","Poeciliidae","Gambusia","Gambusia affinis"
"ASV_452",FALSE,"Ascomycota","Dothideomycetes","Mycosphaerellales","Mycosphaerellaceae","Pseudocercospora","Pseudocercospora fuligena"
"ASV_453",FALSE,"Chordata","Actinopteri","Cyprinodontiformes","Poeciliidae","Gambusia","Gambusia affinis"
"ASV_454",FALSE,"Chordata","Mammalia","Chiroptera","Vespertilionidae","Chalinolobus","Chalinolobus tuberculatus"
"ASV_456",FALSE,"Arthropoda","Insecta","Coleoptera","","","Coleoptera sp. INDOBIOSYS-CCDB26091-D10"
"ASV_457",FALSE,"Ascomycota","Sordariomycetes","Ophiostomatales","Ophiostomataceae","Ophiostoma","Ophiostoma piceae"
"ASV_458",FALSE,"Peploviricota","Herviviricetes","Herpesvirales","Orthoherpesviridae","Iltovirus","Iltovirus gallidalpha1"
"ASV_459",FALSE,"Basidiomycota","Agaricomycetes","Polyporales","Meripilaceae","Rigidoporus","Rigidoporus microporus"
"ASV_460",FALSE,"Peploviricota","Herviviricetes","Herpesvirales","Orthoherpesviridae","Iltovirus","Iltovirus gallidalpha1"
"ASV_461",FALSE,"Chordata","Aves","Sphenisciformes","Spheniscidae","Eudyptula","Eudyptula minor"
"ASV_462",FALSE,"Pseudomonadota","Alphaproteobacteria","Hyphomicrobiales","Nitrobacteraceae","Bradyrhizobium","Bradyrhizobium sp. Ash2021"
"ASV_463",FALSE,"Chordata","Actinopteri","Cyprinodontiformes","Poeciliidae","Gambusia","Gambusia affinis"
"ASV_465",FALSE,"Pseudomonadota","Alphaproteobacteria","Hyphomicrobiales","Nitrobacteraceae","Bradyrhizobium","Bradyrhizobium sp. Ash2021"
"ASV_466",FALSE,"Arthropoda","Insecta","Diptera","Limoniidae","Symplecta","Symplecta stictica"
"ASV_469",FALSE,"Peploviricota","Herviviricetes","Herpesvirales","Orthoherpesviridae","Iltovirus","Iltovirus gallidalpha1"
"ASV_470",FALSE,"Chordata","Actinopteri","Cyprinodontiformes","Poeciliidae","Gambusia","Gambusia affinis"
"ASV_471",FALSE,"Ascomycota","Leotiomycetes","","","Leohumicola","Leohumicola verrucosa"
"ASV_472",FALSE,"Pseudomonadota","Alphaproteobacteria","Hyphomicrobiales","Nitrobacteraceae","Bradyrhizobium","Bradyrhizobium sp. Ash2021"
"ASV_473",FALSE,"Rotifera","Eurotatoria","Philodinida","Philodinidae","Philodina","Philodina hongcheonensis"
"ASV_474",FALSE,"Chordata","Actinopteri","Cyprinodontiformes","Poeciliidae","Gambusia","Gambusia affinis"
"ASV_475",FALSE,"Rotifera","Eurotatoria","Philodinida","Philodinidae","Macrotrachela","Macrotrachela quadricornifera"
"ASV_476",FALSE,"Ascomycota","Sordariomycetes","Ophiostomatales","Ophiostomataceae","Ophiostoma","Ophiostoma piceae"
"ASV_477",FALSE,"Chordata","Actinopteri","Cyprinodontiformes","Poeciliidae","Gambusia","Gambusia affinis"
"ASV_478",FALSE,"Pseudomonadota","Alphaproteobacteria","Hyphomicrobiales","Nitrobacteraceae","Bradyrhizobium","Bradyrhizobium sp. Ash2021"
"ASV_479",FALSE,"","Synurophyceae","Synurales","Mallomonadaceae","Synura","Synura petersenii"
"ASV_480",FALSE,"Ascomycota","Leotiomycetes","Helotiales","Arachnopezizaceae","Arachnopeziza","Arachnopeziza aurata"
"ASV_481",FALSE,"Chordata","Actinopteri","Cyprinodontiformes","Poeciliidae","Gambusia","Gambusia affinis"
"ASV_482",FALSE,"Chordata","Actinopteri","Cyprinodontiformes","Poeciliidae","Gambusia","Gambusia affinis"
"ASV_483",FALSE,"Chordata","Actinopteri","Cyprinodontiformes","Poeciliidae","Gambusia","Gambusia affinis"
"ASV_484",FALSE,"Ascomycota","Lecanoromycetes","Lecanorales","Ramalinaceae","Phyllopsora","Phyllopsora corallina"
"ASV_485",FALSE,"Ascomycota","Eurotiomycetes","Eurotiales","Aspergillaceae","Penicillium","Penicillium digitatum"
"ASV_486",FALSE,"Chordata","Aves","Sphenisciformes","Spheniscidae","Eudyptula","Eudyptula minor"
"ASV_487",FALSE,"Ascomycota","Leotiomycetes","","","Leohumicola","Leohumicola verrucosa"
"ASV_489",FALSE,"Ascomycota","Sordariomycetes","Ophiostomatales","Ophiostomataceae","Ophiostoma","Ophiostoma piceae"
"ASV_490",FALSE,"Peploviricota","Herviviricetes","Herpesvirales","Orthoherpesviridae","Iltovirus","Iltovirus gallidalpha1"
"ASV_491",FALSE,"Peploviricota","Herviviricetes","Herpesvirales","Orthoherpesviridae","Iltovirus","Iltovirus gallidalpha1"
"ASV_492",FALSE,"Chordata","Actinopteri","Cyprinodontiformes","Poeciliidae","Gambusia","Gambusia affinis"
"ASV_493",FALSE,"Ascomycota","Dothideomycetes","Pleosporales","Periconiaceae","Periconia","Periconia digitata"
"ASV_494",FALSE,"Chordata","Actinopteri","Cyprinodontiformes","Poeciliidae","Gambusia","Gambusia affinis"
"ASV_495",FALSE,"","Synurophyceae","Synurales","Mallomonadaceae","Synura","Synura petersenii"
"ASV_497",FALSE,"Pseudomonadota","Alphaproteobacteria","Hyphomicrobiales","Nitrobacteraceae","Bradyrhizobium","Bradyrhizobium sp. Ash2021"
"ASV_498",FALSE,"Basidiomycota","Exobasidiomycetes","Microstromatales","","Jaminaea","Jaminaea pallidilutea"
"ASV_501",FALSE,"Discosea","Flabellinia","","Vannellidae","Vannella","Vannella pentlandii"
"ASV_502",FALSE,"Pseudomonadota","Alphaproteobacteria","Hyphomicrobiales","Nitrobacteraceae","Bradyrhizobium","Bradyrhizobium sp. Ash2021"
"ASV_503",FALSE,"Apicomplexa","Conoidasida","Eucoccidiorida","Eimeriidae","Eimeria","Eimeria sp."
"ASV_505",FALSE,"Pseudomonadota","Alphaproteobacteria","Hyphomicrobiales","Nitrobacteraceae","Bradyrhizobium","Bradyrhizobium sp. Ash2021"
"ASV_506",FALSE,"Ascomycota","Pichiomycetes","Serinales","Debaryomycetaceae","Candida","Candida buenavistaensis"
"ASV_507",FALSE,"Chordata","Actinopteri","Cyprinodontiformes","Poeciliidae","Gambusia","Gambusia affinis"
"ASV_508",FALSE,"Oomycota","","","","Haptoglossa","Haptoglossa zoospora"
"ASV_512",FALSE,"Chordata","Actinopteri","Cyprinodontiformes","Poeciliidae","Gambusia","Gambusia affinis"
"ASV_513",FALSE,"Ascomycota","Pichiomycetes","Serinales","Debaryomycetaceae","Candida","Candida buenavistaensis"
"ASV_514",FALSE,"Chordata","Actinopteri","Cyprinodontiformes","Poeciliidae","Gambusia","Gambusia affinis"
"ASV_515",FALSE,"Arthropoda","Insecta","Diptera","Limoniidae","Symplecta","Symplecta stictica"
"ASV_516",FALSE,"Ascomycota","Leotiomycetes","Erysiphales","Erysiphaceae","Blumeria","Blumeria graminis"
"ASV_517",FALSE,"Ascomycota","Dothideomycetes","Mycosphaerellales","Mycosphaerellaceae","Fulvia","Fulvia fulva"
"ASV_518",FALSE,"Basidiomycota","Agaricomycetes","Polyporales","Meripilaceae","Rigidoporus","Rigidoporus microporus"
"ASV_519",FALSE,"Bacteroidota","Flavobacteriia","Flavobacteriales","Flavobacteriaceae","Formosa","Formosa sp. 4Alg 33"
"ASV_521",FALSE,"Rotifera","Eurotatoria","Philodinida","Philodinidae","Macrotrachela","Macrotrachela quadricornifera"
"ASV_522",FALSE,"Chordata","Mammalia","Chiroptera","Vespertilionidae","Chalinolobus","Chalinolobus tuberculatus"
"ASV_523",FALSE,"Chordata","Aves","Sphenisciformes","Spheniscidae","Eudyptula","Eudyptula minor"
"ASV_524",FALSE,"Bacteroidota","Flavobacteriia","Flavobacteriales","Flavobacteriaceae","Aequorivita","Aequorivita sp. F7"
"ASV_525",FALSE,"Basidiomycota","Cystobasidiomycetes","Cystobasidiales","Cystobasidiaceae","Cystobasidium","Cystobasidium sp."
"ASV_526",FALSE,"Ascomycota","Sordariomycetes","Microascales","Microascaceae","Scopulariopsis","Scopulariopsis brevicaulis"
"ASV_527",FALSE,"Pseudomonadota","Alphaproteobacteria","Hyphomicrobiales","Nitrobacteraceae","Bradyrhizobium","Bradyrhizobium sp. Ash2021"
"ASV_529",FALSE,"Basidiomycota","Agaricomycetes","Boletales","Boletaceae","Aureoboletus","Aureoboletus raphanaceus"
"ASV_530",FALSE,"","Synurophyceae","Synurales","Mallomonadaceae","Synura","Synura petersenii"
"ASV_531",FALSE,"Ascomycota","Leotiomycetes","","","Leohumicola","Leohumicola incrustata"
"ASV_533",FALSE,"Peploviricota","Herviviricetes","Herpesvirales","Orthoherpesviridae","Iltovirus","Iltovirus gallidalpha1"
"ASV_534",FALSE,"Pseudomonadota","Alphaproteobacteria","Hyphomicrobiales","Nitrobacteraceae","Bradyrhizobium","Bradyrhizobium sp. Ash2021"
"ASV_535",FALSE,"Pseudomonadota","Alphaproteobacteria","Hyphomicrobiales","Nitrobacteraceae","Bradyrhizobium","Bradyrhizobium sp. Ash2021"
"ASV_536",FALSE,"Ascomycota","Sordariomycetes","Ophiostomatales","Ophiostomataceae","Ophiostoma","Ophiostoma piceae"
"ASV_537",FALSE,"Chordata","Aves","Sphenisciformes","Spheniscidae","Eudyptula","Eudyptula minor"
"ASV_538",FALSE,"Chordata","Actinopteri","Cyprinodontiformes","Poeciliidae","Gambusia","Gambusia affinis"
"ASV_539",FALSE,"Ascomycota","Eurotiomycetes","Eurotiales","Aspergillaceae","Penicillium","Penicillium sp. ShG4C"
"ASV_540",FALSE,"Chordata","Aves","Sphenisciformes","Spheniscidae","Eudyptula","Eudyptula minor"
"ASV_541",FALSE,"Pseudomonadota","Alphaproteobacteria","Hyphomicrobiales","Nitrobacteraceae","Bradyrhizobium","Bradyrhizobium sp. Ash2021"
"ASV_542",FALSE,"Rhodophyta","Florideophyceae","Ceramiales","Dasyaceae","Dipterocladia","Dipterocladia arabiensis"
"ASV_543",FALSE,"Chordata","Actinopteri","Cyprinodontiformes","Poeciliidae","Gambusia","Gambusia affinis"
"ASV_544",FALSE,"Ascomycota","Sordariomycetes","Amphisphaeriales","Sporocadaceae","Neopestalotiopsis","Neopestalotiopsis cubana"
"ASV_545",FALSE,"Ascomycota","Eurotiomycetes","Onygenales","Nannizziopsiaceae","Nannizziopsis","Nannizziopsis barbatae"
"ASV_546",FALSE,"Ascomycota","Sordariomycetes","Ophiostomatales","Ophiostomataceae","Ceratocystiopsis","Ceratocystiopsis pallidobrunnea"
"ASV_547",FALSE,"Rotifera","Eurotatoria","Adinetida","Adinetidae","Adineta","Adineta vaga"
"ASV_548",FALSE,"Bacteroidota","Flavobacteriia","Flavobacteriales","Flavobacteriaceae","Flavobacterium","Flavobacterium sp. KBS0721"
"ASV_549",FALSE,"Peploviricota","Herviviricetes","Herpesvirales","Orthoherpesviridae","Iltovirus","Iltovirus gallidalpha1"
"ASV_550",FALSE,"Chordata","Aves","Sphenisciformes","Spheniscidae","Eudyptula","Eudyptula minor"
"ASV_553",FALSE,"Pseudomonadota","Alphaproteobacteria","Hyphomicrobiales","Nitrobacteraceae","Bradyrhizobium","Bradyrhizobium sp. Ash2021"
"ASV_555",FALSE,"Pseudomonadota","Alphaproteobacteria","Hyphomicrobiales","Nitrobacteraceae","Bradyrhizobium","Bradyrhizobium sp. Ash2021"
"ASV_556",FALSE,"Cercozoa","","Glissomonadida","Saccharomycomorphidae","Saccharomycomorpha","Saccharomycomorpha psychra"
"ASV_557",FALSE,"Chordata","Aves","Sphenisciformes","Spheniscidae","Eudyptula","Eudyptula minor"
"ASV_558",FALSE,"Peploviricota","Herviviricetes","Herpesvirales","Orthoherpesviridae","Iltovirus","Iltovirus gallidalpha1"
"ASV_559",FALSE,"Arthropoda","Insecta","Diptera","Anisopodidae","","Anisopodidae sp. BOLD:AAM6390"
"ASV_560",FALSE,"Basidiomycota","Agaricomycetes","Polyporales","Meripilaceae","Rigidoporus","Rigidoporus microporus"
"ASV_561",FALSE,"Arthropoda","Insecta","Diptera","Tephritidae","Trupanea","Trupanea conjuncta"
"ASV_562",FALSE,"Discosea","","Longamoebia","Acanthamoebidae","Acanthamoeba","Acanthamoeba comandoni"
"ASV_563",FALSE,"Chordata","Actinopteri","Cyprinodontiformes","Poeciliidae","Gambusia","Gambusia affinis"
"ASV_564",FALSE,"Pseudomonadota","Alphaproteobacteria","Hyphomicrobiales","Nitrobacteraceae","Bradyrhizobium","Bradyrhizobium sp. Ash2021"
"ASV_567",FALSE,"Pseudomonadota","Alphaproteobacteria","Hyphomicrobiales","Nitrobacteraceae","Bradyrhizobium","Bradyrhizobium sp. Ash2021"
"ASV_569",FALSE,"Peploviricota","Herviviricetes","Herpesvirales","Orthoherpesviridae","Iltovirus","Iltovirus gallidalpha1"
"ASV_570",FALSE,"Bacteroidota","Flavobacteriia","Flavobacteriales","Flavobacteriaceae","Aequorivita","Aequorivita sublithincola"
"ASV_573",FALSE,"Arthropoda","Insecta","Hemiptera","Fulgoridae","Aracynthus","Aracynthus sp. CCDB-32968-B09"
"ASV_575",FALSE,"Arthropoda","Arachnida","Trombidiformes","Eriophyidae","Acalitus","Acalitus vaccinii"
"ASV_576",FALSE,"Chordata","Aves","Sphenisciformes","Spheniscidae","Eudyptula","Eudyptula minor"
"ASV_577",FALSE,"Arthropoda","Insecta","Hemiptera","Notonectidae","Anisops","Anisops ogasawarensis"
"ASV_578",FALSE,"Bacteroidota","Flavobacteriia","Flavobacteriales","Flavobacteriaceae","Aequorivita","Aequorivita ciconiae"
"ASV_579",FALSE,"Ascomycota","Leotiomycetes","Helotiales","Dermateaceae","Pseudofabraea","Pseudofabraea citricarpa"
"ASV_580",FALSE,"Rotifera","Eurotatoria","Philodinida","Philodinidae","Macrotrachela","Macrotrachela quadricornifera"
"ASV_581",FALSE,"Chordata","Actinopteri","Cyprinodontiformes","Poeciliidae","Gambusia","Gambusia affinis"
"ASV_582",FALSE,"Ascomycota","Leotiomycetes","Thelebolales","Thelebolaceae","Pseudogymnoascus","Pseudogymnoascus pannorum"
"ASV_583",FALSE,"Pseudomonadota","Alphaproteobacteria","Hyphomicrobiales","Nitrobacteraceae","Bradyrhizobium","Bradyrhizobium sp. Ash2021"
"ASV_584",FALSE,"Basidiomycota","Agaricomycetes","Hymenochaetales","Hymenochaetaceae","Phellinidium","Phellinidium ferrugineofuscum"
"ASV_588",FALSE,"Oomycota","","Pythiales","Pythiaceae","Pythium","Pythium sp. CAL-2011c"
"ASV_590",FALSE,"Arthropoda","Insecta","Lepidoptera","Noctuidae","Schinia","Schinia sordidus"
"ASV_592",FALSE,"Ascomycota","Eurotiomycetes","Chaetothyriales","Herpotrichiellaceae","Cladophialophora","Cladophialophora bantiana"
"ASV_593",FALSE,"Arthropoda","Arachnida","","","","Arachnida sp. BOLD:ACI5923"
"ASV_594",FALSE,"Chordata","Actinopteri","Cyprinodontiformes","Poeciliidae","Gambusia","Gambusia affinis"
"ASV_595",FALSE,"Pseudomonadota","Alphaproteobacteria","Hyphomicrobiales","Nitrobacteraceae","Bradyrhizobium","Bradyrhizobium sp. Ash2021"
"ASV_596",FALSE,"Arthropoda","Insecta","Lepidoptera","","","Lepidoptera sp. NZAC 03011646"
"ASV_597",FALSE,"Chordata","Actinopteri","Cyprinodontiformes","Poeciliidae","Gambusia","Gambusia affinis"
"ASV_598",FALSE,"Chordata","Actinopteri","Clupeiformes","Engraulidae","Engraulis","Engraulis japonicus"
"ASV_599",FALSE,"Peploviricota","Herviviricetes","Herpesvirales","Orthoherpesviridae","Iltovirus","Iltovirus gallidalpha1"
"ASV_600",FALSE,"Peploviricota","Herviviricetes","Herpesvirales","Orthoherpesviridae","Iltovirus","Iltovirus gallidalpha1"
"ASV_601",FALSE,"Rotifera","Eurotatoria","Philodinida","Philodinidae","Philodina","Philodina hongcheonensis"
"ASV_605",FALSE,"Arthropoda","Insecta","Hemiptera","Fulgoridae","Aracynthus","Aracynthus sp. CCDB-32968-B09"
"ASV_606",FALSE,"Chordata","Actinopteri","Cyprinodontiformes","Poeciliidae","Gambusia","Gambusia affinis"
"ASV_607",FALSE,"Pseudomonadota","Alphaproteobacteria","Hyphomicrobiales","Nitrobacteraceae","Bradyrhizobium","Bradyrhizobium sp. Ash2021"
"ASV_609",FALSE,"Bacteroidota","Flavobacteriia","Flavobacteriales","Flavobacteriaceae","Lacinutrix","Lacinutrix sp. WUR7"
"ASV_611",FALSE,"Chordata","Actinopteri","Cyprinodontiformes","Poeciliidae","Gambusia","Gambusia affinis"
"ASV_612",FALSE,"Chordata","Actinopteri","Cyprinodontiformes","Poeciliidae","Gambusia","Gambusia affinis"
"ASV_613",FALSE,"Nematoda","Chromadorea","Rhabditida","Rhabditidae","Oscheius","Oscheius sp."
"ASV_614",FALSE,"Bacillota","Bacilli","Bacillales","Bacillaceae","Oceanobacillus","Oceanobacillus sp. FSL K6-0127"
"ASV_615",FALSE,"Arthropoda","Arachnida","Pseudoscorpiones","Chernetidae","Paraustrochernes","Paraustrochernes victorianus"
"ASV_616",FALSE,"Uroviricota","Caudoviricetes","","","Phapecoctavirus","Escherichia phage vB"
"ASV_617",FALSE,"Pseudomonadota","Alphaproteobacteria","Hyphomicrobiales","Nitrobacteraceae","Bradyrhizobium","Bradyrhizobium sp. Ash2021"
"ASV_618",FALSE,"Chordata","Aves","Sphenisciformes","Spheniscidae","Eudyptula","Eudyptula minor"
"ASV_620",FALSE,"Chordata","Actinopteri","Cyprinodontiformes","Poeciliidae","Gambusia","Gambusia affinis"
"ASV_621",FALSE,"Ascomycota","Leotiomycetes","","","Leohumicola","Leohumicola lenta"
"ASV_622",FALSE,"Ascomycota","Leotiomycetes","","","Leohumicola","Leohumicola levissima"
"ASV_623",FALSE,"Ascomycota","Dothideomycetes","","","","Dothideomycetes sp. NU30"
"ASV_626",FALSE,"Pseudomonadota","Alphaproteobacteria","Hyphomicrobiales","Nitrobacteraceae","Bradyrhizobium","Bradyrhizobium sp. Ash2021"
"ASV_627",FALSE,"Basidiomycota","Agaricomycetes","Russulales","Russulaceae","Russula","Russula nigricans"
"ASV_628",FALSE,"Ascomycota","Dothideomycetes","Cladosporiales","Cladosporiaceae","Cladosporium","Cladosporium sp."
"ASV_629",FALSE,"Ascomycota","Pichiomycetes","Serinales","Debaryomycetaceae","Candida","Candida buenavistaensis"
"ASV_631",FALSE,"Arthropoda","Insecta","Hemiptera","Halimococcidae","Colobopyga","Colobopyga pritchardiae"
"ASV_632",FALSE,"Pseudomonadota","Alphaproteobacteria","Hyphomicrobiales","Nitrobacteraceae","Bradyrhizobium","Bradyrhizobium sp. Ash2021"
"ASV_633",FALSE,"Chordata","Actinopteri","Cyprinodontiformes","Poeciliidae","Gambusia","Gambusia affinis"
"ASV_634",FALSE,"Ascomycota","Leotiomycetes","","","Leohumicola","Leohumicola sp."
"ASV_635",FALSE,"Arthropoda","Insecta","Diptera","Sphaeroceridae","Leptocera","Leptocera erythrocera"
"ASV_636",FALSE,"Basidiomycota","Agaricomycetes","Polyporales","Meripilaceae","Rigidoporus","Rigidoporus microporus"
"ASV_637",FALSE,"Chordata","Actinopteri","Cyprinodontiformes","Poeciliidae","Gambusia","Gambusia affinis"
"ASV_638",FALSE,"Chordata","Actinopteri","Cyprinodontiformes","Poeciliidae","Gambusia","Gambusia affinis"
"ASV_639",FALSE,"Bacteroidota","Flavobacteriia","Flavobacteriales","Flavobacteriaceae","Tamlana","Tamlana crocina"
"ASV_640",FALSE,"Chordata","Actinopteri","Cyprinodontiformes","Poeciliidae","Gambusia","Gambusia affinis"
"ASV_642",FALSE,"Ascomycota","Leotiomycetes","Helotiales","Mollisiaceae","Phialocephala","Phialocephala europaea"
"ASV_643",FALSE,"Pseudomonadota","Alphaproteobacteria","Hyphomicrobiales","Nitrobacteraceae","Bradyrhizobium","Bradyrhizobium sp. Ash2021"
"ASV_644",FALSE,"Chordata","Actinopteri","Cyprinodontiformes","Poeciliidae","Gambusia","Gambusia affinis"
"ASV_645",FALSE,"Ascomycota","Sordariomycetes","Amphisphaeriales","Sporocadaceae","Neopestalotiopsis","Neopestalotiopsis cubana"
"ASV_646",FALSE,"Mucoromycota","Mucoromycetes","Mucorales","Mucoraceae","Apophysomyces","Apophysomyces elegans"
"ASV_647",FALSE,"Peploviricota","Herviviricetes","Herpesvirales","Orthoherpesviridae","Iltovirus","Iltovirus gallidalpha1"
"ASV_649",FALSE,"Chordata","Actinopteri","Cyprinodontiformes","Poeciliidae","Gambusia","Gambusia affinis"
"ASV_650",FALSE,"Chordata","Actinopteri","Cyprinodontiformes","Poeciliidae","Gambusia","Gambusia affinis"
"ASV_652",FALSE,"Chordata","Mammalia","Chiroptera","Vespertilionidae","Chalinolobus","Chalinolobus tuberculatus"
"ASV_654",FALSE,"Peploviricota","Herviviricetes","Herpesvirales","Orthoherpesviridae","Iltovirus","Iltovirus gallidalpha1"
"ASV_657",FALSE,"Chordata","Actinopteri","Cyprinodontiformes","Poeciliidae","Gambusia","Gambusia affinis"
"ASV_658",FALSE,"Chordata","Aves","Sphenisciformes","Spheniscidae","Eudyptula","Eudyptula minor"
"ASV_659",FALSE,"Chordata","Actinopteri","Cyprinodontiformes","Poeciliidae","Gambusia","Gambusia affinis"
"ASV_660",FALSE,"Pseudomonadota","Alphaproteobacteria","Hyphomicrobiales","Nitrobacteraceae","Bradyrhizobium","Bradyrhizobium sp. Ash2021"
"ASV_661",FALSE,"Chordata","Actinopteri","Cyprinodontiformes","Poeciliidae","Gambusia","Gambusia affinis"
"ASV_662",FALSE,"Pseudomonadota","Alphaproteobacteria","Hyphomicrobiales","Nitrobacteraceae","Bradyrhizobium","Bradyrhizobium sp. Ash2021"
"ASV_663",FALSE,"Ascomycota","Dothideomycetes","Cladosporiales","Cladosporiaceae","Cladosporium","Cladosporium cladosporioides"
"ASV_664",FALSE,"","Synurophyceae","Synurales","Mallomonadaceae","Synura","Synura petersenii"
"ASV_665",FALSE,"Pseudomonadota","Alphaproteobacteria","Hyphomicrobiales","Nitrobacteraceae","Bradyrhizobium","Bradyrhizobium sp. Ash2021"
"ASV_666",FALSE,"Ascomycota","Sordariomycetes","Hypocreales","Ophiocordycipitaceae","Purpureocillium","Purpureocillium lilacinum"
"ASV_667",FALSE,"Chordata","Actinopteri","Cyprinodontiformes","Poeciliidae","Gambusia","Gambusia affinis"
"ASV_668",FALSE,"Chordata","Actinopteri","Cyprinodontiformes","Poeciliidae","Gambusia","Gambusia affinis"
"ASV_669",FALSE,"Peploviricota","Herviviricetes","Herpesvirales","Orthoherpesviridae","Iltovirus","Iltovirus gallidalpha1"
"ASV_670",FALSE,"Peploviricota","Herviviricetes","Herpesvirales","Orthoherpesviridae","Iltovirus","Iltovirus gallidalpha1"
"ASV_671",FALSE,"Ascomycota","Leotiomycetes","Helotiales","Dermateaceae","Pseudofabraea","Pseudofabraea citricarpa"
"ASV_672",FALSE,"Arthropoda","Insecta","Coleoptera","Scarabaeidae","Mimeoma","Mimeoma maculata"
"ASV_674",FALSE,"Ascomycota","Sordariomycetes","Glomerellales","Plectosphaerellaceae","Verticillium","Verticillium nonalfalfae"
"ASV_675",FALSE,"Discosea","","Longamoebia","Acanthamoebidae","Acanthamoeba","Acanthamoeba comandoni"
"ASV_676",FALSE,"Chordata","Actinopteri","Cyprinodontiformes","Poeciliidae","Gambusia","Gambusia affinis"
"ASV_677",FALSE,"Ascomycota","Leotiomycetes","Thelebolales","Thelebolaceae","Pseudogymnoascus","Pseudogymnoascus pannorum"
"ASV_680",FALSE,"Pseudomonadota","Alphaproteobacteria","Hyphomicrobiales","Nitrobacteraceae","Bradyrhizobium","Bradyrhizobium sp. Ash2021"
"ASV_681",FALSE,"Chordata","Mammalia","Primates","Hominidae","Homo","Homo sapiens"
"ASV_682",FALSE,"Oomycota","","Pythiales","Pythiaceae","Phytopythium","Phytopythium sp. 'UZ612-like '"
"ASV_683",FALSE,"Chordata","Actinopteri","Cyprinodontiformes","Poeciliidae","Gambusia","Gambusia affinis"
"ASV_684",FALSE,"Chordata","Actinopteri","Cyprinodontiformes","Poeciliidae","Gambusia","Gambusia affinis"
"ASV_686",FALSE,"Basidiomycota","Exobasidiomycetes","Microstromatales","","","uncultured Jaminaea"
"ASV_687",FALSE,"Arthropoda","Insecta","Lepidoptera","Tineidae","Opogona","Opogona omoscopa"
"ASV_688",FALSE,"Rotifera","Eurotatoria","Philodinida","Philodinidae","Philodina","Philodina corrugata"
"ASV_689",FALSE,"Ascomycota","Sordariomycetes","Amphisphaeriales","Sporocadaceae","Neopestalotiopsis","Neopestalotiopsis cubana"
"ASV_691",FALSE,"Basidiomycota","Agaricomycetes","Agaricales","Hygrophoraceae","Hygrocybe","Hygrocybe helobia"
"ASV_692",FALSE,"Discosea","","Longamoebia","Acanthamoebidae","Acanthamoeba","Acanthamoeba comandoni"
"ASV_694",FALSE,"Pseudomonadota","Alphaproteobacteria","Hyphomicrobiales","Nitrobacteraceae","Bradyrhizobium","Bradyrhizobium sp. Ash2021"
"ASV_695",FALSE,"Ascomycota","Leotiomycetes","","","Leohumicola","Leohumicola minima"
"ASV_696",FALSE,"Rotifera","Eurotatoria","Philodinida","Philodinidae","Macrotrachela","Macrotrachela quadricornifera"
"ASV_697",FALSE,"Pseudomonadota","Alphaproteobacteria","Hyphomicrobiales","Nitrobacteraceae","Bradyrhizobium","Bradyrhizobium sp. Ash2021"
"ASV_698",FALSE,"Streptophyta","Magnoliopsida","Rosales","Cannabaceae","Humulus","Humulus lupulus"
"ASV_699",FALSE,"Basidiomycota","Agaricomycetes","Polyporales","Meripilaceae","Rigidoporus","Rigidoporus microporus"
"ASV_700",FALSE,"Mucoromycota","Mucoromycetes","Mucorales","Mucoraceae","Apophysomyces","Apophysomyces elegans"
"ASV_703",FALSE,"Chordata","Aves","Sphenisciformes","Spheniscidae","Pygoscelis","Pygoscelis adeliae"
"ASV_704",FALSE,"Pseudomonadota","Alphaproteobacteria","Hyphomicrobiales","Nitrobacteraceae","Bradyrhizobium","Bradyrhizobium sp. Ash2021"
"ASV_706",FALSE,"Pseudomonadota","Alphaproteobacteria","Hyphomicrobiales","Nitrobacteraceae","Bradyrhizobium","Bradyrhizobium sp. Ash2021"
"ASV_707",FALSE,"Ascomycota","Sordariomycetes","Amphisphaeriales","Sporocadaceae","Neopestalotiopsis","Neopestalotiopsis cubana"
"ASV_708",FALSE,"Ascomycota","Sordariomycetes","Ophiostomatales","Ophiostomataceae","Ceratocystiopsis","Ceratocystiopsis pallidobrunnea"
"ASV_709",FALSE,"Platyhelminthes","Catenulida","","Stenostomidae","Stenostomum","Stenostomum cf. simplex AW-2018"
"ASV_710",FALSE,"Chordata","Aves","Sphenisciformes","Spheniscidae","Eudyptula","Eudyptula minor"
"ASV_712",FALSE,"Oomycota","","Peronosporales","Peronosporaceae","Nothophytophthora","Nothophytophthora sp. 'caduca-like'"
"ASV_713",FALSE,"Ascomycota","Leotiomycetes","","","Leohumicola","Leohumicola verrucosa"
"ASV_714",FALSE,"Arthropoda","Insecta","Diptera","Sphaeroceridae","Rachispoda","Rachispoda anceps"
"ASV_715",FALSE,"Basidiomycota","Agaricomycetes","Polyporales","Meripilaceae","Rigidoporus","Rigidoporus microporus"
"ASV_716",FALSE,"Ascomycota","Dothideomycetes","","","","Dothideomycetes sp. NU30"
"ASV_717",FALSE,"Pseudomonadota","Alphaproteobacteria","Hyphomicrobiales","Nitrobacteraceae","Bradyrhizobium","Bradyrhizobium sp. Ash2021"
"ASV_718",FALSE,"Arthropoda","Collembola","Entomobryomorpha","Entomobryidae","Entomobrya","Entomobrya sp. HB0852"
"ASV_719",FALSE,"Peploviricota","Herviviricetes","Herpesvirales","Orthoherpesviridae","Iltovirus","Iltovirus gallidalpha1"
"ASV_720",FALSE,"Ascomycota","Sordariomycetes","Ophiostomatales","Ophiostomataceae","Sporothrix","Sporothrix brasiliensis"
"ASV_721",FALSE,"Ascomycota","Eurotiomycetes","Eurotiales","Aspergillaceae","Penicillium","Penicillium sp. ShG4C"
"ASV_722",FALSE,"Arthropoda","Insecta","","","","Endopterygota sp. NZAC 03009123"
"ASV_723",FALSE,"Pseudomonadota","Alphaproteobacteria","Hyphomicrobiales","Nitrobacteraceae","Bradyrhizobium","Bradyrhizobium sp. Ash2021"
"ASV_724",FALSE,"Chordata","Aves","Sphenisciformes","Spheniscidae","Eudyptula","Eudyptula minor"
"ASV_725",FALSE,"Chordata","Aves","Sphenisciformes","Spheniscidae","Eudyptula","Eudyptula minor"
"ASV_726",FALSE,"Chordata","Actinopteri","Cyprinodontiformes","Poeciliidae","Gambusia","Gambusia affinis"
"ASV_728",FALSE,"Bacteroidota","Flavobacteriia","Flavobacteriales","Flavobacteriaceae","Flavobacterium","Flavobacterium acetivorans"
"ASV_730",FALSE,"Ascomycota","Dothideomycetes","Mycosphaerellales","Mycosphaerellaceae","Cercospora","Cercospora nicotianae"
"ASV_731",FALSE,"Arthropoda","Collembola","Entomobryomorpha","Isotomidae","Desoria","Desoria sp. BOLD:AAA7162"
"ASV_733",FALSE,"Chordata","Aves","Sphenisciformes","Spheniscidae","Eudyptula","Eudyptula minor"
"ASV_734",FALSE,"Bacteroidota","Flavobacteriia","Flavobacteriales","Flavobacteriaceae","Maribacter","Maribacter sp. BPC-D8"
"ASV_735",FALSE,"Ascomycota","Eurotiomycetes","Eurotiales","Aspergillaceae","Penicillium","Penicillium sp. ShG4C"
"ASV_736",FALSE,"Arthropoda","Insecta","Lepidoptera","Plutellidae","Plutella","Plutella xylostella"
"ASV_737",FALSE,"Ascomycota","Sordariomycetes","Ophiostomatales","Ophiostomataceae","Ceratocystiopsis","Ceratocystiopsis pallidobrunnea"
"ASV_738",FALSE,"","Synurophyceae","Synurales","Mallomonadaceae","Synura","Synura petersenii"
"ASV_739",FALSE,"Peploviricota","Herviviricetes","Herpesvirales","Orthoherpesviridae","Iltovirus","Iltovirus gallidalpha1"
"ASV_744",FALSE,"Bacillariophyta","Bacillariophyceae","Cymbellales","Gomphonemataceae","Gomphonema","Gomphonema parvulum"
"ASV_746",FALSE,"Ascomycota","Sordariomycetes","Amphisphaeriales","Sporocadaceae","Neopestalotiopsis","Neopestalotiopsis cubana"
"ASV_747",FALSE,"Arthropoda","Insecta","Lepidoptera","Plutellidae","Plutella","Plutella xylostella"
"ASV_749",FALSE,"Ascomycota","Leotiomycetes","","","Leohumicola","Leohumicola incrustata"
"ASV_752",FALSE,"Pseudomonadota","Alphaproteobacteria","Hyphomicrobiales","Nitrobacteraceae","Bradyrhizobium","Bradyrhizobium sp. Ash2021"
"ASV_753",FALSE,"Arthropoda","Insecta","Siphonaptera","Rhopalopsyllidae","Parapsyllus","Parapsyllus humboldti"
"ASV_754",FALSE,"Chordata","Aves","Sphenisciformes","Spheniscidae","Eudyptula","Eudyptula minor"
"ASV_755",FALSE,"Chordata","Aves","Sphenisciformes","Spheniscidae","Eudyptula","Eudyptula minor"
"ASV_756",FALSE,"Ascomycota","Leotiomycetes","","","Leohumicola","Leohumicola verrucosa"
"ASV_757",FALSE,"Arthropoda","Insecta","Diptera","Tephritidae","Lamproxyna","Lamproxyna nitidula"
"ASV_758",FALSE,"Chordata","Actinopteri","Cyprinodontiformes","Poeciliidae","Gambusia","Gambusia affinis"
"ASV_759",FALSE,"Chordata","Aves","Sphenisciformes","Spheniscidae","Eudyptula","Eudyptula minor"
"ASV_762",FALSE,"Pseudomonadota","Alphaproteobacteria","Hyphomicrobiales","Nitrobacteraceae","Bradyrhizobium","Bradyrhizobium sp. Ash2021"
"ASV_763",FALSE,"Chordata","Actinopteri","Cyprinodontiformes","Poeciliidae","Gambusia","Gambusia affinis"
"ASV_764",FALSE,"Pseudomonadota","Alphaproteobacteria","Hyphomicrobiales","Nitrobacteraceae","Bradyrhizobium","Bradyrhizobium sp. Ash2021"
"ASV_765",FALSE,"Chordata","Mammalia","Primates","Hominidae","Homo","Homo sapiens"
"ASV_767",FALSE,"Basidiomycota","Agaricomycetes","Polyporales","Meripilaceae","Rigidoporus","Rigidoporus microporus"
"ASV_768",FALSE,"Basidiomycota","Agaricomycetes","Polyporales","Meripilaceae","Rigidoporus","Rigidoporus microporus"
"ASV_769",FALSE,"Chordata","Aves","Sphenisciformes","Spheniscidae","Eudyptula","Eudyptula minor"
"ASV_770",FALSE,"Arthropoda","Insecta","Siphonaptera","Rhopalopsyllidae","Parapsyllus","Parapsyllus humboldti"
"ASV_771",FALSE,"Chordata","Aves","Sphenisciformes","Spheniscidae","Eudyptula","Eudyptula minor"
"ASV_772",FALSE,"Ascomycota","Dothideomycetes","Mycosphaerellales","Mycosphaerellaceae","Cercospora","Cercospora beticola"
"ASV_773",FALSE,"Ascomycota","Leotiomycetes","Helotiales","Arachnopezizaceae","Arachnopeziza","Arachnopeziza aurata"
"ASV_774",FALSE,"Chordata","Actinopteri","Cyprinodontiformes","Poeciliidae","Gambusia","Gambusia affinis"
"ASV_776",FALSE,"Chordata","Actinopteri","Cyprinodontiformes","Poeciliidae","Gambusia","Gambusia affinis"
"ASV_777",FALSE,"Arthropoda","Insecta","","","","Endopterygota sp. NZAC 03009123"
"ASV_778",FALSE,"Peploviricota","Herviviricetes","Herpesvirales","Orthoherpesviridae","Iltovirus","Iltovirus gallidalpha1"
"ASV_780",FALSE,"Ascomycota","Eurotiomycetes","Chaetothyriales","Herpotrichiellaceae","Cladophialophora","Cladophialophora bantiana"
"ASV_781",FALSE,"Arthropoda","Arachnida","Ixodida","Ixodidae","Ixodes","Ixodes sp. KM-2014a"
"ASV_782",FALSE,"Ascomycota","Dothideomycetes","","","","Dothideomycetes sp. NU30"
"ASV_783",FALSE,"Peploviricota","Herviviricetes","Herpesvirales","Orthoherpesviridae","Iltovirus","Iltovirus gallidalpha1"
"ASV_784",FALSE,"Basidiomycota","Cystobasidiomycetes","Cystobasidiales","Cystobasidiaceae","Cystobasidium","Cystobasidium sp."
"ASV_786",FALSE,"Ascomycota","Leotiomycetes","Thelebolales","Thelebolaceae","Pseudogymnoascus","Pseudogymnoascus pannorum"
"ASV_787",FALSE,"Peploviricota","Herviviricetes","Herpesvirales","Orthoherpesviridae","Iltovirus","Iltovirus gallidalpha1"
"ASV_788",FALSE,"Pseudomonadota","Alphaproteobacteria","Hyphomicrobiales","Nitrobacteraceae","Bradyrhizobium","Bradyrhizobium sp. Ash2021"
"ASV_789",FALSE,"Oomycota","","Pythiales","Pythiaceae","Globisporangium","Globisporangium kandovanense"
"ASV_790",FALSE,"Pseudomonadota","Alphaproteobacteria","Hyphomicrobiales","Nitrobacteraceae","Bradyrhizobium","Bradyrhizobium sp. Ash2021"
"ASV_792",FALSE,"Ascomycota","Sordariomycetes","Ophiostomatales","Ophiostomataceae","Ophiostoma","Ophiostoma sp."
"ASV_793",FALSE,"Basidiomycota","Agaricomycetes","Agaricales","Psathyrellaceae","Psathyrella","Psathyrella aff. gracilis TRTC155531"
"ASV_794",FALSE,"Arthropoda","Arachnida","Sarcoptiformes","Pyroglyphidae","Dermatophagoides","Dermatophagoides pteronyssinus"
"ASV_795",FALSE,"Ascomycota","Leotiomycetes","","","Leohumicola","Leohumicola minima"
"ASV_796",FALSE,"Ascomycota","Sordariomycetes","Hypocreales","Nectriaceae","Thelonectria","Thelonectria veuillotiana"
"ASV_797",FALSE,"","","","","","invertebrate environmental sample"
"ASV_801",FALSE,"Chordata","Actinopteri","Cyprinodontiformes","Poeciliidae","Gambusia","Gambusia affinis"
"ASV_802",FALSE,"Ascomycota","Sordariomycetes","Ophiostomatales","Ophiostomataceae","Ophiostoma","Ophiostoma piceae"
"ASV_803",FALSE,"Pseudomonadota","Alphaproteobacteria","Hyphomicrobiales","Nitrobacteraceae","Bradyrhizobium","Bradyrhizobium sp. Ash2021"
"ASV_804",FALSE,"Ascomycota","Sordariomycetes","Hypocreales","Cordycipitaceae","Cordyceps","Cordyceps farinosa"
"ASV_805",FALSE,"Bacillariophyta","Bacillariophyceae","Bacillariales","Bacillariaceae","Nitzschia","Nitzschia sp. BOLD:AAX5147"
"ASV_806",FALSE,"Mucoromycota","Mucoromycetes","Mucorales","Mucoraceae","Mucor","Mucor lusitanicus"
"ASV_808",FALSE,"Arthropoda","Arachnida","Sarcoptiformes","Acaridae","Tyrophagus","Tyrophagus curvipenis"
"ASV_809",FALSE,"Pseudomonadota","Alphaproteobacteria","Hyphomicrobiales","Nitrobacteraceae","Bradyrhizobium","Bradyrhizobium sp. Ash2021"
"ASV_812",FALSE,"Chordata","Aves","Sphenisciformes","Spheniscidae","Eudyptula","Eudyptula minor"
"ASV_813",FALSE,"Pseudomonadota","Alphaproteobacteria","Hyphomicrobiales","Nitrobacteraceae","Bradyrhizobium","Bradyrhizobium sp. Ash2021"
"ASV_816",FALSE,"","","","","",""
"ASV_817",FALSE,"Ascomycota","Leotiomycetes","Helotiales","Arachnopezizaceae","Arachnopeziza","Arachnopeziza aurata"
"ASV_818",FALSE,"","Synurophyceae","Synurales","Mallomonadaceae","Synura","Synura petersenii"
"ASV_819",FALSE,"Basidiomycota","Agaricomycetes","Agaricales","Hygrophoraceae","Hygrocybe","Hygrocybe helobia"
"ASV_820",FALSE,"Bacteroidota","Chitinophagia","Chitinophagales","Chitinophagaceae","Lacibacter","Lacibacter sediminis"
"ASV_821",FALSE,"Arthropoda","Arachnida","Sarcoptiformes","","","Sarcoptiformes sp. BOLD:AAN6699"
"ASV_822",FALSE,"Peploviricota","Herviviricetes","Herpesvirales","Orthoherpesviridae","Iltovirus","Iltovirus gallidalpha1"
"ASV_823",FALSE,"Pseudomonadota","Alphaproteobacteria","Hyphomicrobiales","Nitrobacteraceae","Bradyrhizobium","Bradyrhizobium sp. Ash2021"
"ASV_825",FALSE,"Oomycota","","","","Haptoglossa","Haptoglossa zoospora"
"ASV_826",FALSE,"Ascomycota","Dothideomycetes","Mycosphaerellales","Mycosphaerellaceae","Pseudocercospora","Pseudocercospora fuligena"
"ASV_827",FALSE,"Chordata","Aves","Sphenisciformes","Spheniscidae","Eudyptula","Eudyptula minor"
"ASV_828",FALSE,"Arthropoda","Insecta","Diptera","Muscidae","Lophosceles","Lophosceles sp. BIOUG24473-H09"
"ASV_829",FALSE,"Chordata","Actinopteri","Cyprinodontiformes","Poeciliidae","Gambusia","Gambusia affinis"
"ASV_830",FALSE,"","Phaeophyceae","Fucales","Sargassaceae","Sargassum","Sargassum sp."
"ASV_832",FALSE,"Pseudomonadota","Alphaproteobacteria","Hyphomicrobiales","Nitrobacteraceae","Bradyrhizobium","Bradyrhizobium sp. Ash2021"
"ASV_833",FALSE,"Gastrotricha","","Chaetonotida","Chaetonotidae","Chaetonotus","Chaetonotus aff. persimilis MK-2019"
"ASV_836",FALSE,"Mucoromycota","Mucoromycetes","Mucorales","Mucoraceae","Mucor","Mucor lusitanicus"
"ASV_837",FALSE,"Arthropoda","Insecta","Diptera","Psychodidae","Psychoda","Psychoda sigma"
"ASV_839",FALSE,"Pseudomonadota","Alphaproteobacteria","Hyphomicrobiales","Nitrobacteraceae","Bradyrhizobium","Bradyrhizobium sp. Ash2021"
"ASV_840",FALSE,"Chordata","Actinopteri","Cyprinodontiformes","Poeciliidae","Gambusia","Gambusia holbrooki"
"ASV_841",FALSE,"Ascomycota","Sordariomycetes","Ophiostomatales","Ophiostomataceae","Sporothrix","Sporothrix brasiliensis"
"ASV_843",FALSE,"Basidiomycota","Microbotryomycetes","Sporidiobolales","Sporidiobolaceae","Rhodotorula","Rhodotorula mucilaginosa"
"ASV_844",FALSE,"Mollusca","Gastropoda","","Planorbidae","Glyptophysa","Glyptophysa sp. 2 PGA-2018"
"ASV_847",FALSE,"Arthropoda","Insecta","Hymenoptera","Braconidae","Mirax","Mirax sp."
"ASV_849",FALSE,"Basidiomycota","Agaricomycetes","Polyporales","Meripilaceae","Rigidoporus","Rigidoporus microporus"
"ASV_850",FALSE,"Arthropoda","Insecta","Lepidoptera","Plutellidae","Plutella","Plutella xylostella"
"ASV_851",FALSE,"Rotifera","Eurotatoria","","","","Bdelloidea environmental sample"
"ASV_853",FALSE,"Ascomycota","Leotiomycetes","","","Leohumicola","Leohumicola levissima"
"ASV_854",FALSE,"Pseudomonadota","Alphaproteobacteria","Hyphomicrobiales","Nitrobacteraceae","Bradyrhizobium","Bradyrhizobium sp. Ash2021"
"ASV_855",FALSE,"Bacteroidota","Flavobacteriia","Flavobacteriales","Flavobacteriaceae","Mangrovimonas","Mangrovimonas sp. YM274"
"ASV_856",FALSE,"Bacteroidota","Flavobacteriia","Flavobacteriales","Flavobacteriaceae","Flavobacterium","Flavobacterium sp. NG2"
"ASV_857",FALSE,"Ascomycota","Leotiomycetes","","","Leohumicola","Leohumicola terminalis"
"ASV_859",FALSE,"Platyhelminthes","Catenulida","","Stenostomidae","Stenostomum","Stenostomum leucops"
"ASV_860",FALSE,"Oomycota","","Saprolegniales","Saprolegniaceae","Sommerstorffia","Sommerstorffia sp. JR-2024a"
"ASV_861",FALSE,"Chordata","Actinopteri","Cyprinodontiformes","Poeciliidae","Gambusia","Gambusia affinis"
"ASV_862",FALSE,"Arthropoda","Insecta","Diptera","Chironomidae","","Chironomidae sp."
"ASV_863",FALSE,"Chordata","Aves","Sphenisciformes","Spheniscidae","Eudyptula","Eudyptula minor"
"ASV_864",FALSE,"Basidiomycota","Agaricomycetes","Russulales","Peniophoraceae","Peniophora","Peniophora lycii"
"ASV_865",FALSE,"Ascomycota","Sordariomycetes","Hypocreales","Bionectriaceae","Gliomastix","Gliomastix murorum"
"ASV_866",FALSE,"Bacteroidota","Flavobacteriia","Flavobacteriales","Flavobacteriaceae","Flavobacterium","Flavobacterium capsici"
"ASV_867",FALSE,"Discosea","Flabellinia","Dactylopodida","Vexilliferidae","Vexillifera","Vexillifera sp. AKu-2020a"
"ASV_869",FALSE,"Arthropoda","Insecta","Diptera","Sphaeroceridae","Leptocera","Leptocera erythrocera"
"ASV_870",FALSE,"Chordata","Aves","Sphenisciformes","Spheniscidae","Eudyptula","Eudyptula minor"
"ASV_871",FALSE,"Arthropoda","Insecta","Diptera","Simuliidae","Simulium","Simulium lemborense"
"ASV_872",FALSE,"Peploviricota","Herviviricetes","Herpesvirales","Orthoherpesviridae","Iltovirus","Iltovirus gallidalpha1"
"ASV_873",FALSE,"Peploviricota","Herviviricetes","Herpesvirales","Orthoherpesviridae","Iltovirus","Iltovirus gallidalpha1"
"ASV_874",FALSE,"Pseudomonadota","Alphaproteobacteria","Hyphomicrobiales","Nitrobacteraceae","Bradyrhizobium","Bradyrhizobium sp. Ash2021"
"ASV_875",FALSE,"Pseudomonadota","Alphaproteobacteria","Hyphomicrobiales","Nitrobacteraceae","Bradyrhizobium","Bradyrhizobium sp. Ash2021"
"ASV_876",FALSE,"Chordata","Aves","Sphenisciformes","Spheniscidae","Eudyptula","Eudyptula minor"
"ASV_877",FALSE,"Pseudomonadota","Alphaproteobacteria","Hyphomicrobiales","Nitrobacteraceae","Bradyrhizobium","Bradyrhizobium sp. Ash2021"
"ASV_878",FALSE,"Ascomycota","Sordariomycetes","Glomerellales","Glomerellaceae","Colletotrichum","Colletotrichum destructivum"
"ASV_880",FALSE,"Arthropoda","Insecta","Trichoptera","Leptoceridae","Triplectides","Triplectides dolichos"
"ASV_882",FALSE,"Ascomycota","Eurotiomycetes","Chaetothyriales","Herpotrichiellaceae","Cladophialophora","Cladophialophora bantiana"
"ASV_883",FALSE,"Chordata","Aves","Sphenisciformes","Spheniscidae","Eudyptula","Eudyptula minor"
"ASV_884",FALSE,"Chordata","Aves","Sphenisciformes","Spheniscidae","Eudyptula","Eudyptula minor"
"ASV_885",FALSE,"Peploviricota","Herviviricetes","Herpesvirales","Orthoherpesviridae","Iltovirus","Iltovirus gallidalpha1"
"ASV_887",FALSE,"Pseudomonadota","Alphaproteobacteria","Hyphomicrobiales","Nitrobacteraceae","Bradyrhizobium","Bradyrhizobium sp. Ash2021"
"ASV_888",FALSE,"","Chrysophyceae","Chromulinales","Paraphysomonadaceae","Paraphysomonas","Paraphysomonas sp."
"ASV_889",FALSE,"Bacteroidota","Flavobacteriia","Flavobacteriales","Flavobacteriaceae","Myroides","Myroides fluvii"
"ASV_890",FALSE,"Porifera","Demospongiae","Axinellida","Raspailiidae","","Raspailiidae sp. Po.25592"
"ASV_891",FALSE,"Nematoda","Chromadorea","Rhabditida","Rhabditidae","Caenorhabditis","Caenorhabditis elegans"
"ASV_892",FALSE,"Ascomycota","Dothideomycetes","Cladosporiales","Cladosporiaceae","Cladosporium","Cladosporium cladosporioides"
"ASV_893",FALSE,"Peploviricota","Herviviricetes","Herpesvirales","Orthoherpesviridae","Iltovirus","Iltovirus gallidalpha1"
"ASV_894",FALSE,"Bacillariophyta","Coscinodiscophyceae","Stephanodiscales","Stephanodiscaceae","Cyclotella","Cyclotella cryptica"
"ASV_895",FALSE,"","Synurophyceae","Synurales","Mallomonadaceae","Synura","Synura petersenii"
"ASV_896",FALSE,"Bacillota","Bacilli","Bacillales","Caryophanaceae","Sporosarcina","Sporosarcina sp. PTS2304"
"ASV_897",FALSE,"Peploviricota","Herviviricetes","Herpesvirales","Orthoherpesviridae","Iltovirus","Iltovirus gallidalpha1"
"ASV_898",FALSE,"Chordata","Actinopteri","Cyprinodontiformes","Poeciliidae","Gambusia","Gambusia affinis"
"ASV_899",FALSE,"Pseudomonadota","Alphaproteobacteria","Hyphomicrobiales","Nitrobacteraceae","Bradyrhizobium","Bradyrhizobium sp. Ash2021"
"ASV_901",FALSE,"Chordata","Aves","Sphenisciformes","Spheniscidae","Eudyptula","Eudyptula minor"
"ASV_902",FALSE,"","","","","Chrysoparadoxa","Chrysoparadoxa australica"
"ASV_903",FALSE,"Bacteroidota","Flavobacteriia","Flavobacteriales","Flavobacteriaceae","Cellulophaga","Cellulophaga algicola"
"ASV_904",FALSE,"Pseudomonadota","Alphaproteobacteria","Hyphomicrobiales","Nitrobacteraceae","Bradyrhizobium","Bradyrhizobium sp. Ash2021"
"ASV_905",FALSE,"Pseudomonadota","Alphaproteobacteria","Hyphomicrobiales","Nitrobacteraceae","Bradyrhizobium","Bradyrhizobium sp. Ash2021"
"ASV_906",FALSE,"Chordata","Actinopteri","Cyprinodontiformes","Poeciliidae","Gambusia","Gambusia affinis"
"ASV_908",FALSE,"Peploviricota","Herviviricetes","Herpesvirales","Orthoherpesviridae","Iltovirus","Iltovirus gallidalpha1"
"ASV_909",FALSE,"Peploviricota","Herviviricetes","Herpesvirales","Orthoherpesviridae","Iltovirus","Iltovirus gallidalpha1"
"ASV_910",FALSE,"Chordata","Actinopteri","Cyprinodontiformes","Poeciliidae","Gambusia","Gambusia affinis"
"ASV_911",FALSE,"Arthropoda","Insecta","Hemiptera","Fulgoridae","Aracynthus","Aracynthus sp. CCDB-32968-B09"
"ASV_912",FALSE,"Ascomycota","Eurotiomycetes","Onygenales","Arthrodermataceae","Arthroderma","Arthroderma uncinatum"
"ASV_913",FALSE,"Chordata","Mammalia","Primates","Hominidae","Homo","Homo sapiens"
"ASV_915",FALSE,"","Phaeophyceae","Dictyotales","Dictyotaceae","Dictyota","Dictyota sp. 10FP"
"ASV_917",FALSE,"Peploviricota","Herviviricetes","Herpesvirales","Orthoherpesviridae","Iltovirus","Iltovirus gallidalpha1"
"ASV_919",FALSE,"Pseudomonadota","Alphaproteobacteria","Hyphomicrobiales","Nitrobacteraceae","Bradyrhizobium","Bradyrhizobium sp. Ash2021"
"ASV_920",FALSE,"Chordata","Actinopteri","Cyprinodontiformes","Poeciliidae","Gambusia","Gambusia affinis"
"ASV_923",FALSE,"Peploviricota","Herviviricetes","Herpesvirales","Orthoherpesviridae","Iltovirus","Iltovirus gallidalpha1"
"ASV_924",FALSE,"Ascomycota","Pichiomycetes","Serinales","Debaryomycetaceae","Candida","Candida buenavistaensis"
"ASV_925",FALSE,"Arthropoda","Insecta","Diptera","Anisopodidae","","Anisopodidae sp. BOLD:AAM6390"
"ASV_927",FALSE,"Bacteroidota","Flavobacteriia","Flavobacteriales","Flavobacteriaceae","Arenibacter","Arenibacter antarcticus"
"ASV_928",FALSE,"Ascomycota","Sordariomycetes","Ophiostomatales","Ophiostomataceae","Ophiostoma","Ophiostoma piceae"
"ASV_929",FALSE,"Pseudomonadota","Alphaproteobacteria","Hyphomicrobiales","Nitrobacteraceae","Bradyrhizobium","Bradyrhizobium sp. Ash2021"
"ASV_930",FALSE,"Ascomycota","Sordariomycetes","Hypocreales","Cordycipitaceae","Simplicillium","Simplicillium lamellicola"
"ASV_932",FALSE,"Chordata","Actinopteri","Cyprinodontiformes","Poeciliidae","Gambusia","Gambusia affinis"
"ASV_933",FALSE,"","Phaeophyceae","Ectocarpales","Chordariaceae","Sauvageaugloia","Sauvageaugloia divaricata"
"ASV_936",FALSE,"Basidiomycota","Agaricomycetes","Russulales","Peniophoraceae","Peniophora","Peniophora lycii"
"ASV_938",FALSE,"Peploviricota","Herviviricetes","Herpesvirales","Orthoherpesviridae","Iltovirus","Iltovirus gallidalpha1"
"ASV_939",FALSE,"Ascomycota","Eurotiomycetes","Chaetothyriales","Herpotrichiellaceae","Cladophialophora","Cladophialophora bantiana"
"ASV_942",FALSE,"Pseudomonadota","Alphaproteobacteria","Hyphomicrobiales","Nitrobacteraceae","Bradyrhizobium","Bradyrhizobium sp. Ash2021"
"ASV_943",FALSE,"","","","","","zooplankton environmental sample"
"ASV_944",FALSE,"Ascomycota","Saccharomycetes","Saccharomycetales","Saccharomycetaceae","Torulaspora","Torulaspora delbrueckii"
"ASV_945",FALSE,"Pseudomonadota","Alphaproteobacteria","Hyphomicrobiales","Nitrobacteraceae","Bradyrhizobium","Bradyrhizobium sp. Ash2021"
"ASV_946",FALSE,"Bacteroidota","Flavobacteriia","Flavobacteriales","Flavobacteriaceae","Aequorivita","Aequorivita nionensis"
"ASV_947",FALSE,"","Choanoflagellata","Craspedida","Salpingoecidae","Monosiga","Monosiga brevicollis"
"ASV_948",FALSE,"Pseudomonadota","Alphaproteobacteria","Hyphomicrobiales","Nitrobacteraceae","Bradyrhizobium","Bradyrhizobium sp. Ash2021"
"ASV_951",FALSE,"Ascomycota","Sordariomycetes","Hypocreales","Niessliaceae","Niesslia","Niesslia mucida"
"ASV_953",FALSE,"Peploviricota","Herviviricetes","Herpesvirales","Orthoherpesviridae","Iltovirus","Iltovirus gallidalpha1"
"ASV_954",FALSE,"Bacteroidota","Flavobacteriia","Flavobacteriales","Flavobacteriaceae","Arenibacter","Arenibacter antarcticus"
"ASV_955",FALSE,"Chordata","Aves","Sphenisciformes","Spheniscidae","Eudyptula","Eudyptula minor"
"ASV_956",FALSE,"Ascomycota","Eurotiomycetes","Onygenales","Arthrodermataceae","Microsporum","Microsporum ferrugineum"
"ASV_957",FALSE,"Chordata","Actinopteri","Cyprinodontiformes","Poeciliidae","Gambusia","Gambusia holbrooki"
"ASV_958",FALSE,"Chordata","Actinopteri","Cyprinodontiformes","Poeciliidae","Gambusia","Gambusia affinis"
"ASV_959",FALSE,"","","","","Chrysoparadoxa","Chrysoparadoxa australica"
"ASV_961",FALSE,"Bacteroidota","Flavobacteriia","Flavobacteriales","Flavobacteriaceae","Flavobacterium","Flavobacterium sp. NG2"
"ASV_962",FALSE,"Pseudomonadota","Alphaproteobacteria","Hyphomicrobiales","Nitrobacteraceae","Bradyrhizobium","Bradyrhizobium sp. Ash2021"
"ASV_967",FALSE,"Peploviricota","Herviviricetes","Herpesvirales","Orthoherpesviridae","Iltovirus","Iltovirus gallidalpha1"
"ASV_968",FALSE,"Basidiomycota","Agaricomycetes","Polyporales","Meripilaceae","Rigidoporus","Rigidoporus microporus"
"ASV_969",FALSE,"Arthropoda","Arachnida","Sarcoptiformes","Trouessartiidae","Trouessartia","Trouessartia sp. 2 LGP-2021a"
"ASV_970",FALSE,"Pseudomonadota","Alphaproteobacteria","Hyphomicrobiales","Nitrobacteraceae","Bradyrhizobium","Bradyrhizobium sp. Ash2021"
"ASV_972",FALSE,"Nematoda","Chromadorea","Rhabditida","Rhabditidae","Oscheius","Oscheius sp."
"ASV_973",FALSE,"Pseudomonadota","Alphaproteobacteria","Hyphomicrobiales","Nitrobacteraceae","Bradyrhizobium","Bradyrhizobium sp. Ash2021"
"ASV_974",FALSE,"Ascomycota","Sordariomycetes","Amphisphaeriales","Sporocadaceae","Neopestalotiopsis","Neopestalotiopsis cubana"
"ASV_975",FALSE,"Ascomycota","Eurotiomycetes","Chaetothyriales","Trichomeriaceae","Arthrocladium","Arthrocladium fulminans"
"ASV_977",FALSE,"Ascomycota","Dothideomycetes","Dothideales","Dothioraceae","Sydowia","Sydowia polyspora"
"ASV_978",FALSE,"Ascomycota","Dothideomycetes","Mycosphaerellales","Teratosphaeriaceae","Acrodontium","Acrodontium crateriforme"
"ASV_979",FALSE,"Pseudomonadota","Alphaproteobacteria","Hyphomicrobiales","Nitrobacteraceae","Bradyrhizobium","Bradyrhizobium sp. Ash2021"
"ASV_980",FALSE,"Pseudomonadota","Alphaproteobacteria","Hyphomicrobiales","Nitrobacteraceae","Bradyrhizobium","Bradyrhizobium sp. Ash2021"
"ASV_982",FALSE,"Oomycota","","Pythiales","Pythiaceae","Globisporangium","Globisporangium intermedium"
"ASV_983",FALSE,"Pseudomonadota","Alphaproteobacteria","Hyphomicrobiales","Nitrobacteraceae","Bradyrhizobium","Bradyrhizobium sp. Ash2021"
"ASV_985",FALSE,"Chordata","Actinopteri","Cyprinodontiformes","Poeciliidae","Gambusia","Gambusia affinis"
"ASV_986",FALSE,"Chordata","Mammalia","Primates","Hominidae","Homo","Homo sapiens"
"ASV_987",FALSE,"Bacteroidota","Flavobacteriia","Flavobacteriales","Flavobacteriaceae","Flavobacterium","Flavobacterium sp. K5-23"
"ASV_988",FALSE,"Chordata","Aves","Sphenisciformes","Spheniscidae","Eudyptula","Eudyptula minor"
"ASV_991",FALSE,"Chordata","Actinopteri","Cyprinodontiformes","Poeciliidae","Gambusia","Gambusia affinis"
"ASV_993",FALSE,"Bacteroidota","Flavobacteriia","Flavobacteriales","Flavobacteriaceae","Flavobacterium","Flavobacterium sp. NG2"
"ASV_996",FALSE,"Rotifera","Eurotatoria","Ploima","Brachionidae","Keratella","Keratella sp. WM-2017d"
"ASV_997",FALSE,"Bacillota","Bacilli","Bacillales","Bacillaceae","Oceanobacillus","Oceanobacillus sp. FSL K6-0127"
"ASV_998",FALSE,"Arthropoda","Arachnida","Sarcoptiformes","Psoroptoididae","Mesalgoides","Mesalgoides sp. BIOUG15124-B02"
"ASV_1000",FALSE,"Nematoda","Chromadorea","Rhabditida","Angiostomatidae","Angiostoma","Angiostoma gandavense"
"ASV_1003",FALSE,"Ascomycota","Leotiomycetes","","","Leohumicola","Leohumicola sp."
"ASV_1004",FALSE,"Peploviricota","Herviviricetes","Herpesvirales","Orthoherpesviridae","Iltovirus","Iltovirus gallidalpha1"
"ASV_1005",FALSE,"Bacillota","Bacilli","Lactobacillales","Carnobacteriaceae","Carnobacterium","Carnobacterium divergens"
"ASV_1006",FALSE,"Basidiomycota","Agaricomycetes","Polyporales","Meripilaceae","Rigidoporus","Rigidoporus microporus"
"ASV_1007",FALSE,"Ascomycota","Dothideomycetes","Mycosphaerellales","Teratosphaeriaceae","Acrodontium","Acrodontium crateriforme"
"ASV_1008",FALSE,"Pseudomonadota","Alphaproteobacteria","Hyphomicrobiales","Nitrobacteraceae","Bradyrhizobium","Bradyrhizobium sp. Ash2021"
"ASV_1011",FALSE,"Apicomplexa","Conoidasida","Eucoccidiorida","Eimeriidae","Eimeria","Eimeria sp."
"ASV_1013",FALSE,"Pseudomonadota","Alphaproteobacteria","Hyphomicrobiales","Nitrobacteraceae","Bradyrhizobium","Bradyrhizobium sp. Ash2021"
"ASV_1014",FALSE,"Chordata","Actinopteri","Cyprinodontiformes","Poeciliidae","Gambusia","Gambusia affinis"
"ASV_1015",FALSE,"Pseudomonadota","Alphaproteobacteria","Hyphomicrobiales","Nitrobacteraceae","Bradyrhizobium","Bradyrhizobium sp. Ash2021"
"ASV_1016",FALSE,"Basidiomycota","Agaricomycetes","Agaricales","Amanitaceae","Amanita","Amanita basii"
"ASV_1017",FALSE,"Nematoda","Chromadorea","Rhabditida","Metastrongylidae","Angiostrongylus","Angiostrongylus costaricensis"
"ASV_1019",FALSE,"Rhodophyta","Florideophyceae","Ceramiales","Rhodomelaceae","Amansia","Amansia glomerata"
"ASV_1020",FALSE,"Chordata","Actinopteri","Cyprinodontiformes","Poeciliidae","Gambusia","Gambusia holbrooki"
"ASV_1021",FALSE,"Pseudomonadota","Alphaproteobacteria","Hyphomicrobiales","Nitrobacteraceae","Bradyrhizobium","Bradyrhizobium sp. Ash2021"
"ASV_1023",FALSE,"Rotifera","Eurotatoria","Philodinida","Philodinidae","Rotaria","Rotaria neptunia"
"ASV_1024",FALSE,"Arthropoda","Insecta","Siphonaptera","Rhopalopsyllidae","Parapsyllus","Parapsyllus humboldti"
"ASV_1025",FALSE,"Oomycota","","Pythiales","Pythiaceae","Phytopythium","Phytopythium nanjingense"
"ASV_1026",FALSE,"Chordata","Aves","Sphenisciformes","Spheniscidae","Eudyptula","Eudyptula minor"
"ASV_1027",FALSE,"Mucoromycota","Mucoromycetes","Mucorales","Mucoraceae","Mucor","Mucor lusitanicus"
"ASV_1028",FALSE,"Ascomycota","Sordariomycetes","Amphisphaeriales","Apiosporaceae","Apiospora","Apiospora arundinis"
"ASV_1029",FALSE,"Pseudomonadota","Alphaproteobacteria","Hyphomicrobiales","Nitrobacteraceae","Bradyrhizobium","Bradyrhizobium sp. Ash2021"
"ASV_1030",FALSE,"Arthropoda","Collembola","Entomobryomorpha","Entomobryidae","Entomobrya","Entomobrya nivalis"
"ASV_1031",FALSE,"Pseudomonadota","Alphaproteobacteria","Hyphomicrobiales","Nitrobacteraceae","Bradyrhizobium","Bradyrhizobium sp. Ash2021"
"ASV_1032",FALSE,"Peploviricota","Herviviricetes","Herpesvirales","Orthoherpesviridae","Iltovirus","Iltovirus gallidalpha1"
"ASV_1033",FALSE,"Ascomycota","Leotiomycetes","","","Leohumicola","Leohumicola sp."
"ASV_1034",FALSE,"","Synurophyceae","Synurales","Mallomonadaceae","Synura","Synura petersenii"
"ASV_1035",FALSE,"Ascomycota","Dothideomycetes","Cladosporiales","Cladosporiaceae","Cladosporium","Cladosporium sphaerospermum"
"ASV_1036",FALSE,"Ascomycota","Eurotiomycetes","Eurotiales","Aspergillaceae","Penicillium","Penicillium canescens"
"ASV_1037",FALSE,"Rotifera","Eurotatoria","Adinetida","Adinetidae","Adineta","Adineta vaga"
"ASV_1038",FALSE,"Ciliophora","Oligohymenophorea","Sessilida","Vorticellidae","Carchesium","Carchesium polypinum"
"ASV_1040",FALSE,"Pseudomonadota","Alphaproteobacteria","Hyphomicrobiales","Nitrobacteraceae","Bradyrhizobium","Bradyrhizobium sp. Ash2021"
"ASV_1042",FALSE,"","","Apusomonadida","Apusomonadidae","Thecamonas","Thecamonas trahens"
"ASV_1043",FALSE,"Chordata","Aves","Sphenisciformes","Spheniscidae","Eudyptula","Eudyptula minor"
"ASV_1047",FALSE,"Bacillota","Bacilli","Lactobacillales","Carnobacteriaceae","Carnobacterium","Carnobacterium divergens"
"ASV_1048",FALSE,"Peploviricota","Herviviricetes","Herpesvirales","Orthoherpesviridae","Iltovirus","Iltovirus gallidalpha1"
"ASV_1049",FALSE,"Chordata","Actinopteri","Cyprinodontiformes","Poeciliidae","Gambusia","Gambusia affinis"
"ASV_1050",FALSE,"Bacteroidota","Flavobacteriia","Flavobacteriales","Flavobacteriaceae","Aequorivita","Aequorivita nionensis"
"ASV_1051",FALSE,"Ascomycota","Eurotiomycetes","Chaetothyriales","Trichomeriaceae","Arthrocladium","Arthrocladium fulminans"
"ASV_1054",FALSE,"Bacillota","Bacilli","Lactobacillales","Carnobacteriaceae","Carnobacterium","Carnobacterium divergens"
"ASV_1055",FALSE,"Pseudomonadota","Alphaproteobacteria","Hyphomicrobiales","Nitrobacteraceae","Bradyrhizobium","Bradyrhizobium sp. Ash2021"
"ASV_1056",FALSE,"Peploviricota","Herviviricetes","Herpesvirales","Orthoherpesviridae","Iltovirus","Iltovirus gallidalpha1"
"ASV_1057",FALSE,"Pseudomonadota","Alphaproteobacteria","Hyphomicrobiales","Nitrobacteraceae","Bradyrhizobium","Bradyrhizobium sp. Ash2021"
"ASV_1060",FALSE,"Ascomycota","Sordariomycetes","Hypocreales","Ophiocordycipitaceae","Purpureocillium","Purpureocillium lilacinum"
"ASV_1062",FALSE,"Pseudomonadota","Alphaproteobacteria","Hyphomicrobiales","Rhizobiaceae","Peteryoungia","Peteryoungia desertarenae"
"ASV_1065",FALSE,"Chordata","Aves","Sphenisciformes","Spheniscidae","Eudyptula","Eudyptula minor"
"ASV_1066",FALSE,"Ascomycota","Sordariomycetes","Ophiostomatales","Ophiostomataceae","Ceratocystiopsis","Ceratocystiopsis pallidobrunnea"
"ASV_1067",FALSE,"Pseudomonadota","Alphaproteobacteria","Hyphomicrobiales","Nitrobacteraceae","Bradyrhizobium","Bradyrhizobium sp. Ash2021"
"ASV_1068",FALSE,"Ascomycota","Sordariomycetes","Hypocreales","Nectriaceae","Fusarium","Fusarium haematococcum"
"ASV_1069",FALSE,"Annelida","Polychaeta","","Capitellidae","Dasybranchus","Dasybranchus sp. DH1"
"ASV_1070",FALSE,"Pseudomonadota","Alphaproteobacteria","Hyphomicrobiales","Nitrobacteraceae","Bradyrhizobium","Bradyrhizobium sp. Ash2021"
"ASV_1073",FALSE,"Rotifera","Eurotatoria","Adinetida","Adinetidae","Adineta","Adineta vaga"
"ASV_1074",FALSE,"Pseudomonadota","Alphaproteobacteria","Hyphomicrobiales","Nitrobacteraceae","Bradyrhizobium","Bradyrhizobium sp. Ash2021"
"ASV_1076",FALSE,"Chordata","Actinopteri","Cyprinodontiformes","Poeciliidae","Gambusia","Gambusia affinis"
"ASV_1077",FALSE,"Pseudomonadota","Alphaproteobacteria","Hyphomicrobiales","Nitrobacteraceae","Bradyrhizobium","Bradyrhizobium sp. Ash2021"
"ASV_1078",FALSE,"Mucoromycota","Mucoromycetes","Mucorales","Mucoraceae","Apophysomyces","Apophysomyces elegans"
"ASV_1079",FALSE,"Bacteroidota","Sphingobacteriia","Sphingobacteriales","Sphingobacteriaceae","Pedobacter","Pedobacter sp."
"ASV_1081",FALSE,"Bacillota","Bacilli","Lactobacillales","Carnobacteriaceae","Carnobacterium","Carnobacterium divergens"
"ASV_1082",FALSE,"Discosea","","Longamoebia","Acanthamoebidae","Acanthamoeba","Acanthamoeba tubiashi"
"ASV_1084",FALSE,"Nematoda","Chromadorea","Rhabditida","Rhabditidae","Oscheius","Oscheius sp."
"ASV_1085",FALSE,"Ascomycota","Sordariomycetes","Ophiostomatales","Ophiostomataceae","Sporothrix","Sporothrix sp. FH-2023a"
"ASV_1086",FALSE,"Pseudomonadota","Alphaproteobacteria","Hyphomicrobiales","Nitrobacteraceae","Bradyrhizobium","Bradyrhizobium sp. Ash2021"
"ASV_1088",FALSE,"Chordata","Actinopteri","Cyprinodontiformes","Poeciliidae","Gambusia","Gambusia affinis"
"ASV_1089",FALSE,"Peploviricota","Herviviricetes","Herpesvirales","Orthoherpesviridae","Iltovirus","Iltovirus gallidalpha1"
"ASV_1090",FALSE,"Ascomycota","Leotiomycetes","","","Leohumicola","Leohumicola sp. DAOM 239516"
"ASV_1091",FALSE,"Chordata","Mammalia","Chiroptera","Vespertilionidae","Chalinolobus","Chalinolobus tuberculatus"
"ASV_1092",FALSE,"Basidiomycota","Exobasidiomycetes","Microstromatales","","","uncultured Jaminaea"
"ASV_1093",FALSE,"Chordata","Aves","Sphenisciformes","Spheniscidae","Eudyptula","Eudyptula minor"
"ASV_1094",FALSE,"Chordata","Actinopteri","Cyprinodontiformes","Poeciliidae","Gambusia","Gambusia affinis"
"ASV_1095",FALSE,"Ascomycota","Sordariomycetes","Glomerellales","Plectosphaerellaceae","Verticillium","Verticillium dahliae"
"ASV_1096",FALSE,"Pseudomonadota","Alphaproteobacteria","Hyphomicrobiales","Nitrobacteraceae","Bradyrhizobium","Bradyrhizobium sp. Ash2021"
"ASV_1098",FALSE,"Pseudomonadota","Alphaproteobacteria","Hyphomicrobiales","Nitrobacteraceae","Bradyrhizobium","Bradyrhizobium sp. Ash2021"
"ASV_1101",FALSE,"Pseudomonadota","Alphaproteobacteria","Hyphomicrobiales","Nitrobacteraceae","Bradyrhizobium","Bradyrhizobium sp. Ash2021"
"ASV_1103",FALSE,"Pseudomonadota","Alphaproteobacteria","Hyphomicrobiales","Nitrobacteraceae","Bradyrhizobium","Bradyrhizobium sp. Ash2021"
"ASV_1104",FALSE,"Bacteroidota","Flavobacteriia","Flavobacteriales","Flavobacteriaceae","Aequorivita","Aequorivita ciconiae"
"ASV_1105",FALSE,"","Phaeophyceae","Ectocarpales","Chordariaceae","Sauvageaugloia","Sauvageaugloia divaricata"
"ASV_1106",FALSE,"Ascomycota","Eurotiomycetes","Onygenales","Arthrodermataceae","Arthroderma","Arthroderma uncinatum"
"ASV_1107",FALSE,"Ascomycota","Leotiomycetes","Thelebolales","Thelebolaceae","Pseudogymnoascus","Pseudogymnoascus destructans"
"ASV_1109",FALSE,"Ascomycota","Sordariomycetes","Hypocreales","Nectriaceae","Fusarium","Fusarium haematococcum"
"ASV_1111",FALSE,"Chordata","Actinopteri","Cyprinodontiformes","Poeciliidae","Gambusia","Gambusia affinis"
"ASV_1112",FALSE,"Ascomycota","Sordariomycetes","Glomerellales","Plectosphaerellaceae","Verticillium","Verticillium nonalfalfae"
"ASV_1114",FALSE,"Ascomycota","Dothideomycetes","Cladosporiales","Cladosporiaceae","Cladosporium","Cladosporium sphaerospermum"
"ASV_1116",FALSE,"Ascomycota","Sordariomycetes","Hypocreales","Cordycipitaceae","Beauveria","Beauveria felina"
"ASV_1117",FALSE,"Chordata","Aves","Sphenisciformes","Spheniscidae","Eudyptula","Eudyptula minor"
"ASV_1118",FALSE,"Ascomycota","Sordariomycetes","Amphisphaeriales","Apiosporaceae","Apiospora","Apiospora arundinis"
"ASV_1120",FALSE,"Pseudomonadota","Alphaproteobacteria","Hyphomicrobiales","Nitrobacteraceae","Bradyrhizobium","Bradyrhizobium sp. Ash2021"
"ASV_1121",FALSE,"Chordata","Actinopteri","Cyprinodontiformes","Poeciliidae","Gambusia","Gambusia affinis"
"ASV_1122",FALSE,"Pseudomonadota","Alphaproteobacteria","Hyphomicrobiales","Nitrobacteraceae","Bradyrhizobium","Bradyrhizobium sp. Ash2021"
"ASV_1123",FALSE,"Pseudomonadota","Alphaproteobacteria","Hyphomicrobiales","Nitrobacteraceae","Bradyrhizobium","Bradyrhizobium sp. Ash2021"
"ASV_1124",FALSE,"","","","","","invertebrate environmental sample"
"ASV_1125",FALSE,"Platyhelminthes","Catenulida","","Stenostomidae","Stenostomum","Stenostomum cf. simplex AW-2018"
"ASV_1127",FALSE,"Pseudomonadota","Alphaproteobacteria","Hyphomicrobiales","Nitrobacteraceae","Bradyrhizobium","Bradyrhizobium sp. Ash2021"
"ASV_1128",FALSE,"Nematoda","Chromadorea","Rhabditida","Rhabditidae","Rhabditis","Rhabditis sp."
"ASV_1129",FALSE,"Peploviricota","Herviviricetes","Herpesvirales","Orthoherpesviridae","Iltovirus","Iltovirus gallidalpha1"
"ASV_1130",FALSE,"Pseudomonadota","Alphaproteobacteria","Hyphomicrobiales","Nitrobacteraceae","Bradyrhizobium","Bradyrhizobium sp. Ash2021"
"ASV_1131",FALSE,"Pseudomonadota","Alphaproteobacteria","Hyphomicrobiales","Nitrobacteraceae","Bradyrhizobium","Bradyrhizobium sp. Ash2021"
"ASV_1132",FALSE,"Ascomycota","Leotiomycetes","Erysiphales","Erysiphaceae","Podosphaera","Podosphaera xanthii"
"ASV_1133",FALSE,"Ascomycota","Sordariomycetes","Amphisphaeriales","Apiosporaceae","Apiospora","Apiospora arundinis"
"ASV_1134",FALSE,"Chordata","Aves","Sphenisciformes","Spheniscidae","Eudyptula","Eudyptula minor"
"ASV_1135",FALSE,"Ascomycota","Eurotiomycetes","Chaetothyriales","Herpotrichiellaceae","Cladophialophora","Cladophialophora bantiana"
"ASV_1136",FALSE,"Bacteroidota","Flavobacteriia","Flavobacteriales","Flavobacteriaceae","","Flavobacteriaceae bacterium Uisw"
"ASV_1138",FALSE,"Pseudomonadota","Alphaproteobacteria","Hyphomicrobiales","Nitrobacteraceae","Bradyrhizobium","Bradyrhizobium sp. Ash2021"
"ASV_1141",FALSE,"Bacteroidota","Flavobacteriia","Flavobacteriales","Flavobacteriaceae","","uncultured Flavobacteriaceae bacterium"
"ASV_1142",FALSE,"Pseudomonadota","Alphaproteobacteria","Hyphomicrobiales","Nitrobacteraceae","Bradyrhizobium","Bradyrhizobium sp. Ash2021"
"ASV_1143",FALSE,"Bacillota","Bacilli","Lactobacillales","Carnobacteriaceae","Carnobacterium","Carnobacterium divergens"
"ASV_1144",FALSE,"Arthropoda","Insecta","Diptera","Tipulidae","Zelandotipula","Zelandotipula ringens"
"ASV_1145",FALSE,"Chordata","Actinopteri","Cyprinodontiformes","Poeciliidae","Gambusia","Gambusia holbrooki"
"ASV_1146",FALSE,"Chordata","Actinopteri","Cyprinodontiformes","Poeciliidae","Gambusia","Gambusia affinis"
"ASV_1147",FALSE,"Bacteroidota","Sphingobacteriia","Sphingobacteriales","Sphingobacteriaceae","Sphingobacterium","Sphingobacterium sp. ML3W"
"ASV_1148",FALSE,"Oomycota","","Pythiales","Pythiaceae","Globisporangium","Globisporangium cystogenes"
"ASV_1149",FALSE,"Pseudomonadota","Alphaproteobacteria","Hyphomicrobiales","Nitrobacteraceae","Bradyrhizobium","Bradyrhizobium sp. Ash2021"
"ASV_1150",FALSE,"Pseudomonadota","Alphaproteobacteria","Hyphomicrobiales","Nitrobacteraceae","Bradyrhizobium","Bradyrhizobium sp. Ash2021"
"ASV_1151",FALSE,"Arthropoda","Insecta","Lepidoptera","Tineidae","Opogona","Opogona omoscopa"
"ASV_1152",FALSE,"Ascomycota","Leotiomycetes","","","Leohumicola","Leohumicola lenta"
"ASV_1153",FALSE,"Chordata","Aves","Sphenisciformes","Spheniscidae","Eudyptula","Eudyptula minor"
"ASV_1156",FALSE,"Tubulinea","Elardia","Arcellinida","Netzeliidae","Cucurbitella","Cucurbitella mespiliformis"
"ASV_1157",FALSE,"Chordata","Aves","Sphenisciformes","Spheniscidae","Eudyptula","Eudyptula minor"
"ASV_1159",FALSE,"Arthropoda","Insecta","Diptera","Chironomidae","","Chironominae sp. BOLD:AAJ4272"
"ASV_1161",FALSE,"Bacteroidota","Flavobacteriia","Flavobacteriales","Flavobacteriaceae","Maribacter","Maribacter sp. R77961"
"ASV_1164",FALSE,"Ascomycota","Sordariomycetes","Amphisphaeriales","Sporocadaceae","Neopestalotiopsis","Neopestalotiopsis cubana"
"ASV_1165",FALSE,"Chordata","Actinopteri","Cyprinodontiformes","Poeciliidae","Gambusia","Gambusia affinis"
"ASV_1166",FALSE,"Ascomycota","Leotiomycetes","","","Leohumicola","Leohumicola sp. DAOM 239516"
"ASV_1167",FALSE,"Pseudomonadota","Alphaproteobacteria","Hyphomicrobiales","Nitrobacteraceae","Bradyrhizobium","Bradyrhizobium sp. Ash2021"
"ASV_1170",FALSE,"Ascomycota","Eurotiomycetes","Chaetothyriales","Trichomeriaceae","Arthrocladium","Arthrocladium fulminans"
"ASV_1171",FALSE,"Pseudomonadota","Alphaproteobacteria","Hyphomicrobiales","Nitrobacteraceae","Bradyrhizobium","Bradyrhizobium sp. Ash2021"
"ASV_1172",FALSE,"Ascomycota","Sordariomycetes","Ophiostomatales","Ophiostomataceae","Ophiostoma","Ophiostoma piceae"
"ASV_1173",FALSE,"Pseudomonadota","Alphaproteobacteria","Rickettsiales","Rickettsiaceae","Candidatus Megaera","Candidatus Megaera polyxenophila"
"ASV_1175",FALSE,"Platyhelminthes","Cestoda","Tetrabothriidea","Tetrabothriidae","","Tetrabothriidae sp. BOLD:AAM7874"
"ASV_1177",FALSE,"Peploviricota","Herviviricetes","Herpesvirales","Orthoherpesviridae","Iltovirus","Iltovirus gallidalpha1"
"ASV_1178",FALSE,"Arthropoda","Insecta","Diptera","Tipulidae","Zelandotipula","Zelandotipula ringens"
"ASV_1180",FALSE,"Arthropoda","Insecta","Odonata","Aeshnidae","Anax","Anax guttatus"
"ASV_1181",FALSE,"Pseudomonadota","Alphaproteobacteria","Hyphomicrobiales","Nitrobacteraceae","Bradyrhizobium","Bradyrhizobium sp. Ash2021"
"ASV_1182",FALSE,"Ascomycota","Eurotiomycetes","Chaetothyriales","Trichomeriaceae","Arthrocladium","Arthrocladium fulminans"
"ASV_1183",FALSE,"Arthropoda","Insecta","Diptera","Culicidae","Culex","Culex erraticus"
"ASV_1184",FALSE,"Mucoromycota","Mucoromycetes","Mucorales","Mucoraceae","Apophysomyces","Apophysomyces elegans"
"ASV_1185",FALSE,"Ascomycota","Leotiomycetes","","","Leohumicola","Leohumicola incrustata"
"ASV_1186",FALSE,"Arthropoda","Insecta","Hemiptera","Notonectidae","Anisops","Anisops ogasawarensis"
"ASV_1187",FALSE,"Basidiomycota","Agaricomycetes","Russulales","Russulaceae","Russula","Russula virescens"
"ASV_1188",FALSE,"Ascomycota","Sordariomycetes","Glomerellales","Glomerellaceae","Colletotrichum","Colletotrichum fructicola"
"ASV_1191",FALSE,"Peploviricota","Herviviricetes","Herpesvirales","Orthoherpesviridae","Iltovirus","Iltovirus gallidalpha1"
"ASV_1193",FALSE,"Ascomycota","Sordariomycetes","Hypocreales","Cordycipitaceae","Simplicillium","Simplicillium lamellicola"
"ASV_1194",FALSE,"Chordata","Actinopteri","Cyprinodontiformes","Poeciliidae","Gambusia","Gambusia affinis"
"ASV_1195",FALSE,"Pseudomonadota","Alphaproteobacteria","Hyphomicrobiales","Nitrobacteraceae","Bradyrhizobium","Bradyrhizobium sp. Ash2021"
"ASV_1196",FALSE,"Basidiomycota","Microbotryomycetes","Sporidiobolales","Sporidiobolaceae","Rhodotorula","Rhodotorula mucilaginosa"
"ASV_1197",FALSE,"Basidiomycota","Agaricomycetes","Hymenochaetales","Hymenochaetaceae","Phellinidium","Phellinidium ferrugineofuscum"
"ASV_1199",FALSE,"Platyhelminthes","Cestoda","Cyclophyllidea","Taeniidae","Versteria","Versteria mustelae"
"ASV_1200",FALSE,"Ascomycota","Eurotiomycetes","Chaetothyriales","Trichomeriaceae","Arthrocladium","Arthrocladium fulminans"
"ASV_1202",FALSE,"Peploviricota","Herviviricetes","Herpesvirales","Orthoherpesviridae","Iltovirus","Iltovirus gallidalpha1"
"ASV_1203",FALSE,"Peploviricota","Herviviricetes","Herpesvirales","Orthoherpesviridae","Iltovirus","Iltovirus gallidalpha1"
"ASV_1204",FALSE,"Chordata","Actinopteri","Cyprinodontiformes","Poeciliidae","Gambusia","Gambusia affinis"
"ASV_1206",FALSE,"Pseudomonadota","Alphaproteobacteria","Hyphomicrobiales","Nitrobacteraceae","Bradyrhizobium","Bradyrhizobium sp. Ash2021"
"ASV_1207",FALSE,"Basidiomycota","Agaricomycetes","Polyporales","Meripilaceae","Rigidoporus","Rigidoporus microporus"
"ASV_1208",FALSE,"Chordata","Actinopteri","Cyprinodontiformes","Poeciliidae","Gambusia","Gambusia affinis"
"ASV_1209",FALSE,"Chordata","Actinopteri","Cyprinodontiformes","Poeciliidae","Gambusia","Gambusia affinis"
"ASV_1210",FALSE,"Ascomycota","Sordariomycetes","Hypocreales","Cordycipitaceae","Cordyceps","Cordyceps farinosa"
"ASV_1213",FALSE,"Peploviricota","Herviviricetes","Herpesvirales","Orthoherpesviridae","Iltovirus","Iltovirus gallidalpha1"
"ASV_1214",FALSE,"Mucoromycota","Mucoromycetes","Mucorales","Backusellaceae","Backusella","Backusella lamprospora"
"ASV_1215",FALSE,"Chordata","Actinopteri","Cyprinodontiformes","Poeciliidae","Gambusia","Gambusia affinis"
"ASV_1216",FALSE,"Chordata","Actinopteri","Cyprinodontiformes","Poeciliidae","Gambusia","Gambusia affinis"
"ASV_1217",FALSE,"Arthropoda","Arachnida","Sarcoptiformes","","","Sarcoptiformes sp. BOLD:AAN6699"
"ASV_1218",FALSE,"Pseudomonadota","Alphaproteobacteria","Hyphomicrobiales","Nitrobacteraceae","Bradyrhizobium","Bradyrhizobium sp. Ash2021"
"ASV_1221",FALSE,"Pseudomonadota","Alphaproteobacteria","Hyphomicrobiales","Nitrobacteraceae","Bradyrhizobium","Bradyrhizobium sp. Ash2021"
"ASV_1222",FALSE,"Pseudomonadota","Alphaproteobacteria","Hyphomicrobiales","Nitrobacteraceae","Bradyrhizobium","Bradyrhizobium sp. Ash2021"
"ASV_1223",FALSE,"Pseudomonadota","Alphaproteobacteria","Hyphomicrobiales","Nitrobacteraceae","Bradyrhizobium","Bradyrhizobium sp. Ash2021"
"ASV_1224",FALSE,"Oomycota","","Pythiales","Pythiaceae","Phytopythium","Phytopythium sp. 'UZ612-like '"
"ASV_1225",FALSE,"","","","","","invertebrate environmental sample"
"ASV_1228",FALSE,"Pseudomonadota","Alphaproteobacteria","Hyphomicrobiales","Nitrobacteraceae","Bradyrhizobium","Bradyrhizobium sp. Ash2021"
"ASV_1229",FALSE,"Bacillota","Bacilli","Lactobacillales","Carnobacteriaceae","Carnobacterium","Carnobacterium divergens"
"ASV_1231",FALSE,"Ascomycota","Dothideomycetes","Pleosporales","Didymellaceae","Ascochyta","Ascochyta pisi"
"ASV_1232",FALSE,"Apicomplexa","Conoidasida","Eucoccidiorida","Eimeriidae","Eimeria","Eimeria sp."
"ASV_1233",FALSE,"Ascomycota","Sordariomycetes","Glomerellales","Plectosphaerellaceae","Verticillium","Verticillium nonalfalfae"
"ASV_1234",FALSE,"Ascomycota","Eurotiomycetes","Chaetothyriales","Trichomeriaceae","Arthrocladium","Arthrocladium fulminans"
"ASV_1235",FALSE,"Basidiomycota","Agaricomycetes","Polyporales","Fomitopsidaceae","Fomitopsis","Fomitopsis palustris"
"ASV_1237",FALSE,"Pseudomonadota","Alphaproteobacteria","Hyphomicrobiales","Nitrobacteraceae","Bradyrhizobium","Bradyrhizobium sp. Ash2021"
"ASV_1238",FALSE,"Chordata","Actinopteri","Cyprinodontiformes","Poeciliidae","Gambusia","Gambusia affinis"
"ASV_1239",FALSE,"Basidiomycota","Agaricomycetes","Polyporales","Meripilaceae","Rigidoporus","Rigidoporus microporus"
"ASV_1240",FALSE,"Mucoromycota","Mucoromycetes","Mucorales","Mucoraceae","Apophysomyces","Apophysomyces elegans"
"ASV_1241",FALSE,"Pseudomonadota","Alphaproteobacteria","Hyphomicrobiales","Nitrobacteraceae","Bradyrhizobium","Bradyrhizobium sp. Ash2021"
"ASV_1242",FALSE,"Arthropoda","Insecta","Diptera","Chironomidae","Paratanytarsus","Paratanytarsus grimmii"
"ASV_1244",FALSE,"Annelida","Polychaeta","","Capitellidae","Dasybranchus","Dasybranchus sp. DH1"
"ASV_1245",FALSE,"Bacteroidota","Flavobacteriia","Flavobacteriales","Flavobacteriaceae","Aequorivita","Aequorivita sublithincola"
"ASV_1247",FALSE,"Arthropoda","Arachnida","Sarcoptiformes","Acaridae","Tyrophagus","Tyrophagus curvipenis"
"ASV_1248",FALSE,"Pseudomonadota","Alphaproteobacteria","Hyphomicrobiales","Nitrobacteraceae","Bradyrhizobium","Bradyrhizobium sp. Ash2021"
"ASV_1249",FALSE,"Peploviricota","Herviviricetes","Herpesvirales","Orthoherpesviridae","Iltovirus","Iltovirus gallidalpha1"
"ASV_1250",FALSE,"Pseudomonadota","Alphaproteobacteria","Hyphomicrobiales","Nitrobacteraceae","Bradyrhizobium","Bradyrhizobium sp. Ash2021"
"ASV_1251",FALSE,"Ascomycota","Sordariomycetes","Ophiostomatales","Ophiostomataceae","Ophiostoma","Ophiostoma piceae"
"ASV_1252",FALSE,"Ascomycota","Sordariomycetes","Ophiostomatales","Ophiostomataceae","Ophiostoma","Ophiostoma piceae"
"ASV_1253",FALSE,"Chordata","Aves","Sphenisciformes","Spheniscidae","Eudyptula","Eudyptula minor"
"ASV_1254",FALSE,"Pseudomonadota","Alphaproteobacteria","Hyphomicrobiales","Nitrobacteraceae","Bradyrhizobium","Bradyrhizobium sp. Ash2021"
"ASV_1255",FALSE,"Chordata","Actinopteri","Cyprinodontiformes","Poeciliidae","Gambusia","Gambusia affinis"
"ASV_1257",FALSE,"Chordata","Actinopteri","Cyprinodontiformes","Poeciliidae","Gambusia","Gambusia affinis"
"ASV_1258",FALSE,"Tubulinea","Elardia","Euamoebida","Hartmannellidae","Ptolemeba","Ptolemeba bulliensis"
"ASV_1259",FALSE,"Basidiomycota","Agaricomycetes","Polyporales","Meripilaceae","Rigidoporus","Rigidoporus microporus"
"ASV_1261",FALSE,"","Synurophyceae","Synurales","Mallomonadaceae","Synura","Synura petersenii"
"ASV_1262",FALSE,"Pseudomonadota","Alphaproteobacteria","Hyphomicrobiales","Nitrobacteraceae","Bradyrhizobium","Bradyrhizobium sp. Ash2021"
"ASV_1263",FALSE,"Oomycota","","Pythiales","Pythiaceae","Phytopythium","Phytopythium nanjingense"
"ASV_1264",FALSE,"Pseudomonadota","Alphaproteobacteria","Hyphomicrobiales","Nitrobacteraceae","Bradyrhizobium","Bradyrhizobium sp. Ash2021"
"ASV_1265",FALSE,"Pseudomonadota","Alphaproteobacteria","Hyphomicrobiales","Nitrobacteraceae","Bradyrhizobium","Bradyrhizobium sp. Ash2021"
"ASV_1266",FALSE,"Chordata","Aves","Sphenisciformes","Spheniscidae","Eudyptula","Eudyptula minor"
"ASV_1272",FALSE,"Chordata","Actinopteri","Cyprinodontiformes","Poeciliidae","Gambusia","Gambusia affinis"
"ASV_1273",FALSE,"Oomycota","","Pythiales","Pythiaceae","Phytopythium","Phytopythium nanjingense"
"ASV_1274",FALSE,"Chordata","Actinopteri","Cyprinodontiformes","Poeciliidae","Gambusia","Gambusia affinis"
"ASV_1275",FALSE,"Ascomycota","Sordariomycetes","Hypocreales","Clavicipitaceae","Orbiocrella","Orbiocrella petchii"
"ASV_1276",FALSE,"Mucoromycota","Mucoromycetes","Mucorales","Mucoraceae","Apophysomyces","Apophysomyces elegans"
"ASV_1277",FALSE,"Pseudomonadota","Alphaproteobacteria","Hyphomicrobiales","Nitrobacteraceae","Bradyrhizobium","Bradyrhizobium sp. Ash2021"
"ASV_1278",FALSE,"Pseudomonadota","Alphaproteobacteria","Hyphomicrobiales","Nitrobacteraceae","Bradyrhizobium","Bradyrhizobium sp. Ash2021"
"ASV_1281",FALSE,"","","","","","invertebrate environmental sample"
"ASV_1282",FALSE,"Ascomycota","Eurotiomycetes","Onygenales","Arachnomycetaceae","Arachnomyces","Arachnomyces peruvianus"
"ASV_1283",FALSE,"Mollusca","Gastropoda","Stylommatophora","Limacidae","Weltersia","Weltersia obscura"
"ASV_1286",FALSE,"Ascomycota","Leotiomycetes","Thelebolales","Thelebolaceae","Pseudogymnoascus","Pseudogymnoascus destructans"
"ASV_1288",FALSE,"Pseudomonadota","Alphaproteobacteria","Hyphomicrobiales","Nitrobacteraceae","Bradyrhizobium","Bradyrhizobium sp. Ash2021"
"ASV_1289",FALSE,"Pseudomonadota","Alphaproteobacteria","Hyphomicrobiales","Nitrobacteraceae","Bradyrhizobium","Bradyrhizobium sp. Ash2021"
"ASV_1290",FALSE,"Pseudomonadota","Alphaproteobacteria","Hyphomicrobiales","Nitrobacteraceae","Bradyrhizobium","Bradyrhizobium sp. Ash2021"
"ASV_1291",FALSE,"","Synurophyceae","Synurales","Mallomonadaceae","Synura","Synura petersenii"
"ASV_1292",FALSE,"Bacillariophyta","Fragilariophyceae","Licmophorales","Ulnariaceae","Ulnaria","Ulnaria acus"
"ASV_1294",FALSE,"Bacteroidota","Flavobacteriia","Flavobacteriales","Flavobacteriaceae","Formosa","Formosa sp. 4Alg 33"
"ASV_1295",FALSE,"Streptophyta","Magnoliopsida","Rosales","Cannabaceae","Humulus","Humulus lupulus"
"ASV_1296",FALSE,"Chordata","Actinopteri","Cyprinodontiformes","Poeciliidae","Gambusia","Gambusia affinis"
"ASV_1297",FALSE,"Pseudomonadota","Alphaproteobacteria","Hyphomicrobiales","Nitrobacteraceae","Bradyrhizobium","Bradyrhizobium sp. Ash2021"
"ASV_1298",FALSE,"Pseudomonadota","Alphaproteobacteria","Hyphomicrobiales","Nitrobacteraceae","Bradyrhizobium","Bradyrhizobium sp. Ash2021"
"ASV_1299",FALSE,"Ascomycota","Leotiomycetes","","","Leohumicola","Leohumicola atra"
"ASV_1300",FALSE,"Ascomycota","Leotiomycetes","","","Leohumicola","Leohumicola levissima"
"ASV_1301",FALSE,"Pseudomonadota","Alphaproteobacteria","Hyphomicrobiales","Nitrobacteraceae","Bradyrhizobium","Bradyrhizobium sp. Ash2021"
"ASV_1302",FALSE,"Pseudomonadota","Alphaproteobacteria","Hyphomicrobiales","Nitrobacteraceae","Bradyrhizobium","Bradyrhizobium sp. Ash2021"
"ASV_1303",FALSE,"Bacteroidota","Flavobacteriia","Flavobacteriales","Flavobacteriaceae","","uncultured Flavobacteriaceae bacterium"
"ASV_1305",FALSE,"Oomycota","","Peronosporales","Peronosporaceae","Phytophthora","Phytophthora rhizophorae"
"ASV_1306",FALSE,"Pseudomonadota","Alphaproteobacteria","Hyphomicrobiales","Nitrobacteraceae","Bradyrhizobium","Bradyrhizobium sp. Ash2021"
"ASV_1307",FALSE,"Pseudomonadota","Alphaproteobacteria","Hyphomicrobiales","Nitrobacteraceae","Bradyrhizobium","Bradyrhizobium sp. Ash2021"
"ASV_1308",FALSE,"Basidiomycota","Agaricomycetes","Polyporales","Polyporaceae","Ganoderma","Ganoderma resinaceum"
"ASV_1309",FALSE,"Pseudomonadota","Alphaproteobacteria","Hyphomicrobiales","Nitrobacteraceae","Bradyrhizobium","Bradyrhizobium sp. Ash2021"
"ASV_1310",FALSE,"Ascomycota","Leotiomycetes","","","Leohumicola","Leohumicola minima"
"ASV_1311",FALSE,"Ascomycota","Leotiomycetes","Thelebolales","Thelebolaceae","Pseudogymnoascus","Pseudogymnoascus pannorum"
"ASV_1312",FALSE,"Pseudomonadota","Alphaproteobacteria","Hyphomicrobiales","Nitrobacteraceae","Bradyrhizobium","Bradyrhizobium sp. Ash2021"
"ASV_1313",FALSE,"Discosea","Flabellinia","Dactylopodida","Paramoebidae","Korotnevella","Korotnevella fousta"
"ASV_1314",FALSE,"Chordata","Actinopteri","Cyprinodontiformes","Poeciliidae","Gambusia","Gambusia affinis"
"ASV_1316",FALSE,"Chordata","Aves","Sphenisciformes","Spheniscidae","Eudyptula","Eudyptula minor"
"ASV_1318",FALSE,"Basidiomycota","Agaricomycetes","Agaricales","Clitocybaceae","Clitocybe","Clitocybe robusta"
"ASV_1319",FALSE,"","Synurophyceae","Synurales","Mallomonadaceae","Synura","Synura petersenii"
"ASV_1320",FALSE,"Porifera","Demospongiae","Poecilosclerida","Cladorhizidae","Abyssocladia","Abyssocladia sp. SMF<DEU> 11750"
"ASV_1321",FALSE,"Pseudomonadota","Alphaproteobacteria","Hyphomicrobiales","Nitrobacteraceae","Bradyrhizobium","Bradyrhizobium sp. Ash2021"
"ASV_1322",FALSE,"Pseudomonadota","Alphaproteobacteria","Hyphomicrobiales","Nitrobacteraceae","Bradyrhizobium","Bradyrhizobium sp. Ash2021"
"ASV_1323",FALSE,"","","","","","invertebrate environmental sample"
"ASV_1324",FALSE,"Ascomycota","Sordariomycetes","Glomerellales","Plectosphaerellaceae","Verticillium","Verticillium nonalfalfae"
"ASV_1327",FALSE,"Bacteroidota","Flavobacteriia","Flavobacteriales","Flavobacteriaceae","Kordia","Kordia sp. SMS9"
"ASV_1328",FALSE,"Pseudomonadota","Alphaproteobacteria","Hyphomicrobiales","Nitrobacteraceae","Bradyrhizobium","Bradyrhizobium sp. Ash2021"
"ASV_1330",FALSE,"Ascomycota","Eurotiomycetes","Eurotiales","Aspergillaceae","Penicillium","Penicillium digitatum"
"ASV_1331",FALSE,"Pseudomonadota","Alphaproteobacteria","Hyphomicrobiales","Nitrobacteraceae","Bradyrhizobium","Bradyrhizobium sp. Ash2021"
"ASV_1332",FALSE,"Pseudomonadota","Alphaproteobacteria","Hyphomicrobiales","Nitrobacteraceae","Bradyrhizobium","Bradyrhizobium sp. Ash2021"
"ASV_1333",FALSE,"Pseudomonadota","Alphaproteobacteria","Hyphomicrobiales","Nitrobacteraceae","Bradyrhizobium","Bradyrhizobium sp. Ash2021"
"ASV_1334",FALSE,"Chordata","Aves","Sphenisciformes","Spheniscidae","Eudyptula","Eudyptula minor"
"ASV_1337",FALSE,"Arthropoda","Insecta","Diptera","Psychodidae","Psychoda","Psychoda sigma"
"ASV_1338",FALSE,"Pseudomonadota","Alphaproteobacteria","Hyphomicrobiales","Nitrobacteraceae","Bradyrhizobium","Bradyrhizobium sp. Ash2021"
"ASV_1339",FALSE,"Chordata","Actinopteri","Cyprinodontiformes","Poeciliidae","Gambusia","Gambusia holbrooki"
"ASV_1340",FALSE,"Pseudomonadota","Alphaproteobacteria","Hyphomicrobiales","Nitrobacteraceae","Bradyrhizobium","Bradyrhizobium sp. Ash2021"
"ASV_1341",FALSE,"Pseudomonadota","Alphaproteobacteria","Hyphomicrobiales","Nitrobacteraceae","Bradyrhizobium","Bradyrhizobium sp. Ash2021"
"ASV_1342",FALSE,"Pseudomonadota","Alphaproteobacteria","Hyphomicrobiales","Nitrobacteraceae","Bradyrhizobium","Bradyrhizobium sp. Ash2021"
"ASV_1343",FALSE,"Evosea","Eumycetozoa","Physariida","Didymiaceae","Didymium","Didymium trachysporum"
"ASV_1344",FALSE,"Ascomycota","Dothideomycetes","Cladosporiales","Cladosporiaceae","Cladosporium","Cladosporium sphaerospermum"
"ASV_1345",FALSE,"Basidiomycota","Malasseziomycetes","Malasseziales","Malasseziaceae","Malassezia","Malassezia arunalokei"
"ASV_1346",FALSE,"Pseudomonadota","Alphaproteobacteria","Hyphomicrobiales","Nitrobacteraceae","Bradyrhizobium","Bradyrhizobium sp. Ash2021"
"ASV_1347",FALSE,"Pseudomonadota","Alphaproteobacteria","Hyphomicrobiales","Nitrobacteraceae","Bradyrhizobium","Bradyrhizobium sp. Ash2021"
"ASV_1349",FALSE,"Peploviricota","Herviviricetes","Herpesvirales","Orthoherpesviridae","Iltovirus","Iltovirus gallidalpha1"
"ASV_1350",FALSE,"Chordata","Actinopteri","Cyprinodontiformes","Poeciliidae","Gambusia","Gambusia holbrooki"
"ASV_1351",FALSE,"Basidiomycota","Agaricomycetes","Polyporales","Meripilaceae","Rigidoporus","Rigidoporus microporus"
"ASV_1352",FALSE,"Ascomycota","Leotiomycetes","","","Leohumicola","Leohumicola sp."
"ASV_1354",FALSE,"","","","","",""
"ASV_1356",FALSE,"Peploviricota","Herviviricetes","Herpesvirales","Orthoherpesviridae","Iltovirus","Iltovirus gallidalpha1"
"ASV_1357",FALSE,"Pseudomonadota","Alphaproteobacteria","Hyphomicrobiales","Nitrobacteraceae","Bradyrhizobium","Bradyrhizobium sp. Ash2021"
"ASV_1358",FALSE,"Pseudomonadota","Alphaproteobacteria","Hyphomicrobiales","Nitrobacteraceae","Bradyrhizobium","Bradyrhizobium sp. Ash2021"
"ASV_1359",FALSE,"Pseudomonadota","Alphaproteobacteria","Hyphomicrobiales","Nitrobacteraceae","Bradyrhizobium","Bradyrhizobium sp. Ash2021"
"ASV_1360",FALSE,"Pseudomonadota","Alphaproteobacteria","Hyphomicrobiales","Nitrobacteraceae","Bradyrhizobium","Bradyrhizobium sp. Ash2021"
"ASV_1362",FALSE,"Bacillariophyta","Coscinodiscophyceae","Chaetocerotales","Chaetocerotaceae","Chaetoceros","Chaetoceros sp. MBTD-CMFRI-S045"
"ASV_1365",FALSE,"Mucoromycota","Mucoromycetes","Mucorales","Mucoraceae","Mucor","Mucor lusitanicus"
"ASV_1368",FALSE,"Pseudomonadota","Alphaproteobacteria","Hyphomicrobiales","Nitrobacteraceae","Bradyrhizobium","Bradyrhizobium sp. Ash2021"
"ASV_1369",FALSE,"Bacillota","Bacilli","Lactobacillales","Carnobacteriaceae","Carnobacterium","Carnobacterium divergens"
"ASV_1372",FALSE,"Ascomycota","Dothideomycetes","Mycosphaerellales","Mycosphaerellaceae","Zasmidium","Zasmidium cellare"
"ASV_1373",FALSE,"Bacteroidota","Sphingobacteriia","Sphingobacteriales","Sphingobacteriaceae","Pedobacter","Pedobacter mucosus"
"ASV_1376",FALSE,"Chordata","Aves","Sphenisciformes","Spheniscidae","Eudyptula","Eudyptula minor"
"ASV_1377",FALSE,"Pseudomonadota","Alphaproteobacteria","Hyphomicrobiales","Nitrobacteraceae","Bradyrhizobium","Bradyrhizobium sp. Ash2021"
"ASV_1378",FALSE,"Chordata","Actinopteri","Cyprinodontiformes","Poeciliidae","Gambusia","Gambusia affinis"
"ASV_1380",FALSE,"Nematoda","Chromadorea","Rhabditida","Rhabditidae","Oscheius","Oscheius sp."
"ASV_1383",FALSE,"Ascomycota","Pichiomycetes","Serinales","Debaryomycetaceae","Candida","Candida buenavistaensis"
"ASV_1384",FALSE,"Pseudomonadota","Alphaproteobacteria","Hyphomicrobiales","Nitrobacteraceae","Bradyrhizobium","Bradyrhizobium sp. Ash2021"
"ASV_1385",FALSE,"Pseudomonadota","Alphaproteobacteria","Hyphomicrobiales","Nitrobacteraceae","Bradyrhizobium","Bradyrhizobium sp. Ash2021"
"ASV_1386",FALSE,"Pseudomonadota","Alphaproteobacteria","Hyphomicrobiales","Nitrobacteraceae","Bradyrhizobium","Bradyrhizobium sp. Ash2021"
"ASV_1387",FALSE,"Pseudomonadota","Alphaproteobacteria","Hyphomicrobiales","Nitrobacteraceae","Bradyrhizobium","Bradyrhizobium sp. Ash2021"
"ASV_1388",FALSE,"Pseudomonadota","Alphaproteobacteria","Hyphomicrobiales","Nitrobacteraceae","Bradyrhizobium","Bradyrhizobium sp. Ash2021"
"ASV_1389",FALSE,"Chordata","Actinopteri","Cyprinodontiformes","Poeciliidae","Gambusia","Gambusia affinis"
"ASV_1390",FALSE,"Bacillariophyta","Bacillariophyceae","Naviculales","Amphipleuraceae","Frustulia","Frustulia vulgaris"
"ASV_1392",FALSE,"Discosea","Flabellinia","","Vannellidae","Vannella","Vannella navicula"
"ASV_1394",FALSE,"","Synurophyceae","Synurales","Mallomonadaceae","Synura","Synura petersenii"
"ASV_1395",FALSE,"Pseudomonadota","Alphaproteobacteria","Hyphomicrobiales","Nitrobacteraceae","Bradyrhizobium","Bradyrhizobium sp. Ash2021"
"ASV_1396",FALSE,"Pseudomonadota","Alphaproteobacteria","Hyphomicrobiales","Nitrobacteraceae","Bradyrhizobium","Bradyrhizobium sp. Ash2021"
"ASV_1397",FALSE,"Pseudomonadota","Alphaproteobacteria","Hyphomicrobiales","Nitrobacteraceae","Bradyrhizobium","Bradyrhizobium sp. Ash2021"
"ASV_1398",FALSE,"Tubulinea","Elardia","Euamoebida","Hartmannellidae","Saccamoeba","Saccamoeba sp. MSED6"
"ASV_1399",FALSE,"Pseudomonadota","Alphaproteobacteria","Hyphomicrobiales","Nitrobacteraceae","Bradyrhizobium","Bradyrhizobium sp. Ash2021"
"ASV_1400",FALSE,"Pseudomonadota","Alphaproteobacteria","Hyphomicrobiales","Nitrobacteraceae","Bradyrhizobium","Bradyrhizobium sp. Ash2021"
"ASV_1401",FALSE,"Pseudomonadota","Alphaproteobacteria","Hyphomicrobiales","Nitrobacteraceae","Bradyrhizobium","Bradyrhizobium sp. Ash2021"
"ASV_1403",FALSE,"Pseudomonadota","Alphaproteobacteria","Hyphomicrobiales","Nitrobacteraceae","Bradyrhizobium","Bradyrhizobium sp. Ash2021"
"ASV_1405",FALSE,"Basidiomycota","Agaricomycetes","Agaricales","Clitocybaceae","Clitocybe","Clitocybe subditopoda"
"ASV_1408",FALSE,"Pseudomonadota","Alphaproteobacteria","Hyphomicrobiales","Nitrobacteraceae","Bradyrhizobium","Bradyrhizobium sp. Ash2021"
"ASV_1409",FALSE,"Chordata","Aves","Sphenisciformes","Spheniscidae","Eudyptula","Eudyptula minor"
"ASV_1410",FALSE,"Pseudomonadota","Alphaproteobacteria","Hyphomicrobiales","Nitrobacteraceae","Bradyrhizobium","Bradyrhizobium sp. Ash2021"
"ASV_1411",FALSE,"Chordata","Actinopteri","Cyprinodontiformes","Poeciliidae","Gambusia","Gambusia affinis"
"ASV_1415",FALSE,"Ascomycota","Eurotiomycetes","Eurotiales","Aspergillaceae","Penicillium","Penicillium verrucosum"
"ASV_1416",FALSE,"Bacteroidota","Flavobacteriia","Flavobacteriales","Flavobacteriaceae","Flavobacterium","Flavobacterium sp. N2038"
"ASV_1417",FALSE,"Ascomycota","Leotiomycetes","","","Leohumicola","Leohumicola minima"
"ASV_1419",FALSE,"Basidiomycota","Agaricomycetes","Agaricales","Amanitaceae","Amanita","Amanita thiersii"
"ASV_1420",FALSE,"Pseudomonadota","Alphaproteobacteria","Hyphomicrobiales","Nitrobacteraceae","Bradyrhizobium","Bradyrhizobium sp. Ash2021"
"ASV_1421",FALSE,"Peploviricota","Herviviricetes","Herpesvirales","Orthoherpesviridae","Iltovirus","Iltovirus gallidalpha1"
"ASV_1422",FALSE,"Chordata","Actinopteri","Cyprinodontiformes","Poeciliidae","Gambusia","Gambusia affinis"
"ASV_1423",FALSE,"Chordata","Aves","Sphenisciformes","Spheniscidae","Eudyptula","Eudyptula minor"
"ASV_1424",FALSE,"Pseudomonadota","Alphaproteobacteria","Hyphomicrobiales","Nitrobacteraceae","Bradyrhizobium","Bradyrhizobium sp. Ash2021"
"ASV_1425",FALSE,"Ascomycota","Dothideomycetes","","","","Dothideomycetes sp. NU200"
"ASV_1426",FALSE,"Arthropoda","Thecostraca","","Polyascidae","Parasacculina","Parasacculina sp. 1 JJ-2023a"
"ASV_1429",FALSE,"Chlorophyta","Trebouxiophyceae","","","Picochlorum","Picochlorum sp. SENEW3"
"ASV_1430",FALSE,"Ascomycota","Leotiomycetes","Thelebolales","Thelebolaceae","Pseudogymnoascus","Pseudogymnoascus destructans"
"ASV_1431",FALSE,"Pseudomonadota","Alphaproteobacteria","Hyphomicrobiales","Nitrobacteraceae","Bradyrhizobium","Bradyrhizobium sp. Ash2021"
"ASV_1432",FALSE,"Nematoda","Chromadorea","Rhabditida","Rhabditidae","Oscheius","Oscheius sp."
"ASV_1433",FALSE,"Pseudomonadota","Alphaproteobacteria","Hyphomicrobiales","Nitrobacteraceae","Bradyrhizobium","Bradyrhizobium sp. Ash2021"
"ASV_1434",FALSE,"Pseudomonadota","Alphaproteobacteria","Hyphomicrobiales","Nitrobacteraceae","Bradyrhizobium","Bradyrhizobium sp. Ash2021"
"ASV_1435",FALSE,"Pseudomonadota","Alphaproteobacteria","Hyphomicrobiales","Nitrobacteraceae","Bradyrhizobium","Bradyrhizobium sp. Ash2021"
"ASV_1436",FALSE,"Peploviricota","Herviviricetes","Herpesvirales","Orthoherpesviridae","Iltovirus","Iltovirus gallidalpha1"
"ASV_1437",FALSE,"Chordata","Actinopteri","Cyprinodontiformes","Poeciliidae","Gambusia","Gambusia affinis"
"ASV_1438",FALSE,"Bacteroidota","Sphingobacteriia","Sphingobacteriales","Sphingobacteriaceae","Pedobacter","Pedobacter schmidteae"
"ASV_1439",FALSE,"Chordata","Aves","Sphenisciformes","Spheniscidae","Eudyptula","Eudyptula minor"
"ASV_1441",FALSE,"Pseudomonadota","Alphaproteobacteria","Hyphomicrobiales","Nitrobacteraceae","Bradyrhizobium","Bradyrhizobium sp. Ash2021"
"ASV_1443",FALSE,"Pseudomonadota","Alphaproteobacteria","Hyphomicrobiales","Nitrobacteraceae","Bradyrhizobium","Bradyrhizobium sp. Ash2021"
"ASV_1444",FALSE,"Pseudomonadota","Alphaproteobacteria","Hyphomicrobiales","Nitrobacteraceae","Bradyrhizobium","Bradyrhizobium sp. Ash2021"
"ASV_1445",FALSE,"Pseudomonadota","Alphaproteobacteria","Hyphomicrobiales","Nitrobacteraceae","Bradyrhizobium","Bradyrhizobium sp. Ash2021"
"ASV_1446",FALSE,"Discosea","","Longamoebia","Acanthamoebidae","Acanthamoeba","Acanthamoeba astronyxis"
"ASV_1447",FALSE,"Chordata","Mammalia","Primates","Hominidae","Homo","Homo sapiens"
"ASV_1448",FALSE,"Chordata","Actinopteri","Cyprinodontiformes","Poeciliidae","Gambusia","Gambusia affinis"
"ASV_1449",FALSE,"Bacillariophyta","Coscinodiscophyceae","Chaetocerotales","Chaetocerotaceae","Chaetoceros","Chaetoceros sp. MBTD-CMFRI-S045"
"ASV_1450",FALSE,"Chordata","Actinopteri","Cyprinodontiformes","Poeciliidae","Gambusia","Gambusia affinis"
"ASV_1451",FALSE,"Chordata","Aves","Sphenisciformes","Spheniscidae","Eudyptula","Eudyptula minor"
"ASV_1452",FALSE,"Bacteroidota","Flavobacteriia","Flavobacteriales","Flavobacteriaceae","Flavobacterium","Flavobacterium alkalisoli"
"ASV_1453",FALSE,"Ascomycota","Eurotiomycetes","Eurotiales","Aspergillaceae","Aspergillus","Aspergillus citrinoterreus"
"ASV_1455",FALSE,"Ascomycota","Eurotiomycetes","Chaetothyriales","Herpotrichiellaceae","Cladophialophora","Cladophialophora bantiana"
"ASV_1456",FALSE,"Arthropoda","Insecta","Hymenoptera","Tenthredinidae","Euura","Euura tenuiserra"
"ASV_1457",FALSE,"Bacteroidota","Flavobacteriia","Flavobacteriales","Flavobacteriaceae","Flavobacterium","Flavobacterium sp. NG2"
"ASV_1458",FALSE,"Evosea","Eumycetozoa","Physariida","Didymiaceae","Didymium","Didymium nigripes"
"ASV_1459",FALSE,"Bacteroidota","Flavobacteriia","Flavobacteriales","Flavobacteriaceae","Flavobacterium","Flavobacterium sp. CFS9"
"ASV_1460",FALSE,"Pseudomonadota","Alphaproteobacteria","Hyphomicrobiales","Nitrobacteraceae","Bradyrhizobium","Bradyrhizobium sp. Ash2021"
"ASV_1461",FALSE,"Pseudomonadota","Alphaproteobacteria","Hyphomicrobiales","Nitrobacteraceae","Bradyrhizobium","Bradyrhizobium sp. Ash2021"
"ASV_1462",FALSE,"Pseudomonadota","Alphaproteobacteria","Hyphomicrobiales","Nitrobacteraceae","Bradyrhizobium","Bradyrhizobium sp. Ash2021"
"ASV_1463",FALSE,"Rotifera","Eurotatoria","Philodinida","Philodinidae","Rotaria","Rotaria rotatoria"
"ASV_1465",FALSE,"Chordata","Aves","Sphenisciformes","Spheniscidae","Eudyptula","Eudyptula minor"
"ASV_1466",FALSE,"Ascomycota","Sordariomycetes","Glomerellales","Plectosphaerellaceae","Plectosphaerella","Plectosphaerella sp."
"ASV_1467",FALSE,"Ascomycota","Sordariomycetes","Glomerellales","Glomerellaceae","Colletotrichum","Colletotrichum lindemuthianum"
"ASV_1468",FALSE,"Bacteroidota","Flavobacteriia","Flavobacteriales","Flavobacteriaceae","Flavobacterium","Flavobacterium sp. xlx-214"
"ASV_1470",FALSE,"Ascomycota","Lecanoromycetes","Teloschistales","Teloschistaceae","Flavoplaca","Flavoplaca marina"
"ASV_1471",FALSE,"Pseudomonadota","Alphaproteobacteria","Hyphomicrobiales","Nitrobacteraceae","Bradyrhizobium","Bradyrhizobium sp. Ash2021"
"ASV_1472",FALSE,"Basidiomycota","Agaricomycetes","Russulales","Peniophoraceae","Peniophora","Peniophora lycii"
"ASV_1473",FALSE,"Pseudomonadota","Alphaproteobacteria","Hyphomicrobiales","Nitrobacteraceae","Bradyrhizobium","Bradyrhizobium sp. Ash2021"
"ASV_1474",FALSE,"Chordata","Actinopteri","Cyprinodontiformes","Poeciliidae","Gambusia","Gambusia affinis"
"ASV_1475",FALSE,"Ascomycota","Eurotiomycetes","Eurotiales","Aspergillaceae","Penicillium","Penicillium citrinum"
"ASV_1476",FALSE,"Discosea","Flabellinia","","Vannellidae","Vannella","Vannella sp."
"ASV_1477",FALSE,"Ascomycota","Sordariomycetes","Ophiostomatales","Ophiostomataceae","Ophiostoma","Ophiostoma piceae"
"ASV_1479",FALSE,"Ascomycota","Sordariomycetes","Hypocreales","Cordycipitaceae","Cordyceps","Cordyceps pruinosa"
"ASV_1482",FALSE,"Pseudomonadota","Alphaproteobacteria","Hyphomicrobiales","Nitrobacteraceae","Bradyrhizobium","Bradyrhizobium sp. Ash2021"
"ASV_1483",FALSE,"Pseudomonadota","Alphaproteobacteria","Hyphomicrobiales","Nitrobacteraceae","Bradyrhizobium","Bradyrhizobium sp. Ash2021"
"ASV_1484",FALSE,"Arthropoda","Insecta","Coleoptera","Cerambycidae","Glenea","Glenea relicta"
"ASV_1486",FALSE,"Pseudomonadota","Alphaproteobacteria","Hyphomicrobiales","Nitrobacteraceae","Bradyrhizobium","Bradyrhizobium sp. Ash2021"
"ASV_1487",FALSE,"Chordata","Aves","Sphenisciformes","Spheniscidae","Eudyptula","Eudyptula minor"
"ASV_1488",FALSE,"Chordata","Aves","Sphenisciformes","Spheniscidae","Eudyptula","Eudyptula minor"
"ASV_1489",FALSE,"Pseudomonadota","Alphaproteobacteria","Hyphomicrobiales","Nitrobacteraceae","Bradyrhizobium","Bradyrhizobium sp. Ash2021"
"ASV_1490",FALSE,"Pseudomonadota","Alphaproteobacteria","Hyphomicrobiales","Nitrobacteraceae","Bradyrhizobium","Bradyrhizobium sp. Ash2021"
"ASV_1491",FALSE,"Pseudomonadota","Alphaproteobacteria","Hyphomicrobiales","Nitrobacteraceae","Bradyrhizobium","Bradyrhizobium sp. Ash2021"
"ASV_1493",FALSE,"Bacteroidota","Flavobacteriia","Flavobacteriales","Flavobacteriaceae","Aggregatimonas","Aggregatimonas sangjinii"
"ASV_1494",FALSE,"Peploviricota","Herviviricetes","Herpesvirales","Orthoherpesviridae","Iltovirus","Iltovirus gallidalpha1"
"ASV_1495",FALSE,"Chordata","Mammalia","Primates","Hominidae","Homo","Homo sapiens"
"ASV_1498",FALSE,"Pseudomonadota","Alphaproteobacteria","Hyphomicrobiales","Nitrobacteraceae","Bradyrhizobium","Bradyrhizobium sp. Ash2021"
"ASV_1499",FALSE,"Pseudomonadota","Alphaproteobacteria","Hyphomicrobiales","Nitrobacteraceae","Bradyrhizobium","Bradyrhizobium sp. Ash2021"
"ASV_1500",FALSE,"Chordata","Actinopteri","Cyprinodontiformes","Poeciliidae","Gambusia","Gambusia affinis"
"ASV_1501",FALSE,"Chordata","Actinopteri","Cyprinodontiformes","Poeciliidae","Gambusia","Gambusia holbrooki"
"ASV_1502",FALSE,"Ascomycota","Dothideomycetes","Cladosporiales","Cladosporiaceae","Cladosporium","Cladosporium sp."
"ASV_1504",FALSE,"Bacillota","Bacilli","Lactobacillales","Carnobacteriaceae","Carnobacterium","Carnobacterium divergens"
"ASV_1506",FALSE,"Peploviricota","Herviviricetes","Herpesvirales","Orthoherpesviridae","Iltovirus","Iltovirus gallidalpha1"
"ASV_1507",FALSE,"Peploviricota","Herviviricetes","Herpesvirales","Orthoherpesviridae","Iltovirus","Iltovirus gallidalpha1"
"ASV_1508",FALSE,"Pseudomonadota","Alphaproteobacteria","Hyphomicrobiales","Nitrobacteraceae","Bradyrhizobium","Bradyrhizobium sp. Ash2021"
"ASV_1509",FALSE,"Pseudomonadota","Alphaproteobacteria","Hyphomicrobiales","Nitrobacteraceae","Bradyrhizobium","Bradyrhizobium sp. Ash2021"
"ASV_1511",FALSE,"Pseudomonadota","Alphaproteobacteria","Rickettsiales","Rickettsiaceae","Candidatus Megaera","Candidatus Megaera polyxenophila"
"ASV_1512",FALSE,"Bacteroidota","Flavobacteriia","Flavobacteriales","Flavobacteriaceae","Flavobacterium","Flavobacterium marginilacus"
"ASV_1513",FALSE,"Chordata","Aves","Sphenisciformes","Spheniscidae","Eudyptula","Eudyptula minor"
"ASV_1514",FALSE,"Mollusca","Gastropoda","","Planorbidae","Biomphalaria","Biomphalaria schrammi"
"ASV_1518",FALSE,"Pseudomonadota","Alphaproteobacteria","Hyphomicrobiales","Nitrobacteraceae","Bradyrhizobium","Bradyrhizobium sp. Ash2021"
"ASV_1519",FALSE,"Pseudomonadota","Alphaproteobacteria","Hyphomicrobiales","Nitrobacteraceae","Bradyrhizobium","Bradyrhizobium sp. Ash2021"
"ASV_1520",FALSE,"Pseudomonadota","Alphaproteobacteria","Hyphomicrobiales","Nitrobacteraceae","Bradyrhizobium","Bradyrhizobium sp. Ash2021"
"ASV_1521",FALSE,"Pseudomonadota","Alphaproteobacteria","Hyphomicrobiales","Nitrobacteraceae","Bradyrhizobium","Bradyrhizobium sp. Ash2021"
"ASV_1522",FALSE,"Pseudomonadota","Alphaproteobacteria","Hyphomicrobiales","Nitrobacteraceae","Bradyrhizobium","Bradyrhizobium sp. Ash2021"
"ASV_1523",FALSE,"Arthropoda","Arachnida","Sarcoptiformes","Pyroglyphidae","Dermatophagoides","Dermatophagoides pteronyssinus"
"ASV_1524",FALSE,"Ascomycota","Leotiomycetes","","","Leohumicola","Leohumicola lenta"
"ASV_1525",FALSE,"Pseudomonadota","Alphaproteobacteria","Hyphomicrobiales","Nitrobacteraceae","Bradyrhizobium","Bradyrhizobium sp. Ash2021"
"ASV_1526",FALSE,"Pseudomonadota","Alphaproteobacteria","Hyphomicrobiales","Nitrobacteraceae","Bradyrhizobium","Bradyrhizobium sp. Ash2021"
"ASV_1527",FALSE,"Ascomycota","Pichiomycetes","Serinales","Metschnikowiaceae","Clavispora","Clavispora lusitaniae"
"ASV_1529",FALSE,"Chordata","Actinopteri","Cyprinodontiformes","Poeciliidae","Gambusia","Gambusia affinis"
"ASV_1533",FALSE,"Pseudomonadota","Alphaproteobacteria","Hyphomicrobiales","Nitrobacteraceae","Bradyrhizobium","Bradyrhizobium sp. Ash2021"
"ASV_1534",FALSE,"Pseudomonadota","Alphaproteobacteria","Hyphomicrobiales","Nitrobacteraceae","Bradyrhizobium","Bradyrhizobium sp. Ash2021"
"ASV_1535",FALSE,"Pseudomonadota","Alphaproteobacteria","Hyphomicrobiales","Nitrobacteraceae","Bradyrhizobium","Bradyrhizobium sp. Ash2021"
"ASV_1536",FALSE,"Mucoromycota","Mucoromycetes","Mucorales","Mucoraceae","Mucor","Mucor piriformis"
"ASV_1537",FALSE,"Pseudomonadota","Alphaproteobacteria","Hyphomicrobiales","Nitrobacteraceae","Bradyrhizobium","Bradyrhizobium sp. Ash2021"
"ASV_1538",FALSE,"Rhodophyta","Florideophyceae","Gigartinales","Cystocloniaceae","Gloiophyllis","Gloiophyllis barkerae"
"ASV_1540",FALSE,"Bacteroidota","Flavobacteriia","Flavobacteriales","Flavobacteriaceae","","Flavobacteriaceae bacterium Uisw"
"ASV_1541",FALSE,"Ascomycota","Pichiomycetes","Serinales","Debaryomycetaceae","Candida","Candida buenavistaensis"
"ASV_1542",FALSE,"Ascomycota","Eurotiomycetes","Onygenales","Arthrodermataceae","Arthroderma","Arthroderma uncinatum"
"ASV_1543",FALSE,"Pseudomonadota","Alphaproteobacteria","Hyphomicrobiales","Nitrobacteraceae","Bradyrhizobium","Bradyrhizobium sp. Ash2021"
"ASV_1544",FALSE,"Pseudomonadota","Alphaproteobacteria","Hyphomicrobiales","Nitrobacteraceae","Bradyrhizobium","Bradyrhizobium sp. Ash2021"
"ASV_1546",FALSE,"Peploviricota","Herviviricetes","Herpesvirales","Orthoherpesviridae","Iltovirus","Iltovirus gallidalpha1"
"ASV_1547",FALSE,"Arthropoda","Arachnida","Trombidiformes","Tarsonemidae","","Tarsonemidae sp. BIOUG33520-C08"
"ASV_1549",FALSE,"Discosea","Flabellinia","","Vannellidae","Clydonella","Clydonella sawyeri"
"ASV_1552",FALSE,"Cnidaria","Hydrozoa","Anthoathecata","Margelopsidae","Margelopsis","Margelopsis haeckelii"
"ASV_1555",FALSE,"Tubulinea","Elardia","Euamoebida","Hartmannellidae","Ptolemeba","Ptolemeba bulliensis"
"ASV_1557",FALSE,"Pseudomonadota","Alphaproteobacteria","Hyphomicrobiales","Nitrobacteraceae","Bradyrhizobium","Bradyrhizobium sp. Ash2021"
"ASV_1558",FALSE,"Peploviricota","Herviviricetes","Herpesvirales","Orthoherpesviridae","Iltovirus","Iltovirus gallidalpha1"
"ASV_1559",FALSE,"Pseudomonadota","Alphaproteobacteria","Hyphomicrobiales","Nitrobacteraceae","Bradyrhizobium","Bradyrhizobium sp. Ash2021"
"ASV_1560",FALSE,"Pseudomonadota","Alphaproteobacteria","Hyphomicrobiales","Nitrobacteraceae","Bradyrhizobium","Bradyrhizobium sp. Ash2021"
"ASV_1561",FALSE,"Pseudomonadota","Alphaproteobacteria","Hyphomicrobiales","Nitrobacteraceae","Bradyrhizobium","Bradyrhizobium sp. Ash2021"
"ASV_1562",FALSE,"Pseudomonadota","Alphaproteobacteria","Hyphomicrobiales","Nitrobacteraceae","Bradyrhizobium","Bradyrhizobium sp. Ash2021"
"ASV_1563",FALSE,"Pseudomonadota","Alphaproteobacteria","Hyphomicrobiales","Nitrobacteraceae","Bradyrhizobium","Bradyrhizobium sp. Ash2021"
"ASV_1564",FALSE,"Apicomplexa","Conoidasida","Eucoccidiorida","Eimeriidae","Eimeria","Eimeria sp."
"ASV_1565",FALSE,"Ascomycota","Sordariomycetes","Microascales","Microascaceae","Scopulariopsis","Scopulariopsis brevicaulis"
"ASV_1566",FALSE,"Chordata","Aves","Sphenisciformes","Spheniscidae","Eudyptula","Eudyptula minor"
"ASV_1567",FALSE,"Apicomplexa","Conoidasida","Eucoccidiorida","Eimeriidae","Eimeria","Eimeria sp."
"ASV_1570",FALSE,"Pseudomonadota","Gammaproteobacteria","Vibrionales","Vibrionaceae","Vibrio","Vibrio rumoiensis"
"ASV_1571",FALSE,"Ascomycota","Sordariomycetes","Hypocreales","Nectriaceae","Fusarium","Fusarium delphinoides"
"ASV_1573",FALSE,"Bacteroidota","Flavobacteriia","Flavobacteriales","Flavobacteriaceae","Flavobacterium","Flavobacterium sp. KBS0721"
"ASV_1574",FALSE,"Bacillota","Bacilli","Lactobacillales","Carnobacteriaceae","Carnobacterium","Carnobacterium divergens"
"ASV_1575",FALSE,"Pseudomonadota","Alphaproteobacteria","Hyphomicrobiales","Nitrobacteraceae","Bradyrhizobium","Bradyrhizobium sp. Ash2021"
"ASV_1576",FALSE,"Arthropoda","Insecta","Hemiptera","Aphididae","Aploneura","Aploneura lentisci"
"ASV_1577",FALSE,"Bacteroidota","Flavobacteriia","Flavobacteriales","Flavobacteriaceae","Maribacter","Maribacter sp. BPC-D8"
"ASV_1579",FALSE,"Ascomycota","Dothideomycetes","Mycosphaerellales","Teratosphaeriaceae","Acrodontium","Acrodontium crateriforme"
"ASV_1580",FALSE,"Basidiomycota","Ustilaginomycetes","Ustilaginales","Ustilaginaceae","Sporisorium","Sporisorium scitamineum"
"ASV_1585",FALSE,"Pseudomonadota","Alphaproteobacteria","Hyphomicrobiales","Nitrobacteraceae","Bradyrhizobium","Bradyrhizobium sp. Ash2021"
"ASV_1586",FALSE,"Pseudomonadota","Alphaproteobacteria","Hyphomicrobiales","Nitrobacteraceae","Bradyrhizobium","Bradyrhizobium sp. Ash2021"
"ASV_1587",FALSE,"Pseudomonadota","Alphaproteobacteria","Hyphomicrobiales","Nitrobacteraceae","Bradyrhizobium","Bradyrhizobium sp. Ash2021"
"ASV_1588",FALSE,"Pseudomonadota","Alphaproteobacteria","Hyphomicrobiales","Nitrobacteraceae","Bradyrhizobium","Bradyrhizobium sp. Ash2021"
"ASV_1589",FALSE,"Pseudomonadota","Alphaproteobacteria","Hyphomicrobiales","Nitrobacteraceae","Bradyrhizobium","Bradyrhizobium sp. Ash2021"
"ASV_1590",FALSE,"Ascomycota","Sordariomycetes","Hypocreales","Niessliaceae","Niesslia","Niesslia mucida"
"ASV_1593",FALSE,"","","","","","Amoebozoa sp."
"ASV_1595",FALSE,"Ascomycota","Eurotiomycetes","Eurotiales","Aspergillaceae","Penicillium","Penicillium sclerotiorum"
"ASV_1596",FALSE,"Discosea","Flabellinia","","Vannellidae","Ripella","Ripella decalvata"
"ASV_1598",FALSE,"Pseudomonadota","Alphaproteobacteria","Hyphomicrobiales","Nitrobacteraceae","Bradyrhizobium","Bradyrhizobium sp. Ash2021"
"ASV_1599",FALSE,"Pseudomonadota","Alphaproteobacteria","Hyphomicrobiales","Nitrobacteraceae","Bradyrhizobium","Bradyrhizobium sp. Ash2021"
"ASV_1600",FALSE,"Ascomycota","Leotiomycetes","","","Leohumicola","Leohumicola incrustata"
"ASV_1601",FALSE,"Pseudomonadota","Alphaproteobacteria","Hyphomicrobiales","Nitrobacteraceae","Bradyrhizobium","Bradyrhizobium sp. Ash2021"
"ASV_1603",FALSE,"Basidiomycota","Ustilaginomycetes","Ustilaginales","Ustilaginaceae","Sporisorium","Sporisorium scitamineum"
"ASV_1604",FALSE,"Chordata","Actinopteri","Cyprinodontiformes","Poeciliidae","Gambusia","Gambusia affinis"
"ASV_1605",FALSE,"Bacteroidota","Flavobacteriia","Flavobacteriales","Flavobacteriaceae","Mesoflavibacter","Mesoflavibacter sp. HG37"
"ASV_1606",FALSE,"Bacteroidota","Flavobacteriia","Flavobacteriales","Flavobacteriaceae","Flagellimonas","Flagellimonas sp."
"ASV_1607",FALSE,"Pseudomonadota","Alphaproteobacteria","Hyphomicrobiales","Nitrobacteraceae","Bradyrhizobium","Bradyrhizobium sp. Ash2021"
"ASV_1608",FALSE,"Chordata","Aves","Sphenisciformes","Spheniscidae","Eudyptula","Eudyptula minor"
"ASV_1609",FALSE,"Pseudomonadota","Alphaproteobacteria","Hyphomicrobiales","Nitrobacteraceae","Bradyrhizobium","Bradyrhizobium sp. Ash2021"
"ASV_1610",FALSE,"Pseudomonadota","Alphaproteobacteria","Hyphomicrobiales","Nitrobacteraceae","Bradyrhizobium","Bradyrhizobium sp. Ash2021"
"ASV_1611",FALSE,"Pseudomonadota","Alphaproteobacteria","Hyphomicrobiales","Nitrobacteraceae","Bradyrhizobium","Bradyrhizobium sp. Ash2021"
"ASV_1612",FALSE,"Pseudomonadota","Alphaproteobacteria","Hyphomicrobiales","Nitrobacteraceae","Bradyrhizobium","Bradyrhizobium sp. Ash2021"
"ASV_1614",FALSE,"Chordata","Aves","Sphenisciformes","Spheniscidae","Eudyptula","Eudyptula minor"
"ASV_1616",FALSE,"Ascomycota","Dothideomycetes","Pleosporales","Corynesporascaceae","Corynespora","Corynespora cassiicola"
"ASV_1618",FALSE,"Bacillota","Bacilli","Lactobacillales","Carnobacteriaceae","Carnobacterium","Carnobacterium divergens"
"ASV_1621",FALSE,"Pseudomonadota","Alphaproteobacteria","Hyphomicrobiales","Nitrobacteraceae","Bradyrhizobium","Bradyrhizobium sp. Ash2021"
"ASV_1622",FALSE,"Pseudomonadota","Alphaproteobacteria","Hyphomicrobiales","Nitrobacteraceae","Bradyrhizobium","Bradyrhizobium sp. Ash2021"
"ASV_1623",FALSE,"Pseudomonadota","Alphaproteobacteria","Hyphomicrobiales","Nitrobacteraceae","Bradyrhizobium","Bradyrhizobium sp. Ash2021"
"ASV_1624",FALSE,"Pseudomonadota","Alphaproteobacteria","Hyphomicrobiales","Nitrobacteraceae","Bradyrhizobium","Bradyrhizobium sp. Ash2021"
"ASV_1625",FALSE,"Chordata","Aves","Sphenisciformes","Spheniscidae","Eudyptula","Eudyptula minor"
"ASV_1627",FALSE,"Ascomycota","Leotiomycetes","","","Leohumicola","Leohumicola sp."
"ASV_1629",FALSE,"Porifera","Demospongiae","Axinellida","Raspailiidae","Cyamon","Cyamon neon"
"ASV_1630",FALSE,"","","","","","invertebrate environmental sample"
"ASV_1631",FALSE,"Ascomycota","Eurotiomycetes","Onygenales","Arthrodermataceae","Arthroderma","Arthroderma uncinatum"
"ASV_1632",FALSE,"Ascomycota","Sordariomycetes","Glomerellales","Plectosphaerellaceae","Verticillium","Verticillium dahliae"
"ASV_1634",FALSE,"Discosea","Flabellinia","","Vannellidae","Vannella","Vannella sp."
"ASV_1636",FALSE,"Pseudomonadota","Alphaproteobacteria","Hyphomicrobiales","Nitrobacteraceae","Bradyrhizobium","Bradyrhizobium sp. Ash2021"
"ASV_1637",FALSE,"Pseudomonadota","Alphaproteobacteria","Hyphomicrobiales","Nitrobacteraceae","Bradyrhizobium","Bradyrhizobium sp. Ash2021"
"ASV_1638",FALSE,"Pseudomonadota","Alphaproteobacteria","Hyphomicrobiales","Nitrobacteraceae","Bradyrhizobium","Bradyrhizobium sp. Ash2021"
"ASV_1640",FALSE,"Pseudomonadota","Alphaproteobacteria","Hyphomicrobiales","Nitrobacteraceae","Bradyrhizobium","Bradyrhizobium sp. Ash2021"
"ASV_1641",FALSE,"Chordata","Actinopteri","Cyprinodontiformes","Poeciliidae","Gambusia","Gambusia holbrooki"
"ASV_1642",FALSE,"Arthropoda","Insecta","Diptera","Limoniidae","","Limoniidae sp. BBDCQ925-10"
"ASV_1643",FALSE,"Platyhelminthes","Trematoda","","","Cercaria","Cercaria pythionike"
"ASV_1645",FALSE,"","","","","",""
"ASV_1647",FALSE,"Pseudomonadota","Alphaproteobacteria","Hyphomicrobiales","Nitrobacteraceae","Bradyrhizobium","Bradyrhizobium sp. Ash2021"
"ASV_1650",FALSE,"Bacteroidota","Flavobacteriia","Flavobacteriales","Flavobacteriaceae","Tamlana","Tamlana crocina"
"ASV_1651",FALSE,"Pseudomonadota","Betaproteobacteria","Nitrosomonadales","Nitrosomonadaceae","Nitrosomonas","Nitrosomonas ureae"
"ASV_1652",FALSE,"Ascomycota","Leotiomycetes","Helotiales","Arachnopezizaceae","Arachnopeziza","Arachnopeziza aurata"
"ASV_1653",FALSE,"Ascomycota","Leotiomycetes","Thelebolales","Thelebolaceae","Antarctomyces","Antarctomyces pellizariae"
"ASV_1654",FALSE,"Pseudomonadota","Alphaproteobacteria","Hyphomicrobiales","Nitrobacteraceae","Bradyrhizobium","Bradyrhizobium sp. Ash2021"
"ASV_1656",FALSE,"Chordata","Actinopteri","Cyprinodontiformes","Poeciliidae","Gambusia","Gambusia affinis"
"ASV_1657",FALSE,"Chordata","Aves","Sphenisciformes","Spheniscidae","Eudyptula","Eudyptula minor"
"ASV_1658",FALSE,"Chordata","Aves","Sphenisciformes","Spheniscidae","Eudyptula","Eudyptula minor"
"ASV_1659",FALSE,"Ascomycota","Sordariomycetes","Amphisphaeriales","Sporocadaceae","Neopestalotiopsis","Neopestalotiopsis cubana"
"ASV_1660",FALSE,"Arthropoda","Arachnida","Sarcoptiformes","Euzetidae","Euzetes","Euzetes globulus"
"ASV_1661",FALSE,"","","","","Palpitomonas","Palpitomonas bilix"
"ASV_1662",FALSE,"Ascomycota","Dothideomycetes","Cladosporiales","Cladosporiaceae","Cladosporium","Cladosporium cladosporioides"
"ASV_1664",FALSE,"Pseudomonadota","Alphaproteobacteria","Hyphomicrobiales","Nitrobacteraceae","Bradyrhizobium","Bradyrhizobium sp. Ash2021"
"ASV_1665",FALSE,"Bacillota","Bacilli","Bacillales","Bacillaceae","Virgibacillus","Virgibacillus sp. Bac332"
"ASV_1666",FALSE,"Pseudomonadota","Alphaproteobacteria","Hyphomicrobiales","Nitrobacteraceae","Bradyrhizobium","Bradyrhizobium sp. Ash2021"
"ASV_1667",FALSE,"Pseudomonadota","Alphaproteobacteria","Hyphomicrobiales","Nitrobacteraceae","Bradyrhizobium","Bradyrhizobium sp. Ash2021"
"ASV_1668",FALSE,"Pseudomonadota","Alphaproteobacteria","Hyphomicrobiales","Nitrobacteraceae","Bradyrhizobium","Bradyrhizobium sp. Ash2021"
"ASV_1669",FALSE,"","Cryptophyceae","Cryptomonadales","Cryptomonadaceae","Cryptomonas","Cryptomonas pyrenoidifera"
"ASV_1672",FALSE,"Chordata","Aves","Sphenisciformes","Spheniscidae","Eudyptula","Eudyptula minor"
"ASV_1675",FALSE,"Bacteroidota","Flavobacteriia","Flavobacteriales","Flavobacteriaceae","","Flavobacteriaceae bacterium Uisw"
"ASV_1677",FALSE,"Bacteroidota","Sphingobacteriia","Sphingobacteriales","Sphingobacteriaceae","Pedobacter","Pedobacter sp. FW305-3-2-15-E-R2A2"
"ASV_1678",FALSE,"Ascomycota","Leotiomycetes","","","Leohumicola","Leohumicola minima"
"ASV_1681",FALSE,"Ascomycota","Sordariomycetes","Glomerellales","Glomerellaceae","Colletotrichum","Colletotrichum destructivum"
"ASV_1682",FALSE,"Pseudomonadota","Alphaproteobacteria","Hyphomicrobiales","Nitrobacteraceae","Bradyrhizobium","Bradyrhizobium sp. Ash2021"
"ASV_1683",FALSE,"Pseudomonadota","Alphaproteobacteria","Hyphomicrobiales","Nitrobacteraceae","Bradyrhizobium","Bradyrhizobium sp. Ash2021"
"ASV_1684",FALSE,"Pseudomonadota","Alphaproteobacteria","Hyphomicrobiales","Nitrobacteraceae","Bradyrhizobium","Bradyrhizobium sp. Ash2021"
"ASV_1685",FALSE,"Basidiomycota","Agaricomycetes","Polyporales","Meripilaceae","Rigidoporus","Rigidoporus microporus"
"ASV_1686",FALSE,"Pseudomonadota","Alphaproteobacteria","Hyphomicrobiales","Nitrobacteraceae","Bradyrhizobium","Bradyrhizobium sp. Ash2021"
"ASV_1687",FALSE,"Pseudomonadota","Alphaproteobacteria","Hyphomicrobiales","Nitrobacteraceae","Bradyrhizobium","Bradyrhizobium sp. Ash2021"
"ASV_1688",FALSE,"Pseudomonadota","Alphaproteobacteria","Hyphomicrobiales","Nitrobacteraceae","Bradyrhizobium","Bradyrhizobium sp. Ash2021"
"ASV_1689",FALSE,"Chordata","Aves","Sphenisciformes","Spheniscidae","Eudyptula","Eudyptula minor"
"ASV_1690",FALSE,"Discosea","Flabellinia","Dactylopodida","Paramoebidae","Paramoeba","Paramoeba pemaquidensis"
"ASV_1692",FALSE,"Pseudomonadota","Alphaproteobacteria","Hyphomicrobiales","Nitrobacteraceae","Bradyrhizobium","Bradyrhizobium sp. Ash2021"
"ASV_1694",FALSE,"Pseudomonadota","Alphaproteobacteria","Hyphomicrobiales","Nitrobacteraceae","Bradyrhizobium","Bradyrhizobium sp. Ash2021"
"ASV_1695",FALSE,"Pseudomonadota","Alphaproteobacteria","Hyphomicrobiales","Nitrobacteraceae","Bradyrhizobium","Bradyrhizobium sp. Ash2021"
"ASV_1696",FALSE,"Ascomycota","Sordariomycetes","Hypocreales","Ophiocordycipitaceae","Tolypocladium","Tolypocladium ophioglossoides"
"ASV_1697",FALSE,"Pseudomonadota","Alphaproteobacteria","Hyphomicrobiales","Nitrobacteraceae","Bradyrhizobium","Bradyrhizobium sp. Ash2021"
"ASV_1699",FALSE,"Chordata","Aves","Gruiformes","Rallidae","Porphyrio","Porphyrio melanotus"
"ASV_1700",FALSE,"Bacillota","Bacilli","Lactobacillales","Carnobacteriaceae","Carnobacterium","Carnobacterium divergens"
"ASV_1701",FALSE,"Pseudomonadota","Alphaproteobacteria","Hyphomicrobiales","Nitrobacteraceae","Bradyrhizobium","Bradyrhizobium sp. Ash2021"
"ASV_1702",FALSE,"Pseudomonadota","Alphaproteobacteria","Hyphomicrobiales","Nitrobacteraceae","Bradyrhizobium","Bradyrhizobium sp. Ash2021"
"ASV_1703",FALSE,"Pseudomonadota","Alphaproteobacteria","Hyphomicrobiales","Nitrobacteraceae","Bradyrhizobium","Bradyrhizobium sp. Ash2021"
"ASV_1704",FALSE,"Rotifera","Eurotatoria","Ploima","Trichocercidae","Trichocerca","Trichocerca sp. WM-2017e"
"ASV_1706",FALSE,"Chordata","Actinopteri","Cyprinodontiformes","Poeciliidae","Gambusia","Gambusia affinis"
"ASV_1711",FALSE,"Basidiomycota","Agaricomycetes","Russulales","Russulaceae","Lactarius","Lactarius hatsudake"
"ASV_1713",FALSE,"Apicomplexa","Conoidasida","Eucoccidiorida","Eimeriidae","Eimeria","Eimeria sp."
"ASV_1715",FALSE,"Pseudomonadota","Alphaproteobacteria","Hyphomicrobiales","Nitrobacteraceae","Bradyrhizobium","Bradyrhizobium sp. Ash2021"
"ASV_1716",FALSE,"Pseudomonadota","Alphaproteobacteria","Hyphomicrobiales","Nitrobacteraceae","Bradyrhizobium","Bradyrhizobium sp. Ash2021"
"ASV_1717",FALSE,"Bacillota","Bacilli","Lactobacillales","Carnobacteriaceae","Carnobacterium","Carnobacterium maltaromaticum"
"ASV_1718",FALSE,"Pseudomonadota","Alphaproteobacteria","Hyphomicrobiales","Nitrobacteraceae","Bradyrhizobium","Bradyrhizobium sp. Ash2021"
"ASV_1719",FALSE,"Pseudomonadota","Alphaproteobacteria","Hyphomicrobiales","Nitrobacteraceae","Bradyrhizobium","Bradyrhizobium sp. Ash2021"
"ASV_1720",FALSE,"Pseudomonadota","Alphaproteobacteria","Hyphomicrobiales","Nitrobacteraceae","Bradyrhizobium","Bradyrhizobium sp. Ash2021"
"ASV_1721",FALSE,"Bacillota","Bacilli","Lactobacillales","Carnobacteriaceae","Carnobacterium","Carnobacterium divergens"
"ASV_1725",FALSE,"Pseudomonadota","Alphaproteobacteria","Hyphomicrobiales","Nitrobacteraceae","Bradyrhizobium","Bradyrhizobium sp. Ash2021"
"ASV_1726",FALSE,"Pseudomonadota","Alphaproteobacteria","Hyphomicrobiales","Nitrobacteraceae","Bradyrhizobium","Bradyrhizobium sp. Ash2021"
"ASV_1727",FALSE,"Pseudomonadota","Alphaproteobacteria","Hyphomicrobiales","Nitrobacteraceae","Bradyrhizobium","Bradyrhizobium sp. Ash2021"
"ASV_1728",FALSE,"Pseudomonadota","Alphaproteobacteria","Hyphomicrobiales","Nitrobacteraceae","Bradyrhizobium","Bradyrhizobium sp. Ash2021"
"ASV_1729",FALSE,"Pseudomonadota","Alphaproteobacteria","Hyphomicrobiales","Nitrobacteraceae","Bradyrhizobium","Bradyrhizobium sp. Ash2021"
"ASV_1730",FALSE,"Pseudomonadota","Alphaproteobacteria","Hyphomicrobiales","Nitrobacteraceae","Bradyrhizobium","Bradyrhizobium sp. Ash2021"
"ASV_1731",FALSE,"Pseudomonadota","Alphaproteobacteria","Hyphomicrobiales","Nitrobacteraceae","Bradyrhizobium","Bradyrhizobium sp. Ash2021"
"ASV_1732",FALSE,"Nematoda","Chromadorea","Rhabditida","Rhabditidae","Oscheius","Oscheius sp."
"ASV_1737",FALSE,"Arthropoda","Insecta","Lepidoptera","Elachistidae","","Elachistidae gen. elachBioLep01 sp. BioLep834"
"ASV_1740",FALSE,"Pseudomonadota","Alphaproteobacteria","Hyphomicrobiales","Nitrobacteraceae","Bradyrhizobium","Bradyrhizobium sp. Ash2021"
"ASV_1741",FALSE,"Pseudomonadota","Alphaproteobacteria","Hyphomicrobiales","Nitrobacteraceae","Bradyrhizobium","Bradyrhizobium sp. Ash2021"
"ASV_1742",FALSE,"Pseudomonadota","Alphaproteobacteria","Hyphomicrobiales","Nitrobacteraceae","Bradyrhizobium","Bradyrhizobium sp. Ash2021"
"ASV_1743",FALSE,"Pseudomonadota","Alphaproteobacteria","Hyphomicrobiales","Nitrobacteraceae","Bradyrhizobium","Bradyrhizobium sp. Ash2021"
"ASV_1744",FALSE,"Pseudomonadota","Alphaproteobacteria","Hyphomicrobiales","Nitrobacteraceae","Bradyrhizobium","Bradyrhizobium sp. Ash2021"
"ASV_1746",FALSE,"Basidiomycota","Agaricomycetes","Polyporales","Meripilaceae","Rigidoporus","Rigidoporus microporus"
"ASV_1747",FALSE,"Apicomplexa","Conoidasida","Eucoccidiorida","Eimeriidae","Eimeria","Eimeria sp."
"ASV_1748",FALSE,"Pseudomonadota","Alphaproteobacteria","Hyphomicrobiales","Nitrobacteraceae","Bradyrhizobium","Bradyrhizobium sp. Ash2021"
"ASV_1749",FALSE,"Pseudomonadota","Alphaproteobacteria","Hyphomicrobiales","Nitrobacteraceae","Bradyrhizobium","Bradyrhizobium sp. Ash2021"
"ASV_1750",FALSE,"Pseudomonadota","Alphaproteobacteria","Hyphomicrobiales","Nitrobacteraceae","Bradyrhizobium","Bradyrhizobium sp. Ash2021"
"ASV_1751",FALSE,"Pseudomonadota","Alphaproteobacteria","Hyphomicrobiales","Nitrobacteraceae","Bradyrhizobium","Bradyrhizobium sp. Ash2021"
"ASV_1752",FALSE,"Chordata","Actinopteri","Cyprinodontiformes","Poeciliidae","Gambusia","Gambusia affinis"
"ASV_1754",FALSE,"Chordata","Actinopteri","Cyprinodontiformes","Poeciliidae","Gambusia","Gambusia affinis"
"ASV_1755",FALSE,"Pseudomonadota","Alphaproteobacteria","Hyphomicrobiales","Nitrobacteraceae","Bradyrhizobium","Bradyrhizobium sp. Ash2021"
"ASV_1757",FALSE,"Pseudomonadota","Alphaproteobacteria","Hyphomicrobiales","Nitrobacteraceae","Bradyrhizobium","Bradyrhizobium sp. Ash2021"
"ASV_1758",FALSE,"Pseudomonadota","Alphaproteobacteria","Hyphomicrobiales","Nitrobacteraceae","Bradyrhizobium","Bradyrhizobium sp. Ash2021"
"ASV_1759",FALSE,"Pseudomonadota","Alphaproteobacteria","Hyphomicrobiales","Nitrobacteraceae","Bradyrhizobium","Bradyrhizobium sp. Ash2021"
"ASV_1760",FALSE,"Pseudomonadota","Alphaproteobacteria","Hyphomicrobiales","Nitrobacteraceae","Bradyrhizobium","Bradyrhizobium sp. Ash2021"
"ASV_1762",FALSE,"Bacteroidota","Flavobacteriia","Flavobacteriales","Flavobacteriaceae","Maribacter","Maribacter sp. BPC-D8"
"ASV_1763",FALSE,"Pseudomonadota","Alphaproteobacteria","Hyphomicrobiales","Nitrobacteraceae","Bradyrhizobium","Bradyrhizobium sp. Ash2021"
"ASV_1764",FALSE,"Pseudomonadota","Alphaproteobacteria","Hyphomicrobiales","Nitrobacteraceae","Bradyrhizobium","Bradyrhizobium sp. Ash2021"
"ASV_1765",FALSE,"Pseudomonadota","Alphaproteobacteria","Hyphomicrobiales","Nitrobacteraceae","Bradyrhizobium","Bradyrhizobium sp. Ash2021"
"ASV_1766",FALSE,"Pseudomonadota","Alphaproteobacteria","Hyphomicrobiales","Nitrobacteraceae","Bradyrhizobium","Bradyrhizobium sp. Ash2021"
"ASV_1767",FALSE,"Chordata","Actinopteri","Cyprinodontiformes","Poeciliidae","Gambusia","Gambusia affinis"
"ASV_1768",FALSE,"Chordata","Actinopteri","Cyprinodontiformes","Poeciliidae","Gambusia","Gambusia affinis"
"ASV_1769",FALSE,"Chordata","Actinopteri","Cyprinodontiformes","Poeciliidae","Gambusia","Gambusia affinis"
"ASV_1770",FALSE,"Arthropoda","Arachnida","Trombidiformes","Ereynetidae","","Ereynetidae sp. BOLD:AAU6279"
"ASV_1772",FALSE,"Apicomplexa","Conoidasida","Eucoccidiorida","Eimeriidae","Eimeria","Eimeria sp."
"ASV_1775",FALSE,"Pseudomonadota","Alphaproteobacteria","Hyphomicrobiales","Nitrobacteraceae","Bradyrhizobium","Bradyrhizobium sp. Ash2021"
"ASV_1776",FALSE,"Ascomycota","Lecanoromycetes","Lecanorales","Parmeliaceae","Parmotrema","Parmotrema ultralucens"
"ASV_1778",FALSE,"Pseudomonadota","Alphaproteobacteria","Hyphomicrobiales","Nitrobacteraceae","Bradyrhizobium","Bradyrhizobium sp. Ash2021"
"ASV_1782",FALSE,"Bacteroidota","Flavobacteriia","Flavobacteriales","Flavobacteriaceae","Maribacter","Maribacter sp. R86514"
"ASV_1783",FALSE,"Pseudomonadota","Alphaproteobacteria","Hyphomicrobiales","Nitrobacteraceae","Bradyrhizobium","Bradyrhizobium sp. Ash2021"
"ASV_1784",FALSE,"Pseudomonadota","Alphaproteobacteria","Hyphomicrobiales","Nitrobacteraceae","Bradyrhizobium","Bradyrhizobium sp. Ash2021"
"ASV_1785",FALSE,"Pseudomonadota","Alphaproteobacteria","Hyphomicrobiales","Nitrobacteraceae","Bradyrhizobium","Bradyrhizobium sp. Ash2021"
"ASV_1786",FALSE,"Bacillota","Bacilli","Lactobacillales","Carnobacteriaceae","Carnobacterium","Carnobacterium divergens"
"ASV_1787",FALSE,"Pseudomonadota","Alphaproteobacteria","Hyphomicrobiales","Nitrobacteraceae","Bradyrhizobium","Bradyrhizobium sp. Ash2021"
"ASV_1788",FALSE,"Pseudomonadota","Alphaproteobacteria","Hyphomicrobiales","Nitrobacteraceae","Bradyrhizobium","Bradyrhizobium sp. Ash2021"
"ASV_1789",FALSE,"Pseudomonadota","Alphaproteobacteria","Hyphomicrobiales","Nitrobacteraceae","Bradyrhizobium","Bradyrhizobium sp. Ash2021"
"ASV_1790",FALSE,"Pseudomonadota","Alphaproteobacteria","Hyphomicrobiales","Nitrobacteraceae","Bradyrhizobium","Bradyrhizobium sp. Ash2021"
"ASV_1791",FALSE,"Pseudomonadota","Alphaproteobacteria","Hyphomicrobiales","Nitrobacteraceae","Bradyrhizobium","Bradyrhizobium sp. Ash2021"
"ASV_1792",FALSE,"Ascomycota","Dothideomycetes","Mycosphaerellales","Mycosphaerellaceae","Cercospora","Cercospora beticola"
"ASV_1794",FALSE,"Tubulinea","Elardia","Euamoebida","","Copromyxa","Copromyxa protea"
"ASV_1795",FALSE,"Chordata","Actinopteri","Clupeiformes","Engraulidae","Stolephorus","Stolephorus sp."
"ASV_1796",FALSE,"Ascomycota","Dothideomycetes","","","","Dothideomycetes sp. NU30"
"ASV_1797",FALSE,"Ascomycota","Dothideomycetes","Mycosphaerellales","Teratosphaeriaceae","Acrodontium","Acrodontium crateriforme"
"ASV_1798",FALSE,"Pseudomonadota","Alphaproteobacteria","Hyphomicrobiales","Nitrobacteraceae","Bradyrhizobium","Bradyrhizobium sp. Ash2021"
"ASV_1799",FALSE,"Arthropoda","Insecta","Diptera","Calliphoridae","Calliphora","Calliphora hilli"
"ASV_1800",FALSE,"Bacteroidota","Flavobacteriia","Flavobacteriales","Flavobacteriaceae","Formosa","Formosa agariphila"
"ASV_1801",FALSE,"Pseudomonadota","Alphaproteobacteria","Hyphomicrobiales","Nitrobacteraceae","Bradyrhizobium","Bradyrhizobium sp. Ash2021"
"ASV_1802",FALSE,"Ascomycota","Eurotiomycetes","Eurotiales","Aspergillaceae","Aspergillus","Aspergillus magnivesiculatus"
"ASV_1805",FALSE,"Pseudomonadota","Alphaproteobacteria","Hyphomicrobiales","Nitrobacteraceae","Bradyrhizobium","Bradyrhizobium sp. Ash2021"
"ASV_1806",FALSE,"Pseudomonadota","Alphaproteobacteria","Hyphomicrobiales","Nitrobacteraceae","Bradyrhizobium","Bradyrhizobium sp. Ash2021"
"ASV_1807",FALSE,"Pseudomonadota","Alphaproteobacteria","Hyphomicrobiales","Nitrobacteraceae","Bradyrhizobium","Bradyrhizobium sp. Ash2021"
"ASV_1809",FALSE,"Pseudomonadota","Alphaproteobacteria","Hyphomicrobiales","Nitrobacteraceae","Bradyrhizobium","Bradyrhizobium sp. Ash2021"
"ASV_1810",FALSE,"Pseudomonadota","Alphaproteobacteria","Hyphomicrobiales","Nitrobacteraceae","Bradyrhizobium","Bradyrhizobium sp. Ash2021"
"ASV_1811",FALSE,"Pseudomonadota","Alphaproteobacteria","Hyphomicrobiales","Nitrobacteraceae","Bradyrhizobium","Bradyrhizobium sp. Ash2021"
"ASV_1812",FALSE,"Pseudomonadota","Alphaproteobacteria","Hyphomicrobiales","Nitrobacteraceae","Bradyrhizobium","Bradyrhizobium sp. Ash2021"
"ASV_1813",FALSE,"Bacillariophyta","Fragilariophyceae","Licmophorales","Ulnariaceae","Ulnaria","Ulnaria acus"
"ASV_1814",FALSE,"Chordata","Actinopteri","Cyprinodontiformes","Poeciliidae","Gambusia","Gambusia holbrooki"
"ASV_1815",FALSE,"Bacillariophyta","Coscinodiscophyceae","Chaetocerotales","Chaetocerotaceae","Chaetoceros","Chaetoceros sp. MBTD-CMFRI-S045"
"ASV_1816",FALSE,"Pseudomonadota","Alphaproteobacteria","Hyphomicrobiales","Nitrobacteraceae","Bradyrhizobium","Bradyrhizobium sp. Ash2021"
"ASV_1821",FALSE,"Pseudomonadota","Alphaproteobacteria","Hyphomicrobiales","Nitrobacteraceae","Bradyrhizobium","Bradyrhizobium sp. Ash2021"
"ASV_1822",FALSE,"Arthropoda","Insecta","Diptera","Tephritidae","Bactrocera","Bactrocera correcta"
"ASV_1824",FALSE,"Bacillota","Bacilli","Bacillales","Caryophanaceae","Sporosarcina","Sporosarcina sp. PTS2304"
"ASV_1825",FALSE,"Pseudomonadota","Alphaproteobacteria","Hyphomicrobiales","Nitrobacteraceae","Bradyrhizobium","Bradyrhizobium sp. Ash2021"
"ASV_1826",FALSE,"Pseudomonadota","Alphaproteobacteria","Hyphomicrobiales","Nitrobacteraceae","Bradyrhizobium","Bradyrhizobium sp. Ash2021"
"ASV_1827",FALSE,"Pseudomonadota","Alphaproteobacteria","Hyphomicrobiales","Nitrobacteraceae","Bradyrhizobium","Bradyrhizobium sp. Ash2021"
"ASV_1833",FALSE,"Pseudomonadota","Alphaproteobacteria","Hyphomicrobiales","Nitrobacteraceae","Bradyrhizobium","Bradyrhizobium sp. Ash2021"
"ASV_1834",FALSE,"Ascomycota","Sordariomycetes","Hypocreales","Cordycipitaceae","Akanthomyces","Akanthomyces lecanii"
"ASV_1835",FALSE,"Pseudomonadota","Alphaproteobacteria","Hyphomicrobiales","Nitrobacteraceae","Bradyrhizobium","Bradyrhizobium sp. Ash2021"
"ASV_1836",FALSE,"Pseudomonadota","Alphaproteobacteria","Hyphomicrobiales","Nitrobacteraceae","Bradyrhizobium","Bradyrhizobium sp. Ash2021"
"ASV_1837",FALSE,"Pseudomonadota","Alphaproteobacteria","Hyphomicrobiales","Nitrobacteraceae","Bradyrhizobium","Bradyrhizobium sp. Ash2021"
"ASV_1838",FALSE,"Pseudomonadota","Alphaproteobacteria","Hyphomicrobiales","Nitrobacteraceae","Bradyrhizobium","Bradyrhizobium sp. Ash2021"
"ASV_1839",FALSE,"Pseudomonadota","Alphaproteobacteria","Hyphomicrobiales","Nitrobacteraceae","Bradyrhizobium","Bradyrhizobium sp. Ash2021"
"ASV_1840",FALSE,"Chordata","Actinopteri","Cyprinodontiformes","Poeciliidae","Gambusia","Gambusia affinis"
"ASV_1841",FALSE,"Platyhelminthes","Catenulida","","Stenostomidae","Stenostomum","Stenostomum cf. simplex AW-2018"
"ASV_1844",FALSE,"Discosea","Flabellinia","Dactylopodida","Vexilliferidae","Vexillifera","Vexillifera expectata"
"ASV_1845",FALSE,"Arthropoda","Arachnida","Sarcoptiformes","Trouessartiidae","Trouessartia","Trouessartia sp. 2 LGP-2021a"
"ASV_1846",FALSE,"Chordata","Actinopteri","Cyprinodontiformes","Poeciliidae","Gambusia","Gambusia affinis"
"ASV_1848",FALSE,"Arthropoda","Insecta","Hemiptera","Cicadellidae","Xestocephalus","Xestocephalus desertorum"
"ASV_1849",FALSE,"Bacteroidota","Flavobacteriia","Flavobacteriales","Flavobacteriaceae","Flavobacterium","Flavobacterium psychrophilum"
"ASV_1850",FALSE,"Pseudomonadota","Alphaproteobacteria","Hyphomicrobiales","Nitrobacteraceae","Bradyrhizobium","Bradyrhizobium sp. Ash2021"
"ASV_1852",FALSE,"Pseudomonadota","Alphaproteobacteria","Hyphomicrobiales","Nitrobacteraceae","Bradyrhizobium","Bradyrhizobium sp. Ash2021"
"ASV_1853",FALSE,"Pseudomonadota","Alphaproteobacteria","Hyphomicrobiales","Nitrobacteraceae","Bradyrhizobium","Bradyrhizobium sp. Ash2021"
"ASV_1854",FALSE,"Pseudomonadota","Alphaproteobacteria","Hyphomicrobiales","Nitrobacteraceae","Bradyrhizobium","Bradyrhizobium sp. Ash2021"
"ASV_1855",FALSE,"Pseudomonadota","Alphaproteobacteria","Hyphomicrobiales","Nitrobacteraceae","Bradyrhizobium","Bradyrhizobium sp. Ash2021"
"ASV_1856",FALSE,"Pseudomonadota","Alphaproteobacteria","Hyphomicrobiales","Nitrobacteraceae","Bradyrhizobium","Bradyrhizobium sp. Ash2021"
"ASV_1857",FALSE,"Pseudomonadota","Alphaproteobacteria","Hyphomicrobiales","Nitrobacteraceae","Bradyrhizobium","Bradyrhizobium sp. Ash2021"
"ASV_1858",FALSE,"Pseudomonadota","Alphaproteobacteria","Hyphomicrobiales","Nitrobacteraceae","Bradyrhizobium","Bradyrhizobium sp. Ash2021"
"ASV_1859",FALSE,"Pseudomonadota","Alphaproteobacteria","Hyphomicrobiales","Nitrobacteraceae","Bradyrhizobium","Bradyrhizobium sp. Ash2021"
"ASV_1860",FALSE,"Pseudomonadota","Alphaproteobacteria","Hyphomicrobiales","Nitrobacteraceae","Bradyrhizobium","Bradyrhizobium sp. Ash2021"
"ASV_1861",FALSE,"Pseudomonadota","Alphaproteobacteria","Hyphomicrobiales","Nitrobacteraceae","Bradyrhizobium","Bradyrhizobium sp. Ash2021"
"ASV_1862",FALSE,"Pseudomonadota","Alphaproteobacteria","Hyphomicrobiales","Nitrobacteraceae","Bradyrhizobium","Bradyrhizobium sp. Ash2021"
"ASV_1863",FALSE,"Chordata","Aves","Sphenisciformes","Spheniscidae","Eudyptula","Eudyptula minor"
"ASV_1864",FALSE,"Pseudomonadota","Alphaproteobacteria","Hyphomicrobiales","Nitrobacteraceae","Bradyrhizobium","Bradyrhizobium sp. Ash2021"
"ASV_1866",FALSE,"Chordata","Aves","Sphenisciformes","Spheniscidae","Eudyptula","Eudyptula minor"
"ASV_1867",FALSE,"Apicomplexa","Conoidasida","Eucoccidiorida","Eimeriidae","Eimeria","Eimeria sp."
"ASV_1868",FALSE,"Ascomycota","Dothideomycetes","Pleosporales","Phaeosphaeriaceae","Parastagonospora","Parastagonospora nodorum"
"ASV_1869",FALSE,"Ascomycota","Leotiomycetes","Helotiales","","Tetracladium","Tetracladium apiense"
"ASV_1870",FALSE,"Chordata","Aves","Sphenisciformes","Spheniscidae","Eudyptula","Eudyptula minor"
"ASV_1871",FALSE,"Bacteroidota","Flavobacteriia","Flavobacteriales","Flavobacteriaceae","Patiriisocius","Patiriisocius sp. Uisw"
"ASV_1873",FALSE,"Ascomycota","Leotiomycetes","Helotiales","","Tetracladium","Tetracladium breve"
"ASV_1874",FALSE,"Ascomycota","Sordariomycetes","Hypocreales","Bionectriaceae","Emericellopsis","Emericellopsis sp. 1a5"
"ASV_1876",FALSE,"Arthropoda","Insecta","Lepidoptera","Geometridae","Coelocrossa","Coelocrossa hypocrocea"
"ASV_1877",FALSE,"Ascomycota","Sordariomycetes","Sordariales","Chaetomiaceae","Allocanariomyces","Allocanariomyces sp."
"ASV_1878",FALSE,"Ascomycota","Leotiomycetes","","","Leohumicola","Leohumicola verrucosa"
"ASV_1882",FALSE,"Pseudomonadota","Alphaproteobacteria","Hyphomicrobiales","Nitrobacteraceae","Bradyrhizobium","Bradyrhizobium sp. Ash2021"
"ASV_1883",FALSE,"Pseudomonadota","Alphaproteobacteria","Hyphomicrobiales","Nitrobacteraceae","Bradyrhizobium","Bradyrhizobium sp. Ash2021"
"ASV_1884",FALSE,"Arthropoda","Insecta","Diptera","Sphaeroceridae","Leptocera","Leptocera erythrocera"
"ASV_1885",FALSE,"Pseudomonadota","Alphaproteobacteria","Hyphomicrobiales","Nitrobacteraceae","Bradyrhizobium","Bradyrhizobium sp. Ash2021"
"ASV_1886",FALSE,"Pseudomonadota","Alphaproteobacteria","Hyphomicrobiales","Nitrobacteraceae","Bradyrhizobium","Bradyrhizobium sp. Ash2021"
"ASV_1887",FALSE,"Pseudomonadota","Alphaproteobacteria","Hyphomicrobiales","Nitrobacteraceae","Bradyrhizobium","Bradyrhizobium sp. Ash2021"
"ASV_1888",FALSE,"Pseudomonadota","Alphaproteobacteria","Hyphomicrobiales","Nitrobacteraceae","Bradyrhizobium","Bradyrhizobium sp. Ash2021"
"ASV_1889",FALSE,"Pseudomonadota","Alphaproteobacteria","Hyphomicrobiales","Nitrobacteraceae","Bradyrhizobium","Bradyrhizobium sp. Ash2021"
"ASV_1891",FALSE,"Chordata","Actinopteri","Cyprinodontiformes","Poeciliidae","Gambusia","Gambusia affinis"
"ASV_1892",FALSE,"Chordata","Actinopteri","Cyprinodontiformes","Poeciliidae","Gambusia","Gambusia affinis"
"ASV_1893",FALSE,"Chordata","Actinopteri","Cyprinodontiformes","Poeciliidae","Gambusia","Gambusia affinis"
"ASV_1894",FALSE,"Ascomycota","Sordariomycetes","Hypocreales","Ophiocordycipitaceae","Hirsutella","Hirsutella vermicola"
"ASV_1895",FALSE,"Discosea","","Himatismenida","Cochliopodiidae","Cochliopodium","Cochliopodium minus"
"ASV_1896",FALSE,"Ascomycota","Eurotiomycetes","Chaetothyriales","Trichomeriaceae","Arthrocladium","Arthrocladium fulminans"
"ASV_1897",FALSE,"Ascomycota","Eurotiomycetes","Chaetothyriales","Herpotrichiellaceae","Exophiala","Exophiala lecanii-corni"
"ASV_1899",FALSE,"","Synurophyceae","Ochromonadales","Ochromonadaceae","Cornospumella","Cornospumella fuschlensis"
"ASV_1901",FALSE,"Oomycota","","Saprolegniales","Saprolegniaceae","Achlya","Achlya hypogyna"
"ASV_1904",FALSE,"Nematoda","Chromadorea","Rhabditida","Rhabditidae","Oscheius","Oscheius sp."
"ASV_1906",FALSE,"Pseudomonadota","Alphaproteobacteria","Hyphomicrobiales","Nitrobacteraceae","Bradyrhizobium","Bradyrhizobium sp. Ash2021"
"ASV_1907",FALSE,"Pseudomonadota","Alphaproteobacteria","Hyphomicrobiales","Nitrobacteraceae","Bradyrhizobium","Bradyrhizobium sp. Ash2021"
"ASV_1908",FALSE,"Pseudomonadota","Alphaproteobacteria","Hyphomicrobiales","Nitrobacteraceae","Bradyrhizobium","Bradyrhizobium sp. Ash2021"
"ASV_1909",FALSE,"Pseudomonadota","Alphaproteobacteria","Hyphomicrobiales","Nitrobacteraceae","Bradyrhizobium","Bradyrhizobium sp. Ash2021"
"ASV_1910",FALSE,"Pseudomonadota","Alphaproteobacteria","Hyphomicrobiales","Nitrobacteraceae","Bradyrhizobium","Bradyrhizobium sp. Ash2021"
"ASV_1911",FALSE,"Pseudomonadota","Alphaproteobacteria","Hyphomicrobiales","Nitrobacteraceae","Bradyrhizobium","Bradyrhizobium sp. Ash2021"
"ASV_1912",FALSE,"Ascomycota","Sordariomycetes","Ophiostomatales","Ophiostomataceae","Ophiostoma","Ophiostoma piceae"
"ASV_1913",FALSE,"Bacteroidota","Flavobacteriia","Flavobacteriales","Flavobacteriaceae","Flavobacterium","Flavobacterium sp. Sr18"
"ASV_1914",FALSE,"Pseudomonadota","Alphaproteobacteria","Hyphomicrobiales","Nitrobacteraceae","Bradyrhizobium","Bradyrhizobium sp. Ash2021"
"ASV_1915",FALSE,"Pseudomonadota","Alphaproteobacteria","Hyphomicrobiales","Nitrobacteraceae","Bradyrhizobium","Bradyrhizobium sp. Ash2021"
"ASV_1916",FALSE,"Pseudomonadota","Alphaproteobacteria","Hyphomicrobiales","Nitrobacteraceae","Bradyrhizobium","Bradyrhizobium sp. Ash2021"
"ASV_1917",FALSE,"Pseudomonadota","Alphaproteobacteria","Hyphomicrobiales","Nitrobacteraceae","Bradyrhizobium","Bradyrhizobium sp. Ash2021"
"ASV_1918",FALSE,"Pseudomonadota","Alphaproteobacteria","Hyphomicrobiales","Nitrobacteraceae","Bradyrhizobium","Bradyrhizobium sp. Ash2021"
"ASV_1919",FALSE,"Chordata","Aves","Sphenisciformes","Spheniscidae","Eudyptula","Eudyptula minor"
"ASV_1920",FALSE,"Pseudomonadota","Alphaproteobacteria","Hyphomicrobiales","Nitrobacteraceae","Bradyrhizobium","Bradyrhizobium sp. Ash2021"
"ASV_1921",FALSE,"Pseudomonadota","Alphaproteobacteria","Hyphomicrobiales","Nitrobacteraceae","Bradyrhizobium","Bradyrhizobium sp. Ash2021"
"ASV_1922",FALSE,"Pseudomonadota","Alphaproteobacteria","Hyphomicrobiales","Nitrobacteraceae","Bradyrhizobium","Bradyrhizobium sp. Ash2021"
"ASV_1923",FALSE,"Pseudomonadota","Alphaproteobacteria","Hyphomicrobiales","Nitrobacteraceae","Bradyrhizobium","Bradyrhizobium sp. Ash2021"
"ASV_1925",FALSE,"Chordata","Actinopteri","Cyprinodontiformes","Poeciliidae","Gambusia","Gambusia affinis"
"ASV_1926",FALSE,"Bacteroidota","Flavobacteriia","Flavobacteriales","Flavobacteriaceae","Aequorivita","Aequorivita ciconiae"
"ASV_1927",FALSE,"Ascomycota","Leotiomycetes","Helotiales","Arachnopezizaceae","Arachnopeziza","Arachnopeziza aurata"
"ASV_1928",FALSE,"Arthropoda","Insecta","Lepidoptera","Tineidae","Monopis","Monopis crocicapitella"
"ASV_1929",FALSE,"Bacteroidota","Sphingobacteriia","Sphingobacteriales","Sphingobacteriaceae","Pedobacter","Pedobacter sp."
"ASV_1930",FALSE,"Tubulinea","Elardia","Arcellinida","Plagiopyxidae","Plagiopyxis","Plagiopyxis callida"
"ASV_1932",FALSE,"Pseudomonadota","Alphaproteobacteria","Hyphomicrobiales","Nitrobacteraceae","Bradyrhizobium","Bradyrhizobium sp. Ash2021"
"ASV_1934",FALSE,"Pseudomonadota","Alphaproteobacteria","Hyphomicrobiales","Nitrobacteraceae","Bradyrhizobium","Bradyrhizobium sp. Ash2021"
"ASV_1935",FALSE,"Pseudomonadota","Alphaproteobacteria","Hyphomicrobiales","Nitrobacteraceae","Bradyrhizobium","Bradyrhizobium sp. Ash2021"
"ASV_1936",FALSE,"Ascomycota","Eurotiomycetes","Chaetothyriales","Herpotrichiellaceae","Cladophialophora","Cladophialophora bantiana"
"ASV_1937",FALSE,"Pseudomonadota","Alphaproteobacteria","Hyphomicrobiales","Nitrobacteraceae","Bradyrhizobium","Bradyrhizobium sp. Ash2021"
"ASV_1938",FALSE,"","Synurophyceae","Synurales","Mallomonadaceae","Synura","Synura petersenii"
"ASV_1940",FALSE,"Pseudomonadota","Alphaproteobacteria","Hyphomicrobiales","Nitrobacteraceae","Bradyrhizobium","Bradyrhizobium sp. Ash2021"
"ASV_1941",FALSE,"Pseudomonadota","Alphaproteobacteria","Hyphomicrobiales","Nitrobacteraceae","Bradyrhizobium","Bradyrhizobium sp. Ash2021"
"ASV_1942",FALSE,"Pseudomonadota","Alphaproteobacteria","Hyphomicrobiales","Nitrobacteraceae","Bradyrhizobium","Bradyrhizobium sp. Ash2021"
"ASV_1943",FALSE,"Pseudomonadota","Alphaproteobacteria","Hyphomicrobiales","Nitrobacteraceae","Bradyrhizobium","Bradyrhizobium sp. Ash2021"
"ASV_1944",FALSE,"Pseudomonadota","Alphaproteobacteria","Hyphomicrobiales","Nitrobacteraceae","Bradyrhizobium","Bradyrhizobium sp. Ash2021"
"ASV_1945",FALSE,"Pseudomonadota","Alphaproteobacteria","Hyphomicrobiales","Nitrobacteraceae","Bradyrhizobium","Bradyrhizobium sp. Ash2021"
"ASV_1946",FALSE,"Chordata","Aves","Sphenisciformes","Spheniscidae","Eudyptula","Eudyptula minor"
"ASV_1947",FALSE,"Pseudomonadota","Alphaproteobacteria","Hyphomicrobiales","Nitrobacteraceae","Bradyrhizobium","Bradyrhizobium sp. Ash2021"
"ASV_1948",FALSE,"Pseudomonadota","Alphaproteobacteria","Hyphomicrobiales","Nitrobacteraceae","Bradyrhizobium","Bradyrhizobium sp. Ash2021"
"ASV_1949",FALSE,"Ascomycota","Leotiomycetes","Helotiales","","Tetracladium","Tetracladium apiense"
"ASV_1950",FALSE,"Ascomycota","Eurotiomycetes","Chaetothyriales","Trichomeriaceae","Arthrocladium","Arthrocladium fulminans"
"ASV_1951",FALSE,"Bacteroidota","Flavobacteriia","Flavobacteriales","Crocinitomicaceae","Fluviicola","Fluviicola sp."
"ASV_1952",FALSE,"Tubulinea","Elardia","Euamoebida","Hartmannellidae","Ptolemeba","Ptolemeba bulliensis"
"ASV_1954",FALSE,"Bacteroidota","Flavobacteriia","Flavobacteriales","Flavobacteriaceae","","uncultured Flavobacteriaceae bacterium"
"ASV_1956",FALSE,"Ascomycota","Pichiomycetes","Serinales","Debaryomycetaceae","Candida","Candida buenavistaensis"
"ASV_1958",FALSE,"Ascomycota","Eurotiomycetes","Chaetothyriales","Trichomeriaceae","Arthrocladium","Arthrocladium fulminans"
"ASV_1959",FALSE,"Pseudomonadota","Alphaproteobacteria","Hyphomicrobiales","Nitrobacteraceae","Bradyrhizobium","Bradyrhizobium sp. Ash2021"
"ASV_1960",FALSE,"Pseudomonadota","Alphaproteobacteria","Hyphomicrobiales","Nitrobacteraceae","Bradyrhizobium","Bradyrhizobium sp. Ash2021"
"ASV_1963",FALSE,"Pseudomonadota","Alphaproteobacteria","Hyphomicrobiales","Nitrobacteraceae","Bradyrhizobium","Bradyrhizobium sp. Ash2021"
"ASV_1964",FALSE,"Pseudomonadota","Alphaproteobacteria","Hyphomicrobiales","Nitrobacteraceae","Bradyrhizobium","Bradyrhizobium sp. Ash2021"
"ASV_1968",FALSE,"Pseudomonadota","Alphaproteobacteria","Hyphomicrobiales","Nitrobacteraceae","Bradyrhizobium","Bradyrhizobium sp. Ash2021"
"ASV_1969",FALSE,"Pseudomonadota","Alphaproteobacteria","Hyphomicrobiales","Nitrobacteraceae","Bradyrhizobium","Bradyrhizobium sp. Ash2021"
"ASV_1970",FALSE,"Pseudomonadota","Alphaproteobacteria","Hyphomicrobiales","Nitrobacteraceae","Bradyrhizobium","Bradyrhizobium sp. Ash2021"
"ASV_1971",FALSE,"Pseudomonadota","Alphaproteobacteria","Hyphomicrobiales","Nitrobacteraceae","Bradyrhizobium","Bradyrhizobium sp. Ash2021"
"ASV_1972",FALSE,"Pseudomonadota","Alphaproteobacteria","Hyphomicrobiales","Nitrobacteraceae","Bradyrhizobium","Bradyrhizobium sp. Ash2021"
"ASV_1973",FALSE,"Chordata","Aves","Sphenisciformes","Spheniscidae","Eudyptula","Eudyptula minor"
"ASV_1974",FALSE,"Chordata","Aves","Sphenisciformes","Spheniscidae","Eudyptula","Eudyptula minor"
"ASV_1975",FALSE,"Chordata","Actinopteri","Cyprinodontiformes","Poeciliidae","Gambusia","Gambusia affinis"
"ASV_1977",FALSE,"Bacteroidota","Flavobacteriia","Flavobacteriales","Flavobacteriaceae","","uncultured Flavobacteriaceae bacterium"
"ASV_1978",FALSE,"Tubulinea","Elardia","Euamoebida","Hartmannellidae","Ptolemeba","Ptolemeba bulliensis"
"ASV_1980",FALSE,"Bacteroidota","Flavobacteriia","Flavobacteriales","Flavobacteriaceae","Aequorivita","Aequorivita ciconiae"
"ASV_1981",FALSE,"Pseudomonadota","Alphaproteobacteria","Hyphomicrobiales","Nitrobacteraceae","Bradyrhizobium","Bradyrhizobium sp. Ash2021"
"ASV_1983",FALSE,"Pseudomonadota","Alphaproteobacteria","Hyphomicrobiales","Nitrobacteraceae","Bradyrhizobium","Bradyrhizobium sp. Ash2021"
"ASV_1984",FALSE,"Pseudomonadota","Alphaproteobacteria","Hyphomicrobiales","Nitrobacteraceae","Bradyrhizobium","Bradyrhizobium sp. Ash2021"
"ASV_1985",FALSE,"Pseudomonadota","Alphaproteobacteria","Hyphomicrobiales","Nitrobacteraceae","Bradyrhizobium","Bradyrhizobium sp. Ash2021"
"ASV_1986",FALSE,"Pseudomonadota","Alphaproteobacteria","Hyphomicrobiales","Nitrobacteraceae","Bradyrhizobium","Bradyrhizobium sp. Ash2021"
"ASV_1988",FALSE,"Pseudomonadota","Alphaproteobacteria","Hyphomicrobiales","Nitrobacteraceae","Bradyrhizobium","Bradyrhizobium sp. Ash2021"
"ASV_1989",FALSE,"Pseudomonadota","Alphaproteobacteria","Hyphomicrobiales","Nitrobacteraceae","Bradyrhizobium","Bradyrhizobium sp. Ash2021"
"ASV_1990",FALSE,"Pseudomonadota","Alphaproteobacteria","Hyphomicrobiales","Nitrobacteraceae","Bradyrhizobium","Bradyrhizobium sp. Ash2021"
"ASV_1991",FALSE,"Pseudomonadota","Alphaproteobacteria","Hyphomicrobiales","Nitrobacteraceae","Bradyrhizobium","Bradyrhizobium sp. Ash2021"
"ASV_1992",FALSE,"Pseudomonadota","Alphaproteobacteria","Hyphomicrobiales","Nitrobacteraceae","Bradyrhizobium","Bradyrhizobium sp. Ash2021"
"ASV_1993",FALSE,"Pseudomonadota","Alphaproteobacteria","Hyphomicrobiales","Nitrobacteraceae","Bradyrhizobium","Bradyrhizobium sp. Ash2021"
"ASV_1994",FALSE,"Pseudomonadota","Alphaproteobacteria","Hyphomicrobiales","Nitrobacteraceae","Bradyrhizobium","Bradyrhizobium sp. Ash2021"
"ASV_1995",FALSE,"Pseudomonadota","Alphaproteobacteria","Hyphomicrobiales","Nitrobacteraceae","Bradyrhizobium","Bradyrhizobium sp. Ash2021"
"ASV_1996",FALSE,"Pseudomonadota","Alphaproteobacteria","Hyphomicrobiales","Nitrobacteraceae","Bradyrhizobium","Bradyrhizobium sp. Ash2021"
"ASV_1997",FALSE,"Pseudomonadota","Alphaproteobacteria","Hyphomicrobiales","Nitrobacteraceae","Bradyrhizobium","Bradyrhizobium sp. Ash2021"
"ASV_1998",FALSE,"Pseudomonadota","Alphaproteobacteria","Hyphomicrobiales","Nitrobacteraceae","Bradyrhizobium","Bradyrhizobium sp. Ash2021"
"ASV_1999",FALSE,"Chordata","Aves","Sphenisciformes","Spheniscidae","Eudyptula","Eudyptula minor"
"ASV_2001",FALSE,"Bacteroidota","Flavobacteriia","Flavobacteriales","Flavobacteriaceae","Aestuariibaculum","Aestuariibaculum lutulentum"
"ASV_2002",FALSE,"Arthropoda","Insecta","Hymenoptera","","","Hymenoptera sp. BOLD:ACJ3100"
"ASV_2003",FALSE,"Ascomycota","Sordariomycetes","Amphisphaeriales","Apiosporaceae","Apiospora","Apiospora arundinis"
"ASV_2005",FALSE,"Apicomplexa","Conoidasida","Eucoccidiorida","Eimeriidae","Eimeria","Eimeria sp."
"ASV_2006",FALSE,"Ascomycota","Sordariomycetes","Hypocreales","Pseudodiploosporaceae","Zelopaecilomyces","Zelopaecilomyces penicillatus"
"ASV_2007",FALSE,"Chordata","Mammalia","Primates","Hominidae","Homo","Homo sapiens"
"ASV_2009",FALSE,"Bacteroidota","Sphingobacteriia","Sphingobacteriales","Sphingobacteriaceae","Pedobacter","Pedobacter riviphilus"
"ASV_2010",FALSE,"Tubulinea","Elardia","Arcellinida","Hyalospheniidae","Hyalosphenia","Hyalosphenia papilio"
"ASV_2011",FALSE,"Ascomycota","Sordariomycetes","Amphisphaeriales","Apiosporaceae","Apiospora","Apiospora arundinis"
"ASV_2014",FALSE,"Ascomycota","Eurotiomycetes","Onygenales","Arthrodermataceae","Arthroderma","Arthroderma uncinatum"
"ASV_2016",FALSE,"Pseudomonadota","Alphaproteobacteria","Hyphomicrobiales","Nitrobacteraceae","Bradyrhizobium","Bradyrhizobium sp. Ash2021"
"ASV_2017",FALSE,"Pseudomonadota","Alphaproteobacteria","Hyphomicrobiales","Nitrobacteraceae","Bradyrhizobium","Bradyrhizobium sp. Ash2021"
"ASV_2018",FALSE,"Pseudomonadota","Alphaproteobacteria","Hyphomicrobiales","Nitrobacteraceae","Bradyrhizobium","Bradyrhizobium sp. Ash2021"
"ASV_2019",FALSE,"Pseudomonadota","Alphaproteobacteria","Hyphomicrobiales","Nitrobacteraceae","Bradyrhizobium","Bradyrhizobium sp. Ash2021"
"ASV_2021",FALSE,"Pseudomonadota","Alphaproteobacteria","Hyphomicrobiales","Nitrobacteraceae","Bradyrhizobium","Bradyrhizobium sp. Ash2021"
"ASV_2022",FALSE,"Pseudomonadota","Gammaproteobacteria","Methylococcales","Methylococcaceae","Methylomonas","Methylomonas denitrificans"
"ASV_2023",FALSE,"Peploviricota","Herviviricetes","Herpesvirales","Orthoherpesviridae","Iltovirus","Iltovirus gallidalpha1"
"ASV_2025",FALSE,"Ascomycota","Eurotiomycetes","Eurotiales","Aspergillaceae","Penicillium","Penicillium canescens"
"ASV_2026",FALSE,"Streptophyta","Magnoliopsida","Fagales","Fagaceae","Quercus","Quercus suber"
"ASV_2028",FALSE,"Arthropoda","Insecta","Lepidoptera","Riodinidae","Dodona","Dodona dipoea"
"ASV_2030",FALSE,"Discosea","","Longamoebia","Acanthamoebidae","Acanthamoeba","Acanthamoeba astronyxis"
"ASV_2031",FALSE,"Pseudomonadota","Alphaproteobacteria","Hyphomicrobiales","Nitrobacteraceae","Bradyrhizobium","Bradyrhizobium sp. Ash2021"
"ASV_2032",FALSE,"Tubulinea","Elardia","Arcellinida","Plagiopyxidae","Plagiopyxis","Plagiopyxis callida"
"ASV_2035",FALSE,"Ascomycota","Sordariomycetes","Glomerellales","Plectosphaerellaceae","Verticillium","Verticillium nonalfalfae"
"ASV_2036",FALSE,"Arthropoda","Insecta","Hemiptera","Cicadidae","Meimuna","Meimuna opalifera"
"ASV_2037",FALSE,"Bacteroidota","Flavobacteriia","Flavobacteriales","Flavobacteriaceae","Flavobacterium","Flavobacterium flavipigmentatum"
"ASV_2039",FALSE,"Bacteroidota","Sphingobacteriia","Sphingobacteriales","Sphingobacteriaceae","","Sphingobacteriaceae bacterium GW460-11-11-14-LB5"
"ASV_2041",FALSE,"Bacteroidota","Flavobacteriia","Flavobacteriales","Flavobacteriaceae","Flavobacterium","Flavobacterium sp. KBS0721"
"ASV_2043",FALSE,"Pseudomonadota","Alphaproteobacteria","Hyphomicrobiales","Nitrobacteraceae","Bradyrhizobium","Bradyrhizobium sp. Ash2021"
"ASV_2044",FALSE,"Pseudomonadota","Alphaproteobacteria","Hyphomicrobiales","Nitrobacteraceae","Bradyrhizobium","Bradyrhizobium sp. Ash2021"
"ASV_2045",FALSE,"Pseudomonadota","Alphaproteobacteria","Hyphomicrobiales","Nitrobacteraceae","Bradyrhizobium","Bradyrhizobium sp. Ash2021"
"ASV_2046",FALSE,"Pseudomonadota","Alphaproteobacteria","Hyphomicrobiales","Nitrobacteraceae","Bradyrhizobium","Bradyrhizobium sp. Ash2021"
"ASV_2047",FALSE,"Pseudomonadota","Alphaproteobacteria","Hyphomicrobiales","Nitrobacteraceae","Bradyrhizobium","Bradyrhizobium sp. Ash2021"
"ASV_2048",FALSE,"Pseudomonadota","Alphaproteobacteria","Hyphomicrobiales","Nitrobacteraceae","Bradyrhizobium","Bradyrhizobium sp. Ash2021"
"ASV_2049",FALSE,"Pseudomonadota","Alphaproteobacteria","Hyphomicrobiales","Nitrobacteraceae","Bradyrhizobium","Bradyrhizobium sp. Ash2021"
"ASV_2050",FALSE,"Pseudomonadota","Alphaproteobacteria","Hyphomicrobiales","Nitrobacteraceae","Bradyrhizobium","Bradyrhizobium sp. Ash2021"
"ASV_2051",FALSE,"Pseudomonadota","Alphaproteobacteria","Hyphomicrobiales","Nitrobacteraceae","Bradyrhizobium","Bradyrhizobium sp. Ash2021"
"ASV_2052",FALSE,"Pseudomonadota","Alphaproteobacteria","Hyphomicrobiales","Nitrobacteraceae","Bradyrhizobium","Bradyrhizobium sp. Ash2021"
"ASV_2054",FALSE,"Pseudomonadota","Alphaproteobacteria","Hyphomicrobiales","Nitrobacteraceae","Bradyrhizobium","Bradyrhizobium sp. Ash2021"
"ASV_2055",FALSE,"Pseudomonadota","Alphaproteobacteria","Hyphomicrobiales","Nitrobacteraceae","Bradyrhizobium","Bradyrhizobium sp. Ash2021"
"ASV_2056",FALSE,"Pseudomonadota","Alphaproteobacteria","Hyphomicrobiales","Nitrobacteraceae","Bradyrhizobium","Bradyrhizobium sp. Ash2021"
"ASV_2057",FALSE,"Pseudomonadota","Alphaproteobacteria","Hyphomicrobiales","Nitrobacteraceae","Bradyrhizobium","Bradyrhizobium sp. Ash2021"
"ASV_2058",FALSE,"Pseudomonadota","Alphaproteobacteria","Hyphomicrobiales","Nitrobacteraceae","Bradyrhizobium","Bradyrhizobium sp. Ash2021"
"ASV_2059",FALSE,"","","","","","invertebrate environmental sample"
"ASV_2060",FALSE,"Rotifera","Eurotatoria","Philodinida","Philodinidae","Rotaria","Rotaria rotatoria"
"ASV_2061",FALSE,"Bacteroidota","Flavobacteriia","Flavobacteriales","Flavobacteriaceae","Aequorivita","Aequorivita nionensis"
"ASV_2062",FALSE,"Chordata","Aves","Sphenisciformes","Spheniscidae","Eudyptula","Eudyptula minor"
"ASV_2063",FALSE,"Ascomycota","Dothideomycetes","Mycosphaerellales","Mycosphaerellaceae","Cercospora","Cercospora sojina"
"ASV_2064",FALSE,"Arthropoda","Insecta","Lepidoptera","Erebidae","Euproctis","Euproctis cervina"
"ASV_2065",FALSE,"Ascomycota","Sordariomycetes","Ophiostomatales","Ophiostomataceae","Ophiostoma","Ophiostoma piceae"
"ASV_2066",FALSE,"Bacteroidota","Flavobacteriia","Flavobacteriales","Flavobacteriaceae","Flavobacterium","Flavobacterium flavipigmentatum"
"ASV_2068",FALSE,"Apicomplexa","Conoidasida","Eucoccidiorida","Eimeriidae","Eimeria","Eimeria sp."
"ASV_2070",FALSE,"Ascomycota","Sordariomycetes","Hypocreales","Ophiocordycipitaceae","Hirsutella","Hirsutella thompsonii"
"ASV_2071",FALSE,"Chlorophyta","Trebouxiophyceae","Prasiolales","Stichococcaceae","Diplosphaera","Diplosphaera sundellii"
"ASV_2072",FALSE,"Bacteroidota","Flavobacteriia","Flavobacteriales","Flavobacteriaceae","Flavobacterium","Flavobacterium sp. xlx-214"
"ASV_2074",FALSE,"Ascomycota","Sordariomycetes","Glomerellales","Plectosphaerellaceae","Verticillium","Verticillium dahliae"
"ASV_2079",FALSE,"Pseudomonadota","Alphaproteobacteria","Hyphomicrobiales","Nitrobacteraceae","Bradyrhizobium","Bradyrhizobium sp. Ash2021"
"ASV_2080",FALSE,"Pseudomonadota","Alphaproteobacteria","Hyphomicrobiales","Nitrobacteraceae","Bradyrhizobium","Bradyrhizobium sp. Ash2021"
"ASV_2081",FALSE,"Pseudomonadota","Alphaproteobacteria","Hyphomicrobiales","Nitrobacteraceae","Bradyrhizobium","Bradyrhizobium sp. Ash2021"
"ASV_2082",FALSE,"Pseudomonadota","Alphaproteobacteria","Hyphomicrobiales","Nitrobacteraceae","Bradyrhizobium","Bradyrhizobium sp. Ash2021"
"ASV_2083",FALSE,"Pseudomonadota","Alphaproteobacteria","Hyphomicrobiales","Nitrobacteraceae","Bradyrhizobium","Bradyrhizobium sp. Ash2021"
"ASV_2084",FALSE,"Pseudomonadota","Alphaproteobacteria","Hyphomicrobiales","Nitrobacteraceae","Bradyrhizobium","Bradyrhizobium sp. Ash2021"
"ASV_2085",FALSE,"Pseudomonadota","Alphaproteobacteria","Hyphomicrobiales","Nitrobacteraceae","Bradyrhizobium","Bradyrhizobium sp. Ash2021"
"ASV_2086",FALSE,"Pseudomonadota","Alphaproteobacteria","Hyphomicrobiales","Nitrobacteraceae","Bradyrhizobium","Bradyrhizobium sp. Ash2021"
"ASV_2087",FALSE,"Pseudomonadota","Alphaproteobacteria","Hyphomicrobiales","Nitrobacteraceae","Bradyrhizobium","Bradyrhizobium sp. Ash2021"
"ASV_2088",FALSE,"Pseudomonadota","Alphaproteobacteria","Hyphomicrobiales","Nitrobacteraceae","Bradyrhizobium","Bradyrhizobium sp. Ash2021"
"ASV_2089",FALSE,"Pseudomonadota","Alphaproteobacteria","Hyphomicrobiales","Nitrobacteraceae","Bradyrhizobium","Bradyrhizobium sp. Ash2021"
"ASV_2092",FALSE,"Pseudomonadota","Alphaproteobacteria","Hyphomicrobiales","Nitrobacteraceae","Bradyrhizobium","Bradyrhizobium sp. Ash2021"
"ASV_2093",FALSE,"Pseudomonadota","Alphaproteobacteria","Hyphomicrobiales","Nitrobacteraceae","Bradyrhizobium","Bradyrhizobium sp. Ash2021"
"ASV_2094",FALSE,"Pseudomonadota","Alphaproteobacteria","Hyphomicrobiales","Nitrobacteraceae","Bradyrhizobium","Bradyrhizobium sp. Ash2021"
"ASV_2095",FALSE,"Pseudomonadota","Alphaproteobacteria","Hyphomicrobiales","Nitrobacteraceae","Bradyrhizobium","Bradyrhizobium sp. Ash2021"
"ASV_2096",FALSE,"Pseudomonadota","Alphaproteobacteria","Hyphomicrobiales","Nitrobacteraceae","Bradyrhizobium","Bradyrhizobium sp. Ash2021"
"ASV_2097",FALSE,"Pseudomonadota","Alphaproteobacteria","Hyphomicrobiales","Nitrobacteraceae","Bradyrhizobium","Bradyrhizobium sp. Ash2021"
"ASV_2098",FALSE,"Pseudomonadota","Alphaproteobacteria","Hyphomicrobiales","Nitrobacteraceae","Bradyrhizobium","Bradyrhizobium sp. Ash2021"
"ASV_2099",FALSE,"Pseudomonadota","Alphaproteobacteria","Hyphomicrobiales","Nitrobacteraceae","Bradyrhizobium","Bradyrhizobium sp. Ash2021"
"ASV_2100",FALSE,"Pseudomonadota","Alphaproteobacteria","Hyphomicrobiales","Nitrobacteraceae","Bradyrhizobium","Bradyrhizobium sp. Ash2021"
"ASV_2101",FALSE,"Pseudomonadota","Alphaproteobacteria","Hyphomicrobiales","Nitrobacteraceae","Bradyrhizobium","Bradyrhizobium sp. Ash2021"
"ASV_2102",FALSE,"Pseudomonadota","Alphaproteobacteria","Hyphomicrobiales","Nitrobacteraceae","Bradyrhizobium","Bradyrhizobium sp. Ash2021"
"ASV_2103",FALSE,"Pseudomonadota","Alphaproteobacteria","Hyphomicrobiales","Nitrobacteraceae","Bradyrhizobium","Bradyrhizobium sp. Ash2021"
"ASV_2104",FALSE,"Pseudomonadota","Alphaproteobacteria","Hyphomicrobiales","Nitrobacteraceae","Bradyrhizobium","Bradyrhizobium sp. Ash2021"
"ASV_2106",FALSE,"Arthropoda","Insecta","Lepidoptera","Tineidae","Monopis","Monopis crocicapitella"
"ASV_2108",FALSE,"Cnidaria","Hydrozoa","Siphonophorae","Prayidae","Praya","Praya dubia"
"ASV_2109",FALSE,"Bacteroidota","Flavobacteriia","Flavobacteriales","Flavobacteriaceae","Flavobacterium","Flavobacterium pectinovorum"
"ASV_2110",FALSE,"Ascomycota","","","","","Ascomycota sp."
"ASV_2111",FALSE,"Bacteroidota","Flavobacteriia","Flavobacteriales","Flavobacteriaceae","Aequorivita","Aequorivita ciconiae"
"ASV_2112",FALSE,"Pseudomonadota","Alphaproteobacteria","Hyphomicrobiales","Nitrobacteraceae","Bradyrhizobium","Bradyrhizobium sp. Ash2021"
"ASV_2113",FALSE,"Chordata","Actinopteri","Blenniiformes","Tripterygiidae","Forsterygion","Forsterygion flavonigrum"
"ASV_2114",FALSE,"Arthropoda","Arachnida","Sarcoptiformes","Oribatellidae","","Oribatellidae sp. BIOUG08437-G08"
"ASV_2116",FALSE,"Bacteroidota","Flavobacteriia","Flavobacteriales","Flavobacteriaceae","Nonlabens","Nonlabens ulvanivorans"
"ASV_2117",FALSE,"Basidiomycota","Agaricomycetes","Agaricales","Squamanitaceae","Floccularia","Floccularia luteovirens"
"ASV_2119",FALSE,"Tubulinea","Elardia","Euamoebida","","Copromyxa","Copromyxa protea"
"ASV_2121",FALSE,"Pseudomonadota","Alphaproteobacteria","Hyphomicrobiales","Nitrobacteraceae","Bradyrhizobium","Bradyrhizobium sp. Ash2021"
"ASV_2122",FALSE,"Pseudomonadota","Alphaproteobacteria","Hyphomicrobiales","Nitrobacteraceae","Bradyrhizobium","Bradyrhizobium sp. Ash2021"
"ASV_2126",FALSE,"Pseudomonadota","Alphaproteobacteria","Hyphomicrobiales","Nitrobacteraceae","Bradyrhizobium","Bradyrhizobium sp. Ash2021"
"ASV_2127",FALSE,"Pseudomonadota","Alphaproteobacteria","Hyphomicrobiales","Nitrobacteraceae","Bradyrhizobium","Bradyrhizobium sp. Ash2021"
"ASV_2128",FALSE,"Pseudomonadota","Alphaproteobacteria","Hyphomicrobiales","Nitrobacteraceae","Bradyrhizobium","Bradyrhizobium sp. Ash2021"
"ASV_2129",FALSE,"Pseudomonadota","Alphaproteobacteria","Hyphomicrobiales","Nitrobacteraceae","Bradyrhizobium","Bradyrhizobium sp. Ash2021"
"ASV_2130",FALSE,"Pseudomonadota","Alphaproteobacteria","Hyphomicrobiales","Nitrobacteraceae","Bradyrhizobium","Bradyrhizobium sp. Ash2021"
"ASV_2131",FALSE,"Pseudomonadota","Alphaproteobacteria","Hyphomicrobiales","Nitrobacteraceae","Bradyrhizobium","Bradyrhizobium sp. Ash2021"
"ASV_2136",FALSE,"Pseudomonadota","Alphaproteobacteria","Hyphomicrobiales","Nitrobacteraceae","Bradyrhizobium","Bradyrhizobium sp. Ash2021"
"ASV_2137",FALSE,"Pseudomonadota","Alphaproteobacteria","Hyphomicrobiales","Nitrobacteraceae","Bradyrhizobium","Bradyrhizobium sp. Ash2021"
"ASV_2138",FALSE,"Pseudomonadota","Alphaproteobacteria","Hyphomicrobiales","Nitrobacteraceae","Bradyrhizobium","Bradyrhizobium sp. Ash2021"
"ASV_2139",FALSE,"Chordata","Actinopteri","Cyprinodontiformes","Poeciliidae","Gambusia","Gambusia holbrooki"
"ASV_2141",FALSE,"Arthropoda","Insecta","Hemiptera","Pseudococcidae","Ripersiella","Ripersiella emarai"
"ASV_2143",FALSE,"Pseudomonadota","Alphaproteobacteria","Hyphomicrobiales","Nitrobacteraceae","Bradyrhizobium","Bradyrhizobium sp. Ash2021"
"ASV_2144",FALSE,"Pseudomonadota","Alphaproteobacteria","Hyphomicrobiales","Nitrobacteraceae","Bradyrhizobium","Bradyrhizobium sp. Ash2021"
"ASV_2145",FALSE,"Pseudomonadota","Alphaproteobacteria","Hyphomicrobiales","Nitrobacteraceae","Bradyrhizobium","Bradyrhizobium sp. Ash2021"
"ASV_2146",FALSE,"Pseudomonadota","Alphaproteobacteria","Hyphomicrobiales","Nitrobacteraceae","Bradyrhizobium","Bradyrhizobium sp. Ash2021"
"ASV_2147",FALSE,"Pseudomonadota","Alphaproteobacteria","Hyphomicrobiales","Nitrobacteraceae","Bradyrhizobium","Bradyrhizobium sp. Ash2021"
"ASV_2148",FALSE,"Pseudomonadota","Alphaproteobacteria","Hyphomicrobiales","Nitrobacteraceae","Bradyrhizobium","Bradyrhizobium sp. Ash2021"
"ASV_2149",FALSE,"Pseudomonadota","Alphaproteobacteria","Hyphomicrobiales","Nitrobacteraceae","Bradyrhizobium","Bradyrhizobium sp. Ash2021"
"ASV_2150",FALSE,"Chordata","Aves","Sphenisciformes","Spheniscidae","Eudyptula","Eudyptula minor"
"ASV_2151",FALSE,"Pseudomonadota","Alphaproteobacteria","Hyphomicrobiales","Nitrobacteraceae","Bradyrhizobium","Bradyrhizobium sp. Ash2021"
"ASV_2152",FALSE,"Pseudomonadota","Alphaproteobacteria","Hyphomicrobiales","Nitrobacteraceae","Bradyrhizobium","Bradyrhizobium sp. Ash2021"
"ASV_2153",FALSE,"Chordata","Actinopteri","Cyprinodontiformes","Poeciliidae","Gambusia","Gambusia affinis"
"ASV_2154",FALSE,"Bacillota","Bacilli","Lactobacillales","Carnobacteriaceae","Carnobacterium","Carnobacterium divergens"
"ASV_2156",FALSE,"Nematoda","Chromadorea","Rhabditida","Diplogasteridae","Parapristionchus","Parapristionchus giblindavisi"
"ASV_2159",FALSE,"Basidiomycota","Tremellomycetes","Filobasidiales","Filobasidiaceae","Filobasidium","Filobasidium floriforme"
"ASV_2160",FALSE,"Chordata","Mammalia","Primates","Hominidae","Homo","Homo sapiens"
"ASV_2161",FALSE,"Pseudomonadota","Alphaproteobacteria","Hyphomicrobiales","Nitrobacteraceae","Bradyrhizobium","Bradyrhizobium sp. Ash2021"
"ASV_2162",FALSE,"Pseudomonadota","Alphaproteobacteria","Hyphomicrobiales","Nitrobacteraceae","Bradyrhizobium","Bradyrhizobium sp. Ash2021"
"ASV_2164",FALSE,"Ascomycota","Sordariomycetes","Glomerellales","Glomerellaceae","Colletotrichum","Colletotrichum salicis"
"ASV_2165",FALSE,"Bacteroidota","Flavobacteriia","Flavobacteriales","Flavobacteriaceae","Flavobacterium","Flavobacterium sp. ZE23DGlu08"
"ASV_2166",FALSE,"Pseudomonadota","Alphaproteobacteria","Hyphomicrobiales","Nitrobacteraceae","Bradyrhizobium","Bradyrhizobium sp. Ash2021"
"ASV_2167",FALSE,"Pseudomonadota","Alphaproteobacteria","Hyphomicrobiales","Nitrobacteraceae","Bradyrhizobium","Bradyrhizobium sp. Ash2021"
"ASV_2168",FALSE,"Pseudomonadota","Alphaproteobacteria","Hyphomicrobiales","Nitrobacteraceae","Bradyrhizobium","Bradyrhizobium sp. Ash2021"
"ASV_2169",FALSE,"Pseudomonadota","Alphaproteobacteria","Hyphomicrobiales","Nitrobacteraceae","Bradyrhizobium","Bradyrhizobium sp. Ash2021"
"ASV_2170",FALSE,"Pseudomonadota","Alphaproteobacteria","Hyphomicrobiales","Nitrobacteraceae","Bradyrhizobium","Bradyrhizobium sp. Ash2021"
"ASV_2171",FALSE,"Pseudomonadota","Alphaproteobacteria","Hyphomicrobiales","Nitrobacteraceae","Bradyrhizobium","Bradyrhizobium sp. Ash2021"
"ASV_2172",FALSE,"Pseudomonadota","Alphaproteobacteria","Hyphomicrobiales","Nitrobacteraceae","Bradyrhizobium","Bradyrhizobium sp. Ash2021"
"ASV_2173",FALSE,"Pseudomonadota","Alphaproteobacteria","Hyphomicrobiales","Nitrobacteraceae","Bradyrhizobium","Bradyrhizobium sp. Ash2021"
"ASV_2174",FALSE,"Pseudomonadota","Alphaproteobacteria","Hyphomicrobiales","Nitrobacteraceae","Bradyrhizobium","Bradyrhizobium sp. Ash2021"
"ASV_2175",FALSE,"Pseudomonadota","Alphaproteobacteria","Hyphomicrobiales","Nitrobacteraceae","Bradyrhizobium","Bradyrhizobium sp. Ash2021"
"ASV_2176",FALSE,"Pseudomonadota","Alphaproteobacteria","Hyphomicrobiales","Nitrobacteraceae","Bradyrhizobium","Bradyrhizobium sp. Ash2021"
"ASV_2180",FALSE,"Pseudomonadota","Alphaproteobacteria","Hyphomicrobiales","Nitrobacteraceae","Bradyrhizobium","Bradyrhizobium sp. Ash2021"
"ASV_2181",FALSE,"Pseudomonadota","Alphaproteobacteria","Hyphomicrobiales","Nitrobacteraceae","Bradyrhizobium","Bradyrhizobium sp. Ash2021"
"ASV_2182",FALSE,"Pseudomonadota","Alphaproteobacteria","Hyphomicrobiales","Nitrobacteraceae","Bradyrhizobium","Bradyrhizobium sp. Ash2021"
"ASV_2183",FALSE,"Ascomycota","Leotiomycetes","Helotiales","Mollisiaceae","Phialocephala","Phialocephala sp. SA-2014"
"ASV_2184",FALSE,"Ascomycota","Eurotiomycetes","Eurotiales","Aspergillaceae","Aspergillus","Aspergillus puulaauensis"
"ASV_2185",FALSE,"Pseudomonadota","Alphaproteobacteria","Hyphomicrobiales","Nitrobacteraceae","Bradyrhizobium","Bradyrhizobium sp. Ash2021"
"ASV_2186",FALSE,"Pseudomonadota","Alphaproteobacteria","Hyphomicrobiales","Nitrobacteraceae","Bradyrhizobium","Bradyrhizobium sp. Ash2021"
"ASV_2187",FALSE,"Pseudomonadota","Alphaproteobacteria","Hyphomicrobiales","Nitrobacteraceae","Bradyrhizobium","Bradyrhizobium sp. Ash2021"
"ASV_2188",FALSE,"Pseudomonadota","Alphaproteobacteria","Hyphomicrobiales","Nitrobacteraceae","Bradyrhizobium","Bradyrhizobium sp. Ash2021"
"ASV_2189",FALSE,"Pseudomonadota","Alphaproteobacteria","Hyphomicrobiales","Nitrobacteraceae","Bradyrhizobium","Bradyrhizobium sp. Ash2021"
"ASV_2190",FALSE,"Pseudomonadota","Alphaproteobacteria","Hyphomicrobiales","Nitrobacteraceae","Bradyrhizobium","Bradyrhizobium sp. Ash2021"
"ASV_2191",FALSE,"Pseudomonadota","Alphaproteobacteria","Hyphomicrobiales","Nitrobacteraceae","Bradyrhizobium","Bradyrhizobium sp. Ash2021"
"ASV_2194",FALSE,"Discosea","Flabellinia","","Vannellidae","Vannella","Vannella navicula"
"ASV_2195",FALSE,"Tubulinea","Elardia","Euamoebida","Hartmannellidae","Saccamoeba","Saccamoeba sp. MSED6"
"ASV_2197",FALSE,"Ascomycota","Sordariomycetes","Hypocreales","Cordycipitaceae","Cordyceps","Cordyceps militaris"
"ASV_2198",FALSE,"Ascomycota","Eurotiomycetes","Chaetothyriales","Herpotrichiellaceae","Cladophialophora","Cladophialophora bantiana"
"ASV_2199",FALSE,"Bacteroidota","Sphingobacteriia","Sphingobacteriales","Sphingobacteriaceae","Pedobacter","Pedobacter lusitanus"
"ASV_2201",FALSE,"Pseudomonadota","Alphaproteobacteria","Hyphomicrobiales","Nitrobacteraceae","Bradyrhizobium","Bradyrhizobium sp. Ash2021"
"ASV_2202",FALSE,"Pseudomonadota","Alphaproteobacteria","Hyphomicrobiales","Nitrobacteraceae","Bradyrhizobium","Bradyrhizobium sp. Ash2021"
"ASV_2203",FALSE,"Pseudomonadota","Alphaproteobacteria","Hyphomicrobiales","Nitrobacteraceae","Bradyrhizobium","Bradyrhizobium sp. Ash2021"
"ASV_2204",FALSE,"Pseudomonadota","Alphaproteobacteria","Hyphomicrobiales","Nitrobacteraceae","Bradyrhizobium","Bradyrhizobium sp. Ash2021"
"ASV_2209",FALSE,"Pseudomonadota","Alphaproteobacteria","Hyphomicrobiales","Nitrobacteraceae","Bradyrhizobium","Bradyrhizobium sp. Ash2021"
"ASV_2211",FALSE,"Pseudomonadota","Alphaproteobacteria","Hyphomicrobiales","Nitrobacteraceae","Bradyrhizobium","Bradyrhizobium sp. Ash2021"
"ASV_2212",FALSE,"Pseudomonadota","Alphaproteobacteria","Hyphomicrobiales","Nitrobacteraceae","Bradyrhizobium","Bradyrhizobium sp. Ash2021"
"ASV_2213",FALSE,"Pseudomonadota","Alphaproteobacteria","Hyphomicrobiales","Nitrobacteraceae","Bradyrhizobium","Bradyrhizobium sp. Ash2021"
"ASV_2214",FALSE,"Pseudomonadota","Alphaproteobacteria","Hyphomicrobiales","Nitrobacteraceae","Bradyrhizobium","Bradyrhizobium sp. Ash2021"
"ASV_2215",FALSE,"Oomycota","","Pythiales","Pythiaceae","Globisporangium","Globisporangium wuhanense"
"ASV_2216",FALSE,"Pseudomonadota","Alphaproteobacteria","Hyphomicrobiales","Nitrobacteraceae","Bradyrhizobium","Bradyrhizobium sp. Ash2021"
"ASV_2217",FALSE,"Pseudomonadota","Alphaproteobacteria","Hyphomicrobiales","Nitrobacteraceae","Bradyrhizobium","Bradyrhizobium sp. Ash2021"
"ASV_2218",FALSE,"Pseudomonadota","Alphaproteobacteria","Hyphomicrobiales","Nitrobacteraceae","Bradyrhizobium","Bradyrhizobium sp. Ash2021"
"ASV_2219",FALSE,"Pseudomonadota","Alphaproteobacteria","Hyphomicrobiales","Nitrobacteraceae","Bradyrhizobium","Bradyrhizobium sp. Ash2021"
"ASV_2220",FALSE,"Pseudomonadota","Alphaproteobacteria","Hyphomicrobiales","Nitrobacteraceae","Bradyrhizobium","Bradyrhizobium sp. Ash2021"
"ASV_2221",FALSE,"Pseudomonadota","Alphaproteobacteria","Hyphomicrobiales","Nitrobacteraceae","Bradyrhizobium","Bradyrhizobium sp. Ash2021"
"ASV_2222",FALSE,"Pseudomonadota","Alphaproteobacteria","Hyphomicrobiales","Nitrobacteraceae","Bradyrhizobium","Bradyrhizobium sp. Ash2021"
"ASV_2223",FALSE,"Pseudomonadota","Alphaproteobacteria","Hyphomicrobiales","Nitrobacteraceae","Bradyrhizobium","Bradyrhizobium sp. Ash2021"
"ASV_2224",FALSE,"Chordata","Aves","Sphenisciformes","Spheniscidae","Eudyptula","Eudyptula minor"
"ASV_2226",FALSE,"Ascomycota","Dothideomycetes","Mycosphaerellales","Mycosphaerellaceae","Cercospora","Cercospora sojina"
"ASV_2227",FALSE,"Arthropoda","Arachnida","Sarcoptiformes","Oribatellidae","","Oribatellidae sp. BIOUG08437-G08"
"ASV_2228",FALSE,"Ascomycota","Sordariomycetes","Hypocreales","Cordycipitaceae","Cordyceps","Cordyceps farinosa"
"ASV_2229",FALSE,"Ascomycota","Dothideomycetes","","","","Dothideomycetes sp. NU200"
"ASV_2230",FALSE,"Ascomycota","Dothideomycetes","Dothideales","Dothioraceae","Sydowia","Sydowia polyspora"
"ASV_2231",FALSE,"Arthropoda","Arachnida","Sarcoptiformes","Nanorchestidae","Nanorchestes","Nanorchestes sp. AD1089"
"ASV_2232",FALSE,"Oomycota","","Peronosporales","Peronosporaceae","Phytophthora","Phytophthora sp. 'zentmyerii x Peru4-like'"
"ASV_2233",FALSE,"Ascomycota","Dothideomycetes","Pleosporales","Phaeosphaeriaceae","Parastagonospora","Parastagonospora nodorum"
"ASV_2234",FALSE,"Ascomycota","Leotiomycetes","Helotiales","","Tetracladium","Tetracladium breve"
"ASV_2237",FALSE,"Bacteroidota","Flavobacteriia","Flavobacteriales","Flavobacteriaceae","Flavobacterium","Flavobacterium sp. CLA17"
"ASV_2239",FALSE,"Bacteroidota","Flavobacteriia","Flavobacteriales","Flavobacteriaceae","Aequorivita","Aequorivita nionensis"
"ASV_2245",FALSE,"Bacteroidota","Flavobacteriia","Flavobacteriales","Flavobacteriaceae","Maribacter","Maribacter sp. R86514"
"ASV_2248",FALSE,"Pseudomonadota","Alphaproteobacteria","Hyphomicrobiales","Nitrobacteraceae","Bradyrhizobium","Bradyrhizobium sp. Ash2021"
"ASV_2249",FALSE,"Pseudomonadota","Alphaproteobacteria","Hyphomicrobiales","Nitrobacteraceae","Bradyrhizobium","Bradyrhizobium sp. Ash2021"
"ASV_2250",FALSE,"Pseudomonadota","Alphaproteobacteria","Hyphomicrobiales","Nitrobacteraceae","Bradyrhizobium","Bradyrhizobium sp. Ash2021"
"ASV_2251",FALSE,"Pseudomonadota","Alphaproteobacteria","Hyphomicrobiales","Nitrobacteraceae","Bradyrhizobium","Bradyrhizobium sp. Ash2021"
"ASV_2252",FALSE,"Pseudomonadota","Alphaproteobacteria","Hyphomicrobiales","Nitrobacteraceae","Bradyrhizobium","Bradyrhizobium sp. Ash2021"
"ASV_2253",FALSE,"Pseudomonadota","Alphaproteobacteria","Hyphomicrobiales","Nitrobacteraceae","Bradyrhizobium","Bradyrhizobium sp. Ash2021"
"ASV_2254",FALSE,"Pseudomonadota","Alphaproteobacteria","Hyphomicrobiales","Nitrobacteraceae","Bradyrhizobium","Bradyrhizobium sp. Ash2021"
"ASV_2255",FALSE,"Pseudomonadota","Alphaproteobacteria","Hyphomicrobiales","Nitrobacteraceae","Bradyrhizobium","Bradyrhizobium sp. Ash2021"
"ASV_2256",FALSE,"Pseudomonadota","Alphaproteobacteria","Hyphomicrobiales","Nitrobacteraceae","Bradyrhizobium","Bradyrhizobium sp. Ash2021"
"ASV_2257",FALSE,"Pseudomonadota","Alphaproteobacteria","Hyphomicrobiales","Nitrobacteraceae","Bradyrhizobium","Bradyrhizobium sp. Ash2021"
"ASV_2258",FALSE,"Pseudomonadota","Alphaproteobacteria","Hyphomicrobiales","Nitrobacteraceae","Bradyrhizobium","Bradyrhizobium sp. Ash2021"
"ASV_2259",FALSE,"Pseudomonadota","Alphaproteobacteria","Hyphomicrobiales","Nitrobacteraceae","Bradyrhizobium","Bradyrhizobium sp. Ash2021"
"ASV_2260",FALSE,"Pseudomonadota","Alphaproteobacteria","Hyphomicrobiales","Nitrobacteraceae","Bradyrhizobium","Bradyrhizobium sp. Ash2021"
"ASV_2264",FALSE,"Pseudomonadota","Alphaproteobacteria","Hyphomicrobiales","Nitrobacteraceae","Bradyrhizobium","Bradyrhizobium sp. Ash2021"
"ASV_2265",FALSE,"Pseudomonadota","Alphaproteobacteria","Hyphomicrobiales","Nitrobacteraceae","Bradyrhizobium","Bradyrhizobium sp. Ash2021"
"ASV_2266",FALSE,"Pseudomonadota","Alphaproteobacteria","Hyphomicrobiales","Nitrobacteraceae","Bradyrhizobium","Bradyrhizobium sp. Ash2021"
"ASV_2270",FALSE,"Pseudomonadota","Alphaproteobacteria","Hyphomicrobiales","Nitrobacteraceae","Bradyrhizobium","Bradyrhizobium sp. Ash2021"
"ASV_2271",FALSE,"Pseudomonadota","Alphaproteobacteria","Hyphomicrobiales","Nitrobacteraceae","Bradyrhizobium","Bradyrhizobium sp. Ash2021"
"ASV_2272",FALSE,"Pseudomonadota","Alphaproteobacteria","Hyphomicrobiales","Nitrobacteraceae","Bradyrhizobium","Bradyrhizobium sp. Ash2021"
"ASV_2273",FALSE,"Pseudomonadota","Alphaproteobacteria","Hyphomicrobiales","Nitrobacteraceae","Bradyrhizobium","Bradyrhizobium sp. Ash2021"
"ASV_2275",FALSE,"Arthropoda","Insecta","Diptera","Cecidomyiidae","","Cecidomyiidae sp. BOLD:ACC8068"
"ASV_2276",FALSE,"Rhodophyta","Florideophyceae","Gigartinales","Rhizophyllidaceae","Portieria","Portieria cf. hornemannii sp.64 FL-2018"
"ASV_2277",FALSE,"Ascomycota","Eurotiomycetes","Chaetothyriales","Trichomeriaceae","Arthrocladium","Arthrocladium fulminans"
"ASV_2279",FALSE,"Ascomycota","Sordariomycetes","Hypocreales","Cordycipitaceae","Cordyceps","Cordyceps militaris"
"ASV_2280",FALSE,"Pseudomonadota","Alphaproteobacteria","Hyphomicrobiales","Nitrobacteraceae","Bradyrhizobium","Bradyrhizobium sp. Ash2021"
"ASV_2281",FALSE,"Pseudomonadota","Alphaproteobacteria","Hyphomicrobiales","Nitrobacteraceae","Bradyrhizobium","Bradyrhizobium sp. Ash2021"
"ASV_2282",FALSE,"Pseudomonadota","Alphaproteobacteria","Hyphomicrobiales","Nitrobacteraceae","Bradyrhizobium","Bradyrhizobium sp. Ash2021"
"ASV_2283",FALSE,"Ascomycota","Eurotiomycetes","Eurotiales","Aspergillaceae","Penicillium","Penicillium digitatum"
"ASV_2284",FALSE,"","","","","","eukaryotic synthetic construct"
"ASV_2285",FALSE,"Pseudomonadota","Alphaproteobacteria","Hyphomicrobiales","Nitrobacteraceae","Bradyrhizobium","Bradyrhizobium sp. Ash2021"
"ASV_2286",FALSE,"Annelida","Polychaeta","","Capitellidae","Dasybranchus","Dasybranchus sp. DH1"
"ASV_2287",FALSE,"Bacteroidota","Flavobacteriia","Flavobacteriales","Flavobacteriaceae","Flavobacterium","Flavobacterium sp. xlx-214"
"ASV_2290",FALSE,"Oomycota","","Saprolegniales","Saprolegniaceae","Sommerstorffia","Sommerstorffia sp. JR-2024a"
"ASV_2291",FALSE,"Chordata","Mammalia","Primates","Hominidae","Homo","Homo sapiens"
"ASV_2292",FALSE,"Chordata","Mammalia","Artiodactyla","Bovidae","Bos","Bos indicus"
"ASV_2294",FALSE,"Bacillota","Tissierellia","Tissierellales","Tissierellaceae","Tissierella","Tissierella sp. MB52-C2"
"ASV_2297",FALSE,"Pseudomonadota","Alphaproteobacteria","Hyphomicrobiales","Nitrobacteraceae","Bradyrhizobium","Bradyrhizobium sp. Ash2021"
"ASV_2298",FALSE,"Pseudomonadota","Alphaproteobacteria","Hyphomicrobiales","Nitrobacteraceae","Bradyrhizobium","Bradyrhizobium sp. Ash2021"
"ASV_2299",FALSE,"Pseudomonadota","Alphaproteobacteria","Hyphomicrobiales","Nitrobacteraceae","Bradyrhizobium","Bradyrhizobium sp. Ash2021"
"ASV_2300",FALSE,"Pseudomonadota","Alphaproteobacteria","Hyphomicrobiales","Nitrobacteraceae","Bradyrhizobium","Bradyrhizobium sp. Ash2021"
"ASV_2301",FALSE,"Pseudomonadota","Alphaproteobacteria","Hyphomicrobiales","Nitrobacteraceae","Bradyrhizobium","Bradyrhizobium sp. Ash2021"
"ASV_2302",FALSE,"Pseudomonadota","Alphaproteobacteria","Hyphomicrobiales","Nitrobacteraceae","Bradyrhizobium","Bradyrhizobium sp. Ash2021"
"ASV_2304",FALSE,"Pseudomonadota","Alphaproteobacteria","Hyphomicrobiales","Nitrobacteraceae","Bradyrhizobium","Bradyrhizobium sp. Ash2021"
"ASV_2305",FALSE,"Pseudomonadota","Alphaproteobacteria","Hyphomicrobiales","Nitrobacteraceae","Bradyrhizobium","Bradyrhizobium sp. Ash2021"
"ASV_2306",FALSE,"Pseudomonadota","Alphaproteobacteria","Hyphomicrobiales","Nitrobacteraceae","Bradyrhizobium","Bradyrhizobium sp. Ash2021"
"ASV_2307",FALSE,"Pseudomonadota","Alphaproteobacteria","Hyphomicrobiales","Nitrobacteraceae","Bradyrhizobium","Bradyrhizobium sp. Ash2021"
"ASV_2309",FALSE,"Pseudomonadota","Alphaproteobacteria","Hyphomicrobiales","Nitrobacteraceae","Bradyrhizobium","Bradyrhizobium sp. Ash2021"
"ASV_2310",FALSE,"Pseudomonadota","Alphaproteobacteria","Hyphomicrobiales","Nitrobacteraceae","Bradyrhizobium","Bradyrhizobium sp. Ash2021"
"ASV_2311",FALSE,"Pseudomonadota","Alphaproteobacteria","Hyphomicrobiales","Nitrobacteraceae","Bradyrhizobium","Bradyrhizobium sp. Ash2021"
"ASV_2312",FALSE,"Chordata","Actinopteri","Cyprinodontiformes","Poeciliidae","Gambusia","Gambusia affinis"
"ASV_2313",FALSE,"Pseudomonadota","Alphaproteobacteria","Hyphomicrobiales","Nitrobacteraceae","Bradyrhizobium","Bradyrhizobium sp. Ash2021"
"ASV_2314",FALSE,"Pseudomonadota","Alphaproteobacteria","Hyphomicrobiales","Nitrobacteraceae","Bradyrhizobium","Bradyrhizobium sp. Ash2021"
"ASV_2315",FALSE,"Pseudomonadota","Alphaproteobacteria","Hyphomicrobiales","Nitrobacteraceae","Bradyrhizobium","Bradyrhizobium sp. Ash2021"
"ASV_2316",FALSE,"Pseudomonadota","Alphaproteobacteria","Hyphomicrobiales","Nitrobacteraceae","Bradyrhizobium","Bradyrhizobium sp. Ash2021"
"ASV_2317",FALSE,"Pseudomonadota","Alphaproteobacteria","Hyphomicrobiales","Nitrobacteraceae","Bradyrhizobium","Bradyrhizobium sp. Ash2021"
"ASV_2319",FALSE,"Bacteroidota","Flavobacteriia","Flavobacteriales","Flavobacteriaceae","Marixanthomonas","Marixanthomonas sp. SCSIO 43207"
"ASV_2321",FALSE,"Chordata","Aves","Sphenisciformes","Spheniscidae","Eudyptula","Eudyptula minor"
"ASV_2322",FALSE,"Ascomycota","Sordariomycetes","Amphisphaeriales","Apiosporaceae","Apiospora","Apiospora arundinis"
"ASV_2323",FALSE,"Basidiomycota","Agaricomycetes","Hymenochaetales","Hymenochaetaceae","Phellinidium","Phellinidium ferrugineofuscum"
"ASV_2324",FALSE,"Pseudomonadota","Alphaproteobacteria","Hyphomicrobiales","Nitrobacteraceae","Bradyrhizobium","Bradyrhizobium sp. Ash2021"
"ASV_2325",FALSE,"Pseudomonadota","Alphaproteobacteria","Hyphomicrobiales","Nitrobacteraceae","Bradyrhizobium","Bradyrhizobium sp. Ash2021"
"ASV_2326",FALSE,"Pseudomonadota","Alphaproteobacteria","Hyphomicrobiales","Nitrobacteraceae","Bradyrhizobium","Bradyrhizobium sp. Ash2021"
"ASV_2327",FALSE,"Pseudomonadota","Alphaproteobacteria","Hyphomicrobiales","Nitrobacteraceae","Bradyrhizobium","Bradyrhizobium sp. Ash2021"
"ASV_2328",FALSE,"Pseudomonadota","Alphaproteobacteria","Hyphomicrobiales","Nitrobacteraceae","Bradyrhizobium","Bradyrhizobium sp. Ash2021"
"ASV_2329",FALSE,"Bacteroidota","Flavobacteriia","Flavobacteriales","Flavobacteriaceae","Flavobacterium","Flavobacterium marginilacus"
"ASV_2330",FALSE,"Ascomycota","Sordariomycetes","Glomerellales","Glomerellaceae","Colletotrichum","Colletotrichum salicis"
"ASV_2331",FALSE,"Discosea","","Himatismenida","Cochliopodiidae","Cochliopodium","Cochliopodium larifeili"
"ASV_2338",FALSE,"Bacteroidota","Flavobacteriia","Flavobacteriales","Flavobacteriaceae","Aequorivita","Aequorivita sublithincola"
"ASV_2339",FALSE,"Chordata","Actinopteri","Cyprinodontiformes","Poeciliidae","Gambusia","Gambusia affinis"
"ASV_2341",FALSE,"Pseudomonadota","Alphaproteobacteria","Hyphomicrobiales","Nitrobacteraceae","Bradyrhizobium","Bradyrhizobium sp. Ash2021"
"ASV_2342",FALSE,"Pseudomonadota","Alphaproteobacteria","Hyphomicrobiales","Nitrobacteraceae","Bradyrhizobium","Bradyrhizobium sp. Ash2021"
"ASV_2343",FALSE,"Pseudomonadota","Alphaproteobacteria","Hyphomicrobiales","Nitrobacteraceae","Bradyrhizobium","Bradyrhizobium sp. Ash2021"
"ASV_2344",FALSE,"Pseudomonadota","Alphaproteobacteria","Hyphomicrobiales","Nitrobacteraceae","Bradyrhizobium","Bradyrhizobium sp. Ash2021"
"ASV_2345",FALSE,"Pseudomonadota","Alphaproteobacteria","Hyphomicrobiales","Nitrobacteraceae","Bradyrhizobium","Bradyrhizobium sp. Ash2021"
"ASV_2346",FALSE,"Pseudomonadota","Alphaproteobacteria","Hyphomicrobiales","Nitrobacteraceae","Bradyrhizobium","Bradyrhizobium sp. Ash2021"
"ASV_2347",FALSE,"Pseudomonadota","Alphaproteobacteria","Hyphomicrobiales","Nitrobacteraceae","Bradyrhizobium","Bradyrhizobium sp. Ash2021"
"ASV_2348",FALSE,"Pseudomonadota","Alphaproteobacteria","Hyphomicrobiales","Nitrobacteraceae","Bradyrhizobium","Bradyrhizobium sp. Ash2021"
"ASV_2349",FALSE,"Pseudomonadota","Alphaproteobacteria","Hyphomicrobiales","Nitrobacteraceae","Bradyrhizobium","Bradyrhizobium sp. Ash2021"
"ASV_2350",FALSE,"Pseudomonadota","Alphaproteobacteria","Hyphomicrobiales","Nitrobacteraceae","Bradyrhizobium","Bradyrhizobium sp. Ash2021"
"ASV_2351",FALSE,"Pseudomonadota","Alphaproteobacteria","Hyphomicrobiales","Nitrobacteraceae","Bradyrhizobium","Bradyrhizobium sp. Ash2021"
"ASV_2352",FALSE,"Pseudomonadota","Alphaproteobacteria","Hyphomicrobiales","Nitrobacteraceae","Bradyrhizobium","Bradyrhizobium sp. Ash2021"
"ASV_2353",FALSE,"Pseudomonadota","Alphaproteobacteria","Hyphomicrobiales","Nitrobacteraceae","Bradyrhizobium","Bradyrhizobium sp. Ash2021"
"ASV_2355",FALSE,"Pseudomonadota","Alphaproteobacteria","Hyphomicrobiales","Nitrobacteraceae","Bradyrhizobium","Bradyrhizobium sp. Ash2021"
"ASV_2357",FALSE,"Bacillota","Bacilli","Lactobacillales","Carnobacteriaceae","Carnobacterium","Carnobacterium divergens"
"ASV_2359",FALSE,"Pseudomonadota","Alphaproteobacteria","Hyphomicrobiales","Nitrobacteraceae","Bradyrhizobium","Bradyrhizobium sp. Ash2021"
"ASV_2360",FALSE,"Pseudomonadota","Alphaproteobacteria","Hyphomicrobiales","Nitrobacteraceae","Bradyrhizobium","Bradyrhizobium sp. Ash2021"
"ASV_2361",FALSE,"Pseudomonadota","Alphaproteobacteria","Hyphomicrobiales","Nitrobacteraceae","Bradyrhizobium","Bradyrhizobium sp. Ash2021"
"ASV_2362",FALSE,"Pseudomonadota","Alphaproteobacteria","Hyphomicrobiales","Nitrobacteraceae","Bradyrhizobium","Bradyrhizobium sp. Ash2021"
"ASV_2363",FALSE,"Pseudomonadota","Alphaproteobacteria","Hyphomicrobiales","Nitrobacteraceae","Bradyrhizobium","Bradyrhizobium sp. Ash2021"
"ASV_2364",FALSE,"Pseudomonadota","Alphaproteobacteria","Hyphomicrobiales","Nitrobacteraceae","Bradyrhizobium","Bradyrhizobium sp. Ash2021"
"ASV_2365",FALSE,"Arthropoda","Collembola","Entomobryomorpha","Entomobryidae","Dicranocentrus","Dicranocentrus pallidus"
"ASV_2366",FALSE,"Ascomycota","Sordariomycetes","Hypocreales","Clavicipitaceae","Orbiocrella","Orbiocrella petchii"
"ASV_2368",FALSE,"Chordata","Aves","Sphenisciformes","Spheniscidae","Eudyptula","Eudyptula minor"
"ASV_2370",FALSE,"Pseudomonadota","Alphaproteobacteria","Hyphomicrobiales","Nitrobacteraceae","Bradyrhizobium","Bradyrhizobium sp. Ash2021"
"ASV_2372",FALSE,"Arthropoda","Insecta","Hymenoptera","Formicidae","Tatuidris","Tatuidris tatusia"
"ASV_2373",FALSE,"Evosea","Eumycetozoa","Physariida","Didymiaceae","Didymium","Didymium difforme"
"ASV_2374",FALSE,"Ascomycota","Sordariomycetes","Hypocreales","Bionectriaceae","Gliomastix","Gliomastix murorum"
"ASV_2378",FALSE,"Ascomycota","Sordariomycetes","Hypocreales","Nectriaceae","Fusarium","Fusarium gamtoosense"
"ASV_2379",FALSE,"Bacteroidota","Sphingobacteriia","Sphingobacteriales","Sphingobacteriaceae","Pedobacter","Pedobacter lusitanus"
"ASV_2380",FALSE,"Ascomycota","Eurotiomycetes","Chaetothyriales","Trichomeriaceae","Arthrocladium","Arthrocladium fulminans"
"ASV_2381",FALSE,"Ascomycota","Sordariomycetes","Amphisphaeriales","Sporocadaceae","Neopestalotiopsis","Neopestalotiopsis cubana"
"ASV_2384",FALSE,"Pseudomonadota","Alphaproteobacteria","Hyphomicrobiales","Nitrobacteraceae","Bradyrhizobium","Bradyrhizobium sp. Ash2021"
"ASV_2385",FALSE,"Bacteroidota","Flavobacteriia","Flavobacteriales","Flavobacteriaceae","Aequorivita","Aequorivita ciconiae"
"ASV_2392",FALSE,"Pseudomonadota","Alphaproteobacteria","Hyphomicrobiales","Nitrobacteraceae","Bradyrhizobium","Bradyrhizobium sp. Ash2021"
"ASV_2393",FALSE,"Pseudomonadota","Alphaproteobacteria","Hyphomicrobiales","Nitrobacteraceae","Bradyrhizobium","Bradyrhizobium sp. Ash2021"
"ASV_2394",FALSE,"Pseudomonadota","Alphaproteobacteria","Hyphomicrobiales","Nitrobacteraceae","Bradyrhizobium","Bradyrhizobium sp. Ash2021"
"ASV_2395",FALSE,"Pseudomonadota","Alphaproteobacteria","Hyphomicrobiales","Nitrobacteraceae","Bradyrhizobium","Bradyrhizobium sp. Ash2021"
"ASV_2396",FALSE,"Arthropoda","Insecta","Diptera","Limoniidae","Symplecta","Symplecta stictica"
"ASV_2397",FALSE,"Pseudomonadota","Alphaproteobacteria","Hyphomicrobiales","Nitrobacteraceae","Bradyrhizobium","Bradyrhizobium sp. Ash2021"
"ASV_2398",FALSE,"Pseudomonadota","Alphaproteobacteria","Hyphomicrobiales","Nitrobacteraceae","Bradyrhizobium","Bradyrhizobium sp. Ash2021"
"ASV_2399",FALSE,"Pseudomonadota","Alphaproteobacteria","Hyphomicrobiales","Nitrobacteraceae","Bradyrhizobium","Bradyrhizobium sp. Ash2021"
"ASV_2400",FALSE,"Pseudomonadota","Alphaproteobacteria","Hyphomicrobiales","Nitrobacteraceae","Bradyrhizobium","Bradyrhizobium sp. Ash2021"
"ASV_2403",FALSE,"Pseudomonadota","Alphaproteobacteria","Hyphomicrobiales","Nitrobacteraceae","Bradyrhizobium","Bradyrhizobium sp. Ash2021"
"ASV_2404",FALSE,"Pseudomonadota","Alphaproteobacteria","Hyphomicrobiales","Nitrobacteraceae","Bradyrhizobium","Bradyrhizobium sp. Ash2021"
"ASV_2405",FALSE,"Pseudomonadota","Alphaproteobacteria","Hyphomicrobiales","Nitrobacteraceae","Bradyrhizobium","Bradyrhizobium sp. Ash2021"
"ASV_2406",FALSE,"Pseudomonadota","Alphaproteobacteria","Hyphomicrobiales","Nitrobacteraceae","Bradyrhizobium","Bradyrhizobium sp. Ash2021"
"ASV_2407",FALSE,"Pseudomonadota","Alphaproteobacteria","Hyphomicrobiales","Nitrobacteraceae","Bradyrhizobium","Bradyrhizobium sp. Ash2021"
"ASV_2409",FALSE,"Pseudomonadota","Alphaproteobacteria","Hyphomicrobiales","Nitrobacteraceae","Bradyrhizobium","Bradyrhizobium sp. Ash2021"
"ASV_2410",FALSE,"Pseudomonadota","Alphaproteobacteria","Hyphomicrobiales","Nitrobacteraceae","Bradyrhizobium","Bradyrhizobium sp. Ash2021"
"ASV_2411",FALSE,"Pseudomonadota","Alphaproteobacteria","Hyphomicrobiales","Nitrobacteraceae","Bradyrhizobium","Bradyrhizobium sp. Ash2021"
"ASV_2412",FALSE,"Pseudomonadota","Alphaproteobacteria","Hyphomicrobiales","Nitrobacteraceae","Bradyrhizobium","Bradyrhizobium sp. Ash2021"
"ASV_2413",FALSE,"Pseudomonadota","Alphaproteobacteria","Hyphomicrobiales","Nitrobacteraceae","Bradyrhizobium","Bradyrhizobium sp. Ash2021"
"ASV_2414",FALSE,"Chordata","Aves","Sphenisciformes","Spheniscidae","Eudyptula","Eudyptula minor"
"ASV_2415",FALSE,"Chordata","Aves","Sphenisciformes","Spheniscidae","Eudyptula","Eudyptula minor"
"ASV_2416",FALSE,"Pseudomonadota","Alphaproteobacteria","Hyphomicrobiales","Nitrobacteraceae","Bradyrhizobium","Bradyrhizobium sp. Ash2021"
"ASV_2417",FALSE,"Pseudomonadota","Alphaproteobacteria","Hyphomicrobiales","Nitrobacteraceae","Bradyrhizobium","Bradyrhizobium sp. Ash2021"
"ASV_2418",FALSE,"Pseudomonadota","Alphaproteobacteria","Hyphomicrobiales","Nitrobacteraceae","Bradyrhizobium","Bradyrhizobium sp. Ash2021"
"ASV_2419",FALSE,"Chordata","Aves","Sphenisciformes","Spheniscidae","Eudyptula","Eudyptula minor"
"ASV_2420",FALSE,"Arthropoda","Collembola","Poduromorpha","Hypogastruridae","Xenylla","Xenylla boerneri"
"ASV_2421",FALSE,"Arthropoda","Arachnida","Trombidiformes","Tydeidae","","Tydeidae sp. BOLD:ADE3204"
"ASV_2423",FALSE,"Pseudomonadota","Alphaproteobacteria","Hyphomicrobiales","Nitrobacteraceae","Bradyrhizobium","Bradyrhizobium sp. Ash2021"
"ASV_2424",FALSE,"Pseudomonadota","Alphaproteobacteria","Hyphomicrobiales","Nitrobacteraceae","Bradyrhizobium","Bradyrhizobium sp. Ash2021"
"ASV_2425",FALSE,"Pseudomonadota","Alphaproteobacteria","Hyphomicrobiales","Nitrobacteraceae","Bradyrhizobium","Bradyrhizobium sp. Ash2021"
"ASV_2426",FALSE,"Pseudomonadota","Alphaproteobacteria","Hyphomicrobiales","Nitrobacteraceae","Bradyrhizobium","Bradyrhizobium sp. Ash2021"
"ASV_2427",FALSE,"Pseudomonadota","Alphaproteobacteria","Hyphomicrobiales","Nitrobacteraceae","Bradyrhizobium","Bradyrhizobium sp. Ash2021"
"ASV_2428",FALSE,"Pseudomonadota","Alphaproteobacteria","Hyphomicrobiales","Nitrobacteraceae","Bradyrhizobium","Bradyrhizobium sp. Ash2021"
"ASV_2429",FALSE,"Pseudomonadota","Alphaproteobacteria","Hyphomicrobiales","Nitrobacteraceae","Bradyrhizobium","Bradyrhizobium sp. Ash2021"
"ASV_2430",FALSE,"Basidiomycota","Cystobasidiomycetes","Cystobasidiales","Cystobasidiaceae","Cystobasidium","Cystobasidium sp."
"ASV_2431",FALSE,"Chordata","Actinopteri","Blenniiformes","Tripterygiidae","Forsterygion","Forsterygion flavonigrum"
"ASV_2433",FALSE,"Bacteroidota","Flavobacteriia","Flavobacteriales","Flavobacteriaceae","Flavobacterium","Flavobacterium sp. KACC 22758"
"ASV_2436",FALSE,"Ascomycota","Eurotiomycetes","Eurotiales","Trichocomaceae","Talaromyces","Talaromyces funiculosus"
"ASV_2438",FALSE,"Bacteroidota","Flavobacteriia","Flavobacteriales","Flavobacteriaceae","Myroides","Myroides odoratimimus"
"ASV_2439",FALSE,"Arthropoda","Arachnida","Sarcoptiformes","Acaridae","","Acaridae sp. BIOUG30847-B02"
"ASV_2440",FALSE,"Bacteroidota","Flavobacteriia","Flavobacteriales","Flavobacteriaceae","Aequorivita","Aequorivita sp. F7"
"ASV_2442",FALSE,"Pseudomonadota","Alphaproteobacteria","Hyphomicrobiales","Nitrobacteraceae","Bradyrhizobium","Bradyrhizobium sp. Ash2021"
"ASV_2443",FALSE,"Pseudomonadota","Alphaproteobacteria","Hyphomicrobiales","Nitrobacteraceae","Bradyrhizobium","Bradyrhizobium sp. Ash2021"
"ASV_2444",FALSE,"Pseudomonadota","Alphaproteobacteria","Hyphomicrobiales","Nitrobacteraceae","Bradyrhizobium","Bradyrhizobium sp. Ash2021"
"ASV_2445",FALSE,"Pseudomonadota","Alphaproteobacteria","Hyphomicrobiales","Nitrobacteraceae","Bradyrhizobium","Bradyrhizobium sp. Ash2021"
"ASV_2446",FALSE,"Pseudomonadota","Alphaproteobacteria","Hyphomicrobiales","Nitrobacteraceae","Bradyrhizobium","Bradyrhizobium sp. Ash2021"
"ASV_2447",FALSE,"Pseudomonadota","Alphaproteobacteria","Hyphomicrobiales","Nitrobacteraceae","Bradyrhizobium","Bradyrhizobium sp. Ash2021"
"ASV_2448",FALSE,"Pseudomonadota","Alphaproteobacteria","Hyphomicrobiales","Nitrobacteraceae","Bradyrhizobium","Bradyrhizobium sp. Ash2021"
"ASV_2450",FALSE,"Pseudomonadota","Alphaproteobacteria","Hyphomicrobiales","Nitrobacteraceae","Bradyrhizobium","Bradyrhizobium sp. Ash2021"
"ASV_2451",FALSE,"Pseudomonadota","Alphaproteobacteria","Hyphomicrobiales","Nitrobacteraceae","Bradyrhizobium","Bradyrhizobium sp. Ash2021"
"ASV_2452",FALSE,"Pseudomonadota","Alphaproteobacteria","Hyphomicrobiales","Nitrobacteraceae","Bradyrhizobium","Bradyrhizobium sp. Ash2021"
"ASV_2453",FALSE,"Pseudomonadota","Alphaproteobacteria","Hyphomicrobiales","Nitrobacteraceae","Bradyrhizobium","Bradyrhizobium sp. Ash2021"
"ASV_2454",FALSE,"Pseudomonadota","Alphaproteobacteria","Hyphomicrobiales","Nitrobacteraceae","Bradyrhizobium","Bradyrhizobium sp. Ash2021"
"ASV_2455",FALSE,"Pseudomonadota","Alphaproteobacteria","Hyphomicrobiales","Nitrobacteraceae","Bradyrhizobium","Bradyrhizobium sp. Ash2021"
"ASV_2456",FALSE,"Pseudomonadota","Alphaproteobacteria","Hyphomicrobiales","Nitrobacteraceae","Bradyrhizobium","Bradyrhizobium sp. Ash2021"
"ASV_2458",FALSE,"Pseudomonadota","Alphaproteobacteria","Hyphomicrobiales","Nitrobacteraceae","Bradyrhizobium","Bradyrhizobium sp. Ash2021"
"ASV_2459",FALSE,"Pseudomonadota","Alphaproteobacteria","Hyphomicrobiales","Nitrobacteraceae","Bradyrhizobium","Bradyrhizobium sp. Ash2021"
"ASV_2460",FALSE,"Pseudomonadota","Alphaproteobacteria","Hyphomicrobiales","Nitrobacteraceae","Bradyrhizobium","Bradyrhizobium sp. Ash2021"
"ASV_2461",FALSE,"Pseudomonadota","Alphaproteobacteria","Hyphomicrobiales","Nitrobacteraceae","Bradyrhizobium","Bradyrhizobium sp. Ash2021"
"ASV_2462",FALSE,"Pseudomonadota","Alphaproteobacteria","Hyphomicrobiales","Nitrobacteraceae","Bradyrhizobium","Bradyrhizobium sp. Ash2021"
"ASV_2463",FALSE,"Pseudomonadota","Alphaproteobacteria","Hyphomicrobiales","Nitrobacteraceae","Bradyrhizobium","Bradyrhizobium sp. Ash2021"
"ASV_2464",FALSE,"Oomycota","","Peronosporales","Peronosporaceae","Phytophthora","Phytophthora x stagnum"
"ASV_2466",FALSE,"Pseudomonadota","Alphaproteobacteria","Hyphomicrobiales","Nitrobacteraceae","Bradyrhizobium","Bradyrhizobium sp. Ash2021"
"ASV_2467",FALSE,"Pseudomonadota","Alphaproteobacteria","Hyphomicrobiales","Nitrobacteraceae","Bradyrhizobium","Bradyrhizobium sp. Ash2021"
"ASV_2468",FALSE,"Pseudomonadota","Alphaproteobacteria","Hyphomicrobiales","Nitrobacteraceae","Bradyrhizobium","Bradyrhizobium sp. Ash2021"
"ASV_2469",FALSE,"Pseudomonadota","Alphaproteobacteria","Hyphomicrobiales","Nitrobacteraceae","Bradyrhizobium","Bradyrhizobium sp. Ash2021"
"ASV_2470",FALSE,"Pseudomonadota","Alphaproteobacteria","Hyphomicrobiales","Nitrobacteraceae","Bradyrhizobium","Bradyrhizobium sp. Ash2021"
"ASV_2471",FALSE,"Pseudomonadota","Alphaproteobacteria","Hyphomicrobiales","Nitrobacteraceae","Bradyrhizobium","Bradyrhizobium sp. Ash2021"
"ASV_2472",FALSE,"Pseudomonadota","Alphaproteobacteria","Hyphomicrobiales","Nitrobacteraceae","Bradyrhizobium","Bradyrhizobium sp. Ash2021"
"ASV_2473",FALSE,"Pseudomonadota","Alphaproteobacteria","Hyphomicrobiales","Nitrobacteraceae","Bradyrhizobium","Bradyrhizobium sp. Ash2021"
"ASV_2474",FALSE,"Pseudomonadota","Alphaproteobacteria","Hyphomicrobiales","Nitrobacteraceae","Bradyrhizobium","Bradyrhizobium sp. Ash2021"
"ASV_2475",FALSE,"Chordata","Aves","Sphenisciformes","Spheniscidae","Eudyptula","Eudyptula minor"
"ASV_2476",FALSE,"Chordata","Aves","Sphenisciformes","Spheniscidae","Eudyptula","Eudyptula minor"
"ASV_2477",FALSE,"Chordata","Actinopteri","Cyprinodontiformes","Poeciliidae","Gambusia","Gambusia holbrooki"
"ASV_2479",FALSE,"Ascomycota","Sordariomycetes","Amphisphaeriales","Sporocadaceae","Neopestalotiopsis","Neopestalotiopsis cubana"
"ASV_2483",FALSE,"Ascomycota","Dothideomycetes","Dothideales","Dothioraceae","Sydowia","Sydowia polyspora"
"ASV_2485",FALSE,"Ascomycota","Sordariomycetes","Hypocreales","Nectriaceae","Fusarium","Fusarium delphinoides"
"ASV_2486",FALSE,"Pseudomonadota","Alphaproteobacteria","Hyphomicrobiales","Nitrobacteraceae","Bradyrhizobium","Bradyrhizobium sp. Ash2021"
"ASV_2487",FALSE,"Pseudomonadota","Alphaproteobacteria","Hyphomicrobiales","Nitrobacteraceae","Bradyrhizobium","Bradyrhizobium sp. Ash2021"
"ASV_2488",FALSE,"Chordata","Aves","Sphenisciformes","Spheniscidae","Eudyptula","Eudyptula minor"
"ASV_2489",FALSE,"Pseudomonadota","Alphaproteobacteria","Hyphomicrobiales","Nitrobacteraceae","Bradyrhizobium","Bradyrhizobium sp. Ash2021"
"ASV_2490",FALSE,"Basidiomycota","Agaricomycetes","Agaricales","Psathyrellaceae","Coprinellus","Coprinellus micaceus"
"ASV_2491",FALSE,"Ascomycota","Dothideomycetes","Pleosporales","Pleosporaceae","Edenia","Edenia gomezpompae"
"ASV_2492",FALSE,"Nematoda","Chromadorea","Rhabditida","Diplogasteridae","Micoletzkya","Micoletzkya palliati"
"ASV_2494",FALSE,"Arthropoda","Insecta","Hymenoptera","Tenthredinidae","Euura","Euura tenuiserra"
"ASV_2496",FALSE,"Ascomycota","Dothideomycetes","Mycosphaerellales","Mycosphaerellaceae","Pseudocercospora","Pseudocercospora zelkovae"
"ASV_2498",FALSE,"Bacteroidota","Sphingobacteriia","Sphingobacteriales","Sphingobacteriaceae","","Sphingobacteriaceae bacterium GW460-11-11-14-LB5"
"ASV_2500",FALSE,"Bacteroidota","Sphingobacteriia","Sphingobacteriales","Sphingobacteriaceae","Pedobacter","Pedobacter foliorum"
"ASV_2503",FALSE,"Discosea","Flabellinia","","Vannellidae","Vannella","Vannella sp."
"ASV_2504",FALSE,"Bacteroidota","Flavobacteriia","Flavobacteriales","Flavobacteriaceae","Zhouia","Zhouia spongiae"
"ASV_2506",FALSE,"Chordata","Aves","Psittaciformes","Psittacidae","Cyanoramphus","Cyanoramphus novaezelandiae"
"ASV_2507",FALSE,"Apicomplexa","Conoidasida","Eucoccidiorida","Eimeriidae","Goussia","Goussia bayae"
"ASV_2508",FALSE,"Arthropoda","Collembola","Poduromorpha","Hypogastruridae","Hypogastrura","Hypogastrura ghirkani"
"ASV_2509",FALSE,"Chordata","Aves","Sphenisciformes","Spheniscidae","Eudyptula","Eudyptula minor"
"ASV_2511",FALSE,"Pseudomonadota","Alphaproteobacteria","Hyphomicrobiales","Nitrobacteraceae","Bradyrhizobium","Bradyrhizobium sp. Ash2021"
"ASV_2512",FALSE,"Pseudomonadota","Alphaproteobacteria","Hyphomicrobiales","Nitrobacteraceae","Bradyrhizobium","Bradyrhizobium sp. Ash2021"
"ASV_2513",FALSE,"Pseudomonadota","Alphaproteobacteria","Hyphomicrobiales","Nitrobacteraceae","Bradyrhizobium","Bradyrhizobium sp. Ash2021"
"ASV_2514",FALSE,"Pseudomonadota","Alphaproteobacteria","Hyphomicrobiales","Nitrobacteraceae","Bradyrhizobium","Bradyrhizobium sp. Ash2021"
"ASV_2515",FALSE,"Pseudomonadota","Alphaproteobacteria","Hyphomicrobiales","Nitrobacteraceae","Bradyrhizobium","Bradyrhizobium sp. Ash2021"
"ASV_2516",FALSE,"Pseudomonadota","Alphaproteobacteria","Hyphomicrobiales","Nitrobacteraceae","Bradyrhizobium","Bradyrhizobium sp. Ash2021"
"ASV_2517",FALSE,"Pseudomonadota","Alphaproteobacteria","Hyphomicrobiales","Nitrobacteraceae","Bradyrhizobium","Bradyrhizobium sp. Ash2021"
"ASV_2518",FALSE,"Pseudomonadota","Alphaproteobacteria","Hyphomicrobiales","Nitrobacteraceae","Bradyrhizobium","Bradyrhizobium sp. Ash2021"
"ASV_2519",FALSE,"Pseudomonadota","Alphaproteobacteria","Hyphomicrobiales","Nitrobacteraceae","Bradyrhizobium","Bradyrhizobium sp. Ash2021"
"ASV_2520",FALSE,"Pseudomonadota","Alphaproteobacteria","Hyphomicrobiales","Nitrobacteraceae","Bradyrhizobium","Bradyrhizobium sp. Ash2021"
"ASV_2521",FALSE,"Pseudomonadota","Alphaproteobacteria","Hyphomicrobiales","Nitrobacteraceae","Bradyrhizobium","Bradyrhizobium sp. Ash2021"
"ASV_2522",FALSE,"Pseudomonadota","Alphaproteobacteria","Hyphomicrobiales","Nitrobacteraceae","Bradyrhizobium","Bradyrhizobium sp. Ash2021"
"ASV_2523",FALSE,"Pseudomonadota","Alphaproteobacteria","Hyphomicrobiales","Nitrobacteraceae","Bradyrhizobium","Bradyrhizobium sp. Ash2021"
"ASV_2524",FALSE,"Pseudomonadota","Alphaproteobacteria","Hyphomicrobiales","Nitrobacteraceae","Bradyrhizobium","Bradyrhizobium sp. Ash2021"
"ASV_2525",FALSE,"Pseudomonadota","Alphaproteobacteria","Hyphomicrobiales","Nitrobacteraceae","Bradyrhizobium","Bradyrhizobium sp. Ash2021"
"ASV_2526",FALSE,"Pseudomonadota","Alphaproteobacteria","Hyphomicrobiales","Nitrobacteraceae","Bradyrhizobium","Bradyrhizobium sp. Ash2021"
"ASV_2527",FALSE,"Pseudomonadota","Alphaproteobacteria","Hyphomicrobiales","Nitrobacteraceae","Bradyrhizobium","Bradyrhizobium sp. Ash2021"
"ASV_2529",FALSE,"Pseudomonadota","Alphaproteobacteria","Hyphomicrobiales","Nitrobacteraceae","Bradyrhizobium","Bradyrhizobium sp. Ash2021"
"ASV_2530",FALSE,"Pseudomonadota","Alphaproteobacteria","Hyphomicrobiales","Nitrobacteraceae","Bradyrhizobium","Bradyrhizobium sp. Ash2021"
"ASV_2531",FALSE,"Pseudomonadota","Alphaproteobacteria","Hyphomicrobiales","Nitrobacteraceae","Bradyrhizobium","Bradyrhizobium sp. Ash2021"
"ASV_2532",FALSE,"Pseudomonadota","Alphaproteobacteria","Hyphomicrobiales","Nitrobacteraceae","Bradyrhizobium","Bradyrhizobium sp. Ash2021"
"ASV_2533",FALSE,"Pseudomonadota","Alphaproteobacteria","Hyphomicrobiales","Nitrobacteraceae","Bradyrhizobium","Bradyrhizobium sp. Ash2021"
"ASV_2534",FALSE,"Pseudomonadota","Alphaproteobacteria","Hyphomicrobiales","Nitrobacteraceae","Bradyrhizobium","Bradyrhizobium sp. Ash2021"
"ASV_2535",FALSE,"Pseudomonadota","Alphaproteobacteria","Hyphomicrobiales","Nitrobacteraceae","Bradyrhizobium","Bradyrhizobium sp. Ash2021"
"ASV_2536",FALSE,"Pseudomonadota","Alphaproteobacteria","Hyphomicrobiales","Nitrobacteraceae","Bradyrhizobium","Bradyrhizobium sp. Ash2021"
"ASV_2537",FALSE,"Pseudomonadota","Alphaproteobacteria","Hyphomicrobiales","Nitrobacteraceae","Bradyrhizobium","Bradyrhizobium sp. Ash2021"
"ASV_2538",FALSE,"Pseudomonadota","Alphaproteobacteria","Hyphomicrobiales","Nitrobacteraceae","Bradyrhizobium","Bradyrhizobium sp. Ash2021"
"ASV_2539",FALSE,"Pseudomonadota","Alphaproteobacteria","Hyphomicrobiales","Nitrobacteraceae","Bradyrhizobium","Bradyrhizobium sp. Ash2021"
"ASV_2541",FALSE,"Ascomycota","Sordariomycetes","Hypocreales","Cordycipitaceae","Cordyceps","Cordyceps farinosa"
"ASV_2542",FALSE,"Pseudomonadota","Alphaproteobacteria","Hyphomicrobiales","Nitrobacteraceae","Bradyrhizobium","Bradyrhizobium sp. Ash2021"
"ASV_2543",FALSE,"Pseudomonadota","Alphaproteobacteria","Hyphomicrobiales","Nitrobacteraceae","Bradyrhizobium","Bradyrhizobium sp. Ash2021"
"ASV_2544",FALSE,"Pseudomonadota","Alphaproteobacteria","Hyphomicrobiales","Nitrobacteraceae","Bradyrhizobium","Bradyrhizobium sp. Ash2021"
"ASV_2545",FALSE,"Pseudomonadota","Alphaproteobacteria","Hyphomicrobiales","Nitrobacteraceae","Bradyrhizobium","Bradyrhizobium sp. Ash2021"
"ASV_2546",FALSE,"Pseudomonadota","Alphaproteobacteria","Hyphomicrobiales","Nitrobacteraceae","Bradyrhizobium","Bradyrhizobium sp. Ash2021"
"ASV_2547",FALSE,"Pseudomonadota","Alphaproteobacteria","Hyphomicrobiales","Nitrobacteraceae","Bradyrhizobium","Bradyrhizobium sp. Ash2021"
"ASV_2548",FALSE,"Pseudomonadota","Alphaproteobacteria","Hyphomicrobiales","Nitrobacteraceae","Bradyrhizobium","Bradyrhizobium sp. Ash2021"
"ASV_2549",FALSE,"Pseudomonadota","Alphaproteobacteria","Hyphomicrobiales","Nitrobacteraceae","Bradyrhizobium","Bradyrhizobium sp. Ash2021"
"ASV_2550",FALSE,"Pseudomonadota","Alphaproteobacteria","Hyphomicrobiales","Nitrobacteraceae","Bradyrhizobium","Bradyrhizobium sp. Ash2021"
"ASV_2551",FALSE,"Pseudomonadota","Alphaproteobacteria","Hyphomicrobiales","Nitrobacteraceae","Bradyrhizobium","Bradyrhizobium sp. Ash2021"
"ASV_2552",FALSE,"Bacillota","Bacilli","Lactobacillales","Carnobacteriaceae","Carnobacterium","Carnobacterium divergens"
"ASV_2556",FALSE,"Pseudomonadota","Alphaproteobacteria","Hyphomicrobiales","Nitrobacteraceae","Bradyrhizobium","Bradyrhizobium sp. Ash2021"
"ASV_2557",FALSE,"Pseudomonadota","Alphaproteobacteria","Hyphomicrobiales","Nitrobacteraceae","Bradyrhizobium","Bradyrhizobium sp. Ash2021"
"ASV_2558",FALSE,"Pseudomonadota","Alphaproteobacteria","Hyphomicrobiales","Nitrobacteraceae","Bradyrhizobium","Bradyrhizobium sp. Ash2021"
"ASV_2559",FALSE,"Ascomycota","Leotiomycetes","Leotiales","Leotiaceae","Leotia","Leotia lubrica"
"ASV_2560",FALSE,"Pseudomonadota","Alphaproteobacteria","Hyphomicrobiales","Nitrobacteraceae","Bradyrhizobium","Bradyrhizobium sp. Ash2021"
"ASV_2565",FALSE,"Ascomycota","Leotiomycetes","Thelebolales","Thelebolaceae","Pseudogymnoascus","Pseudogymnoascus destructans"
"ASV_2566",FALSE,"Bacteroidota","Sphingobacteriia","Sphingobacteriales","Sphingobacteriaceae","Pedobacter","Pedobacter sp. HDW13"
"ASV_2567",FALSE,"Bacteroidota","Sphingobacteriia","Sphingobacteriales","Sphingobacteriaceae","Pedobacter","Pedobacter sp. PACM 27299"
"ASV_2569",FALSE,"Ascomycota","Dothideomycetes","Mycosphaerellales","Mycosphaerellaceae","Pseudocercospora","Pseudocercospora fuligena"
"ASV_2571",FALSE,"Chordata","Mammalia","Primates","Hominidae","Homo","Homo sapiens"
"ASV_2572",FALSE,"Pseudomonadota","Alphaproteobacteria","Hyphomicrobiales","Nitrobacteraceae","Bradyrhizobium","Bradyrhizobium sp. Ash2021"
"ASV_2573",FALSE,"Arthropoda","Insecta","Diptera","Psychodidae","Psychoda","Psychoda sigma"
"ASV_2574",FALSE,"","Chrysophyceae","","Apoikiaceae","Apoikiospumella","Apoikiospumella mondseeiensis"
"ASV_2577",FALSE,"Bacteroidota","Flavobacteriia","Flavobacteriales","Flavobacteriaceae","Patiriisocius","Patiriisocius sp. Uisw"
"ASV_2579",FALSE,"Pseudomonadota","Alphaproteobacteria","Hyphomicrobiales","Nitrobacteraceae","Bradyrhizobium","Bradyrhizobium sp. Ash2021"
"ASV_2580",FALSE,"Pseudomonadota","Alphaproteobacteria","Hyphomicrobiales","Nitrobacteraceae","Bradyrhizobium","Bradyrhizobium sp. Ash2021"
"ASV_2581",FALSE,"Pseudomonadota","Alphaproteobacteria","Hyphomicrobiales","Nitrobacteraceae","Bradyrhizobium","Bradyrhizobium sp. Ash2021"
"ASV_2582",FALSE,"Pseudomonadota","Alphaproteobacteria","Hyphomicrobiales","Nitrobacteraceae","Bradyrhizobium","Bradyrhizobium sp. Ash2021"
"ASV_2583",FALSE,"Pseudomonadota","Alphaproteobacteria","Hyphomicrobiales","Nitrobacteraceae","Bradyrhizobium","Bradyrhizobium sp. Ash2021"
"ASV_2584",FALSE,"Pseudomonadota","Alphaproteobacteria","Hyphomicrobiales","Nitrobacteraceae","Bradyrhizobium","Bradyrhizobium sp. Ash2021"
"ASV_2585",FALSE,"Pseudomonadota","Alphaproteobacteria","Hyphomicrobiales","Nitrobacteraceae","Bradyrhizobium","Bradyrhizobium sp. Ash2021"
"ASV_2586",FALSE,"Pseudomonadota","Alphaproteobacteria","Hyphomicrobiales","Nitrobacteraceae","Bradyrhizobium","Bradyrhizobium sp. Ash2021"
"ASV_2587",FALSE,"Pseudomonadota","Alphaproteobacteria","Hyphomicrobiales","Nitrobacteraceae","Bradyrhizobium","Bradyrhizobium sp. Ash2021"
"ASV_2588",FALSE,"Pseudomonadota","Alphaproteobacteria","Hyphomicrobiales","Nitrobacteraceae","Bradyrhizobium","Bradyrhizobium sp. Ash2021"
"ASV_2589",FALSE,"Pseudomonadota","Alphaproteobacteria","Hyphomicrobiales","Nitrobacteraceae","Bradyrhizobium","Bradyrhizobium sp. Ash2021"
"ASV_2590",FALSE,"Pseudomonadota","Alphaproteobacteria","Hyphomicrobiales","Nitrobacteraceae","Bradyrhizobium","Bradyrhizobium sp. Ash2021"
"ASV_2591",FALSE,"Pseudomonadota","Alphaproteobacteria","Hyphomicrobiales","Nitrobacteraceae","Bradyrhizobium","Bradyrhizobium sp. Ash2021"
"ASV_2592",FALSE,"Pseudomonadota","Alphaproteobacteria","Hyphomicrobiales","Nitrobacteraceae","Bradyrhizobium","Bradyrhizobium sp. Ash2021"
"ASV_2593",FALSE,"Pseudomonadota","Alphaproteobacteria","Hyphomicrobiales","Nitrobacteraceae","Bradyrhizobium","Bradyrhizobium sp. Ash2021"
"ASV_2594",FALSE,"Pseudomonadota","Alphaproteobacteria","Hyphomicrobiales","Nitrobacteraceae","Bradyrhizobium","Bradyrhizobium sp. Ash2021"
"ASV_2595",FALSE,"Pseudomonadota","Alphaproteobacteria","Hyphomicrobiales","Nitrobacteraceae","Bradyrhizobium","Bradyrhizobium sp. Ash2021"
"ASV_2596",FALSE,"Pseudomonadota","Alphaproteobacteria","Hyphomicrobiales","Nitrobacteraceae","Bradyrhizobium","Bradyrhizobium sp. Ash2021"
"ASV_2597",FALSE,"Pseudomonadota","Alphaproteobacteria","Hyphomicrobiales","Nitrobacteraceae","Bradyrhizobium","Bradyrhizobium sp. Ash2021"
"ASV_2598",FALSE,"Pseudomonadota","Alphaproteobacteria","Hyphomicrobiales","Nitrobacteraceae","Bradyrhizobium","Bradyrhizobium sp. Ash2021"
"ASV_2599",FALSE,"Pseudomonadota","Alphaproteobacteria","Hyphomicrobiales","Nitrobacteraceae","Bradyrhizobium","Bradyrhizobium sp. Ash2021"
"ASV_2600",FALSE,"Pseudomonadota","Alphaproteobacteria","Hyphomicrobiales","Nitrobacteraceae","Bradyrhizobium","Bradyrhizobium sp. Ash2021"
"ASV_2601",FALSE,"Pseudomonadota","Alphaproteobacteria","Hyphomicrobiales","Nitrobacteraceae","Bradyrhizobium","Bradyrhizobium sp. Ash2021"
"ASV_2602",FALSE,"Pseudomonadota","Alphaproteobacteria","Hyphomicrobiales","Nitrobacteraceae","Bradyrhizobium","Bradyrhizobium sp. Ash2021"
"ASV_2604",FALSE,"Pseudomonadota","Alphaproteobacteria","Hyphomicrobiales","Nitrobacteraceae","Bradyrhizobium","Bradyrhizobium sp. Ash2021"
"ASV_2605",FALSE,"Pseudomonadota","Alphaproteobacteria","Hyphomicrobiales","Nitrobacteraceae","Bradyrhizobium","Bradyrhizobium sp. Ash2021"
"ASV_2606",FALSE,"Pseudomonadota","Alphaproteobacteria","Hyphomicrobiales","Nitrobacteraceae","Bradyrhizobium","Bradyrhizobium sp. Ash2021"
"ASV_2607",FALSE,"Pseudomonadota","Alphaproteobacteria","Hyphomicrobiales","Nitrobacteraceae","Bradyrhizobium","Bradyrhizobium sp. Ash2021"
"ASV_2608",FALSE,"Pseudomonadota","Alphaproteobacteria","Hyphomicrobiales","Nitrobacteraceae","Bradyrhizobium","Bradyrhizobium sp. Ash2021"
"ASV_2609",FALSE,"Pseudomonadota","Alphaproteobacteria","Hyphomicrobiales","Nitrobacteraceae","Bradyrhizobium","Bradyrhizobium sp. Ash2021"
"ASV_2610",FALSE,"Pseudomonadota","Alphaproteobacteria","Hyphomicrobiales","Nitrobacteraceae","Bradyrhizobium","Bradyrhizobium sp. Ash2021"
"ASV_2611",FALSE,"Pseudomonadota","Alphaproteobacteria","Hyphomicrobiales","Nitrobacteraceae","Bradyrhizobium","Bradyrhizobium sp. Ash2021"
"ASV_2612",FALSE,"Pseudomonadota","Alphaproteobacteria","Hyphomicrobiales","Nitrobacteraceae","Bradyrhizobium","Bradyrhizobium sp. Ash2021"
"ASV_2613",FALSE,"Pseudomonadota","Alphaproteobacteria","Hyphomicrobiales","Nitrobacteraceae","Bradyrhizobium","Bradyrhizobium sp. Ash2021"
"ASV_2614",FALSE,"Pseudomonadota","Alphaproteobacteria","Hyphomicrobiales","Nitrobacteraceae","Bradyrhizobium","Bradyrhizobium sp. Ash2021"
"ASV_2615",FALSE,"Pseudomonadota","Alphaproteobacteria","Hyphomicrobiales","Nitrobacteraceae","Bradyrhizobium","Bradyrhizobium sp. Ash2021"
"ASV_2616",FALSE,"Pseudomonadota","Alphaproteobacteria","Hyphomicrobiales","Nitrobacteraceae","Bradyrhizobium","Bradyrhizobium sp. Ash2021"
"ASV_2617",FALSE,"Pseudomonadota","Alphaproteobacteria","Hyphomicrobiales","Nitrobacteraceae","Bradyrhizobium","Bradyrhizobium sp. Ash2021"
"ASV_2618",FALSE,"Pseudomonadota","Alphaproteobacteria","Hyphomicrobiales","Nitrobacteraceae","Bradyrhizobium","Bradyrhizobium sp. Ash2021"
"ASV_2619",FALSE,"Pseudomonadota","Alphaproteobacteria","Hyphomicrobiales","Nitrobacteraceae","Bradyrhizobium","Bradyrhizobium sp. Ash2021"
"ASV_2620",FALSE,"Pseudomonadota","Alphaproteobacteria","Hyphomicrobiales","Nitrobacteraceae","Bradyrhizobium","Bradyrhizobium sp. Ash2021"
"ASV_2621",FALSE,"Pseudomonadota","Alphaproteobacteria","Hyphomicrobiales","Nitrobacteraceae","Bradyrhizobium","Bradyrhizobium sp. Ash2021"
"ASV_2622",FALSE,"Pseudomonadota","Alphaproteobacteria","Hyphomicrobiales","Nitrobacteraceae","Bradyrhizobium","Bradyrhizobium sp. Ash2021"
"ASV_2623",FALSE,"Pseudomonadota","Alphaproteobacteria","Hyphomicrobiales","Nitrobacteraceae","Bradyrhizobium","Bradyrhizobium sp. Ash2021"
"ASV_2624",FALSE,"Pseudomonadota","Alphaproteobacteria","Hyphomicrobiales","Nitrobacteraceae","Bradyrhizobium","Bradyrhizobium sp. Ash2021"
"ASV_2625",FALSE,"Pseudomonadota","Alphaproteobacteria","Hyphomicrobiales","Nitrobacteraceae","Bradyrhizobium","Bradyrhizobium sp. Ash2021"
"ASV_2626",FALSE,"Pseudomonadota","Alphaproteobacteria","Hyphomicrobiales","Nitrobacteraceae","Bradyrhizobium","Bradyrhizobium sp. Ash2021"
"ASV_2627",FALSE,"Chordata","Aves","Sphenisciformes","Spheniscidae","Eudyptula","Eudyptula minor"
"ASV_2630",FALSE,"Chordata","Mammalia","Primates","Hominidae","Homo","Homo sapiens"
"ASV_2632",FALSE,"Bacteroidota","Flavobacteriia","Flavobacteriales","Flavobacteriaceae","Polaribacter","Polaribacter sp. L3A8"
"ASV_2633",FALSE,"Ascomycota","Dothideomycetes","Pleosporales","Corynesporascaceae","Corynespora","Corynespora cassiicola"
"ASV_2635",FALSE,"Pseudomonadota","Alphaproteobacteria","Hyphomicrobiales","Nitrobacteraceae","Bradyrhizobium","Bradyrhizobium sp. Ash2021"
"ASV_2636",FALSE,"Pseudomonadota","Alphaproteobacteria","Hyphomicrobiales","Nitrobacteraceae","Bradyrhizobium","Bradyrhizobium sp. Ash2021"
"ASV_2637",FALSE,"Pseudomonadota","Alphaproteobacteria","Hyphomicrobiales","Nitrobacteraceae","Bradyrhizobium","Bradyrhizobium sp. Ash2021"
"ASV_2638",FALSE,"Bacteroidota","Sphingobacteriia","Sphingobacteriales","Sphingobacteriaceae","Sphingobacterium","Sphingobacterium sp. ML3W"
"ASV_2640",FALSE,"Pseudomonadota","Alphaproteobacteria","Hyphomicrobiales","Nitrobacteraceae","Bradyrhizobium","Bradyrhizobium sp. Ash2021"
"ASV_2641",FALSE,"Ascomycota","Dothideomycetes","Mycosphaerellales","Teratosphaeriaceae","Acrodontium","Acrodontium crateriforme"
"ASV_2643",FALSE,"Ascomycota","Eurotiomycetes","Chaetothyriales","Trichomeriaceae","Arthrocladium","Arthrocladium fulminans"
"ASV_2646",FALSE,"","","","","","Amoebozoa sp."
"ASV_2647",FALSE,"Arthropoda","Arachnida","Trombidiformes","Eupodidae","","Eupodidae sp. BOLD:ACX7636"
"ASV_2648",FALSE,"Arthropoda","Hexanauplia","Calanoida","Temoridae","Temora","Temora sp."
"ASV_2650",FALSE,"Bacteroidota","Flavobacteriia","Flavobacteriales","Flavobacteriaceae","Flavobacterium","Flavobacterium sp. 140616W15"
"ASV_2653",FALSE,"Pseudomonadota","Gammaproteobacteria","Moraxellales","Moraxellaceae","Psychrobacter","Psychrobacter sp. van23A"
"ASV_2655",FALSE,"Arthropoda","Insecta","Hemiptera","Pleidae","Paraplea","Paraplea halei"
"ASV_2656",FALSE,"Ascomycota","Leotiomycetes","","Myxotrichaceae","Myxotrichum","Myxotrichum deflexum"
"ASV_2657",FALSE,"Ascomycota","Pichiomycetes","Serinales","Metschnikowiaceae","Clavispora","Clavispora lusitaniae"
"ASV_2658",FALSE,"Annelida","Polychaeta","","Capitellidae","Dasybranchus","Dasybranchus sp. DH1"
"ASV_2660",FALSE,"Arthropoda","Insecta","Diptera","Sphaeroceridae","Telomerina","Telomerina flavipes"
"ASV_2661",FALSE,"Pseudomonadota","Alphaproteobacteria","Hyphomicrobiales","Nitrobacteraceae","Bradyrhizobium","Bradyrhizobium sp. Ash2021"
"ASV_2662",FALSE,"Pseudomonadota","Alphaproteobacteria","Hyphomicrobiales","Nitrobacteraceae","Bradyrhizobium","Bradyrhizobium sp. Ash2021"
"ASV_2663",FALSE,"Pseudomonadota","Alphaproteobacteria","Hyphomicrobiales","Nitrobacteraceae","Bradyrhizobium","Bradyrhizobium sp. Ash2021"
"ASV_2664",FALSE,"Pseudomonadota","Alphaproteobacteria","Hyphomicrobiales","Nitrobacteraceae","Bradyrhizobium","Bradyrhizobium sp. Ash2021"
"ASV_2665",FALSE,"Pseudomonadota","Alphaproteobacteria","Hyphomicrobiales","Nitrobacteraceae","Bradyrhizobium","Bradyrhizobium sp. Ash2021"
"ASV_2666",FALSE,"Pseudomonadota","Alphaproteobacteria","Hyphomicrobiales","Nitrobacteraceae","Bradyrhizobium","Bradyrhizobium sp. Ash2021"
"ASV_2667",FALSE,"Pseudomonadota","Alphaproteobacteria","Hyphomicrobiales","Nitrobacteraceae","Bradyrhizobium","Bradyrhizobium sp. Ash2021"
"ASV_2668",FALSE,"Pseudomonadota","Alphaproteobacteria","Hyphomicrobiales","Nitrobacteraceae","Bradyrhizobium","Bradyrhizobium sp. Ash2021"
"ASV_2669",FALSE,"Pseudomonadota","Alphaproteobacteria","Hyphomicrobiales","Nitrobacteraceae","Bradyrhizobium","Bradyrhizobium sp. Ash2021"
"ASV_2670",FALSE,"Pseudomonadota","Alphaproteobacteria","Hyphomicrobiales","Nitrobacteraceae","Bradyrhizobium","Bradyrhizobium sp. Ash2021"
"ASV_2671",FALSE,"Pseudomonadota","Alphaproteobacteria","Hyphomicrobiales","Nitrobacteraceae","Bradyrhizobium","Bradyrhizobium sp. Ash2021"
"ASV_2672",FALSE,"Pseudomonadota","Alphaproteobacteria","Hyphomicrobiales","Nitrobacteraceae","Bradyrhizobium","Bradyrhizobium sp. Ash2021"
"ASV_2673",FALSE,"Pseudomonadota","Alphaproteobacteria","Hyphomicrobiales","Nitrobacteraceae","Bradyrhizobium","Bradyrhizobium sp. Ash2021"
"ASV_2674",FALSE,"Pseudomonadota","Alphaproteobacteria","Hyphomicrobiales","Nitrobacteraceae","Bradyrhizobium","Bradyrhizobium sp. Ash2021"
"ASV_2675",FALSE,"Pseudomonadota","Alphaproteobacteria","Hyphomicrobiales","Nitrobacteraceae","Bradyrhizobium","Bradyrhizobium sp. Ash2021"
"ASV_2676",FALSE,"Pseudomonadota","Alphaproteobacteria","Hyphomicrobiales","Nitrobacteraceae","Bradyrhizobium","Bradyrhizobium sp. Ash2021"
"ASV_2677",FALSE,"Pseudomonadota","Alphaproteobacteria","Hyphomicrobiales","Nitrobacteraceae","Bradyrhizobium","Bradyrhizobium sp. Ash2021"
"ASV_2678",FALSE,"Pseudomonadota","Alphaproteobacteria","Hyphomicrobiales","Nitrobacteraceae","Bradyrhizobium","Bradyrhizobium sp. Ash2021"
"ASV_2679",FALSE,"Pseudomonadota","Alphaproteobacteria","Hyphomicrobiales","Nitrobacteraceae","Bradyrhizobium","Bradyrhizobium sp. Ash2021"
"ASV_2680",FALSE,"Pseudomonadota","Alphaproteobacteria","Hyphomicrobiales","Nitrobacteraceae","Bradyrhizobium","Bradyrhizobium sp. Ash2021"
"ASV_2681",FALSE,"Pseudomonadota","Alphaproteobacteria","Hyphomicrobiales","Nitrobacteraceae","Bradyrhizobium","Bradyrhizobium sp. Ash2021"
"ASV_2682",FALSE,"Pseudomonadota","Alphaproteobacteria","Hyphomicrobiales","Nitrobacteraceae","Bradyrhizobium","Bradyrhizobium sp. Ash2021"
"ASV_2683",FALSE,"Pseudomonadota","Alphaproteobacteria","Hyphomicrobiales","Nitrobacteraceae","Bradyrhizobium","Bradyrhizobium sp. Ash2021"
"ASV_2684",FALSE,"Pseudomonadota","Alphaproteobacteria","Hyphomicrobiales","Nitrobacteraceae","Bradyrhizobium","Bradyrhizobium sp. Ash2021"
"ASV_2685",FALSE,"Pseudomonadota","Alphaproteobacteria","Hyphomicrobiales","Nitrobacteraceae","Bradyrhizobium","Bradyrhizobium sp. Ash2021"
"ASV_2686",FALSE,"Pseudomonadota","Alphaproteobacteria","Hyphomicrobiales","Nitrobacteraceae","Bradyrhizobium","Bradyrhizobium sp. Ash2021"
"ASV_2687",FALSE,"Pseudomonadota","Alphaproteobacteria","Hyphomicrobiales","Nitrobacteraceae","Bradyrhizobium","Bradyrhizobium sp. Ash2021"
"ASV_2689",FALSE,"Nematoda","Chromadorea","Rhabditida","Aphelenchoididae","Ficophagus","Ficophagus virens"
"ASV_2690",FALSE,"Pseudomonadota","Alphaproteobacteria","Hyphomicrobiales","Nitrobacteraceae","Bradyrhizobium","Bradyrhizobium sp. Ash2021"
"ASV_2691",FALSE,"Pseudomonadota","Alphaproteobacteria","Hyphomicrobiales","Nitrobacteraceae","Bradyrhizobium","Bradyrhizobium sp. Ash2021"
"ASV_2692",FALSE,"Pseudomonadota","Alphaproteobacteria","Hyphomicrobiales","Nitrobacteraceae","Bradyrhizobium","Bradyrhizobium sp. Ash2021"
"ASV_2693",FALSE,"Pseudomonadota","Alphaproteobacteria","Hyphomicrobiales","Nitrobacteraceae","Bradyrhizobium","Bradyrhizobium sp. Ash2021"
"ASV_2694",FALSE,"Pseudomonadota","Alphaproteobacteria","Hyphomicrobiales","Nitrobacteraceae","Bradyrhizobium","Bradyrhizobium sp. Ash2021"
"ASV_2695",FALSE,"Pseudomonadota","Alphaproteobacteria","Hyphomicrobiales","Nitrobacteraceae","Bradyrhizobium","Bradyrhizobium sp. Ash2021"
"ASV_2696",FALSE,"Chordata","Aves","Sphenisciformes","Spheniscidae","Eudyptula","Eudyptula minor"
"ASV_2697",FALSE,"Pseudomonadota","Alphaproteobacteria","Hyphomicrobiales","Nitrobacteraceae","Bradyrhizobium","Bradyrhizobium sp. Ash2021"
"ASV_2698",FALSE,"Pseudomonadota","Alphaproteobacteria","Hyphomicrobiales","Nitrobacteraceae","Bradyrhizobium","Bradyrhizobium sp. Ash2021"
"ASV_2699",FALSE,"Chordata","Aves","Sphenisciformes","Spheniscidae","Eudyptula","Eudyptula minor"
"ASV_2700",FALSE,"Chordata","Aves","Sphenisciformes","Spheniscidae","Eudyptula","Eudyptula minor"
"ASV_2702",FALSE,"Chordata","Aves","Sphenisciformes","Spheniscidae","Eudyptula","Eudyptula minor"
"ASV_2703",FALSE,"Ascomycota","Eurotiomycetes","Onygenales","Arthrodermataceae","Arthroderma","Arthroderma uncinatum"
"ASV_2705",FALSE,"Chordata","Aves","Sphenisciformes","Spheniscidae","Aptenodytes","Aptenodytes patagonicus"
"ASV_2706",FALSE,"Arthropoda","Arachnida","Sarcoptiformes","Eremaeidae","Eueremaeus","Eueremaeus sp. BOLD:ADI4824"
"ASV_2707",FALSE,"Oomycota","","Pythiales","Pythiaceae","Globisporangium","Globisporangium irregulare"
"ASV_2709",FALSE,"Basidiomycota","Tremellomycetes","Filobasidiales","Filobasidiaceae","Filobasidium","Filobasidium floriforme"
"ASV_2711",FALSE,"","","Apusomonadida","Apusomonadidae","Thecamonas","Thecamonas trahens"
"ASV_2713",FALSE,"Cnidaria","Hydrozoa","Siphonophorae","Prayidae","Amphicaryon","Amphicaryon sp. USNM IZ 1449593"
"ASV_2714",FALSE,"Basidiomycota","Agaricomycetes","Agaricales","Psathyrellaceae","Coprinellus","Coprinellus micaceus"
"ASV_2715",FALSE,"Pseudomonadota","Alphaproteobacteria","Hyphomicrobiales","Nitrobacteraceae","Bradyrhizobium","Bradyrhizobium sp. Ash2021"
"ASV_2716",FALSE,"Pseudomonadota","Alphaproteobacteria","Hyphomicrobiales","Nitrobacteraceae","Bradyrhizobium","Bradyrhizobium sp. Ash2021"
"ASV_2717",FALSE,"Pseudomonadota","Alphaproteobacteria","Hyphomicrobiales","Nitrobacteraceae","Bradyrhizobium","Bradyrhizobium sp. Ash2021"
"ASV_2718",FALSE,"Ascomycota","Leotiomycetes","","","Leohumicola","Leohumicola verrucosa"
"ASV_2720",FALSE,"Ascomycota","Dothideomycetes","Pleosporales","Pleosporaceae","Edenia","Edenia gomezpompae"
"ASV_2721",FALSE,"Bacteroidota","Flavobacteriia","Flavobacteriales","Flavobacteriaceae","Flavobacterium","Flavobacterium psychrophilum"
"ASV_2726",FALSE,"Bacteroidota","Flavobacteriia","Flavobacteriales","Flavobacteriaceae","Aureisphaera","Aureisphaera sp."
"ASV_2727",FALSE,"Bacteroidota","Flavobacteriia","Flavobacteriales","Flavobacteriaceae","Flavobacterium","Flavobacterium flavipigmentatum"
"ASV_2728",FALSE,"Bacteroidota","Flavobacteriia","Flavobacteriales","Flavobacteriaceae","","Flavobacteriaceae bacterium"
"ASV_2729",FALSE,"Ascomycota","Sordariomycetes","Hypocreales","Cordycipitaceae","Parengyodontium","Parengyodontium album"
"ASV_2730",FALSE,"Chordata","Mammalia","Artiodactyla","Bovidae","Bos","Bos taurus"
"ASV_2734",FALSE,"Arthropoda","Arachnida","Sarcoptiformes","Pyroglyphidae","Dermatophagoides","Dermatophagoides pteronyssinus"
"ASV_2736",FALSE,"Pseudomonadota","Alphaproteobacteria","Hyphomicrobiales","Nitrobacteraceae","Bradyrhizobium","Bradyrhizobium sp. Ash2021"
"ASV_2737",FALSE,"Pseudomonadota","Alphaproteobacteria","Hyphomicrobiales","Nitrobacteraceae","Bradyrhizobium","Bradyrhizobium sp. Ash2021"
"ASV_2738",FALSE,"Pseudomonadota","Alphaproteobacteria","Hyphomicrobiales","Nitrobacteraceae","Bradyrhizobium","Bradyrhizobium sp. Ash2021"
"ASV_2739",FALSE,"Pseudomonadota","Alphaproteobacteria","Hyphomicrobiales","Nitrobacteraceae","Bradyrhizobium","Bradyrhizobium sp. Ash2021"
"ASV_2740",FALSE,"Pseudomonadota","Alphaproteobacteria","Hyphomicrobiales","Nitrobacteraceae","Bradyrhizobium","Bradyrhizobium sp. Ash2021"
"ASV_2741",FALSE,"Pseudomonadota","Alphaproteobacteria","Hyphomicrobiales","Nitrobacteraceae","Bradyrhizobium","Bradyrhizobium sp. Ash2021"
"ASV_2742",FALSE,"Pseudomonadota","Alphaproteobacteria","Hyphomicrobiales","Nitrobacteraceae","Bradyrhizobium","Bradyrhizobium sp. Ash2021"
"ASV_2743",FALSE,"Pseudomonadota","Alphaproteobacteria","Hyphomicrobiales","Nitrobacteraceae","Bradyrhizobium","Bradyrhizobium sp. Ash2021"
"ASV_2744",FALSE,"Pseudomonadota","Alphaproteobacteria","Hyphomicrobiales","Nitrobacteraceae","Bradyrhizobium","Bradyrhizobium sp. Ash2021"
"ASV_2745",FALSE,"Pseudomonadota","Alphaproteobacteria","Hyphomicrobiales","Nitrobacteraceae","Bradyrhizobium","Bradyrhizobium sp. Ash2021"
"ASV_2746",FALSE,"Pseudomonadota","Alphaproteobacteria","Hyphomicrobiales","Nitrobacteraceae","Bradyrhizobium","Bradyrhizobium sp. Ash2021"
"ASV_2747",FALSE,"Pseudomonadota","Alphaproteobacteria","Hyphomicrobiales","Nitrobacteraceae","Bradyrhizobium","Bradyrhizobium sp. Ash2021"
"ASV_2748",FALSE,"Pseudomonadota","Alphaproteobacteria","Hyphomicrobiales","Nitrobacteraceae","Bradyrhizobium","Bradyrhizobium sp. Ash2021"
"ASV_2749",FALSE,"Pseudomonadota","Alphaproteobacteria","Hyphomicrobiales","Nitrobacteraceae","Bradyrhizobium","Bradyrhizobium sp. Ash2021"
"ASV_2751",FALSE,"Ascomycota","Dothideomycetes","Cladosporiales","Cladosporiaceae","Cladosporium","Cladosporium sp."
"ASV_2752",FALSE,"Pseudomonadota","Alphaproteobacteria","Hyphomicrobiales","Nitrobacteraceae","Bradyrhizobium","Bradyrhizobium sp. Ash2021"
"ASV_2753",FALSE,"Pseudomonadota","Alphaproteobacteria","Hyphomicrobiales","Nitrobacteraceae","Bradyrhizobium","Bradyrhizobium sp. Ash2021"
"ASV_2754",FALSE,"Pseudomonadota","Alphaproteobacteria","Hyphomicrobiales","Nitrobacteraceae","Bradyrhizobium","Bradyrhizobium sp. Ash2021"
"ASV_2755",FALSE,"Pseudomonadota","Alphaproteobacteria","Hyphomicrobiales","Nitrobacteraceae","Bradyrhizobium","Bradyrhizobium sp. Ash2021"
"ASV_2756",FALSE,"Pseudomonadota","Alphaproteobacteria","Hyphomicrobiales","Nitrobacteraceae","Bradyrhizobium","Bradyrhizobium sp. Ash2021"
"ASV_2757",FALSE,"Pseudomonadota","Alphaproteobacteria","Hyphomicrobiales","Nitrobacteraceae","Bradyrhizobium","Bradyrhizobium sp. Ash2021"
"ASV_2758",FALSE,"Pseudomonadota","Alphaproteobacteria","Hyphomicrobiales","Nitrobacteraceae","Bradyrhizobium","Bradyrhizobium sp. Ash2021"
"ASV_2759",FALSE,"Pseudomonadota","Alphaproteobacteria","Hyphomicrobiales","Nitrobacteraceae","Bradyrhizobium","Bradyrhizobium sp. Ash2021"
"ASV_2760",FALSE,"Pseudomonadota","Alphaproteobacteria","Hyphomicrobiales","Nitrobacteraceae","Bradyrhizobium","Bradyrhizobium sp. Ash2021"
"ASV_2761",FALSE,"Pseudomonadota","Alphaproteobacteria","Hyphomicrobiales","Nitrobacteraceae","Bradyrhizobium","Bradyrhizobium sp. Ash2021"
"ASV_2762",FALSE,"Pseudomonadota","Alphaproteobacteria","Hyphomicrobiales","Nitrobacteraceae","Bradyrhizobium","Bradyrhizobium sp. Ash2021"
"ASV_2764",FALSE,"Ascomycota","Sordariomycetes","Ophiostomatales","Ophiostomataceae","Ceratocystiopsis","Ceratocystiopsis pallidobrunnea"
"ASV_2765",FALSE,"Pseudomonadota","Alphaproteobacteria","Hyphomicrobiales","Nitrobacteraceae","Bradyrhizobium","Bradyrhizobium sp. Ash2021"
"ASV_2766",FALSE,"Pseudomonadota","Alphaproteobacteria","Hyphomicrobiales","Nitrobacteraceae","Bradyrhizobium","Bradyrhizobium sp. Ash2021"
"ASV_2767",FALSE,"Pseudomonadota","Alphaproteobacteria","Hyphomicrobiales","Nitrobacteraceae","Bradyrhizobium","Bradyrhizobium sp. Ash2021"
"ASV_2768",FALSE,"Pseudomonadota","Alphaproteobacteria","Hyphomicrobiales","Nitrobacteraceae","Bradyrhizobium","Bradyrhizobium sp. Ash2021"
"ASV_2769",FALSE,"Pseudomonadota","Alphaproteobacteria","Hyphomicrobiales","Nitrobacteraceae","Bradyrhizobium","Bradyrhizobium sp. Ash2021"
"ASV_2770",FALSE,"Pseudomonadota","Alphaproteobacteria","Hyphomicrobiales","Nitrobacteraceae","Bradyrhizobium","Bradyrhizobium sp. Ash2021"
"ASV_2771",FALSE,"Pseudomonadota","Alphaproteobacteria","Hyphomicrobiales","Nitrobacteraceae","Bradyrhizobium","Bradyrhizobium sp. Ash2021"
"ASV_2772",FALSE,"Pseudomonadota","Alphaproteobacteria","Hyphomicrobiales","Nitrobacteraceae","Bradyrhizobium","Bradyrhizobium sp. Ash2021"
"ASV_2773",FALSE,"Pseudomonadota","Alphaproteobacteria","Hyphomicrobiales","Nitrobacteraceae","Bradyrhizobium","Bradyrhizobium sp. Ash2021"
"ASV_2774",FALSE,"Pseudomonadota","Alphaproteobacteria","Hyphomicrobiales","Nitrobacteraceae","Bradyrhizobium","Bradyrhizobium sp. Ash2021"
"ASV_2775",FALSE,"Pseudomonadota","Alphaproteobacteria","Hyphomicrobiales","Nitrobacteraceae","Bradyrhizobium","Bradyrhizobium sp. Ash2021"
"ASV_2776",FALSE,"Pseudomonadota","Alphaproteobacteria","Hyphomicrobiales","Nitrobacteraceae","Bradyrhizobium","Bradyrhizobium sp. Ash2021"
"ASV_2777",FALSE,"Pseudomonadota","Alphaproteobacteria","Hyphomicrobiales","Nitrobacteraceae","Bradyrhizobium","Bradyrhizobium sp. Ash2021"
"ASV_2778",FALSE,"Chordata","Aves","Sphenisciformes","Spheniscidae","Eudyptula","Eudyptula minor"
"ASV_2779",FALSE,"Chordata","Aves","Sphenisciformes","Spheniscidae","Eudyptula","Eudyptula minor"
"ASV_2783",FALSE,"Ascomycota","Leotiomycetes","Erysiphales","Erysiphaceae","Blumeria","Blumeria graminis"
"ASV_2784",FALSE,"Arthropoda","Insecta","Hemiptera","Aphididae","Myzocallis","Myzocallis sp. A RGF-2008"
"ASV_2786",FALSE,"Ascomycota","Dothideomycetes","Mycosphaerellales","Mycosphaerellaceae","Septoria","Septoria linicola"
"ASV_2787",FALSE,"Apicomplexa","Conoidasida","Eucoccidiorida","Eimeriidae","Eimeria","Eimeria sp."
"ASV_2788",FALSE,"Pseudomonadota","Alphaproteobacteria","Hyphomicrobiales","Nitrobacteraceae","Bradyrhizobium","Bradyrhizobium sp. Ash2021"
"ASV_2789",FALSE,"Pseudomonadota","Alphaproteobacteria","Hyphomicrobiales","Nitrobacteraceae","Bradyrhizobium","Bradyrhizobium sp. Ash2021"
"ASV_2790",FALSE,"Pseudomonadota","Alphaproteobacteria","Hyphomicrobiales","Nitrobacteraceae","Bradyrhizobium","Bradyrhizobium sp. Ash2021"
"ASV_2791",FALSE,"Pseudomonadota","Alphaproteobacteria","Hyphomicrobiales","Nitrobacteraceae","Bradyrhizobium","Bradyrhizobium sp. Ash2021"
"ASV_2792",FALSE,"Pseudomonadota","Alphaproteobacteria","Hyphomicrobiales","Nitrobacteraceae","Bradyrhizobium","Bradyrhizobium sp. Ash2021"
"ASV_2793",FALSE,"Ascomycota","Sordariomycetes","Glomerellales","Glomerellaceae","Colletotrichum","Colletotrichum destructivum"
"ASV_2795",FALSE,"Chordata","Mammalia","Primates","Hominidae","Homo","Homo sapiens"
"ASV_2796",FALSE,"Pseudomonadota","Alphaproteobacteria","Hyphomicrobiales","Nitrobacteraceae","Bradyrhizobium","Bradyrhizobium sp. Ash2021"
"ASV_2798",FALSE,"Bacteroidota","Flavobacteriia","Flavobacteriales","Flavobacteriaceae","Flavobacterium","Flavobacterium flavipigmentatum"
"ASV_2799",FALSE,"Bacteroidota","Flavobacteriia","Flavobacteriales","Flavobacteriaceae","Flavobacterium","Flavobacterium panacagri"
"ASV_2800",FALSE,"Ascomycota","Eurotiomycetes","Chaetothyriales","Herpotrichiellaceae","Cladophialophora","Cladophialophora bantiana"
"ASV_2801",FALSE,"Oomycota","","Pythiales","Pythiaceae","Globisporangium","Globisporangium barbulae"
"ASV_2802",FALSE,"Oomycota","","Saprolegniales","Saprolegniaceae","Sommerstorffia","Sommerstorffia sp. JR-2024a"
"ASV_2806",FALSE,"Ascomycota","Dothideomycetes","Mycosphaerellales","Mycosphaerellaceae","Zasmidium","Zasmidium cellare"
"ASV_2808",FALSE,"Pseudomonadota","Alphaproteobacteria","Hyphomicrobiales","Nitrobacteraceae","Bradyrhizobium","Bradyrhizobium sp. Ash2021"
"ASV_2809",FALSE,"Pseudomonadota","Alphaproteobacteria","Hyphomicrobiales","Nitrobacteraceae","Bradyrhizobium","Bradyrhizobium sp. Ash2021"
"ASV_2810",FALSE,"Pseudomonadota","Alphaproteobacteria","Hyphomicrobiales","Nitrobacteraceae","Bradyrhizobium","Bradyrhizobium sp. Ash2021"
"ASV_2811",FALSE,"Pseudomonadota","Alphaproteobacteria","Hyphomicrobiales","Nitrobacteraceae","Bradyrhizobium","Bradyrhizobium sp. Ash2021"
"ASV_2812",FALSE,"Pseudomonadota","Alphaproteobacteria","Hyphomicrobiales","Nitrobacteraceae","Bradyrhizobium","Bradyrhizobium sp. Ash2021"
"ASV_2813",FALSE,"Pseudomonadota","Alphaproteobacteria","Hyphomicrobiales","Nitrobacteraceae","Bradyrhizobium","Bradyrhizobium sp. Ash2021"
"ASV_2814",FALSE,"Pseudomonadota","Alphaproteobacteria","Hyphomicrobiales","Nitrobacteraceae","Bradyrhizobium","Bradyrhizobium sp. Ash2021"
"ASV_2815",FALSE,"Pseudomonadota","Alphaproteobacteria","Hyphomicrobiales","Nitrobacteraceae","Bradyrhizobium","Bradyrhizobium sp. Ash2021"
"ASV_2816",FALSE,"Pseudomonadota","Alphaproteobacteria","Hyphomicrobiales","Nitrobacteraceae","Bradyrhizobium","Bradyrhizobium sp. Ash2021"
"ASV_2817",FALSE,"Pseudomonadota","Alphaproteobacteria","Hyphomicrobiales","Nitrobacteraceae","Bradyrhizobium","Bradyrhizobium sp. Ash2021"
"ASV_2818",FALSE,"Pseudomonadota","Alphaproteobacteria","Hyphomicrobiales","Nitrobacteraceae","Bradyrhizobium","Bradyrhizobium sp. Ash2021"
"ASV_2819",FALSE,"Pseudomonadota","Alphaproteobacteria","Hyphomicrobiales","Nitrobacteraceae","Bradyrhizobium","Bradyrhizobium sp. Ash2021"
"ASV_2820",FALSE,"Pseudomonadota","Alphaproteobacteria","Hyphomicrobiales","Nitrobacteraceae","Bradyrhizobium","Bradyrhizobium sp. Ash2021"
"ASV_2822",FALSE,"Pseudomonadota","Alphaproteobacteria","Hyphomicrobiales","Nitrobacteraceae","Bradyrhizobium","Bradyrhizobium sp. Ash2021"
"ASV_2823",FALSE,"Pseudomonadota","Alphaproteobacteria","Hyphomicrobiales","Nitrobacteraceae","Bradyrhizobium","Bradyrhizobium sp. Ash2021"
"ASV_2824",FALSE,"Pseudomonadota","Alphaproteobacteria","Hyphomicrobiales","Nitrobacteraceae","Bradyrhizobium","Bradyrhizobium sp. Ash2021"
"ASV_2825",FALSE,"Pseudomonadota","Alphaproteobacteria","Hyphomicrobiales","Nitrobacteraceae","Bradyrhizobium","Bradyrhizobium sp. Ash2021"
"ASV_2826",FALSE,"Pseudomonadota","Alphaproteobacteria","Hyphomicrobiales","Nitrobacteraceae","Bradyrhizobium","Bradyrhizobium sp. Ash2021"
"ASV_2827",FALSE,"Pseudomonadota","Alphaproteobacteria","Hyphomicrobiales","Nitrobacteraceae","Bradyrhizobium","Bradyrhizobium sp. Ash2021"
"ASV_2828",FALSE,"Pseudomonadota","Alphaproteobacteria","Hyphomicrobiales","Nitrobacteraceae","Bradyrhizobium","Bradyrhizobium sp. Ash2021"
"ASV_2829",FALSE,"Pseudomonadota","Alphaproteobacteria","Hyphomicrobiales","Nitrobacteraceae","Bradyrhizobium","Bradyrhizobium sp. Ash2021"
"ASV_2830",FALSE,"Pseudomonadota","Alphaproteobacteria","Hyphomicrobiales","Nitrobacteraceae","Bradyrhizobium","Bradyrhizobium sp. Ash2021"
"ASV_2831",FALSE,"Pseudomonadota","Alphaproteobacteria","Hyphomicrobiales","Nitrobacteraceae","Bradyrhizobium","Bradyrhizobium sp. Ash2021"
"ASV_2832",FALSE,"Pseudomonadota","Alphaproteobacteria","Hyphomicrobiales","Nitrobacteraceae","Bradyrhizobium","Bradyrhizobium sp. Ash2021"
"ASV_2833",FALSE,"Pseudomonadota","Alphaproteobacteria","Hyphomicrobiales","Nitrobacteraceae","Bradyrhizobium","Bradyrhizobium sp. Ash2021"
"ASV_2834",FALSE,"Chordata","Mammalia","Chiroptera","Vespertilionidae","Chalinolobus","Chalinolobus tuberculatus"
"ASV_2837",FALSE,"Pseudomonadota","Alphaproteobacteria","Hyphomicrobiales","Nitrobacteraceae","Bradyrhizobium","Bradyrhizobium sp. Ash2021"
"ASV_2838",FALSE,"Pseudomonadota","Alphaproteobacteria","Hyphomicrobiales","Nitrobacteraceae","Bradyrhizobium","Bradyrhizobium sp. Ash2021"
"ASV_2839",FALSE,"Pseudomonadota","Alphaproteobacteria","Hyphomicrobiales","Nitrobacteraceae","Bradyrhizobium","Bradyrhizobium sp. Ash2021"
"ASV_2840",FALSE,"Pseudomonadota","Alphaproteobacteria","Hyphomicrobiales","Nitrobacteraceae","Bradyrhizobium","Bradyrhizobium sp. Ash2021"
"ASV_2841",FALSE,"Pseudomonadota","Alphaproteobacteria","Hyphomicrobiales","Nitrobacteraceae","Bradyrhizobium","Bradyrhizobium sp. Ash2021"
"ASV_2842",FALSE,"Pseudomonadota","Alphaproteobacteria","Hyphomicrobiales","Nitrobacteraceae","Bradyrhizobium","Bradyrhizobium sp. Ash2021"
"ASV_2843",FALSE,"Pseudomonadota","Alphaproteobacteria","Hyphomicrobiales","Nitrobacteraceae","Bradyrhizobium","Bradyrhizobium sp. Ash2021"
"ASV_2844",FALSE,"Pseudomonadota","Alphaproteobacteria","Hyphomicrobiales","Nitrobacteraceae","Bradyrhizobium","Bradyrhizobium sp. Ash2021"
"ASV_2845",FALSE,"Chordata","Aves","Sphenisciformes","Spheniscidae","Eudyptula","Eudyptula minor"
"ASV_2846",FALSE,"Chordata","Aves","Sphenisciformes","Spheniscidae","Eudyptula","Eudyptula minor"
"ASV_2847",FALSE,"Ascomycota","Lecanoromycetes","Lecanorales","Parmeliaceae","Parmotrema","Parmotrema stuppeum"
"ASV_2848",FALSE,"Ascomycota","Sordariomycetes","Ophiostomatales","Ophiostomataceae","Ophiostoma","Ophiostoma piceae"
"ASV_2851",FALSE,"Nematoda","Chromadorea","Rhabditida","Criconematidae","Hemicriconemoides","Hemicriconemoides californianus"
"ASV_2853",FALSE,"Pseudomonadota","Alphaproteobacteria","Hyphomicrobiales","Nitrobacteraceae","Bradyrhizobium","Bradyrhizobium sp. Ash2021"
"ASV_2854",FALSE,"Pseudomonadota","Alphaproteobacteria","Hyphomicrobiales","Nitrobacteraceae","Bradyrhizobium","Bradyrhizobium sp. Ash2021"
"ASV_2855",FALSE,"Pseudomonadota","Alphaproteobacteria","Hyphomicrobiales","Nitrobacteraceae","Bradyrhizobium","Bradyrhizobium sp. Ash2021"
"ASV_2857",FALSE,"Pseudomonadota","Alphaproteobacteria","Hyphomicrobiales","Nitrobacteraceae","Bradyrhizobium","Bradyrhizobium sp. Ash2021"
"ASV_2858",FALSE,"Pseudomonadota","Alphaproteobacteria","Hyphomicrobiales","Nitrobacteraceae","Bradyrhizobium","Bradyrhizobium sp. Ash2021"
"ASV_2859",FALSE,"Pseudomonadota","Alphaproteobacteria","Hyphomicrobiales","Nitrobacteraceae","Bradyrhizobium","Bradyrhizobium sp. Ash2021"
"ASV_2860",FALSE,"Pseudomonadota","Alphaproteobacteria","Hyphomicrobiales","Nitrobacteraceae","Bradyrhizobium","Bradyrhizobium sp. Ash2021"
"ASV_2861",FALSE,"Basidiomycota","Agaricomycetes","Agaricales","Psathyrellaceae","Candolleomyces","Candolleomyces candolleanus"
"ASV_2863",FALSE,"Pseudomonadota","Alphaproteobacteria","Hyphomicrobiales","Nitrobacteraceae","Bradyrhizobium","Bradyrhizobium sp. Ash2021"
"ASV_2864",FALSE,"Tubulinea","Elardia","Euamoebida","Hartmannellidae","Ptolemeba","Ptolemeba bulliensis"
"ASV_2866",FALSE,"Arthropoda","Arachnida","Sarcoptiformes","Psoroptoididae","Mesalgoides","Mesalgoides sp. BIOUG30847-G09"
"ASV_2868",FALSE,"Arthropoda","Collembola","Entomobryomorpha","Tomoceridae","","Tomocerinae sp. BIOUG24412-F11"
"ASV_2869",FALSE,"Arthropoda","Arachnida","Sarcoptiformes","Analgidae","Analges","Analges bidentatus"
"ASV_2870",FALSE,"Arthropoda","Insecta","Diptera","Mycetophilidae","","Mycetophilidae sp. BOLD:AAM8972"
"ASV_2872",FALSE,"","","","","",""
"ASV_2873",FALSE,"Annelida","Polychaeta","","Capitellidae","Dasybranchus","Dasybranchus sp. DH1"
"ASV_2874",FALSE,"Pseudomonadota","Betaproteobacteria","Nitrosomonadales","Methylophilaceae","","Methylophilaceae bacterium"
"ASV_2877",FALSE,"Bacteroidota","Flavobacteriia","Flavobacteriales","Flavobacteriaceae","Flavobacterium","Flavobacterium marginilacus"
"ASV_2881",FALSE,"Arthropoda","Insecta","Coleoptera","Curculionidae","Curculio","Curculio sp. 2 ZM-2022a"
"ASV_2883",FALSE,"Pseudomonadota","Alphaproteobacteria","Hyphomicrobiales","Nitrobacteraceae","Bradyrhizobium","Bradyrhizobium sp. Ash2021"
"ASV_2885",FALSE,"Pseudomonadota","Alphaproteobacteria","Hyphomicrobiales","Nitrobacteraceae","Bradyrhizobium","Bradyrhizobium sp. Ash2021"
"ASV_2886",FALSE,"Pseudomonadota","Alphaproteobacteria","Hyphomicrobiales","Nitrobacteraceae","Bradyrhizobium","Bradyrhizobium sp. Ash2021"
"ASV_2887",FALSE,"Pseudomonadota","Alphaproteobacteria","Hyphomicrobiales","Nitrobacteraceae","Bradyrhizobium","Bradyrhizobium sp. Ash2021"
"ASV_2888",FALSE,"Pseudomonadota","Alphaproteobacteria","Hyphomicrobiales","Nitrobacteraceae","Bradyrhizobium","Bradyrhizobium sp. Ash2021"
"ASV_2889",FALSE,"Pseudomonadota","Alphaproteobacteria","Hyphomicrobiales","Nitrobacteraceae","Bradyrhizobium","Bradyrhizobium sp. Ash2021"
"ASV_2890",FALSE,"Pseudomonadota","Alphaproteobacteria","Hyphomicrobiales","Nitrobacteraceae","Bradyrhizobium","Bradyrhizobium sp. Ash2021"
"ASV_2891",FALSE,"Pseudomonadota","Alphaproteobacteria","Hyphomicrobiales","Nitrobacteraceae","Bradyrhizobium","Bradyrhizobium sp. Ash2021"
"ASV_2892",FALSE,"Pseudomonadota","Alphaproteobacteria","Hyphomicrobiales","Nitrobacteraceae","Bradyrhizobium","Bradyrhizobium sp. Ash2021"
"ASV_2893",FALSE,"Pseudomonadota","Alphaproteobacteria","Hyphomicrobiales","Nitrobacteraceae","Bradyrhizobium","Bradyrhizobium sp. Ash2021"
"ASV_2894",FALSE,"Pseudomonadota","Alphaproteobacteria","Hyphomicrobiales","Nitrobacteraceae","Bradyrhizobium","Bradyrhizobium sp. Ash2021"
"ASV_2895",FALSE,"Pseudomonadota","Alphaproteobacteria","Hyphomicrobiales","Nitrobacteraceae","Bradyrhizobium","Bradyrhizobium sp. Ash2021"
"ASV_2896",FALSE,"Pseudomonadota","Alphaproteobacteria","Hyphomicrobiales","Nitrobacteraceae","Bradyrhizobium","Bradyrhizobium sp. Ash2021"
"ASV_2897",FALSE,"Pseudomonadota","Alphaproteobacteria","Hyphomicrobiales","Nitrobacteraceae","Bradyrhizobium","Bradyrhizobium sp. Ash2021"
"ASV_2898",FALSE,"Pseudomonadota","Alphaproteobacteria","Hyphomicrobiales","Nitrobacteraceae","Bradyrhizobium","Bradyrhizobium sp. Ash2021"
"ASV_2900",FALSE,"Pseudomonadota","Alphaproteobacteria","Hyphomicrobiales","Nitrobacteraceae","Bradyrhizobium","Bradyrhizobium sp. Ash2021"
"ASV_2901",FALSE,"Pseudomonadota","Alphaproteobacteria","Hyphomicrobiales","Nitrobacteraceae","Bradyrhizobium","Bradyrhizobium sp. Ash2021"
"ASV_2902",FALSE,"Pseudomonadota","Alphaproteobacteria","Hyphomicrobiales","Nitrobacteraceae","Bradyrhizobium","Bradyrhizobium sp. Ash2021"
"ASV_2903",FALSE,"Pseudomonadota","Alphaproteobacteria","Hyphomicrobiales","Nitrobacteraceae","Bradyrhizobium","Bradyrhizobium sp. Ash2021"
"ASV_2904",FALSE,"Pseudomonadota","Alphaproteobacteria","Hyphomicrobiales","Nitrobacteraceae","Bradyrhizobium","Bradyrhizobium sp. Ash2021"
"ASV_2905",FALSE,"Pseudomonadota","Alphaproteobacteria","Hyphomicrobiales","Nitrobacteraceae","Bradyrhizobium","Bradyrhizobium sp. Ash2021"
"ASV_2906",FALSE,"Pseudomonadota","Alphaproteobacteria","Hyphomicrobiales","Nitrobacteraceae","Bradyrhizobium","Bradyrhizobium sp. Ash2021"
"ASV_2907",FALSE,"Pseudomonadota","Alphaproteobacteria","Hyphomicrobiales","Nitrobacteraceae","Bradyrhizobium","Bradyrhizobium sp. Ash2021"
"ASV_2908",FALSE,"Pseudomonadota","Alphaproteobacteria","Hyphomicrobiales","Nitrobacteraceae","Bradyrhizobium","Bradyrhizobium sp. Ash2021"
"ASV_2909",FALSE,"Pseudomonadota","Alphaproteobacteria","Hyphomicrobiales","Nitrobacteraceae","Bradyrhizobium","Bradyrhizobium sp. Ash2021"
"ASV_2910",FALSE,"Pseudomonadota","Alphaproteobacteria","Hyphomicrobiales","Nitrobacteraceae","Bradyrhizobium","Bradyrhizobium sp. Ash2021"
"ASV_2911",FALSE,"Pseudomonadota","Alphaproteobacteria","Hyphomicrobiales","Nitrobacteraceae","Bradyrhizobium","Bradyrhizobium sp. Ash2021"
"ASV_2912",FALSE,"Pseudomonadota","Alphaproteobacteria","Hyphomicrobiales","Nitrobacteraceae","Bradyrhizobium","Bradyrhizobium sp. Ash2021"
"ASV_2913",FALSE,"Pseudomonadota","Alphaproteobacteria","Hyphomicrobiales","Nitrobacteraceae","Bradyrhizobium","Bradyrhizobium sp. Ash2021"
"ASV_2914",FALSE,"Pseudomonadota","Alphaproteobacteria","Hyphomicrobiales","Nitrobacteraceae","Bradyrhizobium","Bradyrhizobium sp. Ash2021"
"ASV_2915",FALSE,"Pseudomonadota","Alphaproteobacteria","Hyphomicrobiales","Nitrobacteraceae","Bradyrhizobium","Bradyrhizobium sp. Ash2021"
"ASV_2916",FALSE,"Arthropoda","Insecta","Hemiptera","Aphididae","Capitophorus","Capitophorus elaeagni"
"ASV_2917",FALSE,"Chordata","Aves","Sphenisciformes","Spheniscidae","Eudyptula","Eudyptula minor"
"ASV_2919",FALSE,"Streptophyta","Magnoliopsida","Asparagales","Orchidaceae","Trichopilia","Trichopilia turialbae"
"ASV_2921",FALSE,"Pseudomonadota","Alphaproteobacteria","Hyphomicrobiales","Nitrobacteraceae","Bradyrhizobium","Bradyrhizobium sp. Ash2021"
"ASV_2922",FALSE,"Pseudomonadota","Alphaproteobacteria","Hyphomicrobiales","Nitrobacteraceae","Bradyrhizobium","Bradyrhizobium sp. Ash2021"
"ASV_2923",FALSE,"Pseudomonadota","Alphaproteobacteria","Hyphomicrobiales","Nitrobacteraceae","Bradyrhizobium","Bradyrhizobium sp. Ash2021"
"ASV_2924",FALSE,"Pseudomonadota","Alphaproteobacteria","Hyphomicrobiales","Nitrobacteraceae","Bradyrhizobium","Bradyrhizobium sp. Ash2021"
"ASV_2925",FALSE,"Pseudomonadota","Alphaproteobacteria","Hyphomicrobiales","Nitrobacteraceae","Bradyrhizobium","Bradyrhizobium sp. Ash2021"
"ASV_2926",FALSE,"Pseudomonadota","Alphaproteobacteria","Hyphomicrobiales","Nitrobacteraceae","Bradyrhizobium","Bradyrhizobium sp. Ash2021"
"ASV_2927",FALSE,"Pseudomonadota","Alphaproteobacteria","Hyphomicrobiales","Nitrobacteraceae","Bradyrhizobium","Bradyrhizobium sp. Ash2021"
"ASV_2928",FALSE,"Pseudomonadota","Alphaproteobacteria","Hyphomicrobiales","Nitrobacteraceae","Bradyrhizobium","Bradyrhizobium sp. Ash2021"
"ASV_2929",FALSE,"Pseudomonadota","Alphaproteobacteria","Hyphomicrobiales","Nitrobacteraceae","Bradyrhizobium","Bradyrhizobium sp. Ash2021"
"ASV_2930",FALSE,"Pseudomonadota","Alphaproteobacteria","Hyphomicrobiales","Nitrobacteraceae","Bradyrhizobium","Bradyrhizobium sp. Ash2021"
"ASV_2931",FALSE,"Pseudomonadota","Alphaproteobacteria","Hyphomicrobiales","Nitrobacteraceae","Bradyrhizobium","Bradyrhizobium sp. Ash2021"
"ASV_2932",FALSE,"Chordata","Aves","Sphenisciformes","Spheniscidae","Eudyptula","Eudyptula minor"
"ASV_2933",FALSE,"Chordata","Aves","Sphenisciformes","Spheniscidae","Eudyptula","Eudyptula minor"
"ASV_2934",FALSE,"Chordata","Actinopteri","Scombriformes","Gempylidae","Thyrsites","Thyrsites atun"
"ASV_2938",FALSE,"Basidiomycota","Cystobasidiomycetes","Cystobasidiales","Cystobasidiaceae","Cystobasidium","Cystobasidium sp."
"ASV_2939",FALSE,"Discosea","Flabellinia","","Vannellidae","Vannella","Vannella robusta"
"ASV_2944",FALSE,"Oomycota","","Saprolegniales","Saprolegniaceae","Aphanomyces","Aphanomyces salsuginosus"
"ASV_2946",FALSE,"Ascomycota","Lecanoromycetes","Lecanorales","Parmeliaceae","Parmotrema","Parmotrema ultralucens"
"ASV_2947",FALSE,"Pseudomonadota","Alphaproteobacteria","Hyphomicrobiales","Nitrobacteraceae","Bradyrhizobium","Bradyrhizobium sp. Ash2021"
"ASV_2948",FALSE,"Pseudomonadota","Alphaproteobacteria","Hyphomicrobiales","Nitrobacteraceae","Bradyrhizobium","Bradyrhizobium sp. Ash2021"
"ASV_2949",FALSE,"Pseudomonadota","Alphaproteobacteria","Hyphomicrobiales","Nitrobacteraceae","Bradyrhizobium","Bradyrhizobium sp. Ash2021"
"ASV_2950",FALSE,"Pseudomonadota","Alphaproteobacteria","Hyphomicrobiales","Nitrobacteraceae","Bradyrhizobium","Bradyrhizobium sp. Ash2021"
"ASV_2951",FALSE,"Pseudomonadota","Alphaproteobacteria","Hyphomicrobiales","Nitrobacteraceae","Bradyrhizobium","Bradyrhizobium sp. Ash2021"
"ASV_2952",FALSE,"Pseudomonadota","Alphaproteobacteria","Hyphomicrobiales","Nitrobacteraceae","Bradyrhizobium","Bradyrhizobium sp. Ash2021"
"ASV_2953",FALSE,"Pseudomonadota","Alphaproteobacteria","Hyphomicrobiales","Nitrobacteraceae","Bradyrhizobium","Bradyrhizobium sp. Ash2021"
"ASV_2954",FALSE,"Pseudomonadota","Alphaproteobacteria","Hyphomicrobiales","Nitrobacteraceae","Bradyrhizobium","Bradyrhizobium sp. Ash2021"
"ASV_2955",FALSE,"Apicomplexa","Conoidasida","Eucoccidiorida","Eimeriidae","Eimeria","Eimeria sp."
"ASV_2956",FALSE,"Bacteroidota","Sphingobacteriia","Sphingobacteriales","Sphingobacteriaceae","Pedobacter","Pedobacter lusitanus"
"ASV_2961",FALSE,"","Phaeophyceae","Ectocarpales","Chordariaceae","","Chordariaceae sp. 13 AP-2014"
"ASV_2963",FALSE,"Ascomycota","Sordariomycetes","Hypocreales","Ophiocordycipitaceae","Perennicordyceps","Perennicordyceps ryogamiensis"
"ASV_2965",FALSE,"Ascomycota","Leotiomycetes","Thelebolales","Thelebolaceae","Pseudogymnoascus","Pseudogymnoascus destructans"
"ASV_2967",FALSE,"Bacteroidota","Sphingobacteriia","Sphingobacteriales","Sphingobacteriaceae","Pedobacter","Pedobacter cryoconitis"
"ASV_2969",FALSE,"Rhodophyta","Florideophyceae","Ceramiales","Rhodomelaceae","Herposiphonia","Herposiphonia sp. 1Tristan TDCRH102-11"
"ASV_2975",FALSE,"Pseudomonadota","Alphaproteobacteria","Hyphomicrobiales","Nitrobacteraceae","Bradyrhizobium","Bradyrhizobium sp. Ash2021"
"ASV_2976",FALSE,"Pseudomonadota","Alphaproteobacteria","Hyphomicrobiales","Nitrobacteraceae","Bradyrhizobium","Bradyrhizobium sp. Ash2021"
"ASV_2977",FALSE,"Pseudomonadota","Alphaproteobacteria","Hyphomicrobiales","Nitrobacteraceae","Bradyrhizobium","Bradyrhizobium sp. Ash2021"
"ASV_2978",FALSE,"Pseudomonadota","Alphaproteobacteria","Hyphomicrobiales","Nitrobacteraceae","Bradyrhizobium","Bradyrhizobium sp. Ash2021"
"ASV_2979",FALSE,"Pseudomonadota","Alphaproteobacteria","Hyphomicrobiales","Nitrobacteraceae","Bradyrhizobium","Bradyrhizobium sp. Ash2021"
"ASV_2980",FALSE,"Pseudomonadota","Alphaproteobacteria","Hyphomicrobiales","Nitrobacteraceae","Bradyrhizobium","Bradyrhizobium sp. Ash2021"
"ASV_2981",FALSE,"Pseudomonadota","Alphaproteobacteria","Hyphomicrobiales","Nitrobacteraceae","Bradyrhizobium","Bradyrhizobium sp. Ash2021"
"ASV_2982",FALSE,"Pseudomonadota","Alphaproteobacteria","Hyphomicrobiales","Nitrobacteraceae","Bradyrhizobium","Bradyrhizobium sp. Ash2021"
"ASV_2983",FALSE,"Pseudomonadota","Alphaproteobacteria","Hyphomicrobiales","Nitrobacteraceae","Bradyrhizobium","Bradyrhizobium sp. Ash2021"
"ASV_2984",FALSE,"Pseudomonadota","Alphaproteobacteria","Hyphomicrobiales","Nitrobacteraceae","Bradyrhizobium","Bradyrhizobium sp. Ash2021"
"ASV_2985",FALSE,"Pseudomonadota","Alphaproteobacteria","Hyphomicrobiales","Nitrobacteraceae","Bradyrhizobium","Bradyrhizobium sp. Ash2021"
"ASV_2986",FALSE,"Pseudomonadota","Alphaproteobacteria","Hyphomicrobiales","Nitrobacteraceae","Bradyrhizobium","Bradyrhizobium sp. Ash2021"
"ASV_2987",FALSE,"Pseudomonadota","Alphaproteobacteria","Hyphomicrobiales","Nitrobacteraceae","Bradyrhizobium","Bradyrhizobium sp. Ash2021"
"ASV_2988",FALSE,"Pseudomonadota","Alphaproteobacteria","Hyphomicrobiales","Nitrobacteraceae","Bradyrhizobium","Bradyrhizobium sp. Ash2021"
"ASV_2989",FALSE,"Pseudomonadota","Alphaproteobacteria","Hyphomicrobiales","Nitrobacteraceae","Bradyrhizobium","Bradyrhizobium sp. Ash2021"
"ASV_2990",FALSE,"Pseudomonadota","Alphaproteobacteria","Hyphomicrobiales","Nitrobacteraceae","Bradyrhizobium","Bradyrhizobium sp. Ash2021"
"ASV_2991",FALSE,"Pseudomonadota","Alphaproteobacteria","Hyphomicrobiales","Nitrobacteraceae","Bradyrhizobium","Bradyrhizobium sp. Ash2021"
"ASV_2992",FALSE,"Pseudomonadota","Alphaproteobacteria","Hyphomicrobiales","Nitrobacteraceae","Bradyrhizobium","Bradyrhizobium sp. Ash2021"
"ASV_2993",FALSE,"Pseudomonadota","Alphaproteobacteria","Hyphomicrobiales","Nitrobacteraceae","Bradyrhizobium","Bradyrhizobium sp. Ash2021"
"ASV_2994",FALSE,"Pseudomonadota","Alphaproteobacteria","Hyphomicrobiales","Nitrobacteraceae","Bradyrhizobium","Bradyrhizobium sp. Ash2021"
"ASV_2995",FALSE,"Pseudomonadota","Alphaproteobacteria","Hyphomicrobiales","Nitrobacteraceae","Bradyrhizobium","Bradyrhizobium sp. Ash2021"
"ASV_2996",FALSE,"Pseudomonadota","Alphaproteobacteria","Hyphomicrobiales","Nitrobacteraceae","Bradyrhizobium","Bradyrhizobium sp. Ash2021"
"ASV_2997",FALSE,"Pseudomonadota","Alphaproteobacteria","Hyphomicrobiales","Nitrobacteraceae","Bradyrhizobium","Bradyrhizobium sp. Ash2021"
"ASV_2998",FALSE,"Pseudomonadota","Alphaproteobacteria","Hyphomicrobiales","Nitrobacteraceae","Bradyrhizobium","Bradyrhizobium sp. Ash2021"
"ASV_2999",FALSE,"Pseudomonadota","Alphaproteobacteria","Hyphomicrobiales","Nitrobacteraceae","Bradyrhizobium","Bradyrhizobium sp. Ash2021"
"ASV_3000",FALSE,"Pseudomonadota","Alphaproteobacteria","Hyphomicrobiales","Nitrobacteraceae","Bradyrhizobium","Bradyrhizobium sp. Ash2021"
"ASV_3001",FALSE,"Pseudomonadota","Alphaproteobacteria","Hyphomicrobiales","Nitrobacteraceae","Bradyrhizobium","Bradyrhizobium sp. Ash2021"
"ASV_3002",FALSE,"Pseudomonadota","Alphaproteobacteria","Hyphomicrobiales","Nitrobacteraceae","Bradyrhizobium","Bradyrhizobium sp. Ash2021"
"ASV_3003",FALSE,"Pseudomonadota","Alphaproteobacteria","Hyphomicrobiales","Nitrobacteraceae","Bradyrhizobium","Bradyrhizobium sp. Ash2021"
"ASV_3004",FALSE,"Pseudomonadota","Alphaproteobacteria","Hyphomicrobiales","Nitrobacteraceae","Bradyrhizobium","Bradyrhizobium sp. Ash2021"
"ASV_3005",FALSE,"Pseudomonadota","Alphaproteobacteria","Hyphomicrobiales","Nitrobacteraceae","Bradyrhizobium","Bradyrhizobium sp. Ash2021"
"ASV_3006",FALSE,"Pseudomonadota","Alphaproteobacteria","Hyphomicrobiales","Nitrobacteraceae","Bradyrhizobium","Bradyrhizobium sp. Ash2021"
"ASV_3007",FALSE,"Pseudomonadota","Alphaproteobacteria","Hyphomicrobiales","Nitrobacteraceae","Bradyrhizobium","Bradyrhizobium sp. Ash2021"
"ASV_3008",FALSE,"Pseudomonadota","Alphaproteobacteria","Hyphomicrobiales","Nitrobacteraceae","Bradyrhizobium","Bradyrhizobium sp. Ash2021"
"ASV_3009",FALSE,"Pseudomonadota","Alphaproteobacteria","Hyphomicrobiales","Nitrobacteraceae","Bradyrhizobium","Bradyrhizobium sp. Ash2021"
"ASV_3010",FALSE,"Pseudomonadota","Alphaproteobacteria","Hyphomicrobiales","Nitrobacteraceae","Bradyrhizobium","Bradyrhizobium sp. Ash2021"
"ASV_3011",FALSE,"Pseudomonadota","Alphaproteobacteria","Hyphomicrobiales","Nitrobacteraceae","Bradyrhizobium","Bradyrhizobium sp. Ash2021"
"ASV_3012",FALSE,"Ascomycota","Dothideomycetes","Cladosporiales","Cladosporiaceae","Cladosporium","Cladosporium cladosporioides"
"ASV_3013",FALSE,"Chordata","Actinopteri","Cyprinodontiformes","Poeciliidae","Gambusia","Gambusia holbrooki"
"ASV_3014",FALSE,"Pseudomonadota","Alphaproteobacteria","Hyphomicrobiales","Nitrobacteraceae","Bradyrhizobium","Bradyrhizobium sp. Ash2021"
"ASV_3015",FALSE,"Pseudomonadota","Alphaproteobacteria","Hyphomicrobiales","Nitrobacteraceae","Bradyrhizobium","Bradyrhizobium sp. Ash2021"
"ASV_3016",FALSE,"Pseudomonadota","Alphaproteobacteria","Hyphomicrobiales","Nitrobacteraceae","Bradyrhizobium","Bradyrhizobium sp. Ash2021"
"ASV_3017",FALSE,"Pseudomonadota","Alphaproteobacteria","Hyphomicrobiales","Nitrobacteraceae","Bradyrhizobium","Bradyrhizobium sp. Ash2021"
"ASV_3018",FALSE,"Pseudomonadota","Alphaproteobacteria","Hyphomicrobiales","Nitrobacteraceae","Bradyrhizobium","Bradyrhizobium sp. Ash2021"
"ASV_3019",FALSE,"Chordata","Aves","Sphenisciformes","Spheniscidae","Eudyptula","Eudyptula minor"
"ASV_3020",FALSE,"Chordata","Aves","Sphenisciformes","Spheniscidae","Eudyptula","Eudyptula minor"
"ASV_3024",FALSE,"Oomycota","","Peronosporales","Peronosporaceae","Phytophthora","Phytophthora falcata"
"ASV_3025",FALSE,"Rotifera","Eurotatoria","Philodinida","Habrotrochidae","Habrotrocha","Habrotrocha antarctica"
"ASV_3026",FALSE,"Ascomycota","Leotiomycetes","Thelebolales","Thelebolaceae","Pseudogymnoascus","Pseudogymnoascus destructans"
"ASV_3027",FALSE,"Chordata","Mammalia","Primates","Hominidae","Homo","Homo sapiens"
"ASV_3028",FALSE,"","","","","",""
"ASV_3030",FALSE,"Basidiomycota","Tremellomycetes","Filobasidiales","Filobasidiaceae","Filobasidium","Filobasidium floriforme"
"ASV_3034",FALSE,"Pseudomonadota","Alphaproteobacteria","Hyphomicrobiales","Nitrobacteraceae","Bradyrhizobium","Bradyrhizobium sp. Ash2021"
"ASV_3035",FALSE,"Pseudomonadota","Alphaproteobacteria","Hyphomicrobiales","Nitrobacteraceae","Bradyrhizobium","Bradyrhizobium sp. Ash2021"
"ASV_3036",FALSE,"Pseudomonadota","Alphaproteobacteria","Hyphomicrobiales","Nitrobacteraceae","Bradyrhizobium","Bradyrhizobium sp. Ash2021"
"ASV_3037",FALSE,"Peploviricota","Herviviricetes","Herpesvirales","Orthoherpesviridae","Iltovirus","Iltovirus gallidalpha1"
"ASV_3038",FALSE,"Pseudomonadota","Alphaproteobacteria","Hyphomicrobiales","Nitrobacteraceae","Bradyrhizobium","Bradyrhizobium sp. Ash2021"
"ASV_3039",FALSE,"Annelida","Polychaeta","","Capitellidae","Dasybranchus","Dasybranchus sp. DH1"
"ASV_3040",FALSE,"","","","","","invertebrate environmental sample"
"ASV_3041",FALSE,"Chordata","Mammalia","Primates","Hominidae","Homo","Homo sapiens"
"ASV_3045",FALSE,"Bacteroidota","Sphingobacteriia","Sphingobacteriales","Sphingobacteriaceae","Pedobacter","Pedobacter foliorum"
"ASV_3046",FALSE,"Ascomycota","Sordariomycetes","Hypocreales","Ophiocordycipitaceae","Pleurocordyceps","Pleurocordyceps vitellina"
"ASV_3047",FALSE,"Bacteroidota","Sphingobacteriia","Sphingobacteriales","Sphingobacteriaceae","Pedobacter","Pedobacter sp."
"ASV_3049",FALSE,"","Phaeophyceae","Ectocarpales","Chordariaceae","Haplogloia","Haplogloia andersonii"
"ASV_3051",FALSE,"Cnidaria","Hydrozoa","Anthoathecata","Zancleidae","Zanclea","Zanclea implexa"
"ASV_3052",FALSE,"Pseudomonadota","Betaproteobacteria","Nitrosomonadales","Methylophilaceae","","Methylophilaceae bacterium"
"ASV_3055",FALSE,"Rhodophyta","Florideophyceae","Gigartinales","Cystocloniaceae","Gloiophyllis","Gloiophyllis barkerae"
"ASV_3056",FALSE,"","","","","","invertebrate environmental sample"
"ASV_3058",FALSE,"Chlorophyta","Trebouxiophyceae","Trebouxiales","Trebouxiaceae","Trebouxia","Trebouxia aggregata"
"ASV_3063",FALSE,"Bacteroidota","Flavobacteriia","Flavobacteriales","Flavobacteriaceae","Maribacter","Maribacter sp. BPC-D8"
"ASV_3065",FALSE,"Pseudomonadota","Alphaproteobacteria","Hyphomicrobiales","Nitrobacteraceae","Bradyrhizobium","Bradyrhizobium sp. Ash2021"
"ASV_3066",FALSE,"Pseudomonadota","Alphaproteobacteria","Hyphomicrobiales","Nitrobacteraceae","Bradyrhizobium","Bradyrhizobium sp. Ash2021"
"ASV_3067",FALSE,"Pseudomonadota","Alphaproteobacteria","Hyphomicrobiales","Nitrobacteraceae","Bradyrhizobium","Bradyrhizobium sp. Ash2021"
"ASV_3068",FALSE,"Pseudomonadota","Alphaproteobacteria","Hyphomicrobiales","Nitrobacteraceae","Bradyrhizobium","Bradyrhizobium sp. Ash2021"
"ASV_3069",FALSE,"Pseudomonadota","Alphaproteobacteria","Hyphomicrobiales","Nitrobacteraceae","Bradyrhizobium","Bradyrhizobium sp. Ash2021"
"ASV_3070",FALSE,"Pseudomonadota","Alphaproteobacteria","Hyphomicrobiales","Nitrobacteraceae","Bradyrhizobium","Bradyrhizobium sp. Ash2021"
"ASV_3071",FALSE,"Pseudomonadota","Alphaproteobacteria","Hyphomicrobiales","Nitrobacteraceae","Bradyrhizobium","Bradyrhizobium sp. Ash2021"
"ASV_3072",FALSE,"Pseudomonadota","Alphaproteobacteria","Hyphomicrobiales","Nitrobacteraceae","Bradyrhizobium","Bradyrhizobium sp. Ash2021"
"ASV_3073",FALSE,"Pseudomonadota","Alphaproteobacteria","Hyphomicrobiales","Nitrobacteraceae","Bradyrhizobium","Bradyrhizobium sp. Ash2021"
"ASV_3074",FALSE,"Pseudomonadota","Alphaproteobacteria","Hyphomicrobiales","Nitrobacteraceae","Bradyrhizobium","Bradyrhizobium sp. Ash2021"
"ASV_3075",FALSE,"Pseudomonadota","Alphaproteobacteria","Hyphomicrobiales","Nitrobacteraceae","Bradyrhizobium","Bradyrhizobium sp. Ash2021"
"ASV_3077",FALSE,"Rhodophyta","Florideophyceae","Hapalidiales","Mesophyllumaceae","Mesophyllum","Mesophyllum conchatum"
"ASV_3078",FALSE,"Pseudomonadota","Alphaproteobacteria","Hyphomicrobiales","Nitrobacteraceae","Bradyrhizobium","Bradyrhizobium sp. Ash2021"
"ASV_3079",FALSE,"Pseudomonadota","Alphaproteobacteria","Hyphomicrobiales","Nitrobacteraceae","Bradyrhizobium","Bradyrhizobium sp. Ash2021"
"ASV_3080",FALSE,"Pseudomonadota","Alphaproteobacteria","Hyphomicrobiales","Nitrobacteraceae","Bradyrhizobium","Bradyrhizobium sp. Ash2021"
"ASV_3081",FALSE,"Pseudomonadota","Alphaproteobacteria","Hyphomicrobiales","Nitrobacteraceae","Bradyrhizobium","Bradyrhizobium sp. Ash2021"
"ASV_3082",FALSE,"Pseudomonadota","Alphaproteobacteria","Hyphomicrobiales","Nitrobacteraceae","Bradyrhizobium","Bradyrhizobium sp. Ash2021"
"ASV_3083",FALSE,"Pseudomonadota","Alphaproteobacteria","Hyphomicrobiales","Nitrobacteraceae","Bradyrhizobium","Bradyrhizobium sp. Ash2021"
"ASV_3084",FALSE,"Pseudomonadota","Alphaproteobacteria","Hyphomicrobiales","Nitrobacteraceae","Bradyrhizobium","Bradyrhizobium sp. Ash2021"
"ASV_3085",FALSE,"Pseudomonadota","Alphaproteobacteria","Hyphomicrobiales","Nitrobacteraceae","Bradyrhizobium","Bradyrhizobium sp. Ash2021"
"ASV_3086",FALSE,"Pseudomonadota","Alphaproteobacteria","Hyphomicrobiales","Nitrobacteraceae","Bradyrhizobium","Bradyrhizobium sp. Ash2021"
"ASV_3087",FALSE,"Pseudomonadota","Alphaproteobacteria","Hyphomicrobiales","Nitrobacteraceae","Bradyrhizobium","Bradyrhizobium sp. Ash2021"
"ASV_3088",FALSE,"Pseudomonadota","Alphaproteobacteria","Hyphomicrobiales","Nitrobacteraceae","Bradyrhizobium","Bradyrhizobium sp. Ash2021"
"ASV_3089",FALSE,"Pseudomonadota","Alphaproteobacteria","Hyphomicrobiales","Nitrobacteraceae","Bradyrhizobium","Bradyrhizobium sp. Ash2021"
"ASV_3090",FALSE,"Pseudomonadota","Alphaproteobacteria","Hyphomicrobiales","Nitrobacteraceae","Bradyrhizobium","Bradyrhizobium sp. Ash2021"
"ASV_3091",FALSE,"Pseudomonadota","Alphaproteobacteria","Hyphomicrobiales","Nitrobacteraceae","Bradyrhizobium","Bradyrhizobium sp. Ash2021"
"ASV_3093",FALSE,"Bacillota","Bacilli","Lactobacillales","Enterococcaceae","Enterococcus","Enterococcus faecalis"
"ASV_3095",FALSE,"Pseudomonadota","Alphaproteobacteria","Hyphomicrobiales","Nitrobacteraceae","Bradyrhizobium","Bradyrhizobium sp. Ash2021"
"ASV_3096",FALSE,"Pseudomonadota","Alphaproteobacteria","Hyphomicrobiales","Nitrobacteraceae","Bradyrhizobium","Bradyrhizobium sp. Ash2021"
"ASV_3097",FALSE,"Pseudomonadota","Alphaproteobacteria","Hyphomicrobiales","Nitrobacteraceae","Bradyrhizobium","Bradyrhizobium sp. Ash2021"
"ASV_3098",FALSE,"Chordata","Aves","Sphenisciformes","Spheniscidae","Eudyptula","Eudyptula minor"
"ASV_3099",FALSE,"Pseudomonadota","Alphaproteobacteria","Hyphomicrobiales","Nitrobacteraceae","Bradyrhizobium","Bradyrhizobium sp. Ash2021"
"ASV_3100",FALSE,"Pseudomonadota","Alphaproteobacteria","Hyphomicrobiales","Nitrobacteraceae","Bradyrhizobium","Bradyrhizobium sp. Ash2021"
"ASV_3101",FALSE,"Pseudomonadota","Alphaproteobacteria","Hyphomicrobiales","Nitrobacteraceae","Bradyrhizobium","Bradyrhizobium sp. Ash2021"
"ASV_3102",FALSE,"Pseudomonadota","Alphaproteobacteria","Hyphomicrobiales","Nitrobacteraceae","Bradyrhizobium","Bradyrhizobium sp. Ash2021"
"ASV_3103",FALSE,"Pseudomonadota","Alphaproteobacteria","Hyphomicrobiales","Nitrobacteraceae","Bradyrhizobium","Bradyrhizobium sp. Ash2021"
"ASV_3104",FALSE,"Pseudomonadota","Alphaproteobacteria","Hyphomicrobiales","Nitrobacteraceae","Bradyrhizobium","Bradyrhizobium sp. Ash2021"
"ASV_3105",FALSE,"Pseudomonadota","Alphaproteobacteria","Hyphomicrobiales","Nitrobacteraceae","Bradyrhizobium","Bradyrhizobium sp. Ash2021"
"ASV_3106",FALSE,"Chordata","Aves","Sphenisciformes","Spheniscidae","Eudyptula","Eudyptula minor"
"ASV_3107",FALSE,"Chordata","Aves","Sphenisciformes","Spheniscidae","Eudyptula","Eudyptula minor"
"ASV_3108",FALSE,"Chordata","Aves","Sphenisciformes","Spheniscidae","Eudyptula","Eudyptula minor"
"ASV_3109",FALSE,"Cnidaria","Hydrozoa","Anthoathecata","Hydridae","Hydra","Hydra viridissima"
"ASV_3110",FALSE,"Chordata","Aves","Sphenisciformes","Spheniscidae","Eudyptula","Eudyptula minor"
"ASV_3112",FALSE,"Ascomycota","Sordariomycetes","Microascales","Microascaceae","Scopulariopsis","Scopulariopsis brevicaulis"
"ASV_3113",FALSE,"Annelida","Polychaeta","","Capitellidae","Dasybranchus","Dasybranchus sp. DH1"
"ASV_3114",FALSE,"Basidiomycota","Exobasidiomycetes","Microstromatales","","","uncultured Jaminaea"
"ASV_3118",FALSE,"Ascomycota","Sordariomycetes","Hypocreales","Clavicipitaceae","Metarhizium","Metarhizium robertsii"
"ASV_3119",FALSE,"Cnidaria","Hydrozoa","Anthoathecata","Zancleidae","Zanclea","Zanclea implexa"
"ASV_3120",FALSE,"Ascomycota","Leotiomycetes","Helotiales","","Tetracladium","Tetracladium apiense"
"ASV_3122",FALSE,"Ascomycota","Eurotiomycetes","Chaetothyriales","Trichomeriaceae","Arthrocladium","Arthrocladium fulminans"
"ASV_3124",FALSE,"Pseudomonadota","Alphaproteobacteria","Hyphomicrobiales","Nitrobacteraceae","Bradyrhizobium","Bradyrhizobium sp. Ash2021"
"ASV_3125",FALSE,"Pseudomonadota","Alphaproteobacteria","Hyphomicrobiales","Nitrobacteraceae","Bradyrhizobium","Bradyrhizobium sp. Ash2021"
"ASV_3126",FALSE,"Pseudomonadota","Alphaproteobacteria","Hyphomicrobiales","Nitrobacteraceae","Bradyrhizobium","Bradyrhizobium sp. Ash2021"
"ASV_3127",FALSE,"Pseudomonadota","Alphaproteobacteria","Hyphomicrobiales","Nitrobacteraceae","Bradyrhizobium","Bradyrhizobium sp. Ash2021"
"ASV_3128",FALSE,"Pseudomonadota","Alphaproteobacteria","Hyphomicrobiales","Nitrobacteraceae","Bradyrhizobium","Bradyrhizobium sp. Ash2021"
"ASV_3129",FALSE,"Pseudomonadota","Alphaproteobacteria","Hyphomicrobiales","Nitrobacteraceae","Bradyrhizobium","Bradyrhizobium sp. Ash2021"
"ASV_3130",FALSE,"Arthropoda","Insecta","Hymenoptera","Tenthredinidae","Heterarthrus","Heterarthrus sp. 1 Daocheng"
"ASV_3131",FALSE,"Ascomycota","Eurotiomycetes","Chaetothyriales","Trichomeriaceae","Arthrocladium","Arthrocladium fulminans"
"ASV_3135",FALSE,"Pseudomonadota","Alphaproteobacteria","Hyphomicrobiales","Nitrobacteraceae","Bradyrhizobium","Bradyrhizobium sp. Ash2021"
"ASV_3139",FALSE,"Tubulinea","Elardia","Euamoebida","Hartmannellidae","Ptolemeba","Ptolemeba bulliensis"
"ASV_3143",FALSE,"Basidiomycota","Microbotryomycetes","Sporidiobolales","Sporidiobolaceae","Rhodotorula","Rhodotorula mucilaginosa"
"ASV_3144",FALSE,"Bacteroidota","Flavobacteriia","Flavobacteriales","Flavobacteriaceae","","uncultured Flavobacteriaceae bacterium"
"ASV_3145",FALSE,"Oomycota","","Saprolegniales","Saprolegniaceae","Saprolegnia","Saprolegnia monilifera"
"ASV_3146",FALSE,"Arthropoda","Insecta","Lepidoptera","Bucculatricidae","Bucculatrix","Bucculatrix ulmella"
"ASV_3147",FALSE,"Arthropoda","Arachnida","Sarcoptiformes","Acaridae","Thyreophagus","Thyreophagus corticalis"
"ASV_3148",FALSE,"Pseudomonadota","Alphaproteobacteria","Hyphomicrobiales","Nitrobacteraceae","Bradyrhizobium","Bradyrhizobium sp. Ash2021"
"ASV_3149",FALSE,"Pseudomonadota","Alphaproteobacteria","Hyphomicrobiales","Nitrobacteraceae","Bradyrhizobium","Bradyrhizobium sp. Ash2021"
"ASV_3150",FALSE,"Pseudomonadota","Alphaproteobacteria","Hyphomicrobiales","Nitrobacteraceae","Bradyrhizobium","Bradyrhizobium sp. Ash2021"
"ASV_3151",FALSE,"Pseudomonadota","Alphaproteobacteria","Hyphomicrobiales","Nitrobacteraceae","Bradyrhizobium","Bradyrhizobium sp. Ash2021"
"ASV_3152",FALSE,"Pseudomonadota","Alphaproteobacteria","Hyphomicrobiales","Nitrobacteraceae","Bradyrhizobium","Bradyrhizobium sp. Ash2021"
"ASV_3153",FALSE,"Pseudomonadota","Alphaproteobacteria","Hyphomicrobiales","Nitrobacteraceae","Bradyrhizobium","Bradyrhizobium sp. Ash2021"
"ASV_3154",FALSE,"Pseudomonadota","Alphaproteobacteria","Hyphomicrobiales","Nitrobacteraceae","Bradyrhizobium","Bradyrhizobium sp. Ash2021"
"ASV_3155",FALSE,"Pseudomonadota","Alphaproteobacteria","Hyphomicrobiales","Nitrobacteraceae","Bradyrhizobium","Bradyrhizobium sp. Ash2021"
"ASV_3156",FALSE,"Pseudomonadota","Alphaproteobacteria","Hyphomicrobiales","Nitrobacteraceae","Bradyrhizobium","Bradyrhizobium sp. Ash2021"
"ASV_3157",FALSE,"Pseudomonadota","Alphaproteobacteria","Hyphomicrobiales","Nitrobacteraceae","Bradyrhizobium","Bradyrhizobium sp. Ash2021"
"ASV_3158",FALSE,"Pseudomonadota","Alphaproteobacteria","Hyphomicrobiales","Nitrobacteraceae","Bradyrhizobium","Bradyrhizobium sp. Ash2021"
"ASV_3159",FALSE,"Pseudomonadota","Alphaproteobacteria","Hyphomicrobiales","Nitrobacteraceae","Bradyrhizobium","Bradyrhizobium sp. Ash2021"
"ASV_3160",FALSE,"Pseudomonadota","Alphaproteobacteria","Hyphomicrobiales","Nitrobacteraceae","Bradyrhizobium","Bradyrhizobium sp. Ash2021"
"ASV_3161",FALSE,"Pseudomonadota","Alphaproteobacteria","Hyphomicrobiales","Nitrobacteraceae","Bradyrhizobium","Bradyrhizobium sp. Ash2021"
"ASV_3162",FALSE,"Pseudomonadota","Alphaproteobacteria","Hyphomicrobiales","Nitrobacteraceae","Bradyrhizobium","Bradyrhizobium sp. Ash2021"
"ASV_3163",FALSE,"Pseudomonadota","Alphaproteobacteria","Hyphomicrobiales","Nitrobacteraceae","Bradyrhizobium","Bradyrhizobium sp. Ash2021"
"ASV_3164",FALSE,"Pseudomonadota","Alphaproteobacteria","Hyphomicrobiales","Nitrobacteraceae","Bradyrhizobium","Bradyrhizobium sp. Ash2021"
"ASV_3165",FALSE,"Pseudomonadota","Alphaproteobacteria","Hyphomicrobiales","Nitrobacteraceae","Bradyrhizobium","Bradyrhizobium sp. Ash2021"
"ASV_3166",FALSE,"Pseudomonadota","Alphaproteobacteria","Hyphomicrobiales","Nitrobacteraceae","Bradyrhizobium","Bradyrhizobium sp. Ash2021"
"ASV_3167",FALSE,"Pseudomonadota","Alphaproteobacteria","Hyphomicrobiales","Nitrobacteraceae","Bradyrhizobium","Bradyrhizobium sp. Ash2021"
"ASV_3168",FALSE,"Pseudomonadota","Alphaproteobacteria","Hyphomicrobiales","Nitrobacteraceae","Bradyrhizobium","Bradyrhizobium sp. Ash2021"
"ASV_3169",FALSE,"Pseudomonadota","Alphaproteobacteria","Hyphomicrobiales","Nitrobacteraceae","Bradyrhizobium","Bradyrhizobium sp. Ash2021"
"ASV_3170",FALSE,"Pseudomonadota","Alphaproteobacteria","Hyphomicrobiales","Nitrobacteraceae","Bradyrhizobium","Bradyrhizobium sp. Ash2021"
"ASV_3171",FALSE,"Pseudomonadota","Alphaproteobacteria","Hyphomicrobiales","Nitrobacteraceae","Bradyrhizobium","Bradyrhizobium sp. Ash2021"
"ASV_3172",FALSE,"Pseudomonadota","Alphaproteobacteria","Hyphomicrobiales","Nitrobacteraceae","Bradyrhizobium","Bradyrhizobium sp. Ash2021"
"ASV_3173",FALSE,"Pseudomonadota","Alphaproteobacteria","Hyphomicrobiales","Nitrobacteraceae","Bradyrhizobium","Bradyrhizobium sp. Ash2021"
"ASV_3174",FALSE,"Pseudomonadota","Alphaproteobacteria","Hyphomicrobiales","Nitrobacteraceae","Bradyrhizobium","Bradyrhizobium sp. Ash2021"
"ASV_3175",FALSE,"Pseudomonadota","Alphaproteobacteria","Hyphomicrobiales","Nitrobacteraceae","Bradyrhizobium","Bradyrhizobium sp. Ash2021"
"ASV_3176",FALSE,"Pseudomonadota","Alphaproteobacteria","Hyphomicrobiales","Nitrobacteraceae","Bradyrhizobium","Bradyrhizobium sp. Ash2021"
"ASV_3177",FALSE,"Pseudomonadota","Alphaproteobacteria","Hyphomicrobiales","Nitrobacteraceae","Bradyrhizobium","Bradyrhizobium sp. Ash2021"
"ASV_3178",FALSE,"Pseudomonadota","Alphaproteobacteria","Hyphomicrobiales","Nitrobacteraceae","Bradyrhizobium","Bradyrhizobium sp. Ash2021"
"ASV_3179",FALSE,"Pseudomonadota","Alphaproteobacteria","Hyphomicrobiales","Nitrobacteraceae","Bradyrhizobium","Bradyrhizobium sp. Ash2021"
"ASV_3180",FALSE,"Pseudomonadota","Alphaproteobacteria","Hyphomicrobiales","Nitrobacteraceae","Bradyrhizobium","Bradyrhizobium sp. Ash2021"
"ASV_3181",FALSE,"Pseudomonadota","Alphaproteobacteria","Hyphomicrobiales","Nitrobacteraceae","Bradyrhizobium","Bradyrhizobium sp. Ash2021"
"ASV_3182",FALSE,"Pseudomonadota","Alphaproteobacteria","Hyphomicrobiales","Nitrobacteraceae","Bradyrhizobium","Bradyrhizobium sp. Ash2021"
"ASV_3183",FALSE,"Pseudomonadota","Alphaproteobacteria","Hyphomicrobiales","Nitrobacteraceae","Bradyrhizobium","Bradyrhizobium sp. Ash2021"
"ASV_3184",FALSE,"Pseudomonadota","Alphaproteobacteria","Hyphomicrobiales","Nitrobacteraceae","Bradyrhizobium","Bradyrhizobium sp. Ash2021"
"ASV_3185",FALSE,"Pseudomonadota","Alphaproteobacteria","Hyphomicrobiales","Nitrobacteraceae","Bradyrhizobium","Bradyrhizobium sp. Ash2021"
"ASV_3186",FALSE,"Pseudomonadota","Alphaproteobacteria","Hyphomicrobiales","Nitrobacteraceae","Bradyrhizobium","Bradyrhizobium sp. Ash2021"
"ASV_3187",FALSE,"Pseudomonadota","Alphaproteobacteria","Hyphomicrobiales","Nitrobacteraceae","Bradyrhizobium","Bradyrhizobium sp. Ash2021"
"ASV_3188",FALSE,"Pseudomonadota","Alphaproteobacteria","Hyphomicrobiales","Nitrobacteraceae","Bradyrhizobium","Bradyrhizobium sp. Ash2021"
"ASV_3189",FALSE,"Pseudomonadota","Alphaproteobacteria","Hyphomicrobiales","Nitrobacteraceae","Bradyrhizobium","Bradyrhizobium sp. Ash2021"
"ASV_3190",FALSE,"Pseudomonadota","Alphaproteobacteria","Hyphomicrobiales","Nitrobacteraceae","Bradyrhizobium","Bradyrhizobium sp. Ash2021"
"ASV_3191",FALSE,"Pseudomonadota","Alphaproteobacteria","Hyphomicrobiales","Nitrobacteraceae","Bradyrhizobium","Bradyrhizobium sp. Ash2021"
"ASV_3192",FALSE,"Pseudomonadota","Alphaproteobacteria","Hyphomicrobiales","Nitrobacteraceae","Bradyrhizobium","Bradyrhizobium sp. Ash2021"
"ASV_3193",FALSE,"Pseudomonadota","Alphaproteobacteria","Hyphomicrobiales","Nitrobacteraceae","Bradyrhizobium","Bradyrhizobium sp. Ash2021"
"ASV_3194",FALSE,"Oomycota","","","","Haptoglossa","Haptoglossa zoospora"
"ASV_3200",FALSE,"Pseudomonadota","Alphaproteobacteria","Hyphomicrobiales","Nitrobacteraceae","Bradyrhizobium","Bradyrhizobium sp. Ash2021"
"ASV_3201",FALSE,"Pseudomonadota","Alphaproteobacteria","Hyphomicrobiales","Nitrobacteraceae","Bradyrhizobium","Bradyrhizobium sp. Ash2021"
"ASV_3203",FALSE,"Pseudomonadota","Alphaproteobacteria","Hyphomicrobiales","Nitrobacteraceae","Bradyrhizobium","Bradyrhizobium sp. Ash2021"
"ASV_3204",FALSE,"Pseudomonadota","Alphaproteobacteria","Hyphomicrobiales","Nitrobacteraceae","Bradyrhizobium","Bradyrhizobium sp. Ash2021"
"ASV_3205",FALSE,"Pseudomonadota","Alphaproteobacteria","Hyphomicrobiales","Nitrobacteraceae","Bradyrhizobium","Bradyrhizobium sp. Ash2021"
"ASV_3206",FALSE,"Pseudomonadota","Alphaproteobacteria","Hyphomicrobiales","Nitrobacteraceae","Bradyrhizobium","Bradyrhizobium sp. Ash2021"
"ASV_3207",FALSE,"Pseudomonadota","Alphaproteobacteria","Hyphomicrobiales","Nitrobacteraceae","Bradyrhizobium","Bradyrhizobium sp. Ash2021"
"ASV_3208",FALSE,"Pseudomonadota","Alphaproteobacteria","Hyphomicrobiales","Nitrobacteraceae","Bradyrhizobium","Bradyrhizobium sp. Ash2021"
"ASV_3209",FALSE,"Pseudomonadota","Alphaproteobacteria","Hyphomicrobiales","Nitrobacteraceae","Bradyrhizobium","Bradyrhizobium sp. Ash2021"
"ASV_3210",FALSE,"Pseudomonadota","Alphaproteobacteria","Hyphomicrobiales","Nitrobacteraceae","Bradyrhizobium","Bradyrhizobium sp. Ash2021"
"ASV_3211",FALSE,"Pseudomonadota","Alphaproteobacteria","Hyphomicrobiales","Nitrobacteraceae","Bradyrhizobium","Bradyrhizobium sp. Ash2021"
"ASV_3212",FALSE,"Arthropoda","Insecta","Siphonaptera","Rhopalopsyllidae","Parapsyllus","Parapsyllus humboldti"
"ASV_3213",FALSE,"Arthropoda","Arachnida","Ixodida","Ixodidae","Ixodes","Ixodes sp. KM-2014a"
"ASV_3214",FALSE,"Chordata","Aves","Sphenisciformes","Spheniscidae","Eudyptula","Eudyptula minor"
"ASV_3216",FALSE,"Ascomycota","Dothideomycetes","Cladosporiales","Cladosporiaceae","Cladosporium","Cladosporium cladosporioides"
"ASV_3218",FALSE,"Arthropoda","Arachnida","Araneae","Clubionidae","Clubiona","Clubiona cochlearis"
"ASV_3219",FALSE,"Ascomycota","Sordariomycetes","Hypocreales","Cordycipitaceae","Cordyceps","Cordyceps farinosa"
"ASV_3220",FALSE,"Ascomycota","Sordariomycetes","Hypocreales","Niessliaceae","Niesslia","Niesslia mucida"
"ASV_3221",FALSE,"","","","","","invertebrate environmental sample"
"ASV_3224",FALSE,"Ascomycota","Sordariomycetes","Amphisphaeriales","Apiosporaceae","Apiospora","Apiospora arundinis"
"ASV_3225",FALSE,"Pseudomonadota","Alphaproteobacteria","Hyphomicrobiales","Nitrobacteraceae","Bradyrhizobium","Bradyrhizobium sp. Ash2021"
"ASV_3226",FALSE,"Pseudomonadota","Alphaproteobacteria","Hyphomicrobiales","Nitrobacteraceae","Bradyrhizobium","Bradyrhizobium sp. Ash2021"
"ASV_3227",FALSE,"Pseudomonadota","Alphaproteobacteria","Hyphomicrobiales","Nitrobacteraceae","Bradyrhizobium","Bradyrhizobium sp. Ash2021"
"ASV_3228",FALSE,"Pseudomonadota","Alphaproteobacteria","Hyphomicrobiales","Nitrobacteraceae","Bradyrhizobium","Bradyrhizobium sp. Ash2021"
"ASV_3229",FALSE,"Pseudomonadota","Alphaproteobacteria","Hyphomicrobiales","Nitrobacteraceae","Bradyrhizobium","Bradyrhizobium sp. Ash2021"
"ASV_3230",FALSE,"Pseudomonadota","Alphaproteobacteria","Hyphomicrobiales","Nitrobacteraceae","Bradyrhizobium","Bradyrhizobium sp. Ash2021"
"ASV_3232",FALSE,"Ascomycota","Sordariomycetes","Hypocreales","Bionectriaceae","Gliomastix","Gliomastix murorum"
"ASV_3233",FALSE,"Ascomycota","Eurotiomycetes","Chaetothyriales","Herpotrichiellaceae","Cladophialophora","Cladophialophora bantiana"
"ASV_3234",FALSE,"Pseudomonadota","Alphaproteobacteria","Hyphomicrobiales","Nitrobacteraceae","Bradyrhizobium","Bradyrhizobium sp. Ash2021"
"ASV_3235",FALSE,"Pseudomonadota","Alphaproteobacteria","Hyphomicrobiales","Nitrobacteraceae","Bradyrhizobium","Bradyrhizobium sp. Ash2021"
"ASV_3236",FALSE,"Pseudomonadota","Alphaproteobacteria","Hyphomicrobiales","Nitrobacteraceae","Bradyrhizobium","Bradyrhizobium sp. Ash2021"
"ASV_3237",FALSE,"Chordata","Mammalia","Primates","Hominidae","Homo","Homo sapiens"
"ASV_3240",FALSE,"Ascomycota","Dothideomycetes","Mycosphaerellales","Mycosphaerellaceae","Cercospora","Cercospora sojina"
"ASV_3241",FALSE,"Ascomycota","Eurotiomycetes","Chaetothyriales","Herpotrichiellaceae","Cladophialophora","Cladophialophora bantiana"
"ASV_3242",FALSE,"Arthropoda","Insecta","Lepidoptera","Crambidae","Cirrhochrista","Cirrhochrista cf. brizoalis BOLD:AAF3065"
"ASV_3243",FALSE,"Arthropoda","Arachnida","Sarcoptiformes","Damaeidae","Epidamaeus","Epidamaeus sp. BOLD:ACZ0705"
"ASV_3246",FALSE,"Bacteroidota","Sphingobacteriia","Sphingobacteriales","","","Sphingobacteriales bacterium JAD"
"ASV_3247",FALSE,"","","","","","Amoebozoa sp."
"ASV_3248",FALSE,"Bacteroidota","Flavobacteriia","Flavobacteriales","Flavobacteriaceae","Polaribacter","Polaribacter sp. L3A8"
"ASV_3249",FALSE,"Ascomycota","Eurotiomycetes","Chaetothyriales","Herpotrichiellaceae","Exophiala","Exophiala lecanii-corni"
"ASV_3250",FALSE,"Bacteroidota","Flavobacteriia","Flavobacteriales","Flavobacteriaceae","Flavobacterium","Flavobacterium crocinum"
"ASV_3252",FALSE,"Evosea","Eumycetozoa","Physariida","Didymiaceae","Didymium","Didymium crustaceum"
"ASV_3257",FALSE,"Ascomycota","Sordariomycetes","Glomerellales","Glomerellaceae","Colletotrichum","Colletotrichum jinshuiense"
"ASV_3260",FALSE,"Pseudomonadota","Alphaproteobacteria","Hyphomicrobiales","Nitrobacteraceae","Bradyrhizobium","Bradyrhizobium sp. Ash2021"
"ASV_3261",FALSE,"Pseudomonadota","Alphaproteobacteria","Hyphomicrobiales","Nitrobacteraceae","Bradyrhizobium","Bradyrhizobium sp. Ash2021"
"ASV_3262",FALSE,"Pseudomonadota","Alphaproteobacteria","Hyphomicrobiales","Nitrobacteraceae","Bradyrhizobium","Bradyrhizobium sp. Ash2021"
"ASV_3263",FALSE,"Pseudomonadota","Alphaproteobacteria","Hyphomicrobiales","Nitrobacteraceae","Bradyrhizobium","Bradyrhizobium sp. Ash2021"
"ASV_3264",FALSE,"Pseudomonadota","Alphaproteobacteria","Hyphomicrobiales","Nitrobacteraceae","Bradyrhizobium","Bradyrhizobium sp. Ash2021"
"ASV_3265",FALSE,"Pseudomonadota","Alphaproteobacteria","Hyphomicrobiales","Nitrobacteraceae","Bradyrhizobium","Bradyrhizobium sp. Ash2021"
"ASV_3266",FALSE,"Pseudomonadota","Alphaproteobacteria","Hyphomicrobiales","Nitrobacteraceae","Bradyrhizobium","Bradyrhizobium sp. Ash2021"
"ASV_3267",FALSE,"Pseudomonadota","Alphaproteobacteria","Hyphomicrobiales","Nitrobacteraceae","Bradyrhizobium","Bradyrhizobium sp. Ash2021"
"ASV_3268",FALSE,"Pseudomonadota","Alphaproteobacteria","Hyphomicrobiales","Nitrobacteraceae","Bradyrhizobium","Bradyrhizobium sp. Ash2021"
"ASV_3269",FALSE,"Pseudomonadota","Alphaproteobacteria","Hyphomicrobiales","Nitrobacteraceae","Bradyrhizobium","Bradyrhizobium sp. Ash2021"
"ASV_3270",FALSE,"Pseudomonadota","Alphaproteobacteria","Hyphomicrobiales","Nitrobacteraceae","Bradyrhizobium","Bradyrhizobium sp. Ash2021"
"ASV_3271",FALSE,"Pseudomonadota","Alphaproteobacteria","Hyphomicrobiales","Nitrobacteraceae","Bradyrhizobium","Bradyrhizobium sp. Ash2021"
"ASV_3272",FALSE,"Pseudomonadota","Alphaproteobacteria","Hyphomicrobiales","Nitrobacteraceae","Bradyrhizobium","Bradyrhizobium sp. Ash2021"
"ASV_3273",FALSE,"Pseudomonadota","Alphaproteobacteria","Hyphomicrobiales","Nitrobacteraceae","Bradyrhizobium","Bradyrhizobium sp. Ash2021"
"ASV_3274",FALSE,"Pseudomonadota","Alphaproteobacteria","Hyphomicrobiales","Nitrobacteraceae","Bradyrhizobium","Bradyrhizobium sp. Ash2021"
"ASV_3275",FALSE,"Pseudomonadota","Alphaproteobacteria","Hyphomicrobiales","Nitrobacteraceae","Bradyrhizobium","Bradyrhizobium sp. Ash2021"
"ASV_3276",FALSE,"Pseudomonadota","Alphaproteobacteria","Hyphomicrobiales","Nitrobacteraceae","Bradyrhizobium","Bradyrhizobium sp. Ash2021"
"ASV_3277",FALSE,"Pseudomonadota","Alphaproteobacteria","Hyphomicrobiales","Nitrobacteraceae","Bradyrhizobium","Bradyrhizobium sp. Ash2021"
"ASV_3278",FALSE,"Pseudomonadota","Alphaproteobacteria","Hyphomicrobiales","Nitrobacteraceae","Bradyrhizobium","Bradyrhizobium sp. Ash2021"
"ASV_3279",FALSE,"Pseudomonadota","Alphaproteobacteria","Hyphomicrobiales","Nitrobacteraceae","Bradyrhizobium","Bradyrhizobium sp. Ash2021"
"ASV_3280",FALSE,"Pseudomonadota","Alphaproteobacteria","Hyphomicrobiales","Nitrobacteraceae","Bradyrhizobium","Bradyrhizobium sp. Ash2021"
"ASV_3281",FALSE,"Pseudomonadota","Alphaproteobacteria","Hyphomicrobiales","Nitrobacteraceae","Bradyrhizobium","Bradyrhizobium sp. Ash2021"
"ASV_3282",FALSE,"Pseudomonadota","Alphaproteobacteria","Hyphomicrobiales","Nitrobacteraceae","Bradyrhizobium","Bradyrhizobium sp. Ash2021"
"ASV_3283",FALSE,"Pseudomonadota","Alphaproteobacteria","Hyphomicrobiales","Nitrobacteraceae","Bradyrhizobium","Bradyrhizobium sp. Ash2021"
"ASV_3284",FALSE,"Pseudomonadota","Alphaproteobacteria","Hyphomicrobiales","Nitrobacteraceae","Bradyrhizobium","Bradyrhizobium sp. Ash2021"
"ASV_3285",FALSE,"Pseudomonadota","Alphaproteobacteria","Hyphomicrobiales","Nitrobacteraceae","Bradyrhizobium","Bradyrhizobium sp. Ash2021"
"ASV_3286",FALSE,"Pseudomonadota","Alphaproteobacteria","Hyphomicrobiales","Nitrobacteraceae","Bradyrhizobium","Bradyrhizobium sp. Ash2021"
"ASV_3287",FALSE,"Pseudomonadota","Alphaproteobacteria","Hyphomicrobiales","Nitrobacteraceae","Bradyrhizobium","Bradyrhizobium sp. Ash2021"
"ASV_3288",FALSE,"Pseudomonadota","Alphaproteobacteria","Hyphomicrobiales","Nitrobacteraceae","Bradyrhizobium","Bradyrhizobium sp. Ash2021"
"ASV_3289",FALSE,"Pseudomonadota","Alphaproteobacteria","Hyphomicrobiales","Nitrobacteraceae","Bradyrhizobium","Bradyrhizobium sp. Ash2021"
"ASV_3290",FALSE,"Pseudomonadota","Alphaproteobacteria","Hyphomicrobiales","Nitrobacteraceae","Bradyrhizobium","Bradyrhizobium sp. Ash2021"
"ASV_3291",FALSE,"Pseudomonadota","Alphaproteobacteria","Hyphomicrobiales","Nitrobacteraceae","Bradyrhizobium","Bradyrhizobium sp. Ash2021"
"ASV_3292",FALSE,"Pseudomonadota","Alphaproteobacteria","Hyphomicrobiales","Nitrobacteraceae","Bradyrhizobium","Bradyrhizobium sp. Ash2021"
"ASV_3293",FALSE,"Pseudomonadota","Alphaproteobacteria","Hyphomicrobiales","Nitrobacteraceae","Bradyrhizobium","Bradyrhizobium sp. Ash2021"
"ASV_3294",FALSE,"Pseudomonadota","Alphaproteobacteria","Hyphomicrobiales","Nitrobacteraceae","Bradyrhizobium","Bradyrhizobium sp. Ash2021"
"ASV_3295",FALSE,"Pseudomonadota","Alphaproteobacteria","Hyphomicrobiales","Nitrobacteraceae","Bradyrhizobium","Bradyrhizobium sp. Ash2021"
"ASV_3296",FALSE,"Pseudomonadota","Alphaproteobacteria","Hyphomicrobiales","Nitrobacteraceae","Bradyrhizobium","Bradyrhizobium sp. Ash2021"
"ASV_3297",FALSE,"Pseudomonadota","Alphaproteobacteria","Hyphomicrobiales","Nitrobacteraceae","Bradyrhizobium","Bradyrhizobium sp. Ash2021"
"ASV_3298",FALSE,"Pseudomonadota","Alphaproteobacteria","Hyphomicrobiales","Nitrobacteraceae","Bradyrhizobium","Bradyrhizobium sp. Ash2021"
"ASV_3299",FALSE,"Pseudomonadota","Alphaproteobacteria","Hyphomicrobiales","Nitrobacteraceae","Bradyrhizobium","Bradyrhizobium sp. Ash2021"
"ASV_3302",FALSE,"Arthropoda","Insecta","","","","Endopterygota sp. NZAC 03009123"
"ASV_3303",FALSE,"Bacillota","Bacilli","Bacillales","Bacillaceae","Lysinibacillus","Lysinibacillus sp. FSL H8-0500"
"ASV_3304",FALSE,"Pseudomonadota","Alphaproteobacteria","Hyphomicrobiales","Nitrobacteraceae","Bradyrhizobium","Bradyrhizobium sp. Ash2021"
"ASV_3305",FALSE,"Pseudomonadota","Alphaproteobacteria","Hyphomicrobiales","Nitrobacteraceae","Bradyrhizobium","Bradyrhizobium sp. Ash2021"
"ASV_3306",FALSE,"Pseudomonadota","Alphaproteobacteria","Hyphomicrobiales","Nitrobacteraceae","Bradyrhizobium","Bradyrhizobium sp. Ash2021"
"ASV_3307",FALSE,"Pseudomonadota","Alphaproteobacteria","Hyphomicrobiales","Nitrobacteraceae","Bradyrhizobium","Bradyrhizobium sp. Ash2021"
"ASV_3308",FALSE,"Pseudomonadota","Alphaproteobacteria","Hyphomicrobiales","Nitrobacteraceae","Bradyrhizobium","Bradyrhizobium sp. Ash2021"
"ASV_3309",FALSE,"Pseudomonadota","Alphaproteobacteria","Hyphomicrobiales","Nitrobacteraceae","Bradyrhizobium","Bradyrhizobium sp. Ash2021"
"ASV_3310",FALSE,"Pseudomonadota","Alphaproteobacteria","Hyphomicrobiales","Nitrobacteraceae","Bradyrhizobium","Bradyrhizobium sp. Ash2021"
"ASV_3311",FALSE,"Pseudomonadota","Alphaproteobacteria","Hyphomicrobiales","Nitrobacteraceae","Bradyrhizobium","Bradyrhizobium sp. Ash2021"
"ASV_3312",FALSE,"Pseudomonadota","Alphaproteobacteria","Hyphomicrobiales","Nitrobacteraceae","Bradyrhizobium","Bradyrhizobium sp. Ash2021"
"ASV_3313",FALSE,"Pseudomonadota","Alphaproteobacteria","Hyphomicrobiales","Nitrobacteraceae","Bradyrhizobium","Bradyrhizobium sp. Ash2021"
"ASV_3314",FALSE,"Pseudomonadota","Alphaproteobacteria","Hyphomicrobiales","Nitrobacteraceae","Bradyrhizobium","Bradyrhizobium sp. Ash2021"
"ASV_3315",FALSE,"Pseudomonadota","Alphaproteobacteria","Hyphomicrobiales","Nitrobacteraceae","Bradyrhizobium","Bradyrhizobium sp. Ash2021"
"ASV_3316",FALSE,"Pseudomonadota","Alphaproteobacteria","Hyphomicrobiales","Nitrobacteraceae","Bradyrhizobium","Bradyrhizobium sp. Ash2021"
"ASV_3317",FALSE,"Pseudomonadota","Alphaproteobacteria","Hyphomicrobiales","Nitrobacteraceae","Bradyrhizobium","Bradyrhizobium sp. Ash2021"
"ASV_3318",FALSE,"Pseudomonadota","Alphaproteobacteria","Hyphomicrobiales","Nitrobacteraceae","Bradyrhizobium","Bradyrhizobium sp. Ash2021"
"ASV_3319",FALSE,"Pseudomonadota","Alphaproteobacteria","Hyphomicrobiales","Nitrobacteraceae","Bradyrhizobium","Bradyrhizobium sp. Ash2021"
"ASV_3320",FALSE,"Discosea","","Longamoebia","Acanthamoebidae","Acanthamoeba","Acanthamoeba sp."
"ASV_3321",FALSE,"Cnidaria","Hydrozoa","Anthoathecata","Hydridae","Hydra","Hydra vulgaris"
"ASV_3322",FALSE,"Apicomplexa","Conoidasida","Eucoccidiorida","Eimeriidae","Eimeria","Eimeria sp."
"ASV_3323",FALSE,"Tubulinea","Elardia","Euamoebida","Hartmannellidae","Saccamoeba","Saccamoeba sp. MSED6"
"ASV_3324",FALSE,"Chordata","Mammalia","Primates","Hominidae","Homo","Homo sapiens"
"ASV_3325",FALSE,"Basidiomycota","Ustilaginomycetes","Ustilaginales","Ustilaginaceae","Sporisorium","Sporisorium scitamineum"
"ASV_3326",FALSE,"Ascomycota","Sordariomycetes","Amphisphaeriales","Sporocadaceae","Neopestalotiopsis","Neopestalotiopsis cubana"
"ASV_3327",FALSE,"Oomycota","","Pythiales","Pythiaceae","Globisporangium","Globisporangium acanthophoron"
"ASV_3335",FALSE,"Pseudomonadota","Alphaproteobacteria","Hyphomicrobiales","Nitrobacteraceae","Bradyrhizobium","Bradyrhizobium sp. Ash2021"
"ASV_3336",FALSE,"Pseudomonadota","Alphaproteobacteria","Hyphomicrobiales","Nitrobacteraceae","Bradyrhizobium","Bradyrhizobium sp. Ash2021"
"ASV_3337",FALSE,"Pseudomonadota","Alphaproteobacteria","Hyphomicrobiales","Nitrobacteraceae","Bradyrhizobium","Bradyrhizobium sp. Ash2021"
"ASV_3338",FALSE,"Pseudomonadota","Alphaproteobacteria","Hyphomicrobiales","Nitrobacteraceae","Bradyrhizobium","Bradyrhizobium sp. Ash2021"
"ASV_3339",FALSE,"Pseudomonadota","Alphaproteobacteria","Hyphomicrobiales","Nitrobacteraceae","Bradyrhizobium","Bradyrhizobium sp. Ash2021"
"ASV_3340",FALSE,"Ascomycota","Lecanoromycetes","Lecanorales","Parmeliaceae","Hypogymnia","Hypogymnia vittata"
"ASV_3341",FALSE,"Ascomycota","Dothideomycetes","Pleosporales","Phaeosphaeriaceae","Parastagonospora","Parastagonospora nodorum"
"ASV_3343",FALSE,"Ascomycota","Sordariomycetes","Hypocreales","Cordycipitaceae","Akanthomyces","Akanthomyces lecanii"
"ASV_3345",FALSE,"Ascomycota","Dothideomycetes","Dothideales","Dothioraceae","Sydowia","Sydowia polyspora"
"ASV_3347",FALSE,"Ascomycota","Dothideomycetes","Pleosporales","Phaeosphaeriaceae","Parastagonospora","Parastagonospora nodorum"
"ASV_3348",FALSE,"Pseudomonadota","Alphaproteobacteria","Hyphomicrobiales","Nitrobacteraceae","Bradyrhizobium","Bradyrhizobium sp. Ash2021"
"ASV_3349",FALSE,"Pseudomonadota","Alphaproteobacteria","Hyphomicrobiales","Nitrobacteraceae","Bradyrhizobium","Bradyrhizobium sp. Ash2021"
"ASV_3350",FALSE,"Pseudomonadota","Alphaproteobacteria","Hyphomicrobiales","Nitrobacteraceae","Bradyrhizobium","Bradyrhizobium sp. Ash2021"
"ASV_3351",FALSE,"Pseudomonadota","Alphaproteobacteria","Hyphomicrobiales","Nitrobacteraceae","Bradyrhizobium","Bradyrhizobium sp. Ash2021"
"ASV_3353",FALSE,"Ascomycota","Sordariomycetes","Glomerellales","Glomerellaceae","Colletotrichum","Colletotrichum salicis"
"ASV_3354",FALSE,"Ascomycota","Eurotiomycetes","Chaetothyriales","Trichomeriaceae","Arthrocladium","Arthrocladium fulminans"
"ASV_3355",FALSE,"Ascomycota","Dothideomycetes","Mycosphaerellales","Teratosphaeriaceae","Acrodontium","Acrodontium crateriforme"
"ASV_3357",FALSE,"Bacteroidota","Flavobacteriia","Flavobacteriales","Flavobacteriaceae","Flavobacterium","Flavobacterium sp. SLB02"
"ASV_3359",FALSE,"Discosea","","Himatismenida","","Parvamoeba","Parvamoeba rugata"
"ASV_3360",FALSE,"Nematoda","Chromadorea","Rhabditida","Quimperiidae","Paraquimperia","Paraquimperia sp. ALS-2019"
"ASV_3362",FALSE,"Bacteroidota","Flavobacteriia","Flavobacteriales","Flavobacteriaceae","Flavobacterium","Flavobacterium sp. Sr18"
"ASV_3364",FALSE,"Ascomycota","Sordariomycetes","Ophiostomatales","Ophiostomataceae","Ophiostoma","Ophiostoma piceae"
"ASV_3366",FALSE,"Bacteroidota","Flavobacteriia","Flavobacteriales","Crocinitomicaceae","Fluviicola","Fluviicola sp."
"ASV_3367",FALSE,"Bacteroidota","Sphingobacteriia","Sphingobacteriales","Sphingobacteriaceae","Pedobacter","Pedobacter lusitanus"
"ASV_3370",FALSE,"Ascomycota","Leotiomycetes","","","Leohumicola","Leohumicola verrucosa"
"ASV_3373",FALSE,"Ascomycota","Leotiomycetes","Helotiales","","Tetracladium","Tetracladium apiense"
"ASV_3374",FALSE,"Pseudomonadota","Gammaproteobacteria","Aeromonadales","Aeromonadaceae","Oceanisphaera","Oceanisphaera avium"
"ASV_3375",FALSE,"Ascomycota","Dothideomycetes","","","","Dothideomycetes sp. NU30"
"ASV_3376",FALSE,"Pseudomonadota","Alphaproteobacteria","Hyphomicrobiales","Nitrobacteraceae","Bradyrhizobium","Bradyrhizobium sp. Ash2021"
"ASV_3377",FALSE,"Pseudomonadota","Alphaproteobacteria","Hyphomicrobiales","Nitrobacteraceae","Bradyrhizobium","Bradyrhizobium sp. Ash2021"
"ASV_3378",FALSE,"Arthropoda","Insecta","","","","Endopterygota sp. NZAC 03009123"
"ASV_3379",FALSE,"Pseudomonadota","Alphaproteobacteria","Hyphomicrobiales","Nitrobacteraceae","Bradyrhizobium","Bradyrhizobium sp. Ash2021"
"ASV_3380",FALSE,"Pseudomonadota","Alphaproteobacteria","Hyphomicrobiales","Nitrobacteraceae","Bradyrhizobium","Bradyrhizobium sp. Ash2021"
"ASV_3381",FALSE,"Pseudomonadota","Alphaproteobacteria","Hyphomicrobiales","Nitrobacteraceae","Bradyrhizobium","Bradyrhizobium sp. Ash2021"
"ASV_3382",FALSE,"Pseudomonadota","Alphaproteobacteria","Hyphomicrobiales","Nitrobacteraceae","Bradyrhizobium","Bradyrhizobium sp. Ash2021"
"ASV_3383",FALSE,"Pseudomonadota","Alphaproteobacteria","Hyphomicrobiales","Nitrobacteraceae","Bradyrhizobium","Bradyrhizobium sp. Ash2021"
"ASV_3384",FALSE,"Pseudomonadota","Alphaproteobacteria","Hyphomicrobiales","Nitrobacteraceae","Bradyrhizobium","Bradyrhizobium sp. Ash2021"
"ASV_3385",FALSE,"Pseudomonadota","Alphaproteobacteria","Hyphomicrobiales","Nitrobacteraceae","Bradyrhizobium","Bradyrhizobium sp. Ash2021"
"ASV_3386",FALSE,"Pseudomonadota","Alphaproteobacteria","Hyphomicrobiales","Nitrobacteraceae","Bradyrhizobium","Bradyrhizobium sp. Ash2021"
"ASV_3387",FALSE,"Pseudomonadota","Alphaproteobacteria","Hyphomicrobiales","Nitrobacteraceae","Bradyrhizobium","Bradyrhizobium sp. Ash2021"
"ASV_3388",FALSE,"Pseudomonadota","Alphaproteobacteria","Hyphomicrobiales","Nitrobacteraceae","Bradyrhizobium","Bradyrhizobium sp. Ash2021"
"ASV_3389",FALSE,"Pseudomonadota","Alphaproteobacteria","Hyphomicrobiales","Nitrobacteraceae","Bradyrhizobium","Bradyrhizobium sp. Ash2021"
"ASV_3390",FALSE,"Pseudomonadota","Alphaproteobacteria","Hyphomicrobiales","Nitrobacteraceae","Bradyrhizobium","Bradyrhizobium sp. Ash2021"
"ASV_3391",FALSE,"Pseudomonadota","Alphaproteobacteria","Hyphomicrobiales","Nitrobacteraceae","Bradyrhizobium","Bradyrhizobium sp. Ash2021"
"ASV_3392",FALSE,"Pseudomonadota","Alphaproteobacteria","Hyphomicrobiales","Nitrobacteraceae","Bradyrhizobium","Bradyrhizobium sp. Ash2021"
"ASV_3393",FALSE,"Pseudomonadota","Alphaproteobacteria","Hyphomicrobiales","Nitrobacteraceae","Bradyrhizobium","Bradyrhizobium sp. Ash2021"
"ASV_3394",FALSE,"Pseudomonadota","Alphaproteobacteria","Hyphomicrobiales","Nitrobacteraceae","Bradyrhizobium","Bradyrhizobium sp. Ash2021"
"ASV_3395",FALSE,"Pseudomonadota","Alphaproteobacteria","Hyphomicrobiales","Nitrobacteraceae","Bradyrhizobium","Bradyrhizobium sp. Ash2021"
"ASV_3396",FALSE,"Pseudomonadota","Alphaproteobacteria","Hyphomicrobiales","Nitrobacteraceae","Bradyrhizobium","Bradyrhizobium sp. Ash2021"
"ASV_3397",FALSE,"Pseudomonadota","Alphaproteobacteria","Hyphomicrobiales","Nitrobacteraceae","Bradyrhizobium","Bradyrhizobium sp. Ash2021"
"ASV_3398",FALSE,"Pseudomonadota","Alphaproteobacteria","Hyphomicrobiales","Nitrobacteraceae","Bradyrhizobium","Bradyrhizobium sp. Ash2021"
"ASV_3399",FALSE,"Pseudomonadota","Alphaproteobacteria","Hyphomicrobiales","Nitrobacteraceae","Bradyrhizobium","Bradyrhizobium sp. Ash2021"
"ASV_3400",FALSE,"Pseudomonadota","Alphaproteobacteria","Hyphomicrobiales","Nitrobacteraceae","Bradyrhizobium","Bradyrhizobium sp. Ash2021"
"ASV_3401",FALSE,"Pseudomonadota","Alphaproteobacteria","Hyphomicrobiales","Nitrobacteraceae","Bradyrhizobium","Bradyrhizobium sp. Ash2021"
"ASV_3402",FALSE,"Pseudomonadota","Alphaproteobacteria","Hyphomicrobiales","Nitrobacteraceae","Bradyrhizobium","Bradyrhizobium sp. Ash2021"
"ASV_3403",FALSE,"Pseudomonadota","Alphaproteobacteria","Hyphomicrobiales","Nitrobacteraceae","Bradyrhizobium","Bradyrhizobium sp. Ash2021"
"ASV_3404",FALSE,"Pseudomonadota","Alphaproteobacteria","Hyphomicrobiales","Nitrobacteraceae","Bradyrhizobium","Bradyrhizobium sp. Ash2021"
"ASV_3405",FALSE,"Pseudomonadota","Alphaproteobacteria","Hyphomicrobiales","Nitrobacteraceae","Bradyrhizobium","Bradyrhizobium sp. Ash2021"
"ASV_3406",FALSE,"Pseudomonadota","Alphaproteobacteria","Hyphomicrobiales","Nitrobacteraceae","Bradyrhizobium","Bradyrhizobium sp. Ash2021"
"ASV_3407",FALSE,"Pseudomonadota","Alphaproteobacteria","Hyphomicrobiales","Nitrobacteraceae","Bradyrhizobium","Bradyrhizobium sp. Ash2021"
"ASV_3408",FALSE,"Pseudomonadota","Alphaproteobacteria","Hyphomicrobiales","Nitrobacteraceae","Bradyrhizobium","Bradyrhizobium sp. Ash2021"
"ASV_3409",FALSE,"Pseudomonadota","Alphaproteobacteria","Hyphomicrobiales","Nitrobacteraceae","Bradyrhizobium","Bradyrhizobium sp. Ash2021"
"ASV_3410",FALSE,"Pseudomonadota","Alphaproteobacteria","Hyphomicrobiales","Nitrobacteraceae","Bradyrhizobium","Bradyrhizobium sp. Ash2021"
"ASV_3411",FALSE,"Pseudomonadota","Alphaproteobacteria","Hyphomicrobiales","Nitrobacteraceae","Bradyrhizobium","Bradyrhizobium sp. Ash2021"
"ASV_3412",FALSE,"Pseudomonadota","Alphaproteobacteria","Hyphomicrobiales","Nitrobacteraceae","Bradyrhizobium","Bradyrhizobium sp. Ash2021"
"ASV_3414",FALSE,"Bacteroidota","Flavobacteriia","Flavobacteriales","Flavobacteriaceae","Algibacter","Algibacter sp. AS12"
"ASV_3415",FALSE,"Bacteroidota","Flavobacteriia","Flavobacteriales","Flavobacteriaceae","Flavobacterium","Flavobacterium inviolabile"
"ASV_3417",FALSE,"Rotifera","Eurotatoria","Adinetida","Adinetidae","Adineta","Adineta vaga"
"ASV_3418",FALSE,"Pseudomonadota","Alphaproteobacteria","Hyphomicrobiales","Nitrobacteraceae","Bradyrhizobium","Bradyrhizobium sp. Ash2021"
"ASV_3419",FALSE,"Pseudomonadota","Alphaproteobacteria","Hyphomicrobiales","Nitrobacteraceae","Bradyrhizobium","Bradyrhizobium sp. Ash2021"
"ASV_3420",FALSE,"Pseudomonadota","Alphaproteobacteria","Hyphomicrobiales","Nitrobacteraceae","Bradyrhizobium","Bradyrhizobium sp. Ash2021"
"ASV_3421",FALSE,"Pseudomonadota","Alphaproteobacteria","Hyphomicrobiales","Nitrobacteraceae","Bradyrhizobium","Bradyrhizobium sp. Ash2021"
"ASV_3422",FALSE,"Pseudomonadota","Alphaproteobacteria","Hyphomicrobiales","Nitrobacteraceae","Bradyrhizobium","Bradyrhizobium sp. Ash2021"
"ASV_3423",FALSE,"Pseudomonadota","Alphaproteobacteria","Hyphomicrobiales","Nitrobacteraceae","Bradyrhizobium","Bradyrhizobium sp. Ash2021"
"ASV_3424",FALSE,"Pseudomonadota","Alphaproteobacteria","Hyphomicrobiales","Nitrobacteraceae","Bradyrhizobium","Bradyrhizobium sp. Ash2021"
"ASV_3425",FALSE,"Pseudomonadota","Alphaproteobacteria","Hyphomicrobiales","Nitrobacteraceae","Bradyrhizobium","Bradyrhizobium sp. Ash2021"
"ASV_3427",FALSE,"Chordata","Aves","Sphenisciformes","Spheniscidae","Eudyptula","Eudyptula minor"
"ASV_3428",FALSE,"Chordata","Aves","Sphenisciformes","Spheniscidae","Eudyptula","Eudyptula minor"
"ASV_3433",FALSE,"Bacteroidota","Sphingobacteriia","Sphingobacteriales","Sphingobacteriaceae","Pedobacter","Pedobacter mucosus"
"ASV_3434",FALSE,"Ascomycota","Lecanoromycetes","Teloschistales","Teloschistaceae","Phaeoplaca","Phaeoplaca camptidia"
"ASV_3435",FALSE,"Arthropoda","Insecta","Diptera","Chironomidae","Limnophyes","Limnophyes sp. 12ES"
"ASV_3438",FALSE,"Ascomycota","Sordariomycetes","Hypocreales","Cordycipitaceae","Beauveria","Beauveria bassiana"
"ASV_3439",FALSE,"Arthropoda","Insecta","Diptera","Sciaridae","Claustropyga","Claustropyga acanthostyla"
"ASV_3442",FALSE,"Bacteroidota","Flavobacteriia","Flavobacteriales","Flavobacteriaceae","Muriicola","Muriicola soli"
"ASV_3443",FALSE,"Basidiomycota","Microbotryomycetes","Sporidiobolales","Sporidiobolaceae","Rhodotorula","Rhodotorula mucilaginosa"
"ASV_3444",FALSE,"Pseudomonadota","Alphaproteobacteria","Hyphomicrobiales","Nitrobacteraceae","Bradyrhizobium","Bradyrhizobium sp. Ash2021"
"ASV_3445",FALSE,"Pseudomonadota","Alphaproteobacteria","Hyphomicrobiales","Nitrobacteraceae","Bradyrhizobium","Bradyrhizobium sp. Ash2021"
"ASV_3446",FALSE,"Pseudomonadota","Alphaproteobacteria","Hyphomicrobiales","Nitrobacteraceae","Bradyrhizobium","Bradyrhizobium sp. Ash2021"
"ASV_3447",FALSE,"Pseudomonadota","Alphaproteobacteria","Hyphomicrobiales","Nitrobacteraceae","Bradyrhizobium","Bradyrhizobium sp. Ash2021"
"ASV_3448",FALSE,"Pseudomonadota","Alphaproteobacteria","Hyphomicrobiales","Nitrobacteraceae","Bradyrhizobium","Bradyrhizobium sp. Ash2021"
"ASV_3449",FALSE,"Pseudomonadota","Alphaproteobacteria","Hyphomicrobiales","Nitrobacteraceae","Bradyrhizobium","Bradyrhizobium sp. Ash2021"
"ASV_3450",FALSE,"Pseudomonadota","Alphaproteobacteria","Hyphomicrobiales","Nitrobacteraceae","Bradyrhizobium","Bradyrhizobium sp. Ash2021"
"ASV_3451",FALSE,"Pseudomonadota","Alphaproteobacteria","Hyphomicrobiales","Nitrobacteraceae","Bradyrhizobium","Bradyrhizobium sp. Ash2021"
"ASV_3452",FALSE,"Pseudomonadota","Alphaproteobacteria","Hyphomicrobiales","Nitrobacteraceae","Bradyrhizobium","Bradyrhizobium sp. Ash2021"
"ASV_3453",FALSE,"Pseudomonadota","Alphaproteobacteria","Hyphomicrobiales","Nitrobacteraceae","Bradyrhizobium","Bradyrhizobium sp. Ash2021"
"ASV_3454",FALSE,"Arthropoda","Arachnida","Trombidiformes","Eupodidae","","Eupodidae sp. BOLD:ADU4475"
"ASV_3456",FALSE,"Pseudomonadota","Alphaproteobacteria","Hyphomicrobiales","Nitrobacteraceae","Bradyrhizobium","Bradyrhizobium sp. Ash2021"
"ASV_3457",FALSE,"Pseudomonadota","Alphaproteobacteria","Hyphomicrobiales","Nitrobacteraceae","Bradyrhizobium","Bradyrhizobium sp. Ash2021"
"ASV_3458",FALSE,"Pseudomonadota","Alphaproteobacteria","Hyphomicrobiales","Nitrobacteraceae","Bradyrhizobium","Bradyrhizobium sp. Ash2021"
"ASV_3459",FALSE,"Pseudomonadota","Alphaproteobacteria","Hyphomicrobiales","Nitrobacteraceae","Bradyrhizobium","Bradyrhizobium sp. Ash2021"
"ASV_3460",FALSE,"Pseudomonadota","Alphaproteobacteria","Hyphomicrobiales","Nitrobacteraceae","Bradyrhizobium","Bradyrhizobium sp. Ash2021"
"ASV_3461",FALSE,"Pseudomonadota","Alphaproteobacteria","Hyphomicrobiales","Nitrobacteraceae","Bradyrhizobium","Bradyrhizobium sp. Ash2021"
"ASV_3462",FALSE,"Pseudomonadota","Alphaproteobacteria","Hyphomicrobiales","Nitrobacteraceae","Bradyrhizobium","Bradyrhizobium sp. Ash2021"
"ASV_3463",FALSE,"Pseudomonadota","Alphaproteobacteria","Hyphomicrobiales","Nitrobacteraceae","Bradyrhizobium","Bradyrhizobium sp. Ash2021"
"ASV_3464",FALSE,"Pseudomonadota","Alphaproteobacteria","Hyphomicrobiales","Nitrobacteraceae","Bradyrhizobium","Bradyrhizobium sp. Ash2021"
"ASV_3465",FALSE,"Bacteroidota","Flavobacteriia","Flavobacteriales","Flavobacteriaceae","Flavobacterium","Flavobacterium eburneipallidum"
"ASV_3468",FALSE,"Cnidaria","Hydrozoa","Siphonophorae","Prayidae","Praya","Praya dubia"
"ASV_3469",FALSE,"Bacteroidota","Sphingobacteriia","Sphingobacteriales","Sphingobacteriaceae","Pedobacter","Pedobacter sp. UC225"
"ASV_3470",FALSE,"Ascomycota","Dothideomycetes","Dothideales","Dothioraceae","Sydowia","Sydowia polyspora"
"ASV_3472",FALSE,"Ascomycota","Eurotiomycetes","Eurotiales","Aspergillaceae","Penicillium","Penicillium brevicompactum"
"ASV_3473",FALSE,"Ascomycota","Leotiomycetes","Helotiales","","Tetracladium","Tetracladium apiense"
"ASV_3474",FALSE,"Ascomycota","Dothideomycetes","","","","Dothideomycetes sp. NU30"
"ASV_3475",FALSE,"Ascomycota","Leotiomycetes","","","Leohumicola","Leohumicola minima"
"ASV_3476",FALSE,"Ascomycota","Leotiomycetes","Thelebolales","Thelebolaceae","Pseudogymnoascus","Pseudogymnoascus pannorum"
"ASV_3477",FALSE,"Bacteroidota","Flavobacteriia","Flavobacteriales","Flavobacteriaceae","Flavobacterium","Flavobacterium sp. N2469"
"ASV_3479",FALSE,"Arthropoda","Arachnida","Sarcoptiformes","Eremaeidae","Eueremaeus","Eueremaeus sp. BOLD:AAE2960"
"ASV_3482",FALSE,"","","","","","Amoebozoa sp."
"ASV_3484",FALSE,"Ascomycota","Lecanoromycetes","Teloschistales","Teloschistaceae","Phaeoplaca","Phaeoplaca camptidia"
"ASV_3488",FALSE,"Ascomycota","Eurotiomycetes","Eurotiales","Aspergillaceae","Penicillium","Penicillium canescens"
"ASV_3491",FALSE,"Ascomycota","Leotiomycetes","Chaetomellales","Chaetomellaceae","Synchaetomella","Synchaetomella acerina"
"ASV_3498",FALSE,"Bacteroidota","Flavobacteriia","Flavobacteriales","Flavobacteriaceae","Algibacter","Algibacter sp. AS12"
"ASV_3500",FALSE,"Ascomycota","Leotiomycetes","","","Leohumicola","Leohumicola sp."
"ASV_3501",FALSE,"Bacteroidota","Flavobacteriia","Flavobacteriales","Flavobacteriaceae","Oceanihabitans","Oceanihabitans sp. IOP"
"ASV_3502",FALSE,"Pseudomonadota","Alphaproteobacteria","Hyphomicrobiales","Nitrobacteraceae","Bradyrhizobium","Bradyrhizobium sp. Ash2021"
"ASV_3503",FALSE,"Chordata","Aves","Sphenisciformes","Spheniscidae","Pygoscelis","Pygoscelis adeliae"
"ASV_3504",FALSE,"Pseudomonadota","Alphaproteobacteria","Hyphomicrobiales","Nitrobacteraceae","Bradyrhizobium","Bradyrhizobium sp. Ash2021"
"ASV_3505",FALSE,"Pseudomonadota","Alphaproteobacteria","Hyphomicrobiales","Nitrobacteraceae","Bradyrhizobium","Bradyrhizobium sp. Ash2021"
"ASV_3506",FALSE,"Pseudomonadota","Alphaproteobacteria","Hyphomicrobiales","Nitrobacteraceae","Bradyrhizobium","Bradyrhizobium sp. Ash2021"
"ASV_3507",FALSE,"Pseudomonadota","Alphaproteobacteria","Hyphomicrobiales","Nitrobacteraceae","Bradyrhizobium","Bradyrhizobium sp. Ash2021"
"ASV_3508",FALSE,"Pseudomonadota","Alphaproteobacteria","Hyphomicrobiales","Nitrobacteraceae","Bradyrhizobium","Bradyrhizobium sp. Ash2021"
"ASV_3509",FALSE,"Pseudomonadota","Alphaproteobacteria","Hyphomicrobiales","Nitrobacteraceae","Bradyrhizobium","Bradyrhizobium sp. Ash2021"
"ASV_3510",FALSE,"Pseudomonadota","Alphaproteobacteria","Hyphomicrobiales","Nitrobacteraceae","Bradyrhizobium","Bradyrhizobium sp. Ash2021"
"ASV_3511",FALSE,"Pseudomonadota","Alphaproteobacteria","Hyphomicrobiales","Nitrobacteraceae","Bradyrhizobium","Bradyrhizobium sp. Ash2021"
"ASV_3512",FALSE,"Pseudomonadota","Alphaproteobacteria","Hyphomicrobiales","Nitrobacteraceae","Bradyrhizobium","Bradyrhizobium sp. Ash2021"
"ASV_3513",FALSE,"Pseudomonadota","Alphaproteobacteria","Hyphomicrobiales","Nitrobacteraceae","Bradyrhizobium","Bradyrhizobium sp. Ash2021"
"ASV_3514",FALSE,"Pseudomonadota","Alphaproteobacteria","Hyphomicrobiales","Nitrobacteraceae","Bradyrhizobium","Bradyrhizobium sp. Ash2021"
"ASV_3515",FALSE,"Pseudomonadota","Alphaproteobacteria","Hyphomicrobiales","Nitrobacteraceae","Bradyrhizobium","Bradyrhizobium sp. Ash2021"
"ASV_3516",FALSE,"Pseudomonadota","Alphaproteobacteria","Hyphomicrobiales","Nitrobacteraceae","Bradyrhizobium","Bradyrhizobium sp. Ash2021"
"ASV_3517",FALSE,"Pseudomonadota","Alphaproteobacteria","Hyphomicrobiales","Nitrobacteraceae","Bradyrhizobium","Bradyrhizobium sp. Ash2021"
"ASV_3518",FALSE,"Pseudomonadota","Alphaproteobacteria","Hyphomicrobiales","Nitrobacteraceae","Bradyrhizobium","Bradyrhizobium sp. Ash2021"
"ASV_3519",FALSE,"Pseudomonadota","Alphaproteobacteria","Hyphomicrobiales","Nitrobacteraceae","Bradyrhizobium","Bradyrhizobium sp. Ash2021"
"ASV_3520",FALSE,"Pseudomonadota","Alphaproteobacteria","Hyphomicrobiales","Nitrobacteraceae","Bradyrhizobium","Bradyrhizobium sp. Ash2021"
"ASV_3521",FALSE,"Pseudomonadota","Alphaproteobacteria","Hyphomicrobiales","Nitrobacteraceae","Bradyrhizobium","Bradyrhizobium sp. Ash2021"
"ASV_3522",FALSE,"Pseudomonadota","Alphaproteobacteria","Hyphomicrobiales","Nitrobacteraceae","Bradyrhizobium","Bradyrhizobium sp. Ash2021"
"ASV_3523",FALSE,"Pseudomonadota","Alphaproteobacteria","Hyphomicrobiales","Nitrobacteraceae","Bradyrhizobium","Bradyrhizobium sp. Ash2021"
"ASV_3524",FALSE,"Pseudomonadota","Alphaproteobacteria","Hyphomicrobiales","Nitrobacteraceae","Bradyrhizobium","Bradyrhizobium sp. Ash2021"
"ASV_3525",FALSE,"Pseudomonadota","Alphaproteobacteria","Hyphomicrobiales","Nitrobacteraceae","Bradyrhizobium","Bradyrhizobium sp. Ash2021"
"ASV_3526",FALSE,"Pseudomonadota","Alphaproteobacteria","Hyphomicrobiales","Nitrobacteraceae","Bradyrhizobium","Bradyrhizobium sp. Ash2021"
"ASV_3527",FALSE,"Pseudomonadota","Alphaproteobacteria","Hyphomicrobiales","Nitrobacteraceae","Bradyrhizobium","Bradyrhizobium sp. Ash2021"
"ASV_3528",FALSE,"Pseudomonadota","Alphaproteobacteria","Hyphomicrobiales","Nitrobacteraceae","Bradyrhizobium","Bradyrhizobium sp. Ash2021"
"ASV_3529",FALSE,"Pseudomonadota","Alphaproteobacteria","Hyphomicrobiales","Nitrobacteraceae","Bradyrhizobium","Bradyrhizobium sp. Ash2021"
"ASV_3530",FALSE,"Pseudomonadota","Alphaproteobacteria","Hyphomicrobiales","Nitrobacteraceae","Bradyrhizobium","Bradyrhizobium sp. Ash2021"
"ASV_3531",FALSE,"Pseudomonadota","Alphaproteobacteria","Hyphomicrobiales","Nitrobacteraceae","Bradyrhizobium","Bradyrhizobium sp. Ash2021"
"ASV_3532",FALSE,"Pseudomonadota","Alphaproteobacteria","Hyphomicrobiales","Nitrobacteraceae","Bradyrhizobium","Bradyrhizobium sp. Ash2021"
"ASV_3533",FALSE,"Pseudomonadota","Alphaproteobacteria","Hyphomicrobiales","Nitrobacteraceae","Bradyrhizobium","Bradyrhizobium sp. Ash2021"
"ASV_3534",FALSE,"Arthropoda","Arachnida","","","","Arachnida sp. BOLD:ACI5923"
"ASV_3535",FALSE,"Arthropoda","Insecta","Lepidoptera","Oecophoridae","Tingena","Tingena armigerella"
"ASV_3537",FALSE,"Pseudomonadota","Alphaproteobacteria","Hyphomicrobiales","Nitrobacteraceae","Bradyrhizobium","Bradyrhizobium sp. Ash2021"
"ASV_3538",FALSE,"Pseudomonadota","Alphaproteobacteria","Hyphomicrobiales","Nitrobacteraceae","Bradyrhizobium","Bradyrhizobium sp. Ash2021"
"ASV_3539",FALSE,"Pseudomonadota","Alphaproteobacteria","Hyphomicrobiales","Nitrobacteraceae","Bradyrhizobium","Bradyrhizobium sp. Ash2021"
"ASV_3541",FALSE,"Pseudomonadota","Alphaproteobacteria","Hyphomicrobiales","Nitrobacteraceae","Bradyrhizobium","Bradyrhizobium sp. Ash2021"
"ASV_3542",FALSE,"Pseudomonadota","Alphaproteobacteria","Hyphomicrobiales","Nitrobacteraceae","Bradyrhizobium","Bradyrhizobium sp. Ash2021"
"ASV_3543",FALSE,"Pseudomonadota","Alphaproteobacteria","Hyphomicrobiales","Nitrobacteraceae","Bradyrhizobium","Bradyrhizobium sp. Ash2021"
"ASV_3544",FALSE,"Pseudomonadota","Alphaproteobacteria","Hyphomicrobiales","Nitrobacteraceae","Bradyrhizobium","Bradyrhizobium sp. Ash2021"
"ASV_3545",FALSE,"Pseudomonadota","Alphaproteobacteria","Hyphomicrobiales","Nitrobacteraceae","Bradyrhizobium","Bradyrhizobium sp. Ash2021"
"ASV_3546",FALSE,"Pseudomonadota","Alphaproteobacteria","Hyphomicrobiales","Nitrobacteraceae","Bradyrhizobium","Bradyrhizobium sp. Ash2021"
"ASV_3547",FALSE,"Chordata","Aves","Sphenisciformes","Spheniscidae","Eudyptula","Eudyptula minor"
"ASV_3549",FALSE,"Ascomycota","Eurotiomycetes","Eurotiales","Aspergillaceae","Aspergillus","Aspergillus puulaauensis"
"ASV_3552",FALSE,"Ascomycota","Sordariomycetes","Amphisphaeriales","Apiosporaceae","Apiospora","Apiospora arundinis"
"ASV_3554",FALSE,"Ascomycota","Dothideomycetes","Dothideales","Dothioraceae","Sydowia","Sydowia polyspora"
"ASV_3557",FALSE,"Pseudomonadota","Alphaproteobacteria","Hyphomicrobiales","Nitrobacteraceae","Bradyrhizobium","Bradyrhizobium sp. Ash2021"
"ASV_3558",FALSE,"Arthropoda","Insecta","Coleoptera","","","Coleoptera sp. NZAC 03009096"
"ASV_3559",FALSE,"Pseudomonadota","Alphaproteobacteria","Hyphomicrobiales","Nitrobacteraceae","Bradyrhizobium","Bradyrhizobium sp. Ash2021"
"ASV_3560",FALSE,"Pseudomonadota","Alphaproteobacteria","Hyphomicrobiales","Nitrobacteraceae","Bradyrhizobium","Bradyrhizobium sp. Ash2021"
"ASV_3561",FALSE,"Pseudomonadota","Alphaproteobacteria","Hyphomicrobiales","Nitrobacteraceae","Bradyrhizobium","Bradyrhizobium sp. Ash2021"
"ASV_3562",FALSE,"Pseudomonadota","Alphaproteobacteria","Hyphomicrobiales","Nitrobacteraceae","Bradyrhizobium","Bradyrhizobium sp. Ash2021"
"ASV_3563",FALSE,"Pseudomonadota","Alphaproteobacteria","Hyphomicrobiales","Nitrobacteraceae","Bradyrhizobium","Bradyrhizobium sp. Ash2021"
"ASV_3566",FALSE,"Ascomycota","Dothideomycetes","Mycosphaerellales","Teratosphaeriaceae","Acrodontium","Acrodontium crateriforme"
"ASV_3567",FALSE,"Chordata","Aves","Sphenisciformes","Spheniscidae","Eudyptula","Eudyptula minor"
"ASV_3569",FALSE,"Ascomycota","Dothideomycetes","Pleosporales","Periconiaceae","Periconia","Periconia digitata"
"ASV_3570",FALSE,"Arthropoda","Insecta","Coleoptera","Scarabaeidae","Mimeoma","Mimeoma maculata"
"ASV_3571",FALSE,"Pseudomonadota","Alphaproteobacteria","Hyphomicrobiales","Nitrobacteraceae","Bradyrhizobium","Bradyrhizobium sp. Ash2021"
"ASV_3572",FALSE,"Pseudomonadota","Alphaproteobacteria","Hyphomicrobiales","Nitrobacteraceae","Bradyrhizobium","Bradyrhizobium sp. Ash2021"
"ASV_3573",FALSE,"Pseudomonadota","Alphaproteobacteria","Hyphomicrobiales","Nitrobacteraceae","Bradyrhizobium","Bradyrhizobium sp. Ash2021"
"ASV_3574",FALSE,"Pseudomonadota","Alphaproteobacteria","Hyphomicrobiales","Nitrobacteraceae","Bradyrhizobium","Bradyrhizobium sp. Ash2021"
"ASV_3575",FALSE,"Pseudomonadota","Alphaproteobacteria","Hyphomicrobiales","Nitrobacteraceae","Bradyrhizobium","Bradyrhizobium sp. Ash2021"
"ASV_3576",FALSE,"Pseudomonadota","Alphaproteobacteria","Hyphomicrobiales","Nitrobacteraceae","Bradyrhizobium","Bradyrhizobium sp. Ash2021"
"ASV_3577",FALSE,"Pseudomonadota","Alphaproteobacteria","Hyphomicrobiales","Nitrobacteraceae","Bradyrhizobium","Bradyrhizobium sp. Ash2021"
"ASV_3578",FALSE,"Pseudomonadota","Alphaproteobacteria","Hyphomicrobiales","Nitrobacteraceae","Bradyrhizobium","Bradyrhizobium sp. Ash2021"
"ASV_3579",FALSE,"Pseudomonadota","Alphaproteobacteria","Hyphomicrobiales","Nitrobacteraceae","Bradyrhizobium","Bradyrhizobium sp. Ash2021"
"ASV_3580",FALSE,"Pseudomonadota","Alphaproteobacteria","Hyphomicrobiales","Nitrobacteraceae","Bradyrhizobium","Bradyrhizobium sp. Ash2021"
"ASV_3581",FALSE,"Pseudomonadota","Alphaproteobacteria","Hyphomicrobiales","Nitrobacteraceae","Bradyrhizobium","Bradyrhizobium sp. Ash2021"
"ASV_3582",FALSE,"Pseudomonadota","Alphaproteobacteria","Hyphomicrobiales","Nitrobacteraceae","Bradyrhizobium","Bradyrhizobium sp. Ash2021"
"ASV_3583",FALSE,"Pseudomonadota","Alphaproteobacteria","Hyphomicrobiales","Nitrobacteraceae","Bradyrhizobium","Bradyrhizobium sp. Ash2021"
"ASV_3584",FALSE,"Pseudomonadota","Alphaproteobacteria","Hyphomicrobiales","Nitrobacteraceae","Bradyrhizobium","Bradyrhizobium sp. Ash2021"
"ASV_3585",FALSE,"Pseudomonadota","Alphaproteobacteria","Hyphomicrobiales","Nitrobacteraceae","Bradyrhizobium","Bradyrhizobium sp. Ash2021"
"ASV_3586",FALSE,"Bacteroidota","Sphingobacteriia","Sphingobacteriales","Sphingobacteriaceae","Pedobacter","Pedobacter roseus"
"ASV_3587",FALSE,"","","","","","invertebrate environmental sample"
"ASV_3591",FALSE,"Bacteroidota","Sphingobacteriia","Sphingobacteriales","Sphingobacteriaceae","Pedobacter","Pedobacter sp."
"ASV_3593",FALSE,"Arthropoda","Insecta","Diptera","Sciaridae","Bradysia","Bradysia sp. BIOUG25629-G11"
"ASV_3595",FALSE,"Ascomycota","Leotiomycetes","Helotiales","Arachnopezizaceae","Arachnopeziza","Arachnopeziza aurata"
"ASV_3597",FALSE,"Ascomycota","Dothideomycetes","Pleosporales","Periconiaceae","Periconia","Periconia digitata"
"ASV_3599",FALSE,"Ascomycota","Eurotiomycetes","Eurotiales","Aspergillaceae","Penicillium","Penicillium citrinum"
"ASV_3600",FALSE,"","Choanoflagellata","Craspedida","Salpingoecidae","Monosiga","Monosiga brevicollis"
"ASV_3606",FALSE,"Ascomycota","Dothideomycetes","Mycosphaerellales","Mycosphaerellaceae","Septoria","Septoria linicola"
"ASV_3609",FALSE,"Pseudomonadota","Alphaproteobacteria","Hyphomicrobiales","Nitrobacteraceae","Bradyrhizobium","Bradyrhizobium sp. Ash2021"
"ASV_3610",FALSE,"Pseudomonadota","Alphaproteobacteria","Hyphomicrobiales","Nitrobacteraceae","Bradyrhizobium","Bradyrhizobium sp. Ash2021"
"ASV_3611",FALSE,"Pseudomonadota","Alphaproteobacteria","Hyphomicrobiales","Nitrobacteraceae","Bradyrhizobium","Bradyrhizobium sp. Ash2021"
"ASV_3612",FALSE,"Pseudomonadota","Alphaproteobacteria","Hyphomicrobiales","Nitrobacteraceae","Bradyrhizobium","Bradyrhizobium sp. Ash2021"
"ASV_3613",FALSE,"Chordata","Mammalia","Chiroptera","Vespertilionidae","Chalinolobus","Chalinolobus tuberculatus"
"ASV_3614",FALSE,"Pseudomonadota","Alphaproteobacteria","Hyphomicrobiales","Nitrobacteraceae","Bradyrhizobium","Bradyrhizobium sp. Ash2021"
"ASV_3615",FALSE,"Ascomycota","Eurotiomycetes","Chaetothyriales","Herpotrichiellaceae","Cladophialophora","Cladophialophora bantiana"
"ASV_3616",FALSE,"Pseudomonadota","Alphaproteobacteria","Hyphomicrobiales","Nitrobacteraceae","Bradyrhizobium","Bradyrhizobium sp. Ash2021"
"ASV_3617",FALSE,"Pseudomonadota","Alphaproteobacteria","Hyphomicrobiales","Nitrobacteraceae","Bradyrhizobium","Bradyrhizobium sp. Ash2021"
"ASV_3618",FALSE,"Pseudomonadota","Alphaproteobacteria","Hyphomicrobiales","Nitrobacteraceae","Bradyrhizobium","Bradyrhizobium sp. Ash2021"
"ASV_3619",FALSE,"Pseudomonadota","Alphaproteobacteria","Hyphomicrobiales","Nitrobacteraceae","Bradyrhizobium","Bradyrhizobium sp. Ash2021"
"ASV_3620",FALSE,"Pseudomonadota","Alphaproteobacteria","Hyphomicrobiales","Nitrobacteraceae","Bradyrhizobium","Bradyrhizobium sp. Ash2021"
"ASV_3621",FALSE,"Pseudomonadota","Alphaproteobacteria","Hyphomicrobiales","Nitrobacteraceae","Bradyrhizobium","Bradyrhizobium sp. Ash2021"
"ASV_3622",FALSE,"Pseudomonadota","Alphaproteobacteria","Hyphomicrobiales","Nitrobacteraceae","Bradyrhizobium","Bradyrhizobium sp. Ash2021"
"ASV_3623",FALSE,"Pseudomonadota","Alphaproteobacteria","Hyphomicrobiales","Nitrobacteraceae","Bradyrhizobium","Bradyrhizobium sp. Ash2021"
"ASV_3624",FALSE,"Pseudomonadota","Alphaproteobacteria","Hyphomicrobiales","Nitrobacteraceae","Bradyrhizobium","Bradyrhizobium sp. Ash2021"
"ASV_3625",FALSE,"Pseudomonadota","Alphaproteobacteria","Hyphomicrobiales","Nitrobacteraceae","Bradyrhizobium","Bradyrhizobium sp. Ash2021"
"ASV_3626",FALSE,"Pseudomonadota","Alphaproteobacteria","Hyphomicrobiales","Nitrobacteraceae","Bradyrhizobium","Bradyrhizobium sp. Ash2021"
"ASV_3627",FALSE,"Pseudomonadota","Alphaproteobacteria","Hyphomicrobiales","Nitrobacteraceae","Bradyrhizobium","Bradyrhizobium sp. Ash2021"
"ASV_3628",FALSE,"Pseudomonadota","Alphaproteobacteria","Hyphomicrobiales","Nitrobacteraceae","Bradyrhizobium","Bradyrhizobium sp. Ash2021"
"ASV_3629",FALSE,"Pseudomonadota","Alphaproteobacteria","Hyphomicrobiales","Nitrobacteraceae","Bradyrhizobium","Bradyrhizobium sp. Ash2021"
"ASV_3630",FALSE,"Pseudomonadota","Alphaproteobacteria","Hyphomicrobiales","Nitrobacteraceae","Bradyrhizobium","Bradyrhizobium sp. Ash2021"
"ASV_3631",FALSE,"Pseudomonadota","Alphaproteobacteria","Hyphomicrobiales","Nitrobacteraceae","Bradyrhizobium","Bradyrhizobium sp. Ash2021"
"ASV_3632",FALSE,"Pseudomonadota","Alphaproteobacteria","Hyphomicrobiales","Nitrobacteraceae","Bradyrhizobium","Bradyrhizobium sp. Ash2021"
"ASV_3633",FALSE,"Pseudomonadota","Alphaproteobacteria","Hyphomicrobiales","Nitrobacteraceae","Bradyrhizobium","Bradyrhizobium sp. Ash2021"
"ASV_3634",FALSE,"Pseudomonadota","Alphaproteobacteria","Hyphomicrobiales","Nitrobacteraceae","Bradyrhizobium","Bradyrhizobium sp. Ash2021"
"ASV_3636",FALSE,"Basidiomycota","Microbotryomycetes","Sporidiobolales","Sporidiobolaceae","Rhodotorula","Rhodotorula mucilaginosa"
"ASV_3638",FALSE,"Pseudomonadota","Alphaproteobacteria","Hyphomicrobiales","Nitrobacteraceae","Bradyrhizobium","Bradyrhizobium sp. Ash2021"
"ASV_3639",FALSE,"Pseudomonadota","Alphaproteobacteria","Hyphomicrobiales","Nitrobacteraceae","Bradyrhizobium","Bradyrhizobium sp. Ash2021"
"ASV_3640",FALSE,"Pseudomonadota","Alphaproteobacteria","Hyphomicrobiales","Nitrobacteraceae","Bradyrhizobium","Bradyrhizobium sp. Ash2021"
"ASV_3641",FALSE,"Pseudomonadota","Alphaproteobacteria","Hyphomicrobiales","Nitrobacteraceae","Bradyrhizobium","Bradyrhizobium sp. Ash2021"
"ASV_3642",FALSE,"Pseudomonadota","Alphaproteobacteria","Hyphomicrobiales","Nitrobacteraceae","Bradyrhizobium","Bradyrhizobium sp. Ash2021"
"ASV_3643",FALSE,"Pseudomonadota","Alphaproteobacteria","Hyphomicrobiales","Nitrobacteraceae","Bradyrhizobium","Bradyrhizobium sp. Ash2021"
"ASV_3644",FALSE,"Pseudomonadota","Alphaproteobacteria","Hyphomicrobiales","Nitrobacteraceae","Bradyrhizobium","Bradyrhizobium sp. Ash2021"
"ASV_3646",FALSE,"Chordata","Aves","Sphenisciformes","Spheniscidae","Eudyptula","Eudyptula minor"
"ASV_3648",FALSE,"Ascomycota","Eurotiomycetes","Onygenales","Arthrodermataceae","Arthroderma","Arthroderma uncinatum"
"ASV_3649",FALSE,"Ascomycota","Dothideomycetes","","","","Dothideomycetes sp. NU30"
"ASV_3651",FALSE,"Ascomycota","Sordariomycetes","Glomerellales","Plectosphaerellaceae","Verticillium","Verticillium nonalfalfae"
"ASV_3652",FALSE,"Ascomycota","Dothideomycetes","Pleosporales","Didymellaceae","Phoma","Phoma sp. 1 OB-2014"
"ASV_3653",FALSE,"Apicomplexa","Conoidasida","Eucoccidiorida","Eimeriidae","Eimeria","Eimeria sp."
"ASV_3654",FALSE,"Arthropoda","Insecta","Diptera","Muscidae","Spilogona","Spilogona sp. BOLD:AAP2507"
"ASV_3655",FALSE,"Bacteroidota","Flavobacteriia","Flavobacteriales","Flavobacteriaceae","Aequorivita","Aequorivita sp. F7"
"ASV_3656",FALSE,"Bacteroidota","Flavobacteriia","Flavobacteriales","Flavobacteriaceae","Maribacter","Maribacter sp. BPC-D8"
"ASV_3658",FALSE,"Arthropoda","Arachnida","Mesostigmata","Urodinychidae","Uroobovella","Uroobovella sp. 2WK"
"ASV_3666",FALSE,"Pseudomonadota","Alphaproteobacteria","Hyphomicrobiales","Nitrobacteraceae","Bradyrhizobium","Bradyrhizobium sp. Ash2021"
"ASV_3667",FALSE,"Pseudomonadota","Alphaproteobacteria","Hyphomicrobiales","Nitrobacteraceae","Bradyrhizobium","Bradyrhizobium sp. Ash2021"
"ASV_3668",FALSE,"Pseudomonadota","Alphaproteobacteria","Hyphomicrobiales","Nitrobacteraceae","Bradyrhizobium","Bradyrhizobium sp. Ash2021"
"ASV_3669",FALSE,"Pseudomonadota","Alphaproteobacteria","Hyphomicrobiales","Nitrobacteraceae","Bradyrhizobium","Bradyrhizobium sp. Ash2021"
"ASV_3671",FALSE,"Ascomycota","Leotiomycetes","","Myxotrichaceae","Myxotrichum","Myxotrichum deflexum"
"ASV_3672",FALSE,"Evosea","Eumycetozoa","Physariida","Physaraceae","Physarum","Physarum sp."
"ASV_3673",FALSE,"Ascomycota","Eurotiomycetes","Chaetothyriales","Trichomeriaceae","Arthrocladium","Arthrocladium fulminans"
"ASV_3674",FALSE,"Ascomycota","Sordariomycetes","Sordariales","","Madurella","Madurella mycetomatis"
"ASV_3676",FALSE,"Ascomycota","Sordariomycetes","Ophiostomatales","Ophiostomataceae","Ophiostoma","Ophiostoma piceae"
"ASV_3677",FALSE,"Ascomycota","Dothideomycetes","","","","Dothideomycetes sp. NU30"
"ASV_3678",FALSE,"Bacteroidota","Flavobacteriia","Flavobacteriales","Flavobacteriaceae","Flavobacterium","Flavobacterium sp. KBS0721"
"ASV_3680",FALSE,"Ascomycota","Leotiomycetes","","","Leohumicola","Leohumicola levissima"
"ASV_3681",FALSE,"Ascomycota","Sordariomycetes","Amphisphaeriales","Sporocadaceae","Neopestalotiopsis","Neopestalotiopsis cubana"
"ASV_3682",FALSE,"Pseudomonadota","Alphaproteobacteria","Hyphomicrobiales","Nitrobacteraceae","Bradyrhizobium","Bradyrhizobium sp. Ash2021"
"ASV_3683",FALSE,"Pseudomonadota","Alphaproteobacteria","Hyphomicrobiales","Nitrobacteraceae","Bradyrhizobium","Bradyrhizobium sp. Ash2021"
"ASV_3684",FALSE,"Pseudomonadota","Alphaproteobacteria","Hyphomicrobiales","Nitrobacteraceae","Bradyrhizobium","Bradyrhizobium sp. Ash2021"
"ASV_3685",FALSE,"Pseudomonadota","Alphaproteobacteria","Hyphomicrobiales","Nitrobacteraceae","Bradyrhizobium","Bradyrhizobium sp. Ash2021"
"ASV_3686",FALSE,"Pseudomonadota","Alphaproteobacteria","Hyphomicrobiales","Nitrobacteraceae","Bradyrhizobium","Bradyrhizobium sp. Ash2021"
"ASV_3687",FALSE,"Pseudomonadota","Alphaproteobacteria","Hyphomicrobiales","Nitrobacteraceae","Bradyrhizobium","Bradyrhizobium sp. Ash2021"
"ASV_3688",FALSE,"Pseudomonadota","Alphaproteobacteria","Hyphomicrobiales","Nitrobacteraceae","Bradyrhizobium","Bradyrhizobium sp. Ash2021"
"ASV_3689",FALSE,"Pseudomonadota","Alphaproteobacteria","Hyphomicrobiales","Nitrobacteraceae","Bradyrhizobium","Bradyrhizobium sp. Ash2021"
"ASV_3690",FALSE,"Pseudomonadota","Alphaproteobacteria","Hyphomicrobiales","Nitrobacteraceae","Bradyrhizobium","Bradyrhizobium sp. Ash2021"
"ASV_3691",FALSE,"Pseudomonadota","Alphaproteobacteria","Hyphomicrobiales","Nitrobacteraceae","Bradyrhizobium","Bradyrhizobium sp. Ash2021"
"ASV_3692",FALSE,"Pseudomonadota","Alphaproteobacteria","Hyphomicrobiales","Nitrobacteraceae","Bradyrhizobium","Bradyrhizobium sp. Ash2021"
"ASV_3693",FALSE,"Pseudomonadota","Alphaproteobacteria","Hyphomicrobiales","Nitrobacteraceae","Bradyrhizobium","Bradyrhizobium sp. Ash2021"
"ASV_3694",FALSE,"Pseudomonadota","Alphaproteobacteria","Hyphomicrobiales","Nitrobacteraceae","Bradyrhizobium","Bradyrhizobium sp. Ash2021"
"ASV_3695",FALSE,"Pseudomonadota","Alphaproteobacteria","Hyphomicrobiales","Nitrobacteraceae","Bradyrhizobium","Bradyrhizobium sp. Ash2021"
"ASV_3696",FALSE,"Pseudomonadota","Alphaproteobacteria","Hyphomicrobiales","Nitrobacteraceae","Bradyrhizobium","Bradyrhizobium sp. Ash2021"
"ASV_3697",FALSE,"Pseudomonadota","Alphaproteobacteria","Hyphomicrobiales","Nitrobacteraceae","Bradyrhizobium","Bradyrhizobium sp. Ash2021"
"ASV_3699",FALSE,"Discosea","","Himatismenida","Cochliopodiidae","Cochliopodium","Cochliopodium minus"
"ASV_3701",FALSE,"Basidiomycota","Agaricomycetes","Agaricales","Hygrophoraceae","Hygrocybe","Hygrocybe persistens"
"ASV_3702",FALSE,"Bacteroidota","Flavobacteriia","Flavobacteriales","Flavobacteriaceae","Flavobacterium","Flavobacterium sp. N503310"
"ASV_3703",FALSE,"Basidiomycota","Agaricomycetes","Russulales","Russulaceae","Russula","Russula virescens"
"ASV_3704",FALSE,"Arthropoda","Insecta","Lepidoptera","Nymphalidae","Melitaea","Melitaea trivia"
"ASV_3705",FALSE,"Rotifera","Eurotatoria","","","","Bdelloidea sp. Bd34"
"ASV_3706",FALSE,"","Phaeophyceae","Ectocarpales","Chordariaceae","","Chordariaceae sp. 7 AP-2014"
"ASV_3708",FALSE,"Ascomycota","Sordariomycetes","Hypocreales","Sarocladiaceae","Sarocladium","Sarocladium implicatum"
"ASV_3709",FALSE,"Ascomycota","Sordariomycetes","Hypocreales","Niessliaceae","Niesslia","Niesslia mucida"
"ASV_3710",FALSE,"Ascomycota","Eurotiomycetes","Onygenales","Onygenaceae","Onygena","Onygena corvina"
"ASV_3712",FALSE,"Chordata","Aves","Sphenisciformes","Spheniscidae","Eudyptula","Eudyptula minor"
"ASV_3713",FALSE,"Discosea","Flabellinia","","Vannellidae","Vannella","Vannella sp."
"ASV_3714",FALSE,"Arthropoda","Insecta","Diptera","","","Diptera sp."
"ASV_3717",FALSE,"Annelida","Polychaeta","","Capitellidae","Dasybranchus","Dasybranchus sp. DH1"
"ASV_3718",FALSE,"Ascomycota","Eurotiomycetes","Onygenales","Arachnomycetaceae","Arachnomyces","Arachnomyces peruvianus"
"ASV_3723",FALSE,"Discosea","","Longamoebia","Acanthamoebidae","Acanthamoeba","Acanthamoeba astronyxis"
"ASV_3727",FALSE,"Arthropoda","Collembola","Poduromorpha","Onychiuridae","Orthonychiurus","Orthonychiurus folsomi"
"ASV_3729",FALSE,"Arthropoda","Insecta","Coleoptera","Curculionidae","Curculio","Curculio sp. 2 ZM-2022a"
"ASV_3730",FALSE,"Pseudomonadota","Alphaproteobacteria","Hyphomicrobiales","Nitrobacteraceae","Bradyrhizobium","Bradyrhizobium sp. Ash2021"
"ASV_3731",FALSE,"Pseudomonadota","Alphaproteobacteria","Hyphomicrobiales","Nitrobacteraceae","Bradyrhizobium","Bradyrhizobium sp. Ash2021"
"ASV_3732",FALSE,"Pseudomonadota","Alphaproteobacteria","Hyphomicrobiales","Nitrobacteraceae","Bradyrhizobium","Bradyrhizobium sp. Ash2021"
"ASV_3733",FALSE,"Pseudomonadota","Alphaproteobacteria","Hyphomicrobiales","Nitrobacteraceae","Bradyrhizobium","Bradyrhizobium sp. Ash2021"
"ASV_3734",FALSE,"Chordata","Mammalia","Primates","Hominidae","Homo","Homo sapiens"
"ASV_3735",FALSE,"Pseudomonadota","Alphaproteobacteria","Hyphomicrobiales","Nitrobacteraceae","Bradyrhizobium","Bradyrhizobium sp. Ash2021"
"ASV_3736",FALSE,"Pseudomonadota","Alphaproteobacteria","Hyphomicrobiales","Nitrobacteraceae","Bradyrhizobium","Bradyrhizobium sp. Ash2021"
"ASV_3737",FALSE,"Pseudomonadota","Alphaproteobacteria","Hyphomicrobiales","Nitrobacteraceae","Bradyrhizobium","Bradyrhizobium sp. Ash2021"
"ASV_3738",FALSE,"Pseudomonadota","Alphaproteobacteria","Hyphomicrobiales","Nitrobacteraceae","Bradyrhizobium","Bradyrhizobium sp. Ash2021"
"ASV_3739",FALSE,"Pseudomonadota","Alphaproteobacteria","Hyphomicrobiales","Nitrobacteraceae","Bradyrhizobium","Bradyrhizobium sp. Ash2021"
"ASV_3740",FALSE,"Pseudomonadota","Alphaproteobacteria","Hyphomicrobiales","Nitrobacteraceae","Bradyrhizobium","Bradyrhizobium sp. Ash2021"
"ASV_3741",FALSE,"Pseudomonadota","Alphaproteobacteria","Hyphomicrobiales","Nitrobacteraceae","Bradyrhizobium","Bradyrhizobium sp. Ash2021"
"ASV_3742",FALSE,"Pseudomonadota","Alphaproteobacteria","Hyphomicrobiales","Nitrobacteraceae","Bradyrhizobium","Bradyrhizobium sp. Ash2021"
"ASV_3743",FALSE,"Pseudomonadota","Alphaproteobacteria","Hyphomicrobiales","Nitrobacteraceae","Bradyrhizobium","Bradyrhizobium sp. Ash2021"
"ASV_3744",FALSE,"Pseudomonadota","Alphaproteobacteria","Hyphomicrobiales","Nitrobacteraceae","Bradyrhizobium","Bradyrhizobium sp. Ash2021"
"ASV_3745",FALSE,"Pseudomonadota","Alphaproteobacteria","Hyphomicrobiales","Nitrobacteraceae","Bradyrhizobium","Bradyrhizobium sp. Ash2021"
"ASV_3746",FALSE,"Pseudomonadota","Alphaproteobacteria","Hyphomicrobiales","Nitrobacteraceae","Bradyrhizobium","Bradyrhizobium sp. Ash2021"
"ASV_3747",FALSE,"Pseudomonadota","Alphaproteobacteria","Hyphomicrobiales","Nitrobacteraceae","Bradyrhizobium","Bradyrhizobium sp. Ash2021"
"ASV_3748",FALSE,"Pseudomonadota","Alphaproteobacteria","Hyphomicrobiales","Nitrobacteraceae","Bradyrhizobium","Bradyrhizobium sp. Ash2021"
"ASV_3749",FALSE,"Pseudomonadota","Alphaproteobacteria","Hyphomicrobiales","Nitrobacteraceae","Bradyrhizobium","Bradyrhizobium sp. Ash2021"
"ASV_3751",FALSE,"Rotifera","Eurotatoria","Philodinida","Habrotrochidae","Habrotrocha","Habrotrocha antarctica"
"ASV_3752",FALSE,"Pseudomonadota","Betaproteobacteria","Nitrosomonadales","Methylophilaceae","","Methylophilaceae bacterium"
"ASV_3754",FALSE,"Chordata","Aves","Sphenisciformes","Spheniscidae","Eudyptula","Eudyptula minor"
"ASV_3755",FALSE,"Pseudomonadota","Alphaproteobacteria","Hyphomicrobiales","Nitrobacteraceae","Bradyrhizobium","Bradyrhizobium sp. Ash2021"
"ASV_3756",FALSE,"Chordata","Aves","Sphenisciformes","Spheniscidae","Eudyptula","Eudyptula minor"
"ASV_3757",FALSE,"Chordata","Aves","Sphenisciformes","Spheniscidae","Eudyptula","Eudyptula minor"
"ASV_3758",FALSE,"Chordata","Aves","Sphenisciformes","Spheniscidae","Eudyptula","Eudyptula minor"
"ASV_3759",FALSE,"Chordata","Aves","Sphenisciformes","Spheniscidae","Eudyptula","Eudyptula minor"
"ASV_3760",FALSE,"Bacteroidota","Flavobacteriia","Flavobacteriales","Flavobacteriaceae","Formosa","Formosa sp. 4Alg 33"
"ASV_3761",FALSE,"Platyhelminthes","Cestoda","Cyclophyllidea","Dipylidiidae","Dipylidium","Dipylidium caninum"
"ASV_3762",FALSE,"Ascomycota","Sordariomycetes","Glomerellales","Glomerellaceae","Colletotrichum","Colletotrichum bannaense (nom. inval.)"
"ASV_3763",FALSE,"Ascomycota","Eurotiomycetes","Eurotiales","Aspergillaceae","Penicillium","Penicillium verrucosum"
"ASV_3766",FALSE,"Chordata","Aves","Sphenisciformes","Spheniscidae","Eudyptula","Eudyptula minor"
"ASV_3768",FALSE,"Chordata","Actinopteri","Cyprinodontiformes","Poeciliidae","Gambusia","Gambusia affinis"
"ASV_3769",FALSE,"Arthropoda","Insecta","Coleoptera","Scarabaeidae","Mimeoma","Mimeoma maculata"
"ASV_3770",FALSE,"Ascomycota","Sordariomycetes","Hypocreales","Niessliaceae","Niesslia","Niesslia mucida"
"ASV_3771",FALSE,"Ascomycota","Dothideomycetes","","","","Dothideomycetes sp. NU200"
"ASV_3772",FALSE,"Bacteroidota","Flavobacteriia","Flavobacteriales","Flavobacteriaceae","Aequorivita","Aequorivita sp. F7"
"ASV_3773",FALSE,"Ascomycota","Leotiomycetes","Thelebolales","Thelebolaceae","Pseudogymnoascus","Pseudogymnoascus destructans"
"ASV_3776",FALSE,"Porifera","Demospongiae","Poecilosclerida","Cladorhizidae","Abyssocladia","Abyssocladia sp. SMF<DEU> 11750"
"ASV_3778",FALSE,"","","","","","eukaryotic synthetic construct"
"ASV_3779",FALSE,"Ascomycota","Dothideomycetes","","","","Dothideomycetes sp. NU30"
"ASV_3780",FALSE,"Pseudomonadota","Alphaproteobacteria","Hyphomicrobiales","Nitrobacteraceae","Bradyrhizobium","Bradyrhizobium sp. Ash2021"
"ASV_3781",FALSE,"Pseudomonadota","Alphaproteobacteria","Hyphomicrobiales","Nitrobacteraceae","Bradyrhizobium","Bradyrhizobium sp. Ash2021"
"ASV_3782",FALSE,"Bacteroidota","Sphingobacteriia","Sphingobacteriales","Sphingobacteriaceae","Mucilaginibacter","Mucilaginibacter sp. X5P1"
"ASV_3783",FALSE,"Ascomycota","Sordariomycetes","Amphisphaeriales","Apiosporaceae","Apiospora","Apiospora arundinis"
"ASV_3784",FALSE,"Basidiomycota","Exobasidiomycetes","Microstromatales","","Jaminaea","Jaminaea pallidilutea"
"ASV_3786",FALSE,"Ascomycota","Lecanoromycetes","Ostropales","Graphidaceae","Graphis","Graphis lineola"
"ASV_3787",FALSE,"Basidiomycota","Agaricomycetes","Agaricales","Psathyrellaceae","Coprinellus","Coprinellus micaceus"
"ASV_3789",FALSE,"Ascomycota","Sordariomycetes","Glomerellales","Glomerellaceae","Colletotrichum","Colletotrichum gigasporum"
"ASV_3790",FALSE,"Pseudomonadota","Gammaproteobacteria","Moraxellales","Moraxellaceae","Psychrobacter","Psychrobacter sp. CLB018"
"ASV_3791",FALSE,"Bacteroidota","Sphingobacteriia","Sphingobacteriales","","","uncultured Cytophagales bacterium"
"ASV_3792",FALSE,"Peploviricota","Herviviricetes","Herpesvirales","Orthoherpesviridae","Iltovirus","Iltovirus gallidalpha1"
"ASV_3793",FALSE,"Pseudomonadota","Alphaproteobacteria","Hyphomicrobiales","Nitrobacteraceae","Bradyrhizobium","Bradyrhizobium sp. Ash2021"
"ASV_3794",FALSE,"Pseudomonadota","Alphaproteobacteria","Hyphomicrobiales","Nitrobacteraceae","Bradyrhizobium","Bradyrhizobium sp. Ash2021"
"ASV_3795",FALSE,"Pseudomonadota","Alphaproteobacteria","Hyphomicrobiales","Nitrobacteraceae","Bradyrhizobium","Bradyrhizobium sp. Ash2021"
"ASV_3796",FALSE,"Pseudomonadota","Alphaproteobacteria","Hyphomicrobiales","Nitrobacteraceae","Bradyrhizobium","Bradyrhizobium sp. Ash2021"
"ASV_3797",FALSE,"Pseudomonadota","Alphaproteobacteria","Hyphomicrobiales","Nitrobacteraceae","Bradyrhizobium","Bradyrhizobium sp. Ash2021"
"ASV_3798",FALSE,"Pseudomonadota","Alphaproteobacteria","Hyphomicrobiales","Nitrobacteraceae","Bradyrhizobium","Bradyrhizobium sp. Ash2021"
"ASV_3799",FALSE,"Pseudomonadota","Alphaproteobacteria","Hyphomicrobiales","Nitrobacteraceae","Bradyrhizobium","Bradyrhizobium sp. Ash2021"
"ASV_3800",FALSE,"Pseudomonadota","Alphaproteobacteria","Hyphomicrobiales","Nitrobacteraceae","Bradyrhizobium","Bradyrhizobium sp. Ash2021"
"ASV_3801",FALSE,"Pseudomonadota","Alphaproteobacteria","Hyphomicrobiales","Nitrobacteraceae","Bradyrhizobium","Bradyrhizobium sp. Ash2021"
"ASV_3802",FALSE,"Pseudomonadota","Alphaproteobacteria","Hyphomicrobiales","Nitrobacteraceae","Bradyrhizobium","Bradyrhizobium sp. Ash2021"
"ASV_3803",FALSE,"Pseudomonadota","Alphaproteobacteria","Hyphomicrobiales","Nitrobacteraceae","Bradyrhizobium","Bradyrhizobium sp. Ash2021"
"ASV_3804",FALSE,"Pseudomonadota","Alphaproteobacteria","Hyphomicrobiales","Nitrobacteraceae","Bradyrhizobium","Bradyrhizobium sp. Ash2021"
"ASV_3805",FALSE,"Pseudomonadota","Alphaproteobacteria","Hyphomicrobiales","Nitrobacteraceae","Bradyrhizobium","Bradyrhizobium sp. Ash2021"
"ASV_3806",FALSE,"Pseudomonadota","Alphaproteobacteria","Hyphomicrobiales","Nitrobacteraceae","Bradyrhizobium","Bradyrhizobium sp. Ash2021"
"ASV_3807",FALSE,"Pseudomonadota","Alphaproteobacteria","Hyphomicrobiales","Nitrobacteraceae","Bradyrhizobium","Bradyrhizobium sp. Ash2021"
"ASV_3808",FALSE,"Pseudomonadota","Alphaproteobacteria","Hyphomicrobiales","Nitrobacteraceae","Bradyrhizobium","Bradyrhizobium sp. Ash2021"
"ASV_3809",FALSE,"Pseudomonadota","Alphaproteobacteria","Hyphomicrobiales","Nitrobacteraceae","Bradyrhizobium","Bradyrhizobium sp. Ash2021"
"ASV_3810",FALSE,"Pseudomonadota","Alphaproteobacteria","Hyphomicrobiales","Nitrobacteraceae","Bradyrhizobium","Bradyrhizobium sp. Ash2021"
"ASV_3811",FALSE,"Pseudomonadota","Alphaproteobacteria","Hyphomicrobiales","Nitrobacteraceae","Bradyrhizobium","Bradyrhizobium sp. Ash2021"
"ASV_3812",FALSE,"Pseudomonadota","Alphaproteobacteria","Hyphomicrobiales","Nitrobacteraceae","Bradyrhizobium","Bradyrhizobium sp. Ash2021"
"ASV_3813",FALSE,"Pseudomonadota","Alphaproteobacteria","Hyphomicrobiales","Nitrobacteraceae","Bradyrhizobium","Bradyrhizobium sp. Ash2021"
"ASV_3814",FALSE,"Pseudomonadota","Alphaproteobacteria","Hyphomicrobiales","Nitrobacteraceae","Bradyrhizobium","Bradyrhizobium sp. Ash2021"
"ASV_3815",FALSE,"Pseudomonadota","Alphaproteobacteria","Hyphomicrobiales","Nitrobacteraceae","Bradyrhizobium","Bradyrhizobium sp. Ash2021"
"ASV_3816",FALSE,"Pseudomonadota","Alphaproteobacteria","Hyphomicrobiales","Nitrobacteraceae","Bradyrhizobium","Bradyrhizobium sp. Ash2021"
"ASV_3817",FALSE,"Pseudomonadota","Alphaproteobacteria","Hyphomicrobiales","Nitrobacteraceae","Bradyrhizobium","Bradyrhizobium sp. Ash2021"
"ASV_3818",FALSE,"Pseudomonadota","Alphaproteobacteria","Hyphomicrobiales","Nitrobacteraceae","Bradyrhizobium","Bradyrhizobium sp. Ash2021"
"ASV_3819",FALSE,"Pseudomonadota","Alphaproteobacteria","Hyphomicrobiales","Nitrobacteraceae","Bradyrhizobium","Bradyrhizobium sp. Ash2021"
"ASV_3820",FALSE,"Pseudomonadota","Alphaproteobacteria","Hyphomicrobiales","Nitrobacteraceae","Bradyrhizobium","Bradyrhizobium sp. Ash2021"
"ASV_3821",FALSE,"Pseudomonadota","Alphaproteobacteria","Hyphomicrobiales","Nitrobacteraceae","Bradyrhizobium","Bradyrhizobium sp. Ash2021"
"ASV_3822",FALSE,"Pseudomonadota","Alphaproteobacteria","Hyphomicrobiales","Nitrobacteraceae","Bradyrhizobium","Bradyrhizobium sp. Ash2021"
"ASV_3823",FALSE,"Pseudomonadota","Alphaproteobacteria","Hyphomicrobiales","Nitrobacteraceae","Bradyrhizobium","Bradyrhizobium sp. Ash2021"
"ASV_3824",FALSE,"","","","","Chrysoparadoxa","Chrysoparadoxa australica"
"ASV_3827",FALSE,"Bacteroidota","Sphingobacteriia","Sphingobacteriales","Sphingobacteriaceae","","Sphingobacteriaceae bacterium GW460-11-11-14-LB5"
"ASV_3829",FALSE,"","","","","","Amoebozoa sp."
"ASV_3830",FALSE,"","","","","",""
"ASV_3831",FALSE,"Oomycota","","Saprolegniales","Saprolegniaceae","Aphanomyces","Aphanomyces laevis"
"ASV_3832",FALSE,"Ascomycota","","","","","Ascomycota sp."
"ASV_3834",FALSE,"Bacteroidota","Sphingobacteriia","Sphingobacteriales","","","uncultured Cytophagales bacterium"
"ASV_3835",FALSE,"Ascomycota","Sordariomycetes","Glomerellales","Plectosphaerellaceae","Verticillium","Verticillium nonalfalfae"
"ASV_3837",FALSE,"Ascomycota","Sordariomycetes","Hypocreales","Bionectriaceae","Emericellopsis","Emericellopsis minima"
"ASV_3838",FALSE,"Oomycota","","Peronosporales","Peronosporaceae","Phytophthora","Phytophthora x heterohybrida"
"ASV_3844",FALSE,"Tubulinea","Elardia","Arcellinida","Plagiopyxidae","Plagiopyxis","Plagiopyxis callida"
"ASV_3846",FALSE,"Basidiomycota","Microbotryomycetes","Sporidiobolales","Sporidiobolaceae","Rhodotorula","Rhodotorula mucilaginosa"
"ASV_3847",FALSE,"Chlorophyta","Trebouxiophyceae","Trebouxiales","Trebouxiaceae","Trebouxia","Trebouxia aggregata"
"ASV_3854",FALSE,"Bacteroidota","Flavobacteriia","Flavobacteriales","Flavobacteriaceae","","Flavobacteriaceae bacterium Uisw"
"ASV_3855",FALSE,"Bacteroidota","Flavobacteriia","Flavobacteriales","Flavobacteriaceae","Maribacter","Maribacter sp. BPC-D8"
"ASV_3861",FALSE,"Bacteroidota","Flavobacteriia","Flavobacteriales","Flavobacteriaceae","Lacinutrix","Lacinutrix sp. WUR7"
"ASV_3862",FALSE,"Pseudomonadota","Alphaproteobacteria","Hyphomicrobiales","Rhizobiaceae","Rhizobium","Rhizobium leguminosarum"
"ASV_3864",FALSE,"Pseudomonadota","Alphaproteobacteria","Hyphomicrobiales","Nitrobacteraceae","Bradyrhizobium","Bradyrhizobium sp. Ash2021"
"ASV_3865",FALSE,"Ascomycota","Sordariomycetes","Glomerellales","Glomerellaceae","Colletotrichum","Colletotrichum bannaense (nom. inval.)"
"ASV_3867",FALSE,"Pseudomonadota","Alphaproteobacteria","Hyphomicrobiales","Nitrobacteraceae","Bradyrhizobium","Bradyrhizobium sp. Ash2021"
"ASV_3868",FALSE,"Pseudomonadota","Alphaproteobacteria","Hyphomicrobiales","Nitrobacteraceae","Bradyrhizobium","Bradyrhizobium sp. Ash2021"
"ASV_3869",FALSE,"Pseudomonadota","Alphaproteobacteria","Hyphomicrobiales","Nitrobacteraceae","Bradyrhizobium","Bradyrhizobium sp. Ash2021"
"ASV_3870",FALSE,"Pseudomonadota","Alphaproteobacteria","Hyphomicrobiales","Nitrobacteraceae","Bradyrhizobium","Bradyrhizobium sp. Ash2021"
"ASV_3871",FALSE,"Pseudomonadota","Alphaproteobacteria","Hyphomicrobiales","Nitrobacteraceae","Bradyrhizobium","Bradyrhizobium sp. Ash2021"
"ASV_3872",FALSE,"Pseudomonadota","Alphaproteobacteria","Hyphomicrobiales","Nitrobacteraceae","Bradyrhizobium","Bradyrhizobium sp. Ash2021"
"ASV_3873",FALSE,"Pseudomonadota","Alphaproteobacteria","Hyphomicrobiales","Nitrobacteraceae","Bradyrhizobium","Bradyrhizobium sp. Ash2021"
"ASV_3874",FALSE,"Pseudomonadota","Alphaproteobacteria","Hyphomicrobiales","Nitrobacteraceae","Bradyrhizobium","Bradyrhizobium sp. Ash2021"
"ASV_3875",FALSE,"Pseudomonadota","Alphaproteobacteria","Hyphomicrobiales","Nitrobacteraceae","Bradyrhizobium","Bradyrhizobium sp. Ash2021"
"ASV_3876",FALSE,"Pseudomonadota","Alphaproteobacteria","Hyphomicrobiales","Nitrobacteraceae","Bradyrhizobium","Bradyrhizobium sp. Ash2021"
"ASV_3877",FALSE,"Pseudomonadota","Alphaproteobacteria","Hyphomicrobiales","Nitrobacteraceae","Bradyrhizobium","Bradyrhizobium sp. Ash2021"
"ASV_3879",FALSE,"Annelida","Polychaeta","Phyllodocida","Pilargidae","Parandalia","Parandalia sp. 1 DH1"
"ASV_3880",FALSE,"Arthropoda","Insecta","Coleoptera","","","Coleoptera sp. INDOBIOSYS-CCDB26091-D10"
"ASV_3883",FALSE,"Bacteroidota","Sphingobacteriia","Sphingobacteriales","Sphingobacteriaceae","Pedobacter","Pedobacter mucosus"
"ASV_3884",FALSE,"Pseudomonadota","Alphaproteobacteria","Hyphomicrobiales","Nitrobacteraceae","Bradyrhizobium","Bradyrhizobium sp. Ash2021"
"ASV_3885",FALSE,"Pseudomonadota","Alphaproteobacteria","Hyphomicrobiales","Nitrobacteraceae","Bradyrhizobium","Bradyrhizobium sp. Ash2021"
"ASV_3886",FALSE,"Chordata","Aves","Sphenisciformes","Spheniscidae","Eudyptula","Eudyptula minor"
"ASV_3887",FALSE,"Chordata","Aves","Sphenisciformes","Spheniscidae","Eudyptula","Eudyptula minor"
"ASV_3888",FALSE,"Chordata","Aves","Sphenisciformes","Spheniscidae","Eudyptula","Eudyptula minor"
"ASV_3889",FALSE,"Chordata","Aves","Sphenisciformes","Spheniscidae","Eudyptula","Eudyptula minor"
"ASV_3890",FALSE,"Chordata","Aves","Sphenisciformes","Spheniscidae","Eudyptula","Eudyptula minor"
"ASV_3891",FALSE,"Ascomycota","Eurotiomycetes","Chaetothyriales","Trichomeriaceae","Arthrocladium","Arthrocladium fulminans"
"ASV_3892",FALSE,"Ascomycota","Lecanoromycetes","Teloschistales","Teloschistaceae","Phaeoplaca","Phaeoplaca camptidia"
"ASV_3893",FALSE,"Ascomycota","Leotiomycetes","Helotiales","Mollisiaceae","Phialocephala","Phialocephala sp. SA-2014"
"ASV_3899",FALSE,"Chordata","Actinopteri","Gadiformes","Moridae","Pseudophycis","Pseudophycis bachus"
"ASV_3900",FALSE,"Arthropoda","Arachnida","Trombidiformes","Erythraeidae","","Erythraeidae sp. BIOUG24479-E11"
"ASV_3902",FALSE,"Chordata","Aves","Sphenisciformes","Spheniscidae","Eudyptula","Eudyptula minor"
"ASV_3907",FALSE,"Ascomycota","Dothideomycetes","Mycosphaerellales","Teratosphaeriaceae","Acrodontium","Acrodontium crateriforme"
"ASV_3909",FALSE,"Oomycota","","Pythiales","Pythiaceae","Pythium","Pythium aphanidermatum"
"ASV_3911",FALSE,"","Phaeophyceae","Dictyotales","Dictyotaceae","Newhousia","Newhousia sp. CVie-2021b"
"ASV_3913",FALSE,"Ascomycota","Sordariomycetes","Glomerellales","Plectosphaerellaceae","Plectosphaerella","Plectosphaerella sp."
"ASV_3914",FALSE,"Pseudomonadota","Alphaproteobacteria","Hyphomicrobiales","Nitrobacteraceae","Bradyrhizobium","Bradyrhizobium sp. Ash2021"
"ASV_3915",FALSE,"Pseudomonadota","Alphaproteobacteria","Hyphomicrobiales","Nitrobacteraceae","Bradyrhizobium","Bradyrhizobium sp. Ash2021"
"ASV_3916",FALSE,"Pseudomonadota","Alphaproteobacteria","Hyphomicrobiales","Nitrobacteraceae","Bradyrhizobium","Bradyrhizobium sp. Ash2021"
"ASV_3917",FALSE,"Pseudomonadota","Alphaproteobacteria","Hyphomicrobiales","Nitrobacteraceae","Bradyrhizobium","Bradyrhizobium sp. Ash2021"
"ASV_3918",FALSE,"Pseudomonadota","Alphaproteobacteria","Hyphomicrobiales","Nitrobacteraceae","Bradyrhizobium","Bradyrhizobium sp. Ash2021"
"ASV_3919",FALSE,"Pseudomonadota","Alphaproteobacteria","Hyphomicrobiales","Nitrobacteraceae","Bradyrhizobium","Bradyrhizobium sp. Ash2021"
"ASV_3920",FALSE,"Pseudomonadota","Alphaproteobacteria","Hyphomicrobiales","Nitrobacteraceae","Bradyrhizobium","Bradyrhizobium sp. Ash2021"
"ASV_3922",FALSE,"Pseudomonadota","Alphaproteobacteria","Hyphomicrobiales","Nitrobacteraceae","Bradyrhizobium","Bradyrhizobium sp. Ash2021"
"ASV_3923",FALSE,"Ascomycota","Leotiomycetes","Erysiphales","Erysiphaceae","Podosphaera","Podosphaera xanthii"
"ASV_3924",FALSE,"Ascomycota","Dothideomycetes","Mycosphaerellales","Teratosphaeriaceae","Acrodontium","Acrodontium crateriforme"
"ASV_3926",FALSE,"Chordata","Actinopteri","Cyprinodontiformes","Poeciliidae","Gambusia","Gambusia affinis"
"ASV_3928",FALSE,"Arthropoda","Arachnida","Sarcoptiformes","Achipteriidae","Anachipteria","Anachipteria sp. BIOUG25375-D12"
"ASV_3931",FALSE,"Ascomycota","Eurotiomycetes","Eurotiales","Aspergillaceae","Aspergillus","Aspergillus magnivesiculatus"
"ASV_3933",FALSE,"Pseudomonadota","Gammaproteobacteria","Enterobacterales","Enterobacteriaceae","Escherichia","Escherichia coli"
"ASV_3934",FALSE,"Pseudomonadota","Alphaproteobacteria","Hyphomicrobiales","Nitrobacteraceae","Bradyrhizobium","Bradyrhizobium sp. Ash2021"
"ASV_3936",FALSE,"Pseudomonadota","Alphaproteobacteria","Hyphomicrobiales","Nitrobacteraceae","Bradyrhizobium","Bradyrhizobium sp. Ash2021"
"ASV_3937",FALSE,"Pseudomonadota","Alphaproteobacteria","Hyphomicrobiales","Nitrobacteraceae","Bradyrhizobium","Bradyrhizobium sp. Ash2021"
"ASV_3938",FALSE,"Pseudomonadota","Alphaproteobacteria","Hyphomicrobiales","Nitrobacteraceae","Bradyrhizobium","Bradyrhizobium sp. Ash2021"
"ASV_3939",FALSE,"Pseudomonadota","Alphaproteobacteria","Hyphomicrobiales","Nitrobacteraceae","Bradyrhizobium","Bradyrhizobium sp. Ash2021"
"ASV_3940",FALSE,"Pseudomonadota","Alphaproteobacteria","Hyphomicrobiales","Nitrobacteraceae","Bradyrhizobium","Bradyrhizobium sp. Ash2021"
"ASV_3941",FALSE,"Pseudomonadota","Alphaproteobacteria","Hyphomicrobiales","Nitrobacteraceae","Bradyrhizobium","Bradyrhizobium sp. Ash2021"
"ASV_3942",FALSE,"Pseudomonadota","Alphaproteobacteria","Hyphomicrobiales","Nitrobacteraceae","Bradyrhizobium","Bradyrhizobium sp. Ash2021"
"ASV_3943",FALSE,"Pseudomonadota","Alphaproteobacteria","Hyphomicrobiales","Nitrobacteraceae","Bradyrhizobium","Bradyrhizobium sp. Ash2021"
"ASV_3944",FALSE,"Pseudomonadota","Alphaproteobacteria","Hyphomicrobiales","Nitrobacteraceae","Bradyrhizobium","Bradyrhizobium sp. Ash2021"
"ASV_3945",FALSE,"Pseudomonadota","Alphaproteobacteria","Hyphomicrobiales","Nitrobacteraceae","Bradyrhizobium","Bradyrhizobium sp. Ash2021"
"ASV_3946",FALSE,"Pseudomonadota","Alphaproteobacteria","Hyphomicrobiales","Nitrobacteraceae","Bradyrhizobium","Bradyrhizobium sp. Ash2021"
"ASV_3947",FALSE,"Pseudomonadota","Alphaproteobacteria","Hyphomicrobiales","Nitrobacteraceae","Bradyrhizobium","Bradyrhizobium sp. Ash2021"
"ASV_3948",FALSE,"Pseudomonadota","Alphaproteobacteria","Hyphomicrobiales","Nitrobacteraceae","Bradyrhizobium","Bradyrhizobium sp. Ash2021"
"ASV_3949",FALSE,"Pseudomonadota","Alphaproteobacteria","Hyphomicrobiales","Nitrobacteraceae","Bradyrhizobium","Bradyrhizobium sp. Ash2021"
"ASV_3950",FALSE,"Pseudomonadota","Alphaproteobacteria","Hyphomicrobiales","Nitrobacteraceae","Bradyrhizobium","Bradyrhizobium sp. Ash2021"
"ASV_3951",FALSE,"Pseudomonadota","Alphaproteobacteria","Hyphomicrobiales","Nitrobacteraceae","Bradyrhizobium","Bradyrhizobium sp. Ash2021"
"ASV_3952",FALSE,"Pseudomonadota","Alphaproteobacteria","Hyphomicrobiales","Nitrobacteraceae","Bradyrhizobium","Bradyrhizobium sp. Ash2021"
"ASV_3953",FALSE,"Pseudomonadota","Alphaproteobacteria","Hyphomicrobiales","Nitrobacteraceae","Bradyrhizobium","Bradyrhizobium sp. Ash2021"
"ASV_3954",FALSE,"Pseudomonadota","Alphaproteobacteria","Hyphomicrobiales","Nitrobacteraceae","Bradyrhizobium","Bradyrhizobium sp. Ash2021"
"ASV_3955",FALSE,"Pseudomonadota","Alphaproteobacteria","Hyphomicrobiales","Nitrobacteraceae","Bradyrhizobium","Bradyrhizobium sp. Ash2021"
"ASV_3956",FALSE,"Pseudomonadota","Alphaproteobacteria","Hyphomicrobiales","Nitrobacteraceae","Bradyrhizobium","Bradyrhizobium sp. Ash2021"
"ASV_3957",FALSE,"Pseudomonadota","Alphaproteobacteria","Hyphomicrobiales","Nitrobacteraceae","Bradyrhizobium","Bradyrhizobium sp. Ash2021"
"ASV_3958",FALSE,"Pseudomonadota","Alphaproteobacteria","Hyphomicrobiales","Nitrobacteraceae","Bradyrhizobium","Bradyrhizobium sp. Ash2021"
"ASV_3959",FALSE,"Pseudomonadota","Alphaproteobacteria","Hyphomicrobiales","Nitrobacteraceae","Bradyrhizobium","Bradyrhizobium sp. Ash2021"
"ASV_3960",FALSE,"Pseudomonadota","Alphaproteobacteria","Hyphomicrobiales","Nitrobacteraceae","Bradyrhizobium","Bradyrhizobium sp. Ash2021"
"ASV_3961",FALSE,"Pseudomonadota","Alphaproteobacteria","Hyphomicrobiales","Nitrobacteraceae","Bradyrhizobium","Bradyrhizobium sp. Ash2021"
"ASV_3962",FALSE,"Pseudomonadota","Alphaproteobacteria","Hyphomicrobiales","Nitrobacteraceae","Bradyrhizobium","Bradyrhizobium sp. Ash2021"
"ASV_3963",FALSE,"Pseudomonadota","Alphaproteobacteria","Hyphomicrobiales","Nitrobacteraceae","Bradyrhizobium","Bradyrhizobium sp. Ash2021"
"ASV_3964",FALSE,"Pseudomonadota","Alphaproteobacteria","Hyphomicrobiales","Nitrobacteraceae","Bradyrhizobium","Bradyrhizobium sp. Ash2021"
"ASV_3965",FALSE,"Pseudomonadota","Alphaproteobacteria","Hyphomicrobiales","Nitrobacteraceae","Bradyrhizobium","Bradyrhizobium sp. Ash2021"
"ASV_3966",FALSE,"Pseudomonadota","Alphaproteobacteria","Hyphomicrobiales","Nitrobacteraceae","Bradyrhizobium","Bradyrhizobium sp. Ash2021"
"ASV_3967",FALSE,"Pseudomonadota","Alphaproteobacteria","Hyphomicrobiales","Nitrobacteraceae","Bradyrhizobium","Bradyrhizobium sp. Ash2021"
"ASV_3968",FALSE,"Pseudomonadota","Alphaproteobacteria","Hyphomicrobiales","Nitrobacteraceae","Bradyrhizobium","Bradyrhizobium sp. Ash2021"
"ASV_3969",FALSE,"Pseudomonadota","Alphaproteobacteria","Hyphomicrobiales","Nitrobacteraceae","Bradyrhizobium","Bradyrhizobium sp. Ash2021"
"ASV_3970",FALSE,"Pseudomonadota","Alphaproteobacteria","Hyphomicrobiales","Nitrobacteraceae","Bradyrhizobium","Bradyrhizobium sp. Ash2021"
"ASV_3971",FALSE,"Pseudomonadota","Alphaproteobacteria","Hyphomicrobiales","Nitrobacteraceae","Bradyrhizobium","Bradyrhizobium sp. Ash2021"
"ASV_3972",FALSE,"Pseudomonadota","Alphaproteobacteria","Hyphomicrobiales","Nitrobacteraceae","Bradyrhizobium","Bradyrhizobium sp. Ash2021"
"ASV_3973",FALSE,"Pseudomonadota","Alphaproteobacteria","Hyphomicrobiales","Nitrobacteraceae","Bradyrhizobium","Bradyrhizobium sp. Ash2021"
"ASV_3974",FALSE,"Pseudomonadota","Alphaproteobacteria","Hyphomicrobiales","Nitrobacteraceae","Bradyrhizobium","Bradyrhizobium sp. Ash2021"
"ASV_3975",FALSE,"Pseudomonadota","Alphaproteobacteria","Hyphomicrobiales","Nitrobacteraceae","Bradyrhizobium","Bradyrhizobium sp. Ash2021"
"ASV_3976",FALSE,"Pseudomonadota","Alphaproteobacteria","Hyphomicrobiales","Nitrobacteraceae","Bradyrhizobium","Bradyrhizobium sp. Ash2021"
"ASV_3977",FALSE,"Pseudomonadota","Alphaproteobacteria","Hyphomicrobiales","Nitrobacteraceae","Bradyrhizobium","Bradyrhizobium sp. Ash2021"
"ASV_3979",FALSE,"Ascomycota","Sordariomycetes","Hypocreales","Niessliaceae","Niesslia","Niesslia mucida"
"ASV_3980",FALSE,"Arthropoda","Insecta","Lepidoptera","Tineidae","Monopis","Monopis crocicapitella"
"ASV_3981",FALSE,"","","","","",""
"ASV_3984",FALSE,"Bacteroidota","Flavobacteriia","Flavobacteriales","Flavobacteriaceae","Flavobacterium","Flavobacterium sp. MDT1-60"
"ASV_3986",FALSE,"Rotifera","Eurotatoria","Adinetida","Adinetidae","Adineta","Adineta sp. MX.1.2"
"ASV_3987",FALSE,"Ascomycota","Eurotiomycetes","Chaetothyriales","Trichomeriaceae","Arthrocladium","Arthrocladium fulminans"
"ASV_3988",FALSE,"Cnidaria","Hydrozoa","Siphonophorae","Prayidae","Maresearsia","Maresearsia praeclara"
"ASV_3989",FALSE,"Ascomycota","Sordariomycetes","Glomerellales","Plectosphaerellaceae","Verticillium","Verticillium nonalfalfae"
"ASV_3990",FALSE,"Arthropoda","Insecta","Hymenoptera","Braconidae","Meteorus","Meteorus sp. BOLD-2016"
"ASV_3991",FALSE,"Bacteroidota","Flavobacteriia","Flavobacteriales","Flavobacteriaceae","Flavobacterium","Flavobacterium marginilacus"
"ASV_3998",FALSE,"Ascomycota","Dothideomycetes","Pleosporales","Phaeosphaeriaceae","Parastagonospora","Parastagonospora nodorum"
"ASV_3999",FALSE,"Bacteroidota","Flavobacteriia","Flavobacteriales","Flavobacteriaceae","Aequorivita","Aequorivita sp. F7"
"ASV_4002",FALSE,"Arthropoda","Arachnida","Sarcoptiformes","Phenopelopidae","Propelops","Propelops sp. BOLD:ADI4824"
"ASV_4003",FALSE,"Ascomycota","Sordariomycetes","Ophiostomatales","Ophiostomataceae","Sporothrix","Sporothrix sp. FH-2023a"
"ASV_4011",FALSE,"Bacteroidota","Flavobacteriia","Flavobacteriales","Flavobacteriaceae","Flavobacterium","Flavobacterium sp. NG2"
"ASV_4014",FALSE,"Ascomycota","Dothideomycetes","Dothideales","Dothioraceae","Sydowia","Sydowia polyspora"
"ASV_4015",FALSE,"Pseudomonadota","Alphaproteobacteria","Hyphomicrobiales","Nitrobacteraceae","Bradyrhizobium","Bradyrhizobium sp. Ash2021"
"ASV_4016",FALSE,"Pseudomonadota","Alphaproteobacteria","Hyphomicrobiales","Nitrobacteraceae","Bradyrhizobium","Bradyrhizobium sp. Ash2021"
"ASV_4017",FALSE,"Pseudomonadota","Alphaproteobacteria","Hyphomicrobiales","Nitrobacteraceae","Bradyrhizobium","Bradyrhizobium sp. Ash2021"
"ASV_4018",FALSE,"Pseudomonadota","Alphaproteobacteria","Hyphomicrobiales","Nitrobacteraceae","Bradyrhizobium","Bradyrhizobium sp. Ash2021"
"ASV_4019",FALSE,"Pseudomonadota","Alphaproteobacteria","Hyphomicrobiales","Nitrobacteraceae","Bradyrhizobium","Bradyrhizobium sp. Ash2021"
"ASV_4020",FALSE,"Pseudomonadota","Alphaproteobacteria","Hyphomicrobiales","Nitrobacteraceae","Bradyrhizobium","Bradyrhizobium sp. Ash2021"
"ASV_4021",FALSE,"Pseudomonadota","Alphaproteobacteria","Hyphomicrobiales","Nitrobacteraceae","Bradyrhizobium","Bradyrhizobium sp. Ash2021"
"ASV_4022",FALSE,"Pseudomonadota","Alphaproteobacteria","Hyphomicrobiales","Nitrobacteraceae","Bradyrhizobium","Bradyrhizobium sp. Ash2021"
"ASV_4023",FALSE,"Pseudomonadota","Alphaproteobacteria","Hyphomicrobiales","Nitrobacteraceae","Bradyrhizobium","Bradyrhizobium sp. Ash2021"
"ASV_4024",FALSE,"Arthropoda","Arachnida","Sarcoptiformes","Acaridae","Tyrophagus","Tyrophagus curvipenis"
"ASV_4025",FALSE,"Chordata","Aves","Sphenisciformes","Spheniscidae","Eudyptula","Eudyptula minor"
"ASV_4026",FALSE,"Cnidaria","Hydrozoa","Leptothecata","Aglaopheniidae","Aglaophenia","Aglaophenia tubulifera"
"ASV_4027",FALSE,"Ascomycota","Pichiomycetes","Serinales","Debaryomycetaceae","Candida","Candida buenavistaensis"
"ASV_4028",FALSE,"Ascomycota","Sordariomycetes","Hypocreales","Nectriaceae","Fusarium","Fusarium delphinoides"
"ASV_4030",FALSE,"Pseudomonadota","Alphaproteobacteria","Hyphomicrobiales","Nitrobacteraceae","Bradyrhizobium","Bradyrhizobium sp. Ash2021"
"ASV_4031",FALSE,"Pseudomonadota","Alphaproteobacteria","Hyphomicrobiales","Nitrobacteraceae","Bradyrhizobium","Bradyrhizobium sp. Ash2021"
"ASV_4032",FALSE,"Pseudomonadota","Alphaproteobacteria","Hyphomicrobiales","Nitrobacteraceae","Bradyrhizobium","Bradyrhizobium sp. Ash2021"
"ASV_4033",FALSE,"Pseudomonadota","Alphaproteobacteria","Hyphomicrobiales","Nitrobacteraceae","Bradyrhizobium","Bradyrhizobium sp. Ash2021"
"ASV_4034",FALSE,"Chordata","Aves","Sphenisciformes","Spheniscidae","Eudyptula","Eudyptula minor"
"ASV_4035",FALSE,"Chordata","Aves","Sphenisciformes","Spheniscidae","Eudyptula","Eudyptula minor"
"ASV_4036",FALSE,"Arthropoda","Collembola","Entomobryomorpha","Isotomidae","Parisotoma","Parisotoma aff. notabilis L1"
"ASV_4037",FALSE,"Chordata","Aves","Sphenisciformes","Spheniscidae","Eudyptula","Eudyptula minor"
"ASV_4038",FALSE,"Chordata","Aves","Sphenisciformes","Spheniscidae","Eudyptula","Eudyptula minor"
"ASV_4039",FALSE,"Chordata","Aves","Sphenisciformes","Spheniscidae","Eudyptula","Eudyptula minor"
"ASV_4040",FALSE,"Chordata","Aves","Sphenisciformes","Spheniscidae","Eudyptula","Eudyptula minor"
"ASV_4041",FALSE,"","Dinophyceae","Gymnodiniales","Kareniaceae","Karlodinium","Karlodinium veneficum"
"ASV_4042",FALSE,"Ascomycota","Sordariomycetes","Hypocreales","Niessliaceae","Niesslia","Niesslia mucida"
"ASV_4044",FALSE,"Basidiomycota","Agaricomycetes","Agaricales","Psathyrellaceae","Coprinellus","Coprinellus micaceus"
"ASV_4045",FALSE,"Ascomycota","Sordariomycetes","Microascales","Microascaceae","Scopulariopsis","Scopulariopsis brevicaulis"
"ASV_4046",FALSE,"Apicomplexa","Conoidasida","Eucoccidiorida","Eimeriidae","Eimeria","Eimeria sp."
"ASV_4047",FALSE,"Mucoromycota","Mucoromycetes","Mucorales","Mucoraceae","Mucor","Mucor lusitanicus"
"ASV_4048",FALSE,"Chordata","Aves","Sphenisciformes","Spheniscidae","Eudyptula","Eudyptula minor"
"ASV_4050",FALSE,"Cnidaria","Hydrozoa","Anthoathecata","Pennariidae","Pennaria","Pennaria disticha"
"ASV_4052",FALSE,"Streptophyta","Magnoliopsida","Rosales","Cannabaceae","Humulus","Humulus lupulus"
"ASV_4053",FALSE,"","","","","",""
"ASV_4054",FALSE,"Ascomycota","Sordariomycetes","Amphisphaeriales","Apiosporaceae","Apiospora","Apiospora arundinis"
"ASV_4055",FALSE,"Arthropoda","Insecta","Coleoptera","Scarabaeidae","Mimeoma","Mimeoma maculata"
"ASV_4057",FALSE,"Discosea","Flabellinia","","Vannellidae","Vannella","Vannella sp."
"ASV_4059",FALSE,"Ascomycota","Leotiomycetes","","","Leohumicola","Leohumicola minima"
"ASV_4060",FALSE,"","","Malawimonadida","Malawimonadidae","Gefionella","Gefionella okellyi"
"ASV_4061",FALSE,"Bacteroidota","Chitinophagia","Chitinophagales","Chitinophagaceae","Sediminibacterium","Sediminibacterium sp. TEGAF015"
"ASV_4062",FALSE,"Discosea","Flabellinia","Dactylopodida","Paramoebidae","Cunea","Cunea russae"
"ASV_4066",FALSE,"Ascomycota","Dothideomycetes","","","","Dothideomycetes sp. NU30"
"ASV_4067",FALSE,"Bacteroidota","Flavobacteriia","Flavobacteriales","Flavobacteriaceae","Flagellimonas","Flagellimonas sp."
"ASV_4068",FALSE,"Bacteroidota","Flavobacteriia","Flavobacteriales","Flavobacteriaceae","Flavobacterium","Flavobacterium flavipigmentatum"
"ASV_4071",FALSE,"Ascomycota","Leotiomycetes","Thelebolales","Thelebolaceae","Pseudogymnoascus","Pseudogymnoascus destructans"
"ASV_4072",FALSE,"Ascomycota","Sordariomycetes","Ophiostomatales","Ophiostomataceae","Sporothrix","Sporothrix brasiliensis"
"ASV_4073",FALSE,"Pseudomonadota","Alphaproteobacteria","Hyphomicrobiales","Nitrobacteraceae","Bradyrhizobium","Bradyrhizobium sp. Ash2021"
"ASV_4076",FALSE,"Ascomycota","Sordariomycetes","Hypocreales","Bionectriaceae","Gliomastix","Gliomastix murorum"
"ASV_4079",FALSE,"Oomycota","","Lagenidiales","Lagenidiaceae","Lagenidium","Lagenidium sp. PWL-2010f"
"ASV_4080",FALSE,"Ascomycota","Sordariomycetes","Hypocreales","Nectriaceae","Neonectria","Neonectria ditissima"
"ASV_4081",FALSE,"Basidiomycota","Microbotryomycetes","Sporidiobolales","Sporidiobolaceae","Rhodotorula","Rhodotorula mucilaginosa"
"ASV_4082",FALSE,"Bacteroidota","Flavobacteriia","Flavobacteriales","Flavobacteriaceae","Flavobacterium","Flavobacterium flavipigmentatum"
"ASV_4083",FALSE,"Pseudomonadota","Alphaproteobacteria","Hyphomicrobiales","Nitrobacteraceae","Bradyrhizobium","Bradyrhizobium sp. Ash2021"
"ASV_4084",FALSE,"Pseudomonadota","Alphaproteobacteria","Hyphomicrobiales","Nitrobacteraceae","Bradyrhizobium","Bradyrhizobium sp. Ash2021"
"ASV_4085",FALSE,"Pseudomonadota","Alphaproteobacteria","Hyphomicrobiales","Nitrobacteraceae","Bradyrhizobium","Bradyrhizobium sp. Ash2021"
"ASV_4086",FALSE,"Pseudomonadota","Alphaproteobacteria","Hyphomicrobiales","Nitrobacteraceae","Bradyrhizobium","Bradyrhizobium sp. Ash2021"
"ASV_4087",FALSE,"Pseudomonadota","Alphaproteobacteria","Hyphomicrobiales","Nitrobacteraceae","Bradyrhizobium","Bradyrhizobium sp. Ash2021"
"ASV_4088",FALSE,"Pseudomonadota","Alphaproteobacteria","Hyphomicrobiales","Nitrobacteraceae","Bradyrhizobium","Bradyrhizobium sp. Ash2021"
"ASV_4089",FALSE,"Pseudomonadota","Alphaproteobacteria","Hyphomicrobiales","Nitrobacteraceae","Bradyrhizobium","Bradyrhizobium sp. Ash2021"
"ASV_4090",FALSE,"Pseudomonadota","Alphaproteobacteria","Hyphomicrobiales","Nitrobacteraceae","Bradyrhizobium","Bradyrhizobium sp. Ash2021"
"ASV_4091",FALSE,"Pseudomonadota","Alphaproteobacteria","Hyphomicrobiales","Nitrobacteraceae","Bradyrhizobium","Bradyrhizobium sp. Ash2021"
"ASV_4092",FALSE,"Pseudomonadota","Alphaproteobacteria","Hyphomicrobiales","Nitrobacteraceae","Bradyrhizobium","Bradyrhizobium sp. Ash2021"
"ASV_4093",FALSE,"Pseudomonadota","Alphaproteobacteria","Hyphomicrobiales","Nitrobacteraceae","Bradyrhizobium","Bradyrhizobium sp. Ash2021"
"ASV_4094",FALSE,"Pseudomonadota","Alphaproteobacteria","Hyphomicrobiales","Nitrobacteraceae","Bradyrhizobium","Bradyrhizobium sp. Ash2021"
"ASV_4095",FALSE,"Pseudomonadota","Alphaproteobacteria","Hyphomicrobiales","Nitrobacteraceae","Bradyrhizobium","Bradyrhizobium sp. Ash2021"
"ASV_4096",FALSE,"Pseudomonadota","Alphaproteobacteria","Hyphomicrobiales","Nitrobacteraceae","Bradyrhizobium","Bradyrhizobium sp. Ash2021"
"ASV_4097",FALSE,"Pseudomonadota","Alphaproteobacteria","Hyphomicrobiales","Nitrobacteraceae","Bradyrhizobium","Bradyrhizobium sp. Ash2021"
"ASV_4098",FALSE,"Pseudomonadota","Alphaproteobacteria","Hyphomicrobiales","Nitrobacteraceae","Bradyrhizobium","Bradyrhizobium sp. Ash2021"
"ASV_4099",FALSE,"Pseudomonadota","Alphaproteobacteria","Hyphomicrobiales","Nitrobacteraceae","Bradyrhizobium","Bradyrhizobium sp. Ash2021"
"ASV_4100",FALSE,"Pseudomonadota","Alphaproteobacteria","Hyphomicrobiales","Nitrobacteraceae","Bradyrhizobium","Bradyrhizobium sp. Ash2021"
"ASV_4101",FALSE,"Pseudomonadota","Alphaproteobacteria","Hyphomicrobiales","Nitrobacteraceae","Bradyrhizobium","Bradyrhizobium sp. Ash2021"
"ASV_4102",FALSE,"Pseudomonadota","Alphaproteobacteria","Hyphomicrobiales","Nitrobacteraceae","Bradyrhizobium","Bradyrhizobium sp. Ash2021"
"ASV_4103",FALSE,"Pseudomonadota","Alphaproteobacteria","Hyphomicrobiales","Nitrobacteraceae","Bradyrhizobium","Bradyrhizobium sp. Ash2021"
"ASV_4104",FALSE,"Pseudomonadota","Alphaproteobacteria","Hyphomicrobiales","Nitrobacteraceae","Bradyrhizobium","Bradyrhizobium sp. Ash2021"
"ASV_4105",FALSE,"Pseudomonadota","Alphaproteobacteria","Hyphomicrobiales","Nitrobacteraceae","Bradyrhizobium","Bradyrhizobium sp. Ash2021"
"ASV_4106",FALSE,"Pseudomonadota","Alphaproteobacteria","Hyphomicrobiales","Nitrobacteraceae","Bradyrhizobium","Bradyrhizobium sp. Ash2021"
"ASV_4107",FALSE,"Pseudomonadota","Alphaproteobacteria","Hyphomicrobiales","Nitrobacteraceae","Bradyrhizobium","Bradyrhizobium sp. Ash2021"
"ASV_4108",FALSE,"Pseudomonadota","Alphaproteobacteria","Hyphomicrobiales","Nitrobacteraceae","Bradyrhizobium","Bradyrhizobium sp. Ash2021"
"ASV_4109",FALSE,"Pseudomonadota","Alphaproteobacteria","Hyphomicrobiales","Nitrobacteraceae","Bradyrhizobium","Bradyrhizobium sp. Ash2021"
"ASV_4110",FALSE,"Pseudomonadota","Alphaproteobacteria","Hyphomicrobiales","Nitrobacteraceae","Bradyrhizobium","Bradyrhizobium sp. Ash2021"
"ASV_4111",FALSE,"Pseudomonadota","Alphaproteobacteria","Hyphomicrobiales","Nitrobacteraceae","Bradyrhizobium","Bradyrhizobium sp. Ash2021"
"ASV_4112",FALSE,"Pseudomonadota","Alphaproteobacteria","Hyphomicrobiales","Nitrobacteraceae","Bradyrhizobium","Bradyrhizobium sp. Ash2021"
"ASV_4113",FALSE,"Pseudomonadota","Alphaproteobacteria","Hyphomicrobiales","Nitrobacteraceae","Bradyrhizobium","Bradyrhizobium sp. Ash2021"
"ASV_4114",FALSE,"Pseudomonadota","Alphaproteobacteria","Hyphomicrobiales","Nitrobacteraceae","Bradyrhizobium","Bradyrhizobium sp. Ash2021"
"ASV_4115",FALSE,"Pseudomonadota","Alphaproteobacteria","Hyphomicrobiales","Nitrobacteraceae","Bradyrhizobium","Bradyrhizobium sp. Ash2021"
"ASV_4116",FALSE,"Pseudomonadota","Alphaproteobacteria","Hyphomicrobiales","Nitrobacteraceae","Bradyrhizobium","Bradyrhizobium sp. Ash2021"
"ASV_4117",FALSE,"Pseudomonadota","Alphaproteobacteria","Hyphomicrobiales","Nitrobacteraceae","Bradyrhizobium","Bradyrhizobium sp. Ash2021"
"ASV_4118",FALSE,"Pseudomonadota","Alphaproteobacteria","Hyphomicrobiales","Nitrobacteraceae","Bradyrhizobium","Bradyrhizobium sp. Ash2021"
"ASV_4119",FALSE,"Pseudomonadota","Alphaproteobacteria","Hyphomicrobiales","Nitrobacteraceae","Bradyrhizobium","Bradyrhizobium sp. Ash2021"
"ASV_4120",FALSE,"Pseudomonadota","Alphaproteobacteria","Hyphomicrobiales","Nitrobacteraceae","Bradyrhizobium","Bradyrhizobium sp. Ash2021"
"ASV_4121",FALSE,"Pseudomonadota","Alphaproteobacteria","Hyphomicrobiales","Nitrobacteraceae","Bradyrhizobium","Bradyrhizobium sp. Ash2021"
"ASV_4122",FALSE,"Pseudomonadota","Alphaproteobacteria","Hyphomicrobiales","Nitrobacteraceae","Bradyrhizobium","Bradyrhizobium sp. Ash2021"
"ASV_4123",FALSE,"Pseudomonadota","Alphaproteobacteria","Hyphomicrobiales","Nitrobacteraceae","Bradyrhizobium","Bradyrhizobium sp. Ash2021"
"ASV_4124",FALSE,"Pseudomonadota","Alphaproteobacteria","Hyphomicrobiales","Nitrobacteraceae","Bradyrhizobium","Bradyrhizobium sp. Ash2021"
"ASV_4125",FALSE,"Pseudomonadota","Alphaproteobacteria","Hyphomicrobiales","Nitrobacteraceae","Bradyrhizobium","Bradyrhizobium sp. Ash2021"
"ASV_4128",FALSE,"Bacteroidota","Flavobacteriia","Flavobacteriales","Flavobacteriaceae","Flavobacterium","Flavobacterium anhuiense"
"ASV_4132",FALSE,"","","","","",""
"ASV_4134",FALSE,"Ascomycota","Leotiomycetes","","","Leohumicola","Leohumicola incrustata"
"ASV_4135",FALSE,"Discosea","","Himatismenida","Cochliopodiidae","Cochliopodium","Cochliopodium jaguari"
"ASV_4138",FALSE,"Ascomycota","Dothideomycetes","Mycosphaerellales","Mycosphaerellaceae","Cercospora","Cercospora sojina"
"ASV_4139",FALSE,"Basidiomycota","Microbotryomycetes","Sporidiobolales","Sporidiobolaceae","Rhodotorula","Rhodotorula mucilaginosa"
"ASV_4142",FALSE,"Arthropoda","Insecta","Diptera","","","Diptera sp."
"ASV_4145",FALSE,"Bacteroidota","Flavobacteriia","Flavobacteriales","Flavobacteriaceae","Flavobacterium","Flavobacterium marginilacus"
"ASV_4146",FALSE,"Cnidaria","Hydrozoa","Anthoathecata","Corynidae","","Corynidae sp. BCnid2010-002"
"ASV_4148",FALSE,"","","","","",""
"ASV_4150",FALSE,"Tubulinea","Elardia","Arcellinida","Netzeliidae","Netzelia","Netzelia oviformis"
"ASV_4152",FALSE,"Bacteroidota","Flavobacteriia","Flavobacteriales","Flavobacteriaceae","Maribacter","Maribacter sp. R86514"
"ASV_4155",FALSE,"Bacteroidota","Flavobacteriia","Flavobacteriales","Flavobacteriaceae","Aequorivita","Aequorivita sp. F7"
"ASV_4158",FALSE,"Ascomycota","Lecanoromycetes","Lecanorales","Cladoniaceae","Cladonia","Cladonia squamosa"
"ASV_4161",FALSE,"Mollusca","Gastropoda","Nudibranchia","Trinchesiidae","Trinchesia","Trinchesia ornata"
"ASV_4163",FALSE,"Bacteroidota","Cytophagia","Cytophagales","Cyclobacteriaceae","Algoriphagus","Algoriphagus sp. Y33"
"ASV_4167",FALSE,"Ascomycota","Leotiomycetes","Helotiales","Mollisiaceae","Phialocephala","Phialocephala europaea"
"ASV_4168",FALSE,"Chordata","Aves","Sphenisciformes","Spheniscidae","Pygoscelis","Pygoscelis adeliae"
"ASV_4172",FALSE,"Ascomycota","Dothideomycetes","Mycosphaerellales","Teratosphaeriaceae","Acrodontium","Acrodontium crateriforme"
"ASV_4173",FALSE,"Basidiomycota","Agaricomycetes","Polyporales","Polyporaceae","Porogramme","Porogramme epimiltina"
"ASV_4175",FALSE,"Pseudomonadota","Alphaproteobacteria","Rhodobacterales","Roseobacteraceae","Palleronia","Palleronia sp. THAF1"
"ASV_4176",FALSE,"Ascomycota","Eurotiomycetes","Chaetothyriales","Trichomeriaceae","Arthrocladium","Arthrocladium fulminans"
"ASV_4177",FALSE,"Pseudomonadota","Alphaproteobacteria","Hyphomicrobiales","Nitrobacteraceae","Bradyrhizobium","Bradyrhizobium sp. Ash2021"
"ASV_4178",FALSE,"Pseudomonadota","Alphaproteobacteria","Hyphomicrobiales","Nitrobacteraceae","Bradyrhizobium","Bradyrhizobium sp. Ash2021"
"ASV_4179",FALSE,"Pseudomonadota","Alphaproteobacteria","Hyphomicrobiales","Nitrobacteraceae","Bradyrhizobium","Bradyrhizobium sp. Ash2021"
"ASV_4180",FALSE,"Pseudomonadota","Alphaproteobacteria","Hyphomicrobiales","Nitrobacteraceae","Bradyrhizobium","Bradyrhizobium sp. Ash2021"
"ASV_4183",FALSE,"Arthropoda","Insecta","Diptera","Chironomidae","Diamesa","Diamesa bertrami"
"ASV_4184",FALSE,"Ascomycota","Pichiomycetes","Serinales","Debaryomycetaceae","Debaryomyces","Debaryomyces hansenii"
"ASV_4187",FALSE,"Chordata","Aves","Sphenisciformes","Spheniscidae","Eudyptula","Eudyptula minor"
"ASV_4188",FALSE,"Chordata","Aves","Sphenisciformes","Spheniscidae","Eudyptula","Eudyptula minor"
"ASV_4189",FALSE,"Arthropoda","Arachnida","Araneae","Salticidae","Telamonia","Telamonia festiva"
"ASV_4190",FALSE,"Chordata","Aves","Sphenisciformes","Spheniscidae","Eudyptula","Eudyptula minor"
"ASV_4191",FALSE,"Chordata","Aves","Sphenisciformes","Spheniscidae","Eudyptula","Eudyptula minor"
"ASV_4192",FALSE,"Arthropoda","Arachnida","Sarcoptiformes","Analgidae","Analges","Analges aff. passerinus B MD-2020"
"ASV_4193",FALSE,"Chordata","Aves","Sphenisciformes","Spheniscidae","Eudyptula","Eudyptula minor"
"ASV_4194",FALSE,"Arthropoda","Arachnida","","","","Arachnida sp. BOLD:ACI5923"
"ASV_4195",FALSE,"Chordata","Aves","Sphenisciformes","Spheniscidae","Eudyptula","Eudyptula minor"
"ASV_4196",FALSE,"Chordata","Aves","Sphenisciformes","Spheniscidae","Eudyptula","Eudyptula minor"
"ASV_4197",FALSE,"Chlorophyta","Trebouxiophyceae","Watanabeales","","Chloroidium","Chloroidium sp. UTEX 3077"
"ASV_4198",FALSE,"Arthropoda","Insecta","Diptera","Sciaridae","Claustropyga","Claustropyga acanthostyla"
"ASV_4199",FALSE,"Chordata","Aves","Sphenisciformes","Spheniscidae","Eudyptula","Eudyptula minor"
"ASV_4201",FALSE,"Ascomycota","Sordariomycetes","Hypocreales","Clavicipitaceae","Metarhizium","Metarhizium robertsii"
"ASV_4202",FALSE,"Apicomplexa","Conoidasida","Eucoccidiorida","Eimeriidae","Eimeria","Eimeria sp."
"ASV_4208",FALSE,"","","","","",""
"ASV_4213",FALSE,"Basidiomycota","Agaricomycetes","Polyporales","Polyporaceae","Dichomitus","Dichomitus squalens"
"ASV_4215",FALSE,"Ascomycota","Dothideomycetes","Dothideales","Dothioraceae","Sydowia","Sydowia polyspora"
"ASV_4216",FALSE,"Discosea","","Longamoebia","Acanthamoebidae","Acanthamoeba","Acanthamoeba astronyxis"
"ASV_4217",FALSE,"Ascomycota","Eurotiomycetes","Eurotiales","Trichocomaceae","Talaromyces","Talaromyces funiculosus"
"ASV_4222",FALSE,"Bacteroidota","Flavobacteriia","Flavobacteriales","Flavobacteriaceae","Aequorivita","Aequorivita ciconiae"
"ASV_4224",FALSE,"Chordata","Mammalia","Primates","Hominidae","Homo","Homo sapiens"
"ASV_4225",FALSE,"Ascomycota","Leotiomycetes","Leotiales","Leotiaceae","Leotia","Leotia lubrica"
"ASV_4226",FALSE,"Pseudomonadota","Alphaproteobacteria","Hyphomicrobiales","Nitrobacteraceae","Bradyrhizobium","Bradyrhizobium sp. Ash2021"
"ASV_4228",FALSE,"Pseudomonadota","Alphaproteobacteria","Hyphomicrobiales","Nitrobacteraceae","Bradyrhizobium","Bradyrhizobium sp. Ash2021"
"ASV_4230",FALSE,"Discosea","Flabellinia","","Vannellidae","Vannella","Vannella sp."
"ASV_4231",FALSE,"Chordata","Aves","Sphenisciformes","Spheniscidae","Eudyptula","Eudyptula minor"
"ASV_4234",FALSE,"Bacteroidota","Flavobacteriia","Flavobacteriales","Flavobacteriaceae","Formosa","Formosa sp. 4Alg 33"
"ASV_4236",FALSE,"Arthropoda","Arachnida","Trombidiformes","","","Trombidiformes sp. BOLD:AAH0995"
"ASV_4237",FALSE,"Bacteroidota","Flavobacteriia","Flavobacteriales","Flavobacteriaceae","","Flavobacteriaceae bacterium Uisw"
"ASV_4239",FALSE,"Ascomycota","Sordariomycetes","Hypocreales","Nectriaceae","Thelonectria","Thelonectria veuillotiana"
"ASV_4241",FALSE,"Ascomycota","Dothideomycetes","Pleosporales","Pleosporaceae","Edenia","Edenia gomezpompae"
"ASV_4242",FALSE,"Basidiomycota","Malasseziomycetes","Malasseziales","Malasseziaceae","Malassezia","Malassezia arunalokei"
"ASV_4243",FALSE,"Pseudomonadota","Alphaproteobacteria","Hyphomicrobiales","Nitrobacteraceae","Bradyrhizobium","Bradyrhizobium sp. Ash2021"
"ASV_4244",FALSE,"Pseudomonadota","Alphaproteobacteria","Hyphomicrobiales","Nitrobacteraceae","Bradyrhizobium","Bradyrhizobium sp. Ash2021"
"ASV_4245",FALSE,"Pseudomonadota","Alphaproteobacteria","Hyphomicrobiales","Nitrobacteraceae","Bradyrhizobium","Bradyrhizobium sp. Ash2021"
"ASV_4246",FALSE,"Pseudomonadota","Alphaproteobacteria","Hyphomicrobiales","Nitrobacteraceae","Bradyrhizobium","Bradyrhizobium sp. Ash2021"
"ASV_4247",FALSE,"Pseudomonadota","Alphaproteobacteria","Hyphomicrobiales","Nitrobacteraceae","Bradyrhizobium","Bradyrhizobium sp. Ash2021"
"ASV_4248",FALSE,"Pseudomonadota","Alphaproteobacteria","Hyphomicrobiales","Nitrobacteraceae","Bradyrhizobium","Bradyrhizobium sp. Ash2021"
"ASV_4249",FALSE,"Pseudomonadota","Alphaproteobacteria","Hyphomicrobiales","Nitrobacteraceae","Bradyrhizobium","Bradyrhizobium sp. Ash2021"
"ASV_4250",FALSE,"Pseudomonadota","Alphaproteobacteria","Hyphomicrobiales","Nitrobacteraceae","Bradyrhizobium","Bradyrhizobium sp. Ash2021"
"ASV_4251",FALSE,"Pseudomonadota","Alphaproteobacteria","Hyphomicrobiales","Nitrobacteraceae","Bradyrhizobium","Bradyrhizobium sp. Ash2021"
"ASV_4252",FALSE,"Pseudomonadota","Alphaproteobacteria","Hyphomicrobiales","Nitrobacteraceae","Bradyrhizobium","Bradyrhizobium sp. Ash2021"
"ASV_4253",FALSE,"Pseudomonadota","Alphaproteobacteria","Hyphomicrobiales","Nitrobacteraceae","Bradyrhizobium","Bradyrhizobium sp. Ash2021"
"ASV_4254",FALSE,"Pseudomonadota","Alphaproteobacteria","Hyphomicrobiales","Nitrobacteraceae","Bradyrhizobium","Bradyrhizobium sp. Ash2021"
"ASV_4255",FALSE,"Pseudomonadota","Alphaproteobacteria","Hyphomicrobiales","Nitrobacteraceae","Bradyrhizobium","Bradyrhizobium sp. Ash2021"
"ASV_4256",FALSE,"Pseudomonadota","Alphaproteobacteria","Hyphomicrobiales","Nitrobacteraceae","Bradyrhizobium","Bradyrhizobium sp. Ash2021"
"ASV_4257",FALSE,"Pseudomonadota","Alphaproteobacteria","Hyphomicrobiales","Nitrobacteraceae","Bradyrhizobium","Bradyrhizobium sp. Ash2021"
"ASV_4258",FALSE,"Pseudomonadota","Alphaproteobacteria","Hyphomicrobiales","Nitrobacteraceae","Bradyrhizobium","Bradyrhizobium sp. Ash2021"
"ASV_4259",FALSE,"Pseudomonadota","Alphaproteobacteria","Hyphomicrobiales","Nitrobacteraceae","Bradyrhizobium","Bradyrhizobium sp. Ash2021"
"ASV_4260",FALSE,"Pseudomonadota","Alphaproteobacteria","Hyphomicrobiales","Nitrobacteraceae","Bradyrhizobium","Bradyrhizobium sp. Ash2021"
"ASV_4261",FALSE,"Pseudomonadota","Alphaproteobacteria","Hyphomicrobiales","Nitrobacteraceae","Bradyrhizobium","Bradyrhizobium sp. Ash2021"
"ASV_4262",FALSE,"Pseudomonadota","Alphaproteobacteria","Hyphomicrobiales","Nitrobacteraceae","Bradyrhizobium","Bradyrhizobium sp. Ash2021"
"ASV_4263",FALSE,"Pseudomonadota","Alphaproteobacteria","Hyphomicrobiales","Nitrobacteraceae","Bradyrhizobium","Bradyrhizobium sp. Ash2021"
"ASV_4264",FALSE,"Pseudomonadota","Alphaproteobacteria","Hyphomicrobiales","Nitrobacteraceae","Bradyrhizobium","Bradyrhizobium sp. Ash2021"
"ASV_4265",FALSE,"Pseudomonadota","Alphaproteobacteria","Hyphomicrobiales","Nitrobacteraceae","Bradyrhizobium","Bradyrhizobium sp. Ash2021"
"ASV_4266",FALSE,"Pseudomonadota","Alphaproteobacteria","Hyphomicrobiales","Nitrobacteraceae","Bradyrhizobium","Bradyrhizobium sp. Ash2021"
"ASV_4267",FALSE,"Pseudomonadota","Alphaproteobacteria","Hyphomicrobiales","Nitrobacteraceae","Bradyrhizobium","Bradyrhizobium sp. Ash2021"
"ASV_4268",FALSE,"Pseudomonadota","Alphaproteobacteria","Hyphomicrobiales","Nitrobacteraceae","Bradyrhizobium","Bradyrhizobium sp. Ash2021"
"ASV_4269",FALSE,"Pseudomonadota","Alphaproteobacteria","Hyphomicrobiales","Nitrobacteraceae","Bradyrhizobium","Bradyrhizobium sp. Ash2021"
"ASV_4270",FALSE,"Pseudomonadota","Alphaproteobacteria","Hyphomicrobiales","Nitrobacteraceae","Bradyrhizobium","Bradyrhizobium sp. Ash2021"
"ASV_4271",FALSE,"Pseudomonadota","Alphaproteobacteria","Hyphomicrobiales","Nitrobacteraceae","Bradyrhizobium","Bradyrhizobium sp. Ash2021"
"ASV_4272",FALSE,"Pseudomonadota","Alphaproteobacteria","Hyphomicrobiales","Nitrobacteraceae","Bradyrhizobium","Bradyrhizobium sp. Ash2021"
"ASV_4273",FALSE,"Pseudomonadota","Alphaproteobacteria","Hyphomicrobiales","Nitrobacteraceae","Bradyrhizobium","Bradyrhizobium sp. Ash2021"
"ASV_4274",FALSE,"Pseudomonadota","Alphaproteobacteria","Hyphomicrobiales","Nitrobacteraceae","Bradyrhizobium","Bradyrhizobium sp. Ash2021"
"ASV_4275",FALSE,"Pseudomonadota","Alphaproteobacteria","Hyphomicrobiales","Nitrobacteraceae","Bradyrhizobium","Bradyrhizobium sp. Ash2021"
"ASV_4276",FALSE,"Pseudomonadota","Alphaproteobacteria","Hyphomicrobiales","Nitrobacteraceae","Bradyrhizobium","Bradyrhizobium sp. Ash2021"
"ASV_4277",FALSE,"Pseudomonadota","Alphaproteobacteria","Hyphomicrobiales","Nitrobacteraceae","Bradyrhizobium","Bradyrhizobium sp. Ash2021"
"ASV_4278",FALSE,"Pseudomonadota","Alphaproteobacteria","Hyphomicrobiales","Nitrobacteraceae","Bradyrhizobium","Bradyrhizobium sp. Ash2021"
"ASV_4279",FALSE,"Pseudomonadota","Alphaproteobacteria","Hyphomicrobiales","Nitrobacteraceae","Bradyrhizobium","Bradyrhizobium sp. Ash2021"
"ASV_4280",FALSE,"Pseudomonadota","Alphaproteobacteria","Hyphomicrobiales","Nitrobacteraceae","Bradyrhizobium","Bradyrhizobium sp. Ash2021"
"ASV_4281",FALSE,"Pseudomonadota","Alphaproteobacteria","Hyphomicrobiales","Nitrobacteraceae","Bradyrhizobium","Bradyrhizobium sp. Ash2021"
"ASV_4282",FALSE,"Pseudomonadota","Alphaproteobacteria","Hyphomicrobiales","Nitrobacteraceae","Bradyrhizobium","Bradyrhizobium sp. Ash2021"
"ASV_4283",FALSE,"Pseudomonadota","Alphaproteobacteria","Hyphomicrobiales","Nitrobacteraceae","Bradyrhizobium","Bradyrhizobium sp. Ash2021"
"ASV_4284",FALSE,"Pseudomonadota","Alphaproteobacteria","Hyphomicrobiales","Nitrobacteraceae","Bradyrhizobium","Bradyrhizobium sp. Ash2021"
"ASV_4285",FALSE,"Pseudomonadota","Alphaproteobacteria","Hyphomicrobiales","Nitrobacteraceae","Bradyrhizobium","Bradyrhizobium sp. Ash2021"
"ASV_4286",FALSE,"Pseudomonadota","Alphaproteobacteria","Hyphomicrobiales","Nitrobacteraceae","Bradyrhizobium","Bradyrhizobium sp. Ash2021"
"ASV_4287",FALSE,"Pseudomonadota","Alphaproteobacteria","Hyphomicrobiales","Nitrobacteraceae","Bradyrhizobium","Bradyrhizobium sp. Ash2021"
"ASV_4288",FALSE,"Pseudomonadota","Alphaproteobacteria","Hyphomicrobiales","Nitrobacteraceae","Bradyrhizobium","Bradyrhizobium sp. Ash2021"
"ASV_4289",FALSE,"Pseudomonadota","Alphaproteobacteria","Hyphomicrobiales","Nitrobacteraceae","Bradyrhizobium","Bradyrhizobium sp. Ash2021"
"ASV_4290",FALSE,"Pseudomonadota","Alphaproteobacteria","Hyphomicrobiales","Nitrobacteraceae","Bradyrhizobium","Bradyrhizobium sp. Ash2021"
"ASV_4291",FALSE,"Pseudomonadota","Alphaproteobacteria","Hyphomicrobiales","Nitrobacteraceae","Bradyrhizobium","Bradyrhizobium sp. Ash2021"
"ASV_4292",FALSE,"Pseudomonadota","Alphaproteobacteria","Hyphomicrobiales","Nitrobacteraceae","Bradyrhizobium","Bradyrhizobium sp. Ash2021"
"ASV_4294",FALSE,"Bacteroidota","Flavobacteriia","Flavobacteriales","Flavobacteriaceae","Flavobacterium","Flavobacterium sp. Sr18"
"ASV_4295",FALSE,"Basidiomycota","Agaricomycetes","Agaricales","Hydnangiaceae","Laccaria","Laccaria bicolor"
"ASV_4297",FALSE,"Mollusca","Bivalvia","","Laternulidae","Laternula","cf. Laternula sp. DH-2009"
"ASV_4298",FALSE,"Bacteroidota","Sphingobacteriia","Sphingobacteriales","Sphingobacteriaceae","Pedobacter","Pedobacter sp."
"ASV_4299",FALSE,"Bacteroidota","Flavobacteriia","Flavobacteriales","Flavobacteriaceae","Flavobacterium","Flavobacterium sp. CLA17"
"ASV_4300",FALSE,"Ascomycota","Dothideomycetes","Dothideales","Dothioraceae","Sydowia","Sydowia polyspora"
"ASV_4301",FALSE,"","","","","","invertebrate environmental sample"
"ASV_4302",FALSE,"Bacteroidota","Flavobacteriia","Flavobacteriales","Flavobacteriaceae","Flavobacterium","Flavobacterium sp. N503310"
"ASV_4303",FALSE,"Rhodophyta","Florideophyceae","Ceramiales","Rhodomelaceae","Herposiphonia","Herposiphonia tenella"
"ASV_4304",FALSE,"Ascomycota","Sordariomycetes","Glomerellales","Plectosphaerellaceae","Verticillium","Verticillium nonalfalfae"
"ASV_4305",FALSE,"Nematoda","Chromadorea","Rhabditida","Aphelenchoididae","Bursaphelenchus","Bursaphelenchus cocophilus"
"ASV_4306",FALSE,"Ascomycota","Sordariomycetes","Hypocreales","Hypocreaceae","Cladobotryum","Cladobotryum mycophilum"
"ASV_4309",FALSE,"Bacteroidota","Flavobacteriia","Flavobacteriales","Flavobacteriaceae","Polaribacter","Polaribacter sp. L3A8"
"ASV_4310",FALSE,"Ascomycota","Sordariomycetes","Hypocreales","Cordycipitaceae","Cordyceps","Cordyceps blackwelliae"
"ASV_4311",FALSE,"Bacteroidota","Sphingobacteriia","Sphingobacteriales","Sphingobacteriaceae","Pedobacter","Pedobacter sp."
"ASV_4312",FALSE,"Basidiomycota","Agaricomycetes","Hymenochaetales","Hymenochaetaceae","Fuscoporia","Fuscoporia viticola"
"ASV_4313",FALSE,"Ascomycota","Sordariomycetes","Hypocreales","Bionectriaceae","Emericellopsis","Emericellopsis sp. 1a5"
"ASV_4314",FALSE,"Basidiomycota","Agaricomycetes","Agaricales","Psathyrellaceae","Coprinellus","Coprinellus micaceus"
"ASV_4317",FALSE,"Ascomycota","Eurotiomycetes","Chaetothyriales","Trichomeriaceae","Arthrocladium","Arthrocladium fulminans"
"ASV_4318",FALSE,"Bacteroidota","Sphingobacteriia","Sphingobacteriales","Sphingobacteriaceae","Sphingobacterium","Sphingobacterium sp. ML3W"
"ASV_4319",FALSE,"Arthropoda","Insecta","Coleoptera","Scarabaeidae","Mimeoma","Mimeoma maculata"
"ASV_4322",FALSE,"Bacteroidota","Flavobacteriia","Flavobacteriales","Flavobacteriaceae","Mangrovimonas","Mangrovimonas cancribranchiae"
"ASV_4323",FALSE,"Bacteroidota","Flavobacteriia","Flavobacteriales","Flavobacteriaceae","Flavobacterium","Flavobacterium sp. N2469"
"ASV_4325",FALSE,"Bacteroidota","Sphingobacteriia","Sphingobacteriales","Sphingobacteriaceae","Pedobacter","Pedobacter lusitanus"
"ASV_4327",FALSE,"Mollusca","Gastropoda","Stylommatophora","Limacidae","Weltersia","Weltersia obscura"
"ASV_4335",FALSE,"Ascomycota","Leotiomycetes","","","Leohumicola","Leohumicola minima"
"ASV_4336",FALSE,"Pseudomonadota","Alphaproteobacteria","Hyphomicrobiales","Rhizobiaceae","","Rhizobiaceae bacterium"
"ASV_4337",FALSE,"Ascomycota","Sordariomycetes","Ophiostomatales","Ophiostomataceae","Ophiostoma","Ophiostoma piceae"
"ASV_4339",FALSE,"Bacteroidota","Sphingobacteriia","Sphingobacteriales","Sphingobacteriaceae","Pedobacter","Pedobacter sp. D749"
"ASV_4342",FALSE,"Ascomycota","Dothideomycetes","Pleosporales","Phaeosphaeriaceae","Parastagonospora","Parastagonospora nodorum"
"ASV_4347",FALSE,"Bacteroidota","Flavobacteriia","Flavobacteriales","Flavobacteriaceae","Aequorivita","Aequorivita ciconiae"
"ASV_4350",FALSE,"Arthropoda","Arachnida","Mesostigmata","Urodinychidae","Uroobovella","Uroobovella sp. 2WK"
"ASV_4354",FALSE,"Basidiomycota","Agaricomycetes","Russulales","Russulaceae","Lactarius","Lactarius sp. (in: basidiomycete fungi)"
"ASV_4355",FALSE,"Basidiomycota","Agaricomycetes","Russulales","Peniophoraceae","Peniophora","Peniophora lycii"
"ASV_4357",FALSE,"Oomycota","","","","Haptoglossa","Haptoglossa zoospora"
"ASV_4358",FALSE,"Ascomycota","Leotiomycetes","Helotiales","Mollisiaceae","Phialocephala","Phialocephala sp. SA-2014"
"ASV_4360",FALSE,"Pseudomonadota","Alphaproteobacteria","Hyphomicrobiales","Nitrobacteraceae","Bradyrhizobium","Bradyrhizobium sp. Ash2021"
"ASV_4361",FALSE,"Pseudomonadota","Alphaproteobacteria","Hyphomicrobiales","Nitrobacteraceae","Bradyrhizobium","Bradyrhizobium sp. Ash2021"
"ASV_4362",FALSE,"Pseudomonadota","Alphaproteobacteria","Hyphomicrobiales","Nitrobacteraceae","Bradyrhizobium","Bradyrhizobium sp. Ash2021"
"ASV_4363",FALSE,"Pseudomonadota","Alphaproteobacteria","Hyphomicrobiales","Nitrobacteraceae","Bradyrhizobium","Bradyrhizobium sp. Ash2021"
"ASV_4364",FALSE,"Pseudomonadota","Alphaproteobacteria","Hyphomicrobiales","Nitrobacteraceae","Bradyrhizobium","Bradyrhizobium sp. Ash2021"
"ASV_4374",FALSE,"Tubulinea","Elardia","Arcellinida","Hyalospheniidae","Hyalosphenia","Hyalosphenia papilio"
"ASV_4375",FALSE,"Ascomycota","Eurotiomycetes","Chaetothyriales","Trichomeriaceae","Arthrocladium","Arthrocladium fulminans"
"ASV_4376",FALSE,"Pseudomonadota","Alphaproteobacteria","Hyphomicrobiales","Nitrobacteraceae","Bradyrhizobium","Bradyrhizobium sp. Ash2021"
"ASV_4377",FALSE,"Pseudomonadota","Alphaproteobacteria","Hyphomicrobiales","Nitrobacteraceae","Bradyrhizobium","Bradyrhizobium sp. Ash2021"
"ASV_4378",FALSE,"Evosea","Eumycetozoa","Physariida","Didymiaceae","Didymium","Didymium clavus"
"ASV_4380",FALSE,"Chordata","Aves","Sphenisciformes","Spheniscidae","Eudyptula","Eudyptula minor"
"ASV_4381",FALSE,"Chordata","Aves","Sphenisciformes","Spheniscidae","Eudyptula","Eudyptula minor"
"ASV_4382",FALSE,"Arthropoda","Ostracoda","Podocopida","Cyprididae","Cypridopsis","Cypridopsis vidua"
"ASV_4383",FALSE,"Ascomycota","Sordariomycetes","Sordariales","Chaetomiaceae","Allocanariomyces","Allocanariomyces sp."
"ASV_4385",FALSE,"Ascomycota","Sordariomycetes","Hypocreales","Ophiocordycipitaceae","Perennicordyceps","Perennicordyceps ryogamiensis"
"ASV_4387",FALSE,"Ascomycota","Leotiomycetes","Thelebolales","Thelebolaceae","Pseudogymnoascus","Pseudogymnoascus destructans"
"ASV_4388",FALSE,"Bacteroidota","Flavobacteriia","Flavobacteriales","Flavobacteriaceae","Aequorivita","Aequorivita ciconiae"
"ASV_4389",FALSE,"Ascomycota","Sordariomycetes","Hypocreales","Cordycipitaceae","Cordyceps","Cordyceps farinosa"
"ASV_4391",FALSE,"Ascomycota","Dothideomycetes","Mycosphaerellales","Mycosphaerellaceae","Zasmidium","Zasmidium cellare"
"ASV_4394",FALSE,"Basidiomycota","Agaricomycetes","Agaricales","Hygrophoraceae","Hygrocybe","Hygrocybe persistens"
"ASV_4395",FALSE,"Bacteroidota","Flavobacteriia","Flavobacteriales","Flavobacteriaceae","Maribacter","Maribacter sp. R77961"
"ASV_4397",FALSE,"Ascomycota","Eurotiomycetes","Chaetothyriales","Trichomeriaceae","Arthrocladium","Arthrocladium fulminans"
"ASV_4399",FALSE,"Pseudomonadota","Gammaproteobacteria","Aeromonadales","Aeromonadaceae","Oceanisphaera","Oceanisphaera profunda"
"ASV_4400",FALSE,"Bacteroidota","Flavobacteriia","Flavobacteriales","Flavobacteriaceae","Aequorivita","Aequorivita sp. F7"
"ASV_4403",FALSE,"Apicomplexa","Conoidasida","Eucoccidiorida","Eimeriidae","Eimeria","Eimeria sp."
"ASV_4404",FALSE,"Peploviricota","Herviviricetes","Herpesvirales","Orthoherpesviridae","Iltovirus","Iltovirus gallidalpha1"
"ASV_4405",FALSE,"Chordata","Mammalia","Primates","Hominidae","Homo","Homo sapiens"
"ASV_4408",FALSE,"Ascomycota","Dothideomycetes","Pleosporales","Periconiaceae","Periconia","Periconia digitata"
"ASV_4411",FALSE,"Arthropoda","Insecta","Diptera","Agromyzidae","","Agromyzidae sp. BIOUG21845-G10"
"ASV_4412",FALSE,"Ascomycota","Sordariomycetes","Hypocreales","Ophiocordycipitaceae","Purpureocillium","Purpureocillium lilacinum"
"ASV_4413",FALSE,"Ascomycota","Leotiomycetes","Helotiales","","Tetracladium","Tetracladium breve"
"ASV_4414",FALSE,"Nematoda","Chromadorea","Rhabditida","Aphelenchoididae","Aphelenchoides","Aphelenchoides heidelbergi"
"ASV_4416",FALSE,"Pseudomonadota","Betaproteobacteria","Nitrosomonadales","Methylophilaceae","","Methylophilaceae bacterium"
"ASV_4419",FALSE,"Ascomycota","Sordariomycetes","Ophiostomatales","Ophiostomataceae","Sporothrix","Sporothrix schenckii"
"ASV_4423",FALSE,"Pseudomonadota","Betaproteobacteria","Nitrosomonadales","Methylophilaceae","","Methylophilaceae bacterium"
"ASV_4426",FALSE,"Chordata","Mammalia","Artiodactyla","Suidae","Sus","Sus scrofa"
"ASV_4428",FALSE,"Basidiomycota","Agaricomycetes","Agaricales","Squamanitaceae","Floccularia","Floccularia luteovirens"
"ASV_4429",FALSE,"Ascomycota","Sordariomycetes","Hypocreales","Niessliaceae","Niesslia","Niesslia mucida"
"ASV_4431",FALSE,"Chordata","Mammalia","Primates","Hominidae","Homo","Homo sapiens"
"ASV_4432",FALSE,"Bacteroidota","Flavobacteriia","Flavobacteriales","Flavobacteriaceae","Flavobacterium","uncultured Flavobacterium sp."
"ASV_4435",FALSE,"Ascomycota","Leotiomycetes","","","Leohumicola","Leohumicola verrucosa"
"ASV_4438",FALSE,"Ascomycota","Lecanoromycetes","Lecanorales","Parmeliaceae","Hypogymnia","Hypogymnia vittata"
"ASV_4439",FALSE,"Basidiomycota","Malasseziomycetes","Malasseziales","Malasseziaceae","Malassezia","Malassezia restricta"
"ASV_4441",FALSE,"Ascomycota","Taphrinomycetes","Taphrinales","Taphrinaceae","Taphrina","Taphrina wiesneri"
"ASV_4443",FALSE,"Bacteroidota","Flavobacteriia","Flavobacteriales","Flavobacteriaceae","Flavobacterium","Flavobacterium sp. xlx-214"
"ASV_4444",FALSE,"Pseudomonadota","Alphaproteobacteria","Hyphomicrobiales","Nitrobacteraceae","Bradyrhizobium","Bradyrhizobium sp. Ash2021"
"ASV_4445",FALSE,"Pseudomonadota","Alphaproteobacteria","Hyphomicrobiales","Nitrobacteraceae","Bradyrhizobium","Bradyrhizobium sp. Ash2021"
"ASV_4446",FALSE,"Pseudomonadota","Alphaproteobacteria","Hyphomicrobiales","Nitrobacteraceae","Bradyrhizobium","Bradyrhizobium sp. Ash2021"
"ASV_4447",FALSE,"Pseudomonadota","Alphaproteobacteria","Hyphomicrobiales","Nitrobacteraceae","Bradyrhizobium","Bradyrhizobium sp. Ash2021"
"ASV_4448",FALSE,"Pseudomonadota","Alphaproteobacteria","Hyphomicrobiales","Nitrobacteraceae","Bradyrhizobium","Bradyrhizobium sp. Ash2021"
"ASV_4449",FALSE,"Pseudomonadota","Alphaproteobacteria","Hyphomicrobiales","Nitrobacteraceae","Bradyrhizobium","Bradyrhizobium sp. Ash2021"
"ASV_4450",FALSE,"Pseudomonadota","Alphaproteobacteria","Hyphomicrobiales","Nitrobacteraceae","Bradyrhizobium","Bradyrhizobium sp. Ash2021"
"ASV_4451",FALSE,"Pseudomonadota","Alphaproteobacteria","Hyphomicrobiales","Nitrobacteraceae","Bradyrhizobium","Bradyrhizobium sp. Ash2021"
"ASV_4452",FALSE,"Pseudomonadota","Alphaproteobacteria","Hyphomicrobiales","Nitrobacteraceae","Bradyrhizobium","Bradyrhizobium sp. Ash2021"
"ASV_4453",FALSE,"Pseudomonadota","Alphaproteobacteria","Hyphomicrobiales","Nitrobacteraceae","Bradyrhizobium","Bradyrhizobium sp. Ash2021"
"ASV_4454",FALSE,"Pseudomonadota","Alphaproteobacteria","Hyphomicrobiales","Nitrobacteraceae","Bradyrhizobium","Bradyrhizobium sp. Ash2021"
"ASV_4455",FALSE,"Pseudomonadota","Alphaproteobacteria","Hyphomicrobiales","Nitrobacteraceae","Bradyrhizobium","Bradyrhizobium sp. Ash2021"
"ASV_4456",FALSE,"Pseudomonadota","Alphaproteobacteria","Hyphomicrobiales","Nitrobacteraceae","Bradyrhizobium","Bradyrhizobium sp. Ash2021"
"ASV_4457",FALSE,"Pseudomonadota","Alphaproteobacteria","Hyphomicrobiales","Nitrobacteraceae","Bradyrhizobium","Bradyrhizobium sp. Ash2021"
"ASV_4458",FALSE,"Pseudomonadota","Alphaproteobacteria","Hyphomicrobiales","Nitrobacteraceae","Bradyrhizobium","Bradyrhizobium sp. Ash2021"
"ASV_4459",FALSE,"Pseudomonadota","Alphaproteobacteria","Hyphomicrobiales","Nitrobacteraceae","Bradyrhizobium","Bradyrhizobium sp. Ash2021"
"ASV_4460",FALSE,"Pseudomonadota","Alphaproteobacteria","Hyphomicrobiales","Nitrobacteraceae","Bradyrhizobium","Bradyrhizobium sp. Ash2021"
"ASV_4461",FALSE,"Pseudomonadota","Alphaproteobacteria","Hyphomicrobiales","Nitrobacteraceae","Bradyrhizobium","Bradyrhizobium sp. Ash2021"
"ASV_4462",FALSE,"Pseudomonadota","Alphaproteobacteria","Hyphomicrobiales","Nitrobacteraceae","Bradyrhizobium","Bradyrhizobium sp. Ash2021"
"ASV_4463",FALSE,"Pseudomonadota","Alphaproteobacteria","Hyphomicrobiales","Nitrobacteraceae","Bradyrhizobium","Bradyrhizobium sp. Ash2021"
"ASV_4464",FALSE,"Pseudomonadota","Alphaproteobacteria","Hyphomicrobiales","Nitrobacteraceae","Bradyrhizobium","Bradyrhizobium sp. Ash2021"
"ASV_4465",FALSE,"Pseudomonadota","Alphaproteobacteria","Hyphomicrobiales","Nitrobacteraceae","Bradyrhizobium","Bradyrhizobium sp. Ash2021"
"ASV_4466",FALSE,"Pseudomonadota","Alphaproteobacteria","Hyphomicrobiales","Nitrobacteraceae","Bradyrhizobium","Bradyrhizobium sp. Ash2021"
"ASV_4467",FALSE,"Pseudomonadota","Alphaproteobacteria","Hyphomicrobiales","Nitrobacteraceae","Bradyrhizobium","Bradyrhizobium sp. Ash2021"
"ASV_4468",FALSE,"Pseudomonadota","Alphaproteobacteria","Hyphomicrobiales","Nitrobacteraceae","Bradyrhizobium","Bradyrhizobium sp. Ash2021"
"ASV_4469",FALSE,"Pseudomonadota","Alphaproteobacteria","Hyphomicrobiales","Nitrobacteraceae","Bradyrhizobium","Bradyrhizobium sp. Ash2021"
"ASV_4470",FALSE,"Pseudomonadota","Alphaproteobacteria","Hyphomicrobiales","Nitrobacteraceae","Bradyrhizobium","Bradyrhizobium sp. Ash2021"
"ASV_4471",FALSE,"Pseudomonadota","Alphaproteobacteria","Hyphomicrobiales","Nitrobacteraceae","Bradyrhizobium","Bradyrhizobium sp. Ash2021"
"ASV_4472",FALSE,"Pseudomonadota","Alphaproteobacteria","Hyphomicrobiales","Nitrobacteraceae","Bradyrhizobium","Bradyrhizobium sp. Ash2021"
"ASV_4473",FALSE,"Pseudomonadota","Alphaproteobacteria","Hyphomicrobiales","Nitrobacteraceae","Bradyrhizobium","Bradyrhizobium sp. Ash2021"
"ASV_4474",FALSE,"Pseudomonadota","Alphaproteobacteria","Hyphomicrobiales","Nitrobacteraceae","Bradyrhizobium","Bradyrhizobium sp. Ash2021"
"ASV_4475",FALSE,"Oomycota","","Peronosporales","Peronosporaceae","Phytophthora","Phytophthora pseudokernoviae"
"ASV_4479",FALSE,"Bacteroidota","Sphingobacteriia","Sphingobacteriales","Sphingobacteriaceae","Pedobacter","Pedobacter sp."
"ASV_4480",FALSE,"Ascomycota","Eurotiomycetes","Chaetothyriales","Herpotrichiellaceae","Cladophialophora","Cladophialophora bantiana"
"ASV_4481",FALSE,"Ascomycota","Dothideomycetes","Pleosporales","Pleosporaceae","Edenia","Edenia gomezpompae"
"ASV_4483",FALSE,"Oomycota","","Pythiales","Pythiaceae","Globisporangium","Globisporangium intermedium"
"ASV_4485",FALSE,"Bacteroidota","Flavobacteriia","Flavobacteriales","Crocinitomicaceae","Fluviicola","Fluviicola sp."
"ASV_4487",FALSE,"Bacteroidota","Flavobacteriia","Flavobacteriales","Flavobacteriaceae","Flavobacterium","Flavobacterium sp. xlx-214"
"ASV_4488",FALSE,"Bacteroidota","Sphingobacteriia","Sphingobacteriales","Sphingobacteriaceae","Pedobacter","Pedobacter schmidteae"
"ASV_4489",FALSE,"Ascomycota","Dothideomycetes","Dothideales","Dothioraceae","Sydowia","Sydowia polyspora"
"ASV_4493",FALSE,"Bacteroidota","Sphingobacteriia","Sphingobacteriales","Sphingobacteriaceae","Pedobacter","Pedobacter sp. SL55"
"ASV_4495",FALSE,"Ascomycota","Leotiomycetes","Thelebolales","Thelebolaceae","Pseudogymnoascus","Pseudogymnoascus destructans"
"ASV_4496",FALSE,"Ascomycota","Leotiomycetes","Helotiales","Discinellaceae","Articulospora","Articulospora tetracladia"
"ASV_4497",FALSE,"Pseudomonadota","Alphaproteobacteria","Rhodospirillales","Azospirillaceae","Azospirillum","Azospirillum sp. B2RO"
"ASV_4498",FALSE,"Bacteroidota","Flavobacteriia","Flavobacteriales","Flavobacteriaceae","Formosa","Formosa sp. 4Alg 33"
"ASV_4499",FALSE,"Oomycota","","Peronosporales","Peronosporaceae","Phytophthora","Phytophthora acaciivora"
"ASV_4500",FALSE,"Porifera","Demospongiae","Axinellida","Raspailiidae","Cyamon","Cyamon neon"
"ASV_4502",FALSE,"Ascomycota","Sordariomycetes","Amphisphaeriales","Sporocadaceae","Neopestalotiopsis","Neopestalotiopsis cubana"
"ASV_4504",FALSE,"","Chrysophyceae","Chromulinales","Chromulinaceae","Pedospumella","Pedospumella encystans"
"ASV_4505",FALSE,"Arthropoda","Insecta","Lepidoptera","Geometridae","Callipia","Callipia balteata"
"ASV_4506",FALSE,"Discosea","","Himatismenida","Cochliopodiidae","Cochliopodium","Cochliopodium minus"
"ASV_4507",FALSE,"Bacteroidota","Flavobacteriia","Flavobacteriales","Flavobacteriaceae","Flavobacterium","Flavobacterium sp. SLB02"
"ASV_4508",FALSE,"Bacteroidota","Sphingobacteriia","Sphingobacteriales","Sphingobacteriaceae","Mucilaginibacter","Mucilaginibacter sp. FT3.2"
"ASV_4509",FALSE,"Tubulinea","Elardia","Arcellinida","Hyalospheniidae","Hyalosphenia","Hyalosphenia elegans"
"ASV_4513",FALSE,"Ascomycota","Eurotiomycetes","Chaetothyriales","Herpotrichiellaceae","Exophiala","Exophiala lecanii-corni"
"ASV_4518",FALSE,"Bacteroidota","Flavobacteriia","Flavobacteriales","Flavobacteriaceae","Aggregatimonas","Aggregatimonas sangjinii"
"ASV_4520",FALSE,"Ascomycota","Leotiomycetes","","","Leohumicola","Leohumicola incrustata"
"ASV_4521",FALSE,"Ascomycota","Dothideomycetes","Cladosporiales","Cladosporiaceae","Cladosporium","Cladosporium sphaerospermum"
"ASV_4523",FALSE,"Arthropoda","Insecta","Diptera","Curtonotidae","Cyrtona","aff. Cyrtona sp. n. 10 AHKS-2012"
"ASV_4529",FALSE,"","","","","",""
"ASV_4532",FALSE,"Ascomycota","Leotiomycetes","Helotiales","Arachnopezizaceae","Arachnopeziza","Arachnopeziza aurata"
"ASV_4533",FALSE,"Ascomycota","Dothideomycetes","Dothideales","Dothioraceae","Sydowia","Sydowia polyspora"
"ASV_4534",FALSE,"Bacteroidota","Flavobacteriia","Flavobacteriales","Flavobacteriaceae","Maribacter","Maribacter sp. BPC-D8"
"ASV_4535",FALSE,"Arthropoda","Insecta","Lepidoptera","Nymphalidae","Hyposcada","Hyposcada anchiala"
"ASV_4536",FALSE,"Chordata","Aves","Sphenisciformes","Spheniscidae","Eudyptula","Eudyptula minor"
"ASV_4537",FALSE,"Pseudomonadota","Alphaproteobacteria","Hyphomicrobiales","Nitrobacteraceae","Bradyrhizobium","Bradyrhizobium sp. Ash2021"
"ASV_4538",FALSE,"Pseudomonadota","Alphaproteobacteria","Hyphomicrobiales","Nitrobacteraceae","Bradyrhizobium","Bradyrhizobium sp. Ash2021"
"ASV_4539",FALSE,"Pseudomonadota","Alphaproteobacteria","Hyphomicrobiales","Nitrobacteraceae","Bradyrhizobium","Bradyrhizobium sp. Ash2021"
"ASV_4540",FALSE,"Pseudomonadota","Alphaproteobacteria","Hyphomicrobiales","Nitrobacteraceae","Bradyrhizobium","Bradyrhizobium sp. Ash2021"
"ASV_4541",FALSE,"Chordata","Actinopteri","Cyprinodontiformes","Poeciliidae","Gambusia","Gambusia affinis"
"ASV_4543",FALSE,"Ascomycota","Leotiomycetes","","","Leohumicola","Leohumicola verrucosa"
"ASV_4544",FALSE,"Chordata","Aves","Sphenisciformes","Spheniscidae","Eudyptula","Eudyptula minor"
"ASV_4545",FALSE,"Arthropoda","Insecta","Coleoptera","Curculionidae","Pachycotes","Pachycotes peregrinus"
"ASV_4546",FALSE,"","Phaeophyceae","Ectocarpales","Acrotrichaceae","Acrothrix","Acrothrix gracilis"
"ASV_4548",FALSE,"Basidiomycota","Agaricomycetes","Agaricales","Agaricaceae","Lepiota","Lepiota sp. MUSH114-07"
"ASV_4549",FALSE,"Chordata","Aves","Sphenisciformes","Spheniscidae","Eudyptula","Eudyptula minor"
"ASV_4550",FALSE,"Pseudomonadota","Alphaproteobacteria","Hyphomicrobiales","Nitrobacteraceae","Bradyrhizobium","Bradyrhizobium sp. Ash2021"
"ASV_4551",FALSE,"Discosea","","Longamoebia","Acanthamoebidae","Acanthamoeba","Acanthamoeba astronyxis"
"ASV_4552",FALSE,"Chordata","Aves","Sphenisciformes","Spheniscidae","Eudyptula","Eudyptula minor"
"ASV_4553",FALSE,"Pseudomonadota","Alphaproteobacteria","Hyphomicrobiales","Nitrobacteraceae","Bradyrhizobium","Bradyrhizobium sp. Ash2021"
"ASV_4554",FALSE,"Chordata","Aves","Sphenisciformes","Spheniscidae","Eudyptula","Eudyptula minor"
"ASV_4555",FALSE,"Chordata","Aves","Sphenisciformes","Spheniscidae","Eudyptula","Eudyptula minor"
"ASV_4557",FALSE,"Rhodophyta","Florideophyceae","Gelidiales","Gelidiaceae","Capreolia","Capreolia implexa"
"ASV_4559",FALSE,"Arthropoda","Arachnida","Mesostigmata","Phytoseiidae","Typhlodromus","Typhlodromus transvaalensis"
"ASV_4561",FALSE,"Ascomycota","Sordariomycetes","Hypocreales","Cordycipitaceae","Beauveria","Beauveria brongniartii"
"ASV_4563",FALSE,"Ascomycota","Arthoniomycetes","Arthoniales","Opegraphaceae","Opegrapha","Opegrapha vulgata"
"ASV_4565",FALSE,"","Phaeophyceae","Ectocarpales","Chordariaceae","Sauvageaugloia","Sauvageaugloia divaricata"
"ASV_4566",FALSE,"Bacteroidota","Sphingobacteriia","Sphingobacteriales","Sphingobacteriaceae","Pedobacter","Pedobacter sp. HDW13"
"ASV_4570",FALSE,"Pseudomonadota","Alphaproteobacteria","Hyphomicrobiales","Nitrobacteraceae","Bradyrhizobium","Bradyrhizobium sp. Ash2021"
"ASV_4571",FALSE,"Tubulinea","Elardia","Arcellinida","","","Glutinoconcha sp."
"ASV_4575",FALSE,"Bacillota","Bacilli","Bacillales","Caryophanaceae","Sporosarcina","Sporosarcina ureae"
"ASV_4576",FALSE,"Chordata","Actinopteri","Cyprinodontiformes","Poeciliidae","Gambusia","Gambusia affinis"
"ASV_4577",FALSE,"Chordata","Aves","Sphenisciformes","Spheniscidae","Eudyptula","Eudyptula minor"
"ASV_4578",FALSE,"Ascomycota","Sordariomycetes","Hypocreales","Clavicipitaceae","Metarhizium","Metarhizium robertsii"
"ASV_4579",FALSE,"Basidiomycota","Tremellomycetes","Cystofilobasidiales","Mrakiaceae","Tausonia","Tausonia pullulans"
"ASV_4580",FALSE,"Arthropoda","Arachnida","Sarcoptiformes","Acaridae","Sancassania","Sancassania berlesei"
"ASV_4582",FALSE,"","","","","",""
"ASV_4584",FALSE,"Arthropoda","Insecta","Diptera","Anthomyiidae","Pegomya","Pegomya fulgens"
"ASV_4585",FALSE,"Oomycota","","Pythiales","Pythiaceae","Globisporangium","Globisporangium cystogenes"
"ASV_4586",FALSE,"","Phaeophyceae","Ectocarpales","Chordariaceae","Nemacystus","Nemacystus decipiens"
"ASV_4587",FALSE,"Evosea","Eumycetozoa","Physariida","Didymiaceae","Diderma","Diderma niveum"
"ASV_4588",FALSE,"Pseudomonadota","Alphaproteobacteria","Hyphomicrobiales","Nitrobacteraceae","Bradyrhizobium","Bradyrhizobium sp. A5"
"ASV_4589",FALSE,"Tubulinea","Elardia","Arcellinida","Netzeliidae","Netzelia","Netzelia oviformis"
"ASV_4598",FALSE,"Discosea","","Himatismenida","Cochliopodiidae","Cochliopodium","Cochliopodium larifeili"
"ASV_4600",FALSE,"Oomycota","","Pythiales","Pythiaceae","Pythium","Pythium sp."
"ASV_4603",FALSE,"Bacteroidota","Sphingobacteriia","Sphingobacteriales","Sphingobacteriaceae","Pedobacter","Pedobacter sp. UC225"
"ASV_4604",FALSE,"Ascomycota","Eurotiomycetes","Chaetothyriales","Herpotrichiellaceae","Cladophialophora","Cladophialophora bantiana"
"ASV_4605",FALSE,"Chordata","Actinopteri","Cyprinodontiformes","Poeciliidae","Gambusia","Gambusia affinis"
"ASV_4612",FALSE,"Pseudomonadota","Alphaproteobacteria","Hyphomicrobiales","Nitrobacteraceae","Bradyrhizobium","Bradyrhizobium sp. Ash2021"
"ASV_4617",FALSE,"Arthropoda","Insecta","Coleoptera","Curculionidae","Curculio","Curculio sp. 2 ZM-2022a"
"ASV_4619",FALSE,"Ascomycota","Dothideomycetes","Pleosporales","Acrocalymmaceae","Acrocalymma","Acrocalymma sp."
"ASV_4620",FALSE,"Chordata","Mammalia","Primates","Hominidae","Homo","Homo sapiens"
"ASV_4623",FALSE,"Chordata","Aves","Sphenisciformes","Spheniscidae","Eudyptula","Eudyptula minor"
"ASV_4624",FALSE,"Arthropoda","Arachnida","Trombidiformes","Demodicidae","Demodex","Demodex brevis"
"ASV_4626",FALSE,"Chordata","Aves","Sphenisciformes","Spheniscidae","Eudyptula","Eudyptula minor"
"ASV_4627",FALSE,"Ascomycota","Sordariomycetes","Glomerellales","Glomerellaceae","Colletotrichum","Colletotrichum tamarilloi"
"ASV_4628",FALSE,"Ascomycota","","","","","Ascomycota sp."
"ASV_4629",FALSE,"Ascomycota","Eurotiomycetes","Onygenales","Arthrodermataceae","Arthroderma","Arthroderma uncinatum"
"ASV_4632",FALSE,"Pseudomonadota","Gammaproteobacteria","Moraxellales","Moraxellaceae","Psychrobacter","Psychrobacter sp. 28M-43"
"ASV_4633",FALSE,"Ascomycota","Sordariomycetes","Amphisphaeriales","Apiosporaceae","Apiospora","Apiospora arundinis"
"ASV_4634",FALSE,"Pseudomonadota","Alphaproteobacteria","Hyphomicrobiales","Nitrobacteraceae","Bradyrhizobium","Bradyrhizobium sp. Ash2021"
"ASV_4635",FALSE,"Pseudomonadota","Alphaproteobacteria","Hyphomicrobiales","Nitrobacteraceae","Bradyrhizobium","Bradyrhizobium sp. Ash2021"
"ASV_4636",FALSE,"Pseudomonadota","Alphaproteobacteria","Hyphomicrobiales","Nitrobacteraceae","Bradyrhizobium","Bradyrhizobium sp. Ash2021"
"ASV_4637",FALSE,"Pseudomonadota","Alphaproteobacteria","Hyphomicrobiales","Nitrobacteraceae","Bradyrhizobium","Bradyrhizobium sp. Ash2021"
"ASV_4638",FALSE,"Pseudomonadota","Alphaproteobacteria","Hyphomicrobiales","Nitrobacteraceae","Bradyrhizobium","Bradyrhizobium sp. Ash2021"
"ASV_4639",FALSE,"Pseudomonadota","Alphaproteobacteria","Hyphomicrobiales","Nitrobacteraceae","Bradyrhizobium","Bradyrhizobium sp. Ash2021"
"ASV_4640",FALSE,"Pseudomonadota","Alphaproteobacteria","Hyphomicrobiales","Nitrobacteraceae","Bradyrhizobium","Bradyrhizobium sp. Ash2021"
"ASV_4641",FALSE,"Pseudomonadota","Alphaproteobacteria","Hyphomicrobiales","Nitrobacteraceae","Bradyrhizobium","Bradyrhizobium sp. Ash2021"
"ASV_4642",FALSE,"Pseudomonadota","Alphaproteobacteria","Hyphomicrobiales","Nitrobacteraceae","Bradyrhizobium","Bradyrhizobium sp. Ash2021"
"ASV_4643",FALSE,"Pseudomonadota","Alphaproteobacteria","Hyphomicrobiales","Nitrobacteraceae","Bradyrhizobium","Bradyrhizobium sp. Ash2021"
"ASV_4644",FALSE,"Pseudomonadota","Alphaproteobacteria","Hyphomicrobiales","Nitrobacteraceae","Bradyrhizobium","Bradyrhizobium sp. Ash2021"
"ASV_4645",FALSE,"Pseudomonadota","Alphaproteobacteria","Hyphomicrobiales","Nitrobacteraceae","Bradyrhizobium","Bradyrhizobium sp. Ash2021"
"ASV_4646",FALSE,"Pseudomonadota","Alphaproteobacteria","Hyphomicrobiales","Nitrobacteraceae","Bradyrhizobium","Bradyrhizobium sp. Ash2021"
"ASV_4647",FALSE,"Pseudomonadota","Alphaproteobacteria","Hyphomicrobiales","Nitrobacteraceae","Bradyrhizobium","Bradyrhizobium sp. Ash2021"
"ASV_4648",FALSE,"Pseudomonadota","Alphaproteobacteria","Hyphomicrobiales","Nitrobacteraceae","Bradyrhizobium","Bradyrhizobium sp. Ash2021"
"ASV_4650",FALSE,"Ascomycota","Leotiomycetes","Thelebolales","Thelebolaceae","Pseudogymnoascus","Pseudogymnoascus destructans"
"ASV_4651",FALSE,"Ascomycota","Dothideomycetes","Pleosporales","Pleosporaceae","Edenia","Edenia gomezpompae"
"ASV_4652",FALSE,"Ascomycota","Leotiomycetes","Helotiales","Arachnopezizaceae","Arachnopeziza","Arachnopeziza aurata"
"ASV_4653",FALSE,"Bacteroidota","Sphingobacteriia","Sphingobacteriales","Sphingobacteriaceae","Sphingobacterium","Sphingobacterium sp. UDSM-2020"
"ASV_4654",FALSE,"Basidiomycota","Agaricomycetes","Polyporales","Polyporaceae","Porogramme","Porogramme epimiltina"
"ASV_4655",FALSE,"Bacteroidota","Flavobacteriia","Flavobacteriales","Flavobacteriaceae","Flavobacterium","Flavobacterium acetivorans"
"ASV_4656",FALSE,"Basidiomycota","Agaricomycetes","Hymenochaetales","Hymenochaetaceae","Pyrrhoderma","Pyrrhoderma lamaoense"
"ASV_4657",FALSE,"Bacteroidota","Sphingobacteriia","Sphingobacteriales","Sphingobacteriaceae","","uncultured Sphingobacteriaceae bacterium"
"ASV_4659",FALSE,"Ascomycota","Dothideomycetes","Mycosphaerellales","Teratosphaeriaceae","Acrodontium","Acrodontium crateriforme"
"ASV_4660",FALSE,"Ascomycota","Sordariomycetes","Hypocreales","Cordycipitaceae","Cordyceps","Cordyceps javanica"
"ASV_4661",FALSE,"Bacteroidota","Sphingobacteriia","Sphingobacteriales","Sphingobacteriaceae","Pedobacter","Pedobacter sp. UC225"
"ASV_4662",FALSE,"Oomycota","","Pythiales","Pythiaceae","Globisporangium","Globisporangium monoclinum"
"ASV_4663",FALSE,"Ascomycota","Sordariomycetes","Hypocreales","Cordycipitaceae","Cordyceps","Cordyceps tenuipes"
"ASV_4664",FALSE,"Oomycota","","Pythiales","Pythiaceae","Pythium","Pythium vanterpoolii"
"ASV_4666",FALSE,"Pseudomonadota","Alphaproteobacteria","","Inquilinaceae","","Inquilinaceae bacterium"
"ASV_4667",FALSE,"Ascomycota","Sordariomycetes","Hypocreales","Nectriaceae","Ilyonectria","Ilyonectria sp."
"ASV_4668",FALSE,"Cnidaria","Hydrozoa","Leptothecata","Aglaopheniidae","Aglaophenia","Aglaophenia tubulifera"
"ASV_4669",FALSE,"Tubulinea","Elardia","Arcellinida","Centropyxidae","Centropyxis","Centropyxis blatta"
"ASV_4670",FALSE,"Discosea","Flabellinia","","Vannellidae","Vannella","Vannella sp."
"ASV_4671",FALSE,"","","","","",""
"ASV_4675",FALSE,"Arthropoda","Insecta","Hemiptera","Membracidae","Enchenopa","Enchenopa sp. EBHOgr"
"ASV_4676",FALSE,"Discosea","","Himatismenida","Cochliopodiidae","Cochliopodium","Cochliopodium jaguari"
"ASV_4678",FALSE,"Ascomycota","Eurotiomycetes","Chaetothyriales","Trichomeriaceae","Arthrocladium","Arthrocladium fulminans"
"ASV_4680",FALSE,"Oomycota","","Peronosporales","Peronosporaceae","Phytophthora","Phytophthora sp. 'guadalupesoil'"
"ASV_4681",FALSE,"Arthropoda","Arachnida","Araneae","Orsolobidae","Osornolobus","Osornolobus sp. 1 NCP-2017"
"ASV_4682",FALSE,"Ascomycota","Sordariomycetes","Hypocreales","Niessliaceae","Niesslia","Niesslia mucida"
"ASV_4688",FALSE,"Bacteroidota","Flavobacteriia","Flavobacteriales","Crocinitomicaceae","Fluviicola","Fluviicola sp."
"ASV_4691",FALSE,"Bacteroidota","Sphingobacteriia","Sphingobacteriales","Sphingobacteriaceae","Pedobacter","Pedobacter sp."
"ASV_4692",FALSE,"Basidiomycota","Agaricomycetes","Agaricales","Psathyrellaceae","Psathyrella","Psathyrella cf. hydrophila TRTC155552"
"ASV_4695",FALSE,"Arthropoda","Insecta","Diptera","Fanniidae","Fannia","Fannia nr. similis JKA12-0783"
"ASV_4705",FALSE,"Ascomycota","Dothideomycetes","Mycosphaerellales","Mycosphaerellaceae","Septoria","Septoria linicola"
"ASV_4706",FALSE,"Ascomycota","Sordariomycetes","Hypocreales","Cordycipitaceae","Simplicillium","Simplicillium lamellicola"
"ASV_4708",FALSE,"","","","","","eukaryotic synthetic construct"
"ASV_4711",FALSE,"Pseudomonadota","Alphaproteobacteria","Hyphomicrobiales","Nitrobacteraceae","Bradyrhizobium","Bradyrhizobium sp. Ash2021"
"ASV_4714",FALSE,"Discosea","","Himatismenida","Cochliopodiidae","Cochliopodium","Cochliopodium minus"
"ASV_4717",FALSE,"Ascomycota","Dothideomycetes","Mycosphaerellales","Teratosphaeriaceae","Acrodontium","Acrodontium crateriforme"
"ASV_4718",FALSE,"Chordata","Aves","Sphenisciformes","Spheniscidae","Eudyptula","Eudyptula minor"
"ASV_4723",FALSE,"Discosea","Flabellinia","","Vannellidae","Vannella","Vannella robusta"
"ASV_4724",FALSE,"Ascomycota","Sordariomycetes","Amphisphaeriales","Apiosporaceae","Apiospora","Apiospora arundinis"
"ASV_4725",FALSE,"Chordata","Aves","Sphenisciformes","Spheniscidae","Eudyptula","Eudyptula minor"
"ASV_4726",FALSE,"Ascomycota","Sordariomycetes","Amphisphaeriales","Apiosporaceae","Apiospora","Apiospora arundinis"
"ASV_4727",FALSE,"Chlorophyta","Trebouxiophyceae","Trebouxiales","Trebouxiaceae","Trebouxia","Trebouxia aggregata"
"ASV_4728",FALSE,"Pseudomonadota","Alphaproteobacteria","Hyphomicrobiales","Rhizobiaceae","Peteryoungia","Peteryoungia desertarenae"
"ASV_4730",FALSE,"Bacteroidota","Chitinophagia","Chitinophagales","Chitinophagaceae","Sediminibacterium","Sediminibacterium sp."
"ASV_4735",FALSE,"Arthropoda","Insecta","Coleoptera","Scarabaeidae","Mimeoma","Mimeoma maculata"
"ASV_4736",FALSE,"Actinomycetota","Actinomycetes","Micrococcales","Micrococcaceae","Glutamicibacter","Glutamicibacter arilaitensis"
"ASV_4737",FALSE,"Ascomycota","Sordariomycetes","Glomerellales","Glomerellaceae","Colletotrichum","Colletotrichum destructivum"
"ASV_4740",FALSE,"Chordata","Mammalia","Primates","Hominidae","Homo","Homo sapiens"
"ASV_4741",FALSE,"Ascomycota","Eurotiomycetes","Chaetothyriales","Trichomeriaceae","Arthrocladium","Arthrocladium fulminans"
"ASV_4742",FALSE,"Arthropoda","Insecta","Diptera","Psychodidae","","Psychodidae sp."
"ASV_4745",FALSE,"Oomycota","","Peronosporales","Peronosporaceae","Phytophthora","Phytophthora sp. 'zentmyerii x Peru4-like'"
"ASV_4747",FALSE,"Bacteroidota","Flavobacteriia","Flavobacteriales","Flavobacteriaceae","Flavobacterium","Flavobacterium sp. CLA17"
"ASV_4749",FALSE,"Pseudomonadota","Alphaproteobacteria","Hyphomicrobiales","Phyllobacteriaceae","Mesorhizobium","Mesorhizobium sp. UC22"
"ASV_4750",FALSE,"Chordata","Aves","Accipitriformes","Accipitridae","Aquila","Aquila chrysaetos"
"ASV_4751",FALSE,"Ascomycota","Dothideomycetes","Pleosporales","Didymellaceae","Phoma","Phoma sp. 1 OB-2014"
"ASV_4752",FALSE,"Chordata","Aves","Sphenisciformes","Spheniscidae","Eudyptula","Eudyptula minor"
"ASV_4753",FALSE,"Chordata","Aves","Sphenisciformes","Spheniscidae","Pygoscelis","Pygoscelis adeliae"
"ASV_4757",FALSE,"Arthropoda","Arachnida","Trombidiformes","Iolinidae","Homeopronematus","Homeopronematus anconai"
"ASV_4758",FALSE,"Arthropoda","Arachnida","Mesostigmata","Ologamasidae","","Ologamasidae sp. BOLD:AAH6486"
"ASV_4759",FALSE,"Ascomycota","Leotiomycetes","","","Leohumicola","Leohumicola levissima"
"ASV_4763",FALSE,"Tubulinea","Elardia","Arcellinida","Hyalospheniidae","Hyalosphenia","Hyalosphenia elegans"
"ASV_4764",FALSE,"Bacteroidota","Flavobacteriia","Flavobacteriales","Flavobacteriaceae","Flavobacterium","Flavobacterium crocinum"
"ASV_4766",FALSE,"Chordata","Aves","Sphenisciformes","Spheniscidae","Eudyptula","Eudyptula minor"
"ASV_4767",FALSE,"Chordata","Aves","Sphenisciformes","Spheniscidae","Eudyptula","Eudyptula minor"
"ASV_4769",FALSE,"Chordata","Aves","Sphenisciformes","Spheniscidae","Eudyptula","Eudyptula minor"
"ASV_4770",FALSE,"Ascomycota","Sordariomycetes","Hypocreales","Hypocreaceae","Trichoderma","Trichoderma atroviride"
"ASV_4771",FALSE,"Basidiomycota","Ustilaginomycetes","Ustilaginales","Ustilaginaceae","Sporisorium","Sporisorium scitamineum"
"ASV_4773",FALSE,"Chordata","Aves","Sphenisciformes","Spheniscidae","Eudyptula","Eudyptula minor"
"ASV_4775",FALSE,"Ascomycota","Lecanoromycetes","Ostropales","Graphidaceae","Graphis","Graphis scripta"
"ASV_4776",FALSE,"Ascomycota","Leotiomycetes","","","Leohumicola","Leohumicola minima"
"ASV_4777",FALSE,"Bacteroidota","Flavobacteriia","Flavobacteriales","Flavobacteriaceae","Flavobacterium","Flavobacterium sp. N2469"
"ASV_4778",FALSE,"Chordata","Aves","Sphenisciformes","Spheniscidae","Eudyptula","Eudyptula minor"
"ASV_4779",FALSE,"Chordata","Aves","Accipitriformes","Accipitridae","Haliaeetus","Haliaeetus albicilla"
"ASV_4782",FALSE,"Chordata","Aves","Charadriiformes","Scolopacidae","Lymnocryptes","Lymnocryptes minimus"
"ASV_4783",FALSE,"Chordata","Aves","Sphenisciformes","Spheniscidae","Aptenodytes","Aptenodytes patagonicus"
"ASV_4784",FALSE,"Bacillota","Bacilli","Bacillales","Caryophanaceae","Sporosarcina","Sporosarcina ureae"
"ASV_4785",FALSE,"Chordata","Aves","Accipitriformes","Accipitridae","Astur","Astur gentilis"
"ASV_4786",FALSE,"Ascomycota","Sordariomycetes","Hypocreales","Ophiocordycipitaceae","Hirsutella","Hirsutella rhossiliensis"
"ASV_4788",FALSE,"Ascomycota","Sordariomycetes","Glomerellales","Plectosphaerellaceae","Verticillium","Verticillium nonalfalfae"
"ASV_4789",FALSE,"Ascomycota","Dothideomycetes","","","","Dothideomycetes sp. NU30"
"ASV_4791",FALSE,"Ascomycota","Leotiomycetes","","","Leohumicola","Leohumicola sp. DAOM 231148"
"ASV_4793",FALSE,"Bacteroidota","Flavobacteriia","Flavobacteriales","Flavobacteriaceae","Patiriisocius","Patiriisocius sp. Uisw"
"ASV_4794",FALSE,"Basidiomycota","Cystobasidiomycetes","Cystobasidiales","Cystobasidiaceae","Cystobasidium","Cystobasidium sp."
"ASV_4796",FALSE,"Ascomycota","Sordariomycetes","Hypocreales","Niessliaceae","Niesslia","Niesslia mucida"
"ASV_4798",FALSE,"Chordata","Aves","Sphenisciformes","Spheniscidae","Aptenodytes","Aptenodytes patagonicus"
"ASV_4799",FALSE,"Pseudomonadota","Alphaproteobacteria","Hyphomicrobiales","Nitrobacteraceae","Bradyrhizobium","Bradyrhizobium sp. Ash2021"
"ASV_4800",FALSE,"Pseudomonadota","Alphaproteobacteria","Hyphomicrobiales","Nitrobacteraceae","Bradyrhizobium","Bradyrhizobium sp. Ash2021"
"ASV_4801",FALSE,"Pseudomonadota","Alphaproteobacteria","Hyphomicrobiales","Nitrobacteraceae","Bradyrhizobium","Bradyrhizobium sp. Ash2021"
"ASV_4802",FALSE,"Pseudomonadota","Alphaproteobacteria","Hyphomicrobiales","Nitrobacteraceae","Bradyrhizobium","Bradyrhizobium sp. Ash2021"
"ASV_4803",FALSE,"Pseudomonadota","Alphaproteobacteria","Hyphomicrobiales","Nitrobacteraceae","Bradyrhizobium","Bradyrhizobium sp. Ash2021"
"ASV_4804",FALSE,"Pseudomonadota","Alphaproteobacteria","Hyphomicrobiales","Nitrobacteraceae","Bradyrhizobium","Bradyrhizobium sp. Ash2021"
"ASV_4805",FALSE,"Pseudomonadota","Alphaproteobacteria","Hyphomicrobiales","Nitrobacteraceae","Bradyrhizobium","Bradyrhizobium sp. Ash2021"
"ASV_4807",FALSE,"Bacteroidota","Sphingobacteriia","Sphingobacteriales","","","uncultured Cytophagales bacterium"
"ASV_4809",FALSE,"Bacteroidota","Flavobacteriia","Flavobacteriales","Flavobacteriaceae","Flavobacterium","uncultured Flavobacterium sp."
"ASV_4810",FALSE,"Arthropoda","Arachnida","","","","Arachnida sp. BOLD:ACI5923"
"ASV_4812",FALSE,"Ascomycota","Sordariomycetes","Hypocreales","Bionectriaceae","Emericellopsis","Emericellopsis fuci"
"ASV_4813",FALSE,"Bacteroidota","Flavobacteriia","Flavobacteriales","Crocinitomicaceae","Fluviicola","Fluviicola sp."
"ASV_4814",FALSE,"Bacillariophyta","Coscinodiscophyceae","Chaetocerotales","Chaetocerotaceae","Chaetoceros","Chaetoceros sp. MBTD-CMFRI-S045"
"ASV_4816",FALSE,"Ascomycota","Sordariomycetes","Hypocreales","Bionectriaceae","Emericellopsis","Emericellopsis minima"
"ASV_4820",FALSE,"Tubulinea","Elardia","Arcellinida","Hyalospheniidae","Apodera","Apodera vas"
"ASV_4822",FALSE,"Ascomycota","Sordariomycetes","Hypocreales","Bionectriaceae","Emericellopsis","Emericellopsis minima"
"ASV_4823",FALSE,"Bacteroidota","Chitinophagia","Chitinophagales","Chitinophagaceae","Sediminibacterium","Sediminibacterium sp."
"ASV_4825",FALSE,"Chordata","Actinopteri","Cyprinodontiformes","Poeciliidae","Gambusia","Gambusia affinis"
"ASV_4827",FALSE,"Ascomycota","Sordariomycetes","Hypocreales","Cordycipitaceae","Akanthomyces","Akanthomyces lecanii"
"ASV_4832",FALSE,"Arthropoda","Arachnida","Sarcoptiformes","Glycyphagidae","Lepidoglyphus","Lepidoglyphus destructor"
"ASV_4834",FALSE,"Ciliophora","Oligohymenophorea","Philasterida","Pseudocohnilembidae","Pseudocohnilembus","Pseudocohnilembus persalinus"
"ASV_4837",FALSE,"Chordata","Aves","Sphenisciformes","Spheniscidae","Eudyptula","Eudyptula minor"
"ASV_4838",FALSE,"Pseudomonadota","Alphaproteobacteria","Hyphomicrobiales","Rhizobiaceae","Agrobacterium","Agrobacterium tumefaciens"
"ASV_4841",FALSE,"Apicomplexa","Conoidasida","Eucoccidiorida","Eimeriidae","Eimeria","Eimeria sp."
"ASV_4843",FALSE,"Bacteroidota","Flavobacteriia","Flavobacteriales","Flavobacteriaceae","Wenyingzhuangia","Wenyingzhuangia fucanilytica"
"ASV_4844",FALSE,"Chlorophyta","Trebouxiophyceae","Prasiolales","Stichococcaceae","Diplosphaera","Diplosphaera sundellii"
"ASV_4847",FALSE,"Basidiomycota","Agaricomycetes","Cantharellales","Ceratobasidiaceae","Rhizoctonia","Rhizoctonia sp."
"ASV_4848",FALSE,"Ascomycota","Sordariomycetes","Hypocreales","Niessliaceae","Niesslia","Niesslia mucida"
"ASV_4849",FALSE,"Arthropoda","Arachnida","Sarcoptiformes","Quadroppiidae","Quadroppia","Quadroppia sp. BIOUG24228-C05"
"ASV_4853",FALSE,"Discosea","","Longamoebia","Acanthamoebidae","Acanthamoeba","Acanthamoeba comandoni"
"ASV_4856",FALSE,"Bacteroidota","Flavobacteriia","Flavobacteriales","Flavobacteriaceae","Tamlana","Tamlana crocina"
"ASV_4858",FALSE,"Ascomycota","Leotiomycetes","","","Leohumicola","Leohumicola levissima"
"ASV_4859",FALSE,"Bacteroidota","Flavobacteriia","Flavobacteriales","Flavobacteriaceae","Aequorivita","Aequorivita sp. F7"
"ASV_4862",FALSE,"","Choanoflagellata","Craspedida","Salpingoecidae","Monosiga","Monosiga brevicollis"
"ASV_4863",FALSE,"Pseudomonadota","Alphaproteobacteria","Hyphomicrobiales","Rhizobiaceae","","Rhizobiaceae bacterium"
"ASV_4864",FALSE,"Basidiomycota","Agaricomycetes","Russulales","Hericiaceae","Hericium","Hericium coralloides"
"ASV_4866",FALSE,"Ascomycota","Leotiomycetes","Helotiales","","Tetracladium","Tetracladium apiense"
"ASV_4867",FALSE,"Ascomycota","Dothideomycetes","Cladosporiales","Cladosporiaceae","Cladosporium","Cladosporium sphaerospermum"
"ASV_4868",FALSE,"Ascomycota","Eurotiomycetes","Onygenales","Arthrodermataceae","Arthroderma","Arthroderma uncinatum"
"ASV_4870",FALSE,"Ascomycota","Dothideomycetes","Mycosphaerellales","Mycosphaerellaceae","Pseudocercospora","Pseudocercospora fuligena"
"ASV_4871",FALSE,"Bacteroidota","Flavobacteriia","Flavobacteriales","Flavobacteriaceae","Aequorivita","Aequorivita nionensis"
"ASV_4872",FALSE,"Chordata","Aves","Sphenisciformes","Spheniscidae","Eudyptula","Eudyptula minor"
"ASV_4876",FALSE,"Bacteroidota","Flavobacteriia","Flavobacteriales","Flavobacteriaceae","Flavobacterium","Flavobacterium flavipigmentatum"
"ASV_4881",FALSE,"Arthropoda","Ostracoda","Podocopida","Cyprididae","Cypridopsis","Cypridopsis vidua"
"ASV_4883",FALSE,"Arthropoda","Insecta","Lepidoptera","Plutellidae","Plutella","Plutella xylostella"
"ASV_4885",FALSE,"Ascomycota","Sordariomycetes","Hypocreales","Cordycipitaceae","Niveomyces","Niveomyces insectorum"
"ASV_4886",FALSE,"Chordata","Aves","Sphenisciformes","Spheniscidae","Eudyptula","Eudyptula minor"
"ASV_4887",FALSE,"Chordata","Mammalia","Primates","Hominidae","Homo","Homo sapiens"
"ASV_4888",FALSE,"Mucoromycota","Mucoromycetes","Mucorales","Mucoraceae","Apophysomyces","Apophysomyces elegans"
"ASV_4889",FALSE,"Chordata","Aves","Sphenisciformes","Spheniscidae","Eudyptula","Eudyptula minor"
"ASV_4891",FALSE,"Ascomycota","Dothideomycetes","","","","Dothideomycetes sp. NU200"
"ASV_4892",FALSE,"Bacteroidota","Flavobacteriia","Flavobacteriales","Flavobacteriaceae","Maribacter","Maribacter sp. BPC-D8"
"ASV_4893",FALSE,"Chordata","Aves","Sphenisciformes","Spheniscidae","Eudyptula","Eudyptula minor"
"ASV_4895",FALSE,"Basidiomycota","Agaricomycetes","Agaricales","Entolomataceae","Entoloma","Entoloma aff. sericionitidum MUSH143-07"
"ASV_4896",FALSE,"Chordata","Aves","Sphenisciformes","Spheniscidae","Eudyptula","Eudyptula minor"
"ASV_4897",FALSE,"Chordata","Aves","Sphenisciformes","Spheniscidae","Eudyptula","Eudyptula minor"
"ASV_4901",FALSE,"Chlorophyta","Trebouxiophyceae","Trebouxiales","Trebouxiaceae","Trebouxia","Trebouxia sp. SL0000003"
"ASV_4902",FALSE,"Arthropoda","Insecta","Lepidoptera","","","Lepidoptera sp. NZAC 03011646"
"ASV_4905",FALSE,"Ascomycota","Sordariomycetes","Hypocreales","Bionectriaceae","Emericellopsis","Emericellopsis sp. 1a5"
"ASV_4906",FALSE,"Platyhelminthes","Cestoda","Cyclophyllidea","Taeniidae","Versteria","Versteria mustelae"
"ASV_4909",FALSE,"Ascomycota","Sordariomycetes","Glomerellales","Glomerellaceae","Colletotrichum","Colletotrichum bannaense (nom. inval.)"
"ASV_4912",FALSE,"Ascomycota","Leotiomycetes","","Myxotrichaceae","Myxotrichum","Myxotrichum deflexum"
"ASV_4914",FALSE,"Ascomycota","Leotiomycetes","Helotiales","","Tetracladium","Tetracladium furcatum"
"ASV_4915",FALSE,"Ascomycota","Eurotiomycetes","Eurotiales","Trichocomaceae","Talaromyces","Talaromyces funiculosus"
"ASV_4918",FALSE,"Bacteroidota","Sphingobacteriia","Sphingobacteriales","Sphingobacteriaceae","Pedobacter","Candidatus Pedobacter colombiensis"
"ASV_4919",FALSE,"Basidiomycota","Agaricomycetes","Russulales","Russulaceae","Lactifluus","Lactifluus hygrophoroides"
"ASV_4920",FALSE,"Pseudomonadota","Gammaproteobacteria","Enterobacterales","Enterobacteriaceae","Escherichia","Escherichia marmotae"
"ASV_4921",FALSE,"Ascomycota","Eurotiomycetes","Chaetothyriales","Trichomeriaceae","Arthrocladium","Arthrocladium fulminans"
"ASV_4922",FALSE,"Ascomycota","Eurotiomycetes","Chaetothyriales","Trichomeriaceae","Arthrocladium","Arthrocladium fulminans"
"ASV_4923",FALSE,"Chordata","Aves","Sphenisciformes","Spheniscidae","Eudyptula","Eudyptula minor"
"ASV_4925",FALSE,"Bacteroidota","Flavobacteriia","Flavobacteriales","Flavobacteriaceae","Oceanihabitans","Oceanihabitans sp. IOP"
"ASV_4927",FALSE,"Basidiomycota","Exobasidiomycetes","Microstromatales","","","uncultured Jaminaea"
"ASV_4928",FALSE,"Ascomycota","Sordariomycetes","Glomerellales","Plectosphaerellaceae","Plectosphaerella","Plectosphaerella sp."
"ASV_4930",FALSE,"Bacteroidota","Flavobacteriia","Flavobacteriales","Flavobacteriaceae","Aggregatimonas","Aggregatimonas sangjinii"
"ASV_4932",FALSE,"Bacteroidota","Sphingobacteriia","Sphingobacteriales","Sphingobacteriaceae","Pedobacter","Pedobacter sp. D749"
"ASV_4934",FALSE,"Ascomycota","Eurotiomycetes","Eurotiales","Aspergillaceae","Penicillium","Penicillium citrinum"
"ASV_4936",FALSE,"","","","","","invertebrate environmental sample"
"ASV_4938",FALSE,"Ascomycota","Dothideomycetes","Dothideales","Dothioraceae","Sydowia","Sydowia polyspora"
"ASV_4939",FALSE,"Ascomycota","Dothideomycetes","Dothideales","Dothioraceae","Sydowia","Sydowia polyspora"
"ASV_4940",FALSE,"Ascomycota","Leotiomycetes","Chaetomellales","Chaetomellaceae","Synchaetomella","Synchaetomella acerina"
"ASV_4941",FALSE,"Ascomycota","Dothideomycetes","Pleosporales","Pleosporaceae","Alternaria","Alternaria tenuissima"
"ASV_4942",FALSE,"Arthropoda","Arachnida","Sarcoptiformes","Cepheidae","Oribatodes","Oribatodes sp. BOLD:AAE1642"
"ASV_4943",FALSE,"Basidiomycota","Ustilaginomycetes","Ustilaginales","Ustilaginaceae","Macalpinomyces","Macalpinomyces bursus"
"ASV_4944",FALSE,"Bacteroidota","Sphingobacteriia","Sphingobacteriales","Sphingobacteriaceae","Pedobacter","Pedobacter sp."
"ASV_4951",FALSE,"Chordata","Aves","Sphenisciformes","Spheniscidae","Eudyptula","Eudyptula minor"
"ASV_4954",FALSE,"Ascomycota","Leotiomycetes","Erysiphales","Erysiphaceae","Blumeria","Blumeria graminis"
"ASV_4957",FALSE,"Ascomycota","Eurotiomycetes","Onygenales","Arachnomycetaceae","Arachnomyces","Arachnomyces peruvianus"
"ASV_4962",FALSE,"Ascomycota","Eurotiomycetes","Chaetothyriales","Trichomeriaceae","Arthrocladium","Arthrocladium fulminans"
"ASV_4963",FALSE,"","Chrysophyceae","Chromulinales","Chromulinaceae","Pedospumella","Pedospumella sp."
"ASV_4965",FALSE,"Ascomycota","Eurotiomycetes","Chaetothyriales","Trichomeriaceae","Arthrocladium","Arthrocladium fulminans"
"ASV_4966",FALSE,"Chordata","Aves","Sphenisciformes","Spheniscidae","Eudyptula","Eudyptula minor"
"ASV_4971",FALSE,"Basidiomycota","Cystobasidiomycetes","Cystobasidiales","Cystobasidiaceae","Cystobasidium","Cystobasidium sp."
"ASV_4972",FALSE,"Ascomycota","Dothideomycetes","","","","Dothideomycetes sp. NU30"
"ASV_4973",FALSE,"Arthropoda","Insecta","Coleoptera","Curculionidae","Curculio","Curculio sp. 2 ZM-2022a"
"ASV_4974",FALSE,"Bacteroidota","Flavobacteriia","Flavobacteriales","Flavobacteriaceae","Flavobacterium","Flavobacterium flavipigmentatum"
"ASV_4977",FALSE,"Basidiomycota","Microbotryomycetes","Sporidiobolales","Sporidiobolaceae","Rhodotorula","Rhodotorula mucilaginosa"
"ASV_4980",FALSE,"Mucoromycota","Mucoromycetes","Mucorales","Lichtheimiaceae","Lichtheimia","Lichtheimia ramosa"
"ASV_4981",FALSE,"Apicomplexa","Conoidasida","Eucoccidiorida","Eimeriidae","Eimeria","Eimeria sp."
"ASV_4984",FALSE,"Pseudomonadota","Alphaproteobacteria","Hyphomicrobiales","Nitrobacteraceae","Bradyrhizobium","Bradyrhizobium sp. Ash2021"
"ASV_4985",FALSE,"Chordata","Mammalia","Primates","Hominidae","Homo","Homo sapiens"
"ASV_4986",FALSE,"Chordata","Mammalia","Primates","Hominidae","Homo","Homo sapiens"
"ASV_4987",FALSE,"Chordata","Actinopteri","Cyprinodontiformes","Poeciliidae","Gambusia","Gambusia affinis"
"ASV_4988",FALSE,"Chordata","Aves","Sphenisciformes","Spheniscidae","Eudyptula","Eudyptula minor"
"ASV_4992",FALSE,"Ascomycota","Eurotiomycetes","Chaetothyriales","Herpotrichiellaceae","Exophiala","Exophiala lecanii-corni"
"ASV_4993",FALSE,"","","","","","invertebrate environmental sample"
"ASV_4996",FALSE,"Bacteroidota","Flavobacteriia","Flavobacteriales","Flavobacteriaceae","Flavobacterium","Flavobacterium flavigenum"
"ASV_4997",FALSE,"Chlorophyta","Trebouxiophyceae","Prasiolales","Koliellaceae","Koliella","Koliella longiseta"
"ASV_4998",FALSE,"Bacteroidota","Sphingobacteriia","Sphingobacteriales","Sphingobacteriaceae","Pedobacter","Pedobacter sp. D749"
"ASV_4999",FALSE,"Ascomycota","Sordariomycetes","Ophiostomatales","Ophiostomataceae","Ophiostoma","Ophiostoma piceae"
"ASV_5000",FALSE,"Ascomycota","Leotiomycetes","Thelebolales","Thelebolaceae","Pseudogymnoascus","Pseudogymnoascus destructans"
"ASV_5001",FALSE,"Rotifera","Eurotatoria","Philodinida","Habrotrochidae","Habrotrocha","Habrotrocha sp. C03"
"ASV_5003",FALSE,"Ascomycota","Leotiomycetes","Thelebolales","Thelebolaceae","Pseudogymnoascus","Pseudogymnoascus destructans"
"ASV_5004",FALSE,"Ascomycota","Dothideomycetes","Mycosphaerellales","Mycosphaerellaceae","Septoria","Septoria linicola"
"ASV_5008",FALSE,"Oomycota","","Peronosporales","Peronosporaceae","Peronospora","Peronospora effusa"
"ASV_5009",FALSE,"Rhodophyta","Florideophyceae","Plocamiales","Plocamiaceae","Plocamium","Plocamium lyngbyanum"
"ASV_5010",FALSE,"Arthropoda","Arachnida","Sarcoptiformes","Acaridae","Tyrophagus","Tyrophagus putrescentiae"
"ASV_5013",FALSE,"Discosea","","Longamoebia","Acanthamoebidae","Acanthamoeba","Acanthamoeba astronyxis"
"ASV_5017",FALSE,"Ascomycota","Sordariomycetes","Ophiostomatales","Ophiostomataceae","Sporothrix","Sporothrix sp. FH-2023a"
"ASV_5021",FALSE,"Ascomycota","Dothideomycetes","Pleosporales","Pleosporaceae","Edenia","Edenia gomezpompae"
"ASV_5024",FALSE,"Bacteroidota","Flavobacteriia","Flavobacteriales","","","Flavobacteriales bacterium"
"ASV_5029",FALSE,"Bacteroidota","Flavobacteriia","Flavobacteriales","Flavobacteriaceae","Tenacibaculum","Tenacibaculum insulae"
"ASV_5033",FALSE,"Bacteroidota","Flavobacteriia","Flavobacteriales","Flavobacteriaceae","Winogradskyella","Winogradskyella schleiferi"
"ASV_5034",FALSE,"Pseudomonadota","Gammaproteobacteria","Pseudomonadales","Marinobacteraceae","Marinobacter","Marinobacter sp. LV10R510-11A"
"ASV_5035",FALSE,"Bacillota","Bacilli","Bacillales","Bacillaceae","Lysinibacillus","Lysinibacillus sp. RS11"
"ASV_5038",FALSE,"Bacteroidota","Flavobacteriia","Flavobacteriales","Flavobacteriaceae","Algibacter","Algibacter sp. L3A6"
"ASV_5042",FALSE,"Chordata","Actinopteri","Cyprinodontiformes","Poeciliidae","Gambusia","Gambusia affinis"
"ASV_5043",FALSE,"Chordata","Actinopteri","Cyprinodontiformes","Poeciliidae","Gambusia","Gambusia affinis"
"ASV_5044",FALSE,"Chordata","Aves","Sphenisciformes","Spheniscidae","Eudyptula","Eudyptula minor"
"ASV_5048",FALSE,"Pseudomonadota","Betaproteobacteria","Nitrosomonadales","Methylophilaceae","Methylotenera","Methylotenera versatilis"
"ASV_5049",FALSE,"Ascomycota","Eurotiomycetes","Chaetothyriales","Trichomeriaceae","Arthrocladium","Arthrocladium fulminans"
"ASV_5052",FALSE,"Pseudomonadota","Alphaproteobacteria","Sphingomonadales","Sphingomonadaceae","Sphingomonas","Sphingomonas carotinifaciens"
"ASV_5055",FALSE,"Mucoromycota","Mucoromycetes","Mucorales","Mucoraceae","Apophysomyces","Apophysomyces elegans"
"ASV_5056",FALSE,"Ascomycota","Eurotiomycetes","Eurotiales","Aspergillaceae","Penicillium","Penicillium sp. ShG4C"
"ASV_5058",FALSE,"Chordata","Aves","Sphenisciformes","Spheniscidae","Eudyptula","Eudyptula minor"
"ASV_5060",FALSE,"Bacillota","Bacilli","Lactobacillales","Carnobacteriaceae","Carnobacterium","Carnobacterium divergens"
"ASV_5064",FALSE,"Oomycota","","Olpidiopsidales","Olpidiopsidaceae","Olpidiopsis","Olpidiopsis feldmanni"
"ASV_5065",FALSE,"Chordata","Aves","Sphenisciformes","Spheniscidae","Eudyptula","Eudyptula minor"
"ASV_5066",FALSE,"Chordata","Aves","Sphenisciformes","Spheniscidae","Eudyptula","Eudyptula minor"
"ASV_5073",FALSE,"Chordata","Actinopteri","Cyprinodontiformes","Poeciliidae","Gambusia","Gambusia affinis"
"ASV_5074",FALSE,"Pseudomonadota","Alphaproteobacteria","Hyphomicrobiales","Nitrobacteraceae","Bradyrhizobium","Bradyrhizobium sp. Ash2021"
