ASV,Kingdom,Phylum,Class,Order,Family,Genus,Species
ASV_1,Fungi,Streptophyta,Magnoliopsida,Apiales,Araliaceae,Pseudopanax,Pseudopanax_ferox
ASV_2,Fungi,Ascomycota,Dothideomycetes,Pleosporales,Pleosporaceae,Bipolaris,Bipolaris_cynodontis
ASV_3,Fungi,Streptophyta,Magnoliopsida,Asterales,Asteraceae,Bellis,Bellis_perennis
ASV_4,Fungi,Streptophyta,Magnoliopsida,Myrtales,Myrtaceae,Eucalyptus,Eucalyptus_pulverulenta
ASV_5,Fungi,Ascomycota,Pichiomycetes,Pichiales,Pichiaceae,Pichia,Pichia_kudriavzevii
ASV_6,Fungi,Ascomycota,Dothideomycetes,Pleosporales,Didymosphaeriaceae,Pseudopithomyces,Pseudopithomyces_chartarum
ASV_7,Fungi,Streptophyta,Magnoliopsida,Ranunculales,Ranunculaceae,Ranunculus,Ranunculus_sardous
ASV_8,Fungi,Ascomycota,Dothideomycetes,Pleosporales,Didymellaceae,Epicoccum,Epicoccum_andropogonis
ASV_9,Fungi,Streptophyta,Magnoliopsida,Myrtales,Myrtaceae,Eucalyptus,Eucalyptus_nicholii
ASV_10,Fungi,Ascomycota,Dothideomycetes,Pleosporales,Didymellaceae,Microsphaeropsis,Microsphaeropsis_sp.
ASV_11,Fungi,Streptophyta,Magnoliopsida,Myrtales,Myrtaceae,Leptospermum,Leptospermum_scoparium
ASV_12,Fungi,Basidiomycota,Tremellomycetes,Tremellales,Rhynchogastremaceae,Papiliotrema,Papiliotrema_nemorosa
ASV_13,Fungi,Streptophyta,Magnoliopsida,Apiales,Araliaceae,Hedera,Hedera_helix
ASV_14,Fungi,Ascomycota,Dothideomycetes,Pleosporales,Pleosporaceae,Curvularia,Curvularia_coatesiae
ASV_15,Fungi,Streptophyta,Magnoliopsida,Myrtales,Myrtaceae,Eucalyptus,Eucalyptus_saligna
ASV_16,Fungi,Ascomycota,Dothideomycetes,Pleosporales,Pleosporaceae,Bipolaris,Bipolaris_cynodontis
ASV_17,Fungi,Ascomycota,Pichiomycetes,Pichiales,Pichiaceae,Pichia,Pichia_occidentalis
ASV_18,Fungi,Ascomycota,Dothideomycetes,Pleosporales,Didymellaceae,Epicoccum,Epicoccum_pimprinum
ASV_19,Fungi,Ascomycota,Dothideomycetes,Pleosporales,Pleosporaceae,Alternaria,Alternaria_inflata
ASV_20,Plantae,Streptophyta,Magnoliopsida,Asterales,Asteraceae,Bellis,Bellis_perennis
ASV_21,Plantae,Streptophyta,Magnoliopsida,Asterales,Asteraceae,Crepis,Crepis_capillaris
ASV_22,Plantae,Streptophyta,Magnoliopsida,Apiales,Araliaceae,Pseudopanax,Pseudopanax_ferox
ASV_23,Plantae,Streptophyta,Magnoliopsida,Myrtales,Myrtaceae,Eucalyptus,Eucalyptus_robusta
ASV_24,Fungi,Ascomycota,Dothideomycetes,Pleosporales,Didymosphaeriaceae,Pseudopithomyces,Pseudopithomyces_chartarum
ASV_25,Fungi,Ascomycota,Saccharomycetes,Saccharomycetales,Saccharomycetaceae,Lachancea,Lachancea_kluyveri
ASV_26,Plantae,Streptophyta,Magnoliopsida,Asterales,Asteraceae,Bellis,Bellis_perennis
ASV_27,Plantae,Streptophyta,Magnoliopsida,Asterales,Asteraceae,Bellis,Bellis_perennis
ASV_28,Fungi,Ascomycota,Saccharomycetes,Saccharomycetales,Saccharomycetaceae,Arxiozyma,Arxiozyma_pintolopesii
ASV_29,Fungi,Ascomycota,Dothideomycetes,Cladosporiales,Cladosporiaceae,Cladosporium,Cladosporium_sp.
ASV_30,Plantae,Streptophyta,Magnoliopsida,Myrtales,Myrtaceae,Eucalyptus,Eucalyptus_botryoides
ASV_31,Plantae,Streptophyta,Magnoliopsida,Lamiales,Plantaginaceae,Veronica,Veronica_speciosa
ASV_32,Plantae,Streptophyta,Magnoliopsida,Malvales,Malvaceae,Hoheria,Hoheria_aff._sexstylosa_SJW-2009
ASV_33,Plantae,Streptophyta,Magnoliopsida,Asterales,Asteraceae,Crepis,Crepis_capillaris
ASV_34,Fungi,Ascomycota,Dothideomycetes,Pleosporales,Pleosporaceae,Curvularia,Curvularia_coatesiae
ASV_35,Fungi,Ascomycota,Dothideomycetes,Pleosporales,Pleosporaceae,Bipolaris,NA
ASV_36,Fungi,Ascomycota,Saccharomycetes,Saccharomycetales,Pichiaceae,Pichia,Pichia_eremophila
ASV_37,Fungi,Ascomycota,Dothideomycetes,Pleosporales,Pleosporaceae,Bipolaris,Bipolaris_drechsleri
ASV_38,Fungi,Ascomycota,Saccharomycetes,Saccharomycetales,Saccharomycetaceae,Kazachstania,Kazachstania_heterogenica
ASV_39,Fungi,Ascomycota,Dothideomycetes,Cladosporiales,Cladosporiaceae,Cladosporium,Cladosporium_herbarum
ASV_40,Fungi,Basidiomycota,Microbotryomycetes,Sporidiobolales,Sporidiobolaceae,Rhodotorula,Rhodotorula_glutinis
ASV_41,Plantae,Streptophyta,Magnoliopsida,Malvales,Malvaceae,Hoheria,Hoheria_aff._sexstylosa_SJW-2009
ASV_42,Plantae,Streptophyta,Magnoliopsida,Asterales,Asteraceae,NA,Hypochaeris_environmental_sample
ASV_43,Fungi,Ascomycota,Saccharomycetes,Saccharomycetales,Saccharomycetales_fam_Incertae_sedis,Candida,Candida_californica
ASV_44,Plantae,Streptophyta,Magnoliopsida,Asterales,Asteraceae,Taraxacum,Taraxacum_officinale
ASV_45,Fungi,Ascomycota,Dothideomycetes,Pleosporales,Didymellaceae,Epicoccum,Epicoccum_andropogonis
ASV_46,Fungi,Ascomycota,Dothideomycetes,Pleosporales,Pleosporaceae,Bipolaris,Bipolaris_microlaenae
ASV_47,Plantae,Streptophyta,Magnoliopsida,Lamiales,Plantaginaceae,Veronica,Veronica_topiaria
ASV_48,Fungi,Ascomycota,Dothideomycetes,Pleosporales,Didymellaceae,Epicoccum,Epicoccum_nigrum
ASV_49,Plantae,Streptophyta,Magnoliopsida,Apiales,Araliaceae,Pseudopanax,Pseudopanax_ferox
ASV_50,Plantae,Streptophyta,Magnoliopsida,Apiales,Araliaceae,Fatsia,Fatsia_japonica
ASV_51,Fungi,Ascomycota,Dothideomycetes,Pleosporales,Pleosporaceae,Alternaria,Alternaria_alternata
ASV_52,Fungi,Ascomycota,Dothideomycetes,Pleosporales,Didymellaceae,Calophoma,NA
ASV_53,Fungi,Ascomycota,Dothideomycetes,Pleosporales,Pleosporaceae,Curvularia,Curvularia_tsudae
ASV_54,Fungi,Streptophyta,Magnoliopsida,Apiales,Araliaceae,Schefflera,Schefflera_digitata
ASV_55,Fungi,Ascomycota,Eurotiomycetes,Eurotiales,Aspergillaceae,Penicillium,Penicillium_expansum
ASV_56,Fungi,Streptophyta,Magnoliopsida,Apiales,Araliaceae,Schefflera,Schefflera_digitata
ASV_57,Fungi,Streptophyta,Magnoliopsida,Asterales,Asteraceae,Taraxacum,Taraxacum_officinale
ASV_58,Fungi,Streptophyta,Magnoliopsida,Asterales,Asteraceae,Crepis,Crepis_capillaris
ASV_59,Fungi,Ascomycota,Dothideomycetes,Pleosporales,Didymellaceae,Calophoma,NA
ASV_60,Fungi,Ascomycota,Dothideomycetes,Pleosporales,Pleosporaceae,Curvularia,Curvularia_tsudae
ASV_61,Fungi,Ascomycota,Dothideomycetes,Pleosporales,Didymellaceae,Calophoma,NA
ASV_62,Fungi,Ascomycota,Dothideomycetes,Pleosporales,Didymellaceae,Calophoma,NA
ASV_63,Fungi,Streptophyta,Magnoliopsida,Myrtales,Myrtaceae,Eucalyptus,Eucalyptus_saligna
ASV_64,Fungi,Streptophyta,Magnoliopsida,Apiales,Araliaceae,Hedera,Hedera_helix
ASV_65,Fungi,Streptophyta,Magnoliopsida,Asterales,Asteraceae,Bellis,Bellis_perennis
ASV_66,Fungi,Ascomycota,Saccharomycetes,Saccharomycetales,Saccharomycetaceae,Arxiozyma,Arxiozyma_pintolopesii
ASV_67,Fungi,Ascomycota,Saccharomycetes,Saccharomycetales,Pichiaceae,Pichia,Pichia_eremophila
ASV_68,Fungi,Ascomycota,Dothideomycetes,Pleosporales,Didymellaceae,Calophoma,NA
ASV_69,Fungi,Streptophyta,Magnoliopsida,Asterales,Asteraceae,Leontodon,Leontodon_saxatilis
ASV_70,Fungi,Streptophyta,Magnoliopsida,Asterales,Asteraceae,Pilosella,Pilosella_officinarum
ASV_71,Fungi,Ascomycota,Dothideomycetes,Pleosporales,Pleosporaceae,Bipolaris,NA
ASV_72,Fungi,Ascomycota,Saccharomycetes,Saccharomycetales,Pichiaceae,Pichia,Pichia_eremophila
ASV_73,Fungi,Streptophyta,Magnoliopsida,Myrtales,Myrtaceae,Eucalyptus,Eucalyptus_nicholii
ASV_74,Fungi,Ascomycota,Saccharomycetes,Saccharomycetales,Saccharomycetaceae,Torulaspora,Torulaspora_sp.
ASV_75,Fungi,Ascomycota,Sordariomycetes,Hypocreales,Clavicipitaceae,Claviceps,Claviceps_macroura
ASV_76,Fungi,Streptophyta,Magnoliopsida,Myrtales,Myrtaceae,Eucalyptus,Eucalyptus_botryoides
ASV_77,Fungi,Ascomycota,Saccharomycetes,Saccharomycetales,Saccharomycetaceae,Monosporozyma,Monosporozyma_servazzii
ASV_78,Fungi,Ascomycota,Pichiomycetes,Pichiales,Pichiaceae,Pichia,Pichia_kudriavzevii
ASV_79,Fungi,Ascomycota,Dothideomycetes,Pleosporales,Didymellaceae,Epicoccum,Epicoccum_nigrum
ASV_80,Fungi,Ascomycota,Dothideomycetes,Pleosporales,Pleosporaceae,Curvularia,Curvularia_coatesiae
ASV_81,Fungi,NA,NA,NA,NA,NA,NA
ASV_82,Fungi,Ascomycota,Dothideomycetes,Pleosporales,Didymosphaeriaceae,Pseudopithomyces,Pseudopithomyces_chartarum
ASV_83,Fungi,Streptophyta,Magnoliopsida,Apiales,Araliaceae,Pseudopanax,Pseudopanax_ferox
ASV_84,Fungi,Mucoromycota,Mucoromycetes,Mucorales,Mucoraceae,Mucor,Mucor_fragilis
ASV_85,Fungi,Ascomycota,Dothideomycetes,Pleosporales,Pleosporaceae,Alternaria,Alternaria_alternata
ASV_86,Fungi,NA,NA,NA,NA,NA,NA
ASV_87,Fungi,Streptophyta,Magnoliopsida,Asterales,Asteraceae,Leontodon,Leontodon_saxatilis
ASV_88,Fungi,Streptophyta,Magnoliopsida,Myrtales,Myrtaceae,Leptospermum,Leptospermum_scoparium
ASV_89,Fungi,Ascomycota,Pichiomycetes,Pichiales,Pichiaceae,Pichia,Pichia_kudriavzevii
ASV_90,Fungi,Streptophyta,Magnoliopsida,Apiales,Apiaceae,Daucus,Daucus_carota
ASV_91,Fungi,Streptophyta,Magnoliopsida,Apiales,Araliaceae,Pseudopanax,Pseudopanax_ferox
ASV_92,Fungi,Ascomycota,Pichiomycetes,Pichiales,Pichiaceae,Pichia,Pichia_fermentans
ASV_93,Fungi,Streptophyta,Magnoliopsida,Apiales,Araliaceae,Hedera,Hedera_helix
ASV_94,Fungi,Streptophyta,Magnoliopsida,Rosales,Rosaceae,Rosa,Rosa_agrestis
ASV_95,Fungi,Ascomycota,Saccharomycetes,Saccharomycetales,Pichiaceae,Pichia,Pichia_eremophila
ASV_96,Fungi,Streptophyta,Magnoliopsida,Asterales,Asteraceae,Crepis,Crepis_capillaris
ASV_97,Fungi,Mucoromycota,Mucoromycetes,Mucorales,Mucoraceae,Mucor,Mucor_hiemalis
ASV_98,Fungi,Ascomycota,Dothideomycetes,Pleosporales,Didymellaceae,Epicoccum,Epicoccum_nigrum
ASV_99,Fungi,Ascomycota,Dothideomycetes,Cladosporiales,Cladosporiaceae,Cladosporium,Cladosporium_herbarum
ASV_100,Fungi,Streptophyta,Magnoliopsida,Asterales,Asteraceae,Taraxacum,Taraxacum_latilobum
ASV_101,Fungi,Streptophyta,Magnoliopsida,Asterales,Asteraceae,Taraxacum,Taraxacum_officinale
ASV_102,Fungi,Ascomycota,Dothideomycetes,Pleosporales,Pleosporaceae,Bipolaris,Bipolaris_cynodontis
ASV_103,Fungi,Ascomycota,Dothideomycetes,Pleosporales,Pleosporaceae,Stemphylium,Stemphylium_vesicarium
ASV_104,Fungi,Ascomycota,Saccharomycetes,Saccharomycetales,Pichiaceae,Pichia,Pichia_nakasei
ASV_105,Fungi,NA,NA,NA,NA,NA,NA
ASV_106,Fungi,Streptophyta,Magnoliopsida,Apiales,Araliaceae,Pseudopanax,Pseudopanax_ferox
ASV_107,Fungi,Streptophyta,Magnoliopsida,Apiales,Araliaceae,Pseudopanax,Pseudopanax_ferox
ASV_108,Fungi,Streptophyta,Magnoliopsida,Asterales,Asteraceae,Leontodon,Leontodon_saxatilis
ASV_109,Fungi,Ascomycota,Dothideomycetes,Pleosporales,Pleosporaceae,Curvularia,Curvularia_coatesiae
ASV_110,Fungi,Ascomycota,Saccharomycetes,Saccharomycetales,Pichiaceae,Pichia,Pichia_eremophila
ASV_111,Fungi,Ascomycota,Dothideomycetes,Pleosporales,Didymellaceae,Calophoma,NA
ASV_112,Fungi,Ascomycota,Dothideomycetes,Pleosporales,Didymosphaeriaceae,Pseudopithomyces,Pseudopithomyces_chartarum
ASV_113,Fungi,Streptophyta,Magnoliopsida,Rosales,Rosaceae,Rosa,Rosa_agrestis
ASV_114,Fungi,Streptophyta,Magnoliopsida,Apiales,Apiaceae,Daucus,Daucus_carota
ASV_115,Fungi,Streptophyta,Magnoliopsida,Myrtales,Myrtaceae,Eucalyptus,Eucalyptus_botryoides
ASV_116,Fungi,Ascomycota,Pichiomycetes,Pichiales,Pichiaceae,Pichia,Pichia_fermentans
ASV_117,Fungi,Streptophyta,Magnoliopsida,Lamiales,Plantaginaceae,Veronica,Veronica_chathamica
ASV_118,Fungi,Ascomycota,Pichiomycetes,Pichiales,Pichiaceae,Pichia,Pichia_exigua
ASV_119,Fungi,Streptophyta,Magnoliopsida,Asterales,Asteraceae,Crepis,Crepis_capillaris
ASV_120,Fungi,Streptophyta,Magnoliopsida,Myrtales,Myrtaceae,Leptospermum,Leptospermum_scoparium
ASV_121,Fungi,Streptophyta,Magnoliopsida,Myrtales,Myrtaceae,Leptospermum,Leptospermum_scoparium
ASV_122,Fungi,Streptophyta,Magnoliopsida,Caryophyllales,Basellaceae,Anredera,Anredera_cordifolia
ASV_123,Fungi,Streptophyta,Magnoliopsida,Asterales,Asteraceae,Bellis,Bellis_perennis
ASV_124,Fungi,Streptophyta,Magnoliopsida,Asterales,Asteraceae,Taraxacum,Taraxacum_officinale
ASV_125,Fungi,Streptophyta,Magnoliopsida,Myrtales,Myrtaceae,Leptospermum,Leptospermum_scoparium
ASV_126,Fungi,Streptophyta,Magnoliopsida,Poales,Poaceae,Paspalum,Paspalum_dilatatum
ASV_127,Fungi,Streptophyta,Magnoliopsida,Asterales,Asteraceae,Leucanthemum,Leucanthemum_pyrenaicum
ASV_128,Fungi,Streptophyta,Magnoliopsida,Poales,Poaceae,Dactylis,Dactylis_glomerata
ASV_129,Fungi,Ascomycota,Saccharomycetes,Saccharomycetales,Pichiaceae,Pichia,Pichia_eremophila
ASV_130,Fungi,Streptophyta,Magnoliopsida,Malvales,Malvaceae,Hoheria,Hoheria_aff._sexstylosa_SJW-2009
ASV_131,Fungi,Basidiomycota,Microbotryomycetes,Sporidiobolales,Sporidiobolaceae,Sporobolomyces,Sporobolomyces_ruberrimus
ASV_132,Fungi,Streptophyta,Magnoliopsida,Solanales,Solanaceae,Solanum,Solanum_lycopersicum
ASV_133,Fungi,Streptophyta,Magnoliopsida,Asterales,Asteraceae,Bellis,Bellis_perennis
ASV_134,Fungi,Mucoromycota,Mucoromycetes,Mucorales,Mucoraceae,Mucor,Mucor_flavus
ASV_135,Fungi,Streptophyta,Magnoliopsida,Asterales,Asteraceae,Craspedia,Craspedia_sp._CHR514290
ASV_136,Fungi,Streptophyta,Magnoliopsida,Poales,Poaceae,Poa,Poa_annua
ASV_137,Fungi,Basidiomycota,Tremellomycetes,Tremellales,Rhynchogastremaceae,Papiliotrema,Papiliotrema_nemorosa
ASV_138,Fungi,Streptophyta,Magnoliopsida,Asterales,Asteraceae,Pilosella,Pilosella_officinarum
ASV_139,Fungi,Ascomycota,Dothideomycetes,Pleosporales,Phaeosphaeriaceae,NA,Phaeosphaeriaceae_sp.
ASV_140,Fungi,NA,NA,NA,NA,NA,NA
ASV_141,Fungi,Streptophyta,Magnoliopsida,Lamiales,Plantaginaceae,Plantago,Plantago_lanceolata
ASV_142,Fungi,Ascomycota,Dothideomycetes,Pleosporales,Pleosporaceae,Alternaria,Alternaria_alternata
ASV_143,Fungi,Basidiomycota,Tremellomycetes,Tremellales,Bulleribasidiaceae,Hannaella,Hannaella_zeae
ASV_144,Fungi,Chlorophyta,Trebouxiophyceae,Watanabeales,NA,Chloroidium,Chloroidium_orientale
ASV_145,Fungi,Ascomycota,Dothideomycetes,Pleosporales,Pleosporaceae,Curvularia,Curvularia_papendorfii
ASV_146,Fungi,Streptophyta,Magnoliopsida,Fabales,Fabaceae,Trifolium,Trifolium_repens
ASV_147,Fungi,Ascomycota,Saccharomycetes,Saccharomycetales,Saccharomycetaceae,Saccharomyces,Saccharomyces_bayanus
ASV_148,Fungi,Fungi_phy_Incertae_sedis,Fungi_cls_Incertae_sedis,Fungi_ord_Incertae_sedis,Fungi_fam_Incertae_sedis,Fungi_gen_Incertae_sedis,NA
ASV_149,Fungi,Basidiomycota,Tremellomycetes,Tremellales,Rhynchogastremaceae,Papiliotrema,Papiliotrema_nemorosa
ASV_150,Fungi,Streptophyta,Magnoliopsida,Myrtales,Myrtaceae,Metrosideros,Metrosideros_perforata
ASV_151,Fungi,Streptophyta,Magnoliopsida,Asterales,Asteraceae,Bellis,Bellis_perennis
ASV_152,Fungi,Ascomycota,Dothideomycetes,Pleosporales,Didymellaceae,Calophoma,NA
ASV_153,Fungi,Streptophyta,Magnoliopsida,Myrtales,Myrtaceae,Leptospermum,Leptospermum_scoparium
ASV_154,Fungi,Streptophyta,Magnoliopsida,Lamiales,Plantaginaceae,Veronica,Veronica_strictissima
ASV_155,Fungi,Streptophyta,Magnoliopsida,Asterales,Asteraceae,Pilosella,Pilosella_officinarum
ASV_156,Fungi,Streptophyta,Magnoliopsida,Ranunculales,Ranunculaceae,Ranunculus,Ranunculus_bulbosus
ASV_157,Fungi,Streptophyta,Magnoliopsida,Asterales,Asteraceae,Craspedia,Craspedia_sp._CHR514290
ASV_158,Fungi,Basidiomycota,Microbotryomycetes,Sporidiobolales,Sporidiobolaceae,Rhodotorula,Rhodotorula_glutinis
ASV_159,Fungi,Streptophyta,Magnoliopsida,Asterales,Asteraceae,Taraxacum,Taraxacum_sp._CF-2016
ASV_160,Fungi,Ascomycota,Saccharomycetes,Saccharomycetales,Pichiaceae,Pichia,Pichia_fermentans
ASV_161,Fungi,Ascomycota,Dothideomycetes,Cladosporiales,Cladosporiaceae,Cladosporium,Cladosporium_herbarum
ASV_162,Fungi,Streptophyta,Magnoliopsida,Ranunculales,Ranunculaceae,Ranunculus,Ranunculus_sardous
ASV_163,Fungi,Ascomycota,Saccharomycetes,Saccharomycetales,Pichiaceae,Pichia,Pichia_eremophila
ASV_164,Fungi,Streptophyta,Magnoliopsida,Myrtales,Myrtaceae,Leptospermum,Leptospermum_scoparium
ASV_165,Fungi,Streptophyta,Magnoliopsida,Myrtales,Myrtaceae,Leptospermum,Leptospermum_obovatum
ASV_166,Fungi,Streptophyta,Magnoliopsida,Myrtales,Myrtaceae,Leptospermum,Leptospermum_scoparium
ASV_167,Fungi,Streptophyta,Magnoliopsida,Myrtales,Myrtaceae,Leptospermum,Leptospermum_scoparium
ASV_168,Fungi,Ascomycota,Dothideomycetes,Pleosporales,Pleosporaceae,Curvularia,Curvularia_coatesiae
ASV_169,Fungi,Streptophyta,Magnoliopsida,Apiales,Apiaceae,Daucus,Daucus_carota
ASV_170,Fungi,Streptophyta,Magnoliopsida,Asterales,Asteraceae,Craspedia,Craspedia_sp._CHR514290
ASV_171,Fungi,Streptophyta,Magnoliopsida,Asterales,Asteraceae,Bellis,Bellis_perennis
ASV_172,Fungi,Streptophyta,Magnoliopsida,Lamiales,Plantaginaceae,Veronica,Veronica_pinguifolia
ASV_173,Fungi,Streptophyta,Magnoliopsida,Asterales,Asteraceae,Erigeron,Erigeron_sp._MIB:SASS:0442
ASV_174,Fungi,Streptophyta,Magnoliopsida,Asterales,Asteraceae,Bellis,Bellis_perennis
ASV_175,Fungi,Basidiomycota,Tremellomycetes,Tremellales,Rhynchogastremaceae,Papiliotrema,Papiliotrema_nemorosa
ASV_176,Fungi,Streptophyta,Magnoliopsida,Lamiales,Plantaginaceae,Veronica,Veronica_topiaria
ASV_177,Fungi,Streptophyta,Magnoliopsida,Apiales,Apiaceae,Coriandrum,Coriandrum_sativum
ASV_178,Fungi,Streptophyta,Magnoliopsida,Rosales,Rosaceae,Rosa,Rosa_agrestis
ASV_179,Fungi,Streptophyta,Magnoliopsida,Asterales,Asteraceae,Craspedia,Craspedia_sp._CHR514290
ASV_180,Fungi,Streptophyta,Magnoliopsida,Asterales,Asteraceae,Taraxacum,Taraxacum_officinale
ASV_181,Fungi,Streptophyta,Magnoliopsida,Caryophyllales,Chenopodiaceae,Beta,Beta_vulgaris
ASV_182,Fungi,Streptophyta,Magnoliopsida,Myrtales,Myrtaceae,Leptospermum,Leptospermum_scoparium
ASV_183,Fungi,Streptophyta,Magnoliopsida,Malvales,Thymelaeaceae,Pimelea,Pimelea_oreophila
ASV_184,Fungi,Streptophyta,Magnoliopsida,Asterales,Asteraceae,Bellis,Bellis_perennis
ASV_185,Fungi,Ascomycota,Dothideomycetes,Pleosporales,Periconiaceae,Periconia,Periconia_verrucosa
ASV_186,Fungi,Streptophyta,Magnoliopsida,Myrtales,Myrtaceae,Eucalyptus,Eucalyptus_saligna
ASV_187,Fungi,Streptophyta,Magnoliopsida,Asterales,Asteraceae,NA,Hypochaeris_environmental_sample
ASV_188,Fungi,Basidiomycota,Microbotryomycetes,Sporidiobolales,Sporidiobolaceae,Sporobolomyces,Sporobolomyces_ruberrimus
ASV_189,Fungi,Streptophyta,Magnoliopsida,Poales,Poaceae,Digitaria,Digitaria_sanguinalis
ASV_190,Fungi,Ascomycota,Dothideomycetes,Pleosporales,Didymellaceae,Didymella,NA
ASV_191,Fungi,Streptophyta,Magnoliopsida,Malvales,Thymelaeaceae,Pimelea,Pimelea_oreophila
ASV_192,Fungi,Streptophyta,Magnoliopsida,Asterales,Asteraceae,Bellis,Bellis_perennis
ASV_193,Fungi,Basidiomycota,Tremellomycetes,Trichosporonales,Trichosporonaceae,Apiotrichum,Apiotrichum_gracile
ASV_194,Fungi,Ascomycota,Dothideomycetes,Pleosporales,Didymellaceae,Epicoccum,Epicoccum_nigrum
ASV_195,Fungi,Ascomycota,Saccharomycetes,Saccharomycetales,Pichiaceae,Pichia,Pichia_nakasei
ASV_196,Fungi,Streptophyta,Magnoliopsida,Asterales,Asteraceae,Crepis,Crepis_capillaris
ASV_197,Fungi,Ascomycota,Dothideomycetes,Pleosporales,Didymellaceae,Phoma,Phoma_sp.
ASV_198,Fungi,Streptophyta,Magnoliopsida,Asterales,Asteraceae,Craspedia,Craspedia_sp._CHR514290
ASV_199,Fungi,Streptophyta,Magnoliopsida,Myrtales,Myrtaceae,Leptospermum,Leptospermum_scoparium
ASV_200,Fungi,Streptophyta,Magnoliopsida,Myrtales,Myrtaceae,Leptospermum,Leptospermum_scoparium
ASV_201,Fungi,Streptophyta,Magnoliopsida,Asterales,Asteraceae,Pilosella,Pilosella_officinarum
ASV_202,Fungi,Ascomycota,Dothideomycetes,Pleosporales,Pleosporaceae,Bipolaris,Bipolaris_cynodontis
ASV_203,Fungi,Streptophyta,Magnoliopsida,Asterales,Asteraceae,Cirsium,Cirsium_arvense
ASV_204,Fungi,Streptophyta,Magnoliopsida,Lamiales,Plantaginaceae,Veronica,Veronica_topiaria
ASV_205,Fungi,Ascomycota,Dothideomycetes,Pleosporales,Pleosporaceae,Alternaria,Alternaria_oregonensis
ASV_206,Fungi,Ascomycota,Dothideomycetes,Pleosporales,Pleosporaceae,Curvularia,Curvularia_nodulosa
ASV_207,Fungi,Streptophyta,Magnoliopsida,Asterales,Asteraceae,Taraxacum,Taraxacum_officinale
ASV_208,Fungi,Ascomycota,Dothideomycetes,Pleosporales,Pleosporaceae,Curvularia,NA
ASV_209,Fungi,Ascomycota,Dothideomycetes,Pleosporales,Pleosporaceae,Alternaria,Alternaria_alternata
ASV_210,Fungi,Streptophyta,Magnoliopsida,Myrtales,Myrtaceae,Eucalyptus,Eucalyptus_robusta
ASV_211,Fungi,Streptophyta,Magnoliopsida,Lamiales,Plantaginaceae,Veronica,Veronica_chathamica
ASV_212,Fungi,NA,NA,NA,NA,NA,NA
ASV_213,Fungi,Streptophyta,Magnoliopsida,Asterales,Asteraceae,Pilosella,Pilosella_flagellaris
ASV_214,Fungi,Streptophyta,Magnoliopsida,Myrtales,Myrtaceae,Leptospermum,Leptospermum_scoparium
ASV_215,Fungi,Ascomycota,Dothideomycetes,Acrospermales,Acrospermaceae,Radulidium,Radulidium_subulatum
ASV_216,Fungi,Streptophyta,Magnoliopsida,Lamiales,Plantaginaceae,Veronica,Veronica_stenophylla
ASV_217,Fungi,Ascomycota,Dothideomycetes,Pleosporales,Pleosporaceae,Curvularia,Curvularia_tsudae
ASV_218,Fungi,Ascomycota,Dothideomycetes,Pleosporales,Leptosphaeriaceae,Plenodomus,Plenodomus_dezfulensis
ASV_219,Fungi,Chlorophyta,Trebouxiophyceae,Trebouxiales,Trebouxiaceae,Trebouxia,Trebouxia_simplex
ASV_220,Fungi,Streptophyta,Magnoliopsida,Myrtales,Myrtaceae,Leptospermum,Leptospermum_scoparium
ASV_221,Fungi,Chytridiomycota,Chytridiomycota_cls_Incertae_sedis,Chytridiomycota_ord_Incertae_sedis,Chytridiomycota_fam_Incertae_sedis,Chytridiomycota_gen_Incertae_sedis,NA
ASV_222,Fungi,Streptophyta,Magnoliopsida,Rosales,Rosaceae,Rosa,Rosa_agrestis
ASV_223,Fungi,Ascomycota,Pichiomycetes,Pichiales,Pichiaceae,Pichia,Pichia_fermentans
ASV_224,Fungi,Streptophyta,Magnoliopsida,Myrtales,Myrtaceae,Eucalyptus,Eucalyptus_regnans
ASV_225,Fungi,Streptophyta,Magnoliopsida,Asterales,Asteraceae,Bellis,Bellis_perennis
ASV_226,Fungi,Streptophyta,Magnoliopsida,Solanales,Solanaceae,Solanum,Solanum_lycopersicum
ASV_227,Fungi,Streptophyta,Magnoliopsida,Asterales,Asteraceae,Leontodon,Leontodon_saxatilis
ASV_228,Fungi,Streptophyta,Magnoliopsida,Apiales,Apiaceae,Daucus,Daucus_carota
ASV_229,Fungi,Streptophyta,Magnoliopsida,Myrtales,Myrtaceae,Eucalyptus,Eucalyptus_saligna
ASV_230,Fungi,Ascomycota,Dothideomycetes,Pleosporales,Pleosporaceae,Bipolaris,Bipolaris_cynodontis
ASV_231,Fungi,Ascomycota,Dothideomycetes,Pleosporales,Dictyosporiaceae,Dictyosporiaceae_gen_Incertae_sedis,NA
ASV_232,Fungi,Streptophyta,Magnoliopsida,Apiales,Araliaceae,Pseudopanax,Pseudopanax_ferox
ASV_233,Fungi,Streptophyta,Magnoliopsida,Myrtales,Myrtaceae,Leptospermum,Leptospermum_scoparium
ASV_234,Fungi,Streptophyta,Magnoliopsida,Malvales,Malvaceae,Hoheria,Hoheria_populnea
ASV_235,Fungi,Streptophyta,Magnoliopsida,Asterales,Asteraceae,Anthemis,Anthemis_cotula
ASV_236,Fungi,Streptophyta,Magnoliopsida,Asterales,Asteraceae,Pilosella,Pilosella_officinarum
ASV_237,Fungi,Streptophyta,Magnoliopsida,Myrtales,Myrtaceae,Leptospermum,Leptospermum_scoparium
ASV_238,Fungi,Ascomycota,Dothideomycetes,Pleosporales,Didymellaceae,NA,NA
ASV_239,Fungi,Streptophyta,Magnoliopsida,Lamiales,Plantaginaceae,Plantago,Plantago_lanceolata
ASV_240,Fungi,Ascomycota,Dothideomycetes,Pleosporales,Pleosporaceae,Exserohilum,Exserohilum_turcicum
ASV_241,Fungi,Streptophyta,Magnoliopsida,Lamiales,Plantaginaceae,Plantago,Plantago_lanceolata
ASV_242,Fungi,Basidiomycota,Microbotryomycetes,Sporidiobolales,Sporidiobolaceae,Sporobolomyces,Sporobolomyces_ruberrimus
ASV_243,Fungi,Streptophyta,Magnoliopsida,Lamiales,Plantaginaceae,Veronica,Veronica_pinguifolia
ASV_244,Fungi,Chlorophyta,Trebouxiophyceae,Watanabeales,NA,Chloroidium,Chloroidium_orientale
ASV_245,Fungi,Streptophyta,Magnoliopsida,Myrtales,Myrtaceae,Leptospermum,Leptospermum_scoparium
ASV_246,Fungi,Ascomycota,Eurotiomycetes,Eurotiales,Aspergillaceae,Aspergillus,Aspergillus_niger
ASV_247,Fungi,Streptophyta,Magnoliopsida,Asterales,Asteraceae,NA,Hypochaeris_environmental_sample
ASV_248,Fungi,Ascomycota,NA,NA,NA,NA,NA
ASV_249,Fungi,Basidiomycota,Microbotryomycetes,Sporidiobolales,Sporidiobolaceae,Sporobolomyces,Sporobolomyces_roseus
ASV_250,Fungi,Ascomycota,Dothideomycetes,Pleosporales,Didymellaceae,Calophoma,NA
ASV_251,Fungi,Streptophyta,Magnoliopsida,Myrtales,Myrtaceae,Leptospermum,Leptospermum_scoparium
ASV_252,Fungi,Mucoromycota,Mucoromycetes,Mucorales,Mucoraceae,Mucor,Mucor_flavus
ASV_253,Fungi,Mucoromycota,Mucoromycetes,Mucorales,Mucoraceae,Mucor,Mucor_fragilis
ASV_254,Fungi,Mucoromycota,Mucoromycetes,Mucorales,Mucoraceae,Mucor,Mucor_flavus
ASV_255,Fungi,Ascomycota,Pichiomycetes,Pichiales,Pichiaceae,Pichia,Pichia_kudriavzevii
ASV_256,Fungi,Ascomycota,Pichiomycetes,Pichiales,Pichiaceae,Pichia,Pichia_fermentans
ASV_257,Fungi,Ascomycota,Pichiomycetes,Pichiales,Pichiaceae,Pichia,Pichia_fermentans
ASV_258,Fungi,Ascomycota,Dothideomycetes,Pleosporales,Didymosphaeriaceae,Pseudopithomyces,Pseudopithomyces_chartarum
ASV_259,Fungi,Ascomycota,Pichiomycetes,Pichiales,Pichiaceae,Pichia,Pichia_membranifaciens
ASV_260,Fungi,Streptophyta,Magnoliopsida,Asterales,Asteraceae,Craspedia,Craspedia_sp._CHR514275
ASV_261,Fungi,Streptophyta,Magnoliopsida,Lamiales,Plantaginaceae,Veronica,Veronica_speciosa
ASV_262,Fungi,Streptophyta,Magnoliopsida,Lamiales,Plantaginaceae,Veronica,Veronica_speciosa
ASV_263,Fungi,Streptophyta,Magnoliopsida,Myrtales,Myrtaceae,Leptospermum,Leptospermum_obovatum
ASV_264,Fungi,Streptophyta,Magnoliopsida,Apiales,Apiaceae,Sison,Sison_amomum
ASV_265,Fungi,Streptophyta,Magnoliopsida,Lamiales,Plantaginaceae,Veronica,Veronica_brachysiphon
ASV_266,Fungi,Streptophyta,Magnoliopsida,Lamiales,Plantaginaceae,Veronica,Veronica_topiaria
ASV_267,Fungi,Streptophyta,Magnoliopsida,Asterales,Asteraceae,Bellis,Bellis_perennis
ASV_268,Fungi,Streptophyta,Magnoliopsida,Fabales,Fabaceae,Trifolium,Trifolium_repens
ASV_269,Fungi,Basidiomycota,Tremellomycetes,Tremellales,Trimorphomycetaceae,Saitozyma,Saitozyma_flava
ASV_270,Fungi,Streptophyta,Magnoliopsida,Asterales,Asteraceae,Erigeron,Erigeron_sp._MIB:SASS:0442
ASV_271,Fungi,Streptophyta,Magnoliopsida,Asterales,Asteraceae,Erigeron,Erigeron_canadensis
ASV_272,Fungi,Ascomycota,Dothideomycetes,Pleosporales,Didymosphaeriaceae,Pseudopithomyces,Pseudopithomyces_chartarum
ASV_273,Fungi,Chlorophyta,Chlorophyceae,Sphaeropleales,Scenedesmaceae,Coelastrella,Coelastrella_sp._SAG_2123
ASV_274,Fungi,Ascomycota,Eurotiomycetes,Eurotiales,Aspergillaceae,Penicillium,Penicillium_paradoxum
ASV_275,Fungi,Streptophyta,Magnoliopsida,Asterales,Asteraceae,Taraxacum,Taraxacum_sp._CF-2016
ASV_276,Fungi,Streptophyta,Magnoliopsida,Poales,Poaceae,Triticum,Triticum_turgidum
ASV_277,Fungi,Fungi_phy_Incertae_sedis,Fungi_cls_Incertae_sedis,Fungi_ord_Incertae_sedis,Fungi_fam_Incertae_sedis,Fungi_gen_Incertae_sedis,NA
ASV_278,Fungi,Ascomycota,Dothideomycetes,Pleosporales,Pleosporaceae,Bipolaris,Bipolaris_axonopicola
ASV_279,Fungi,Streptophyta,Magnoliopsida,Myrtales,Myrtaceae,Leptospermum,Leptospermum_scoparium
ASV_280,Fungi,Ascomycota,Dothideomycetes,Pleosporales,Pleosporaceae,Alternaria,Alternaria_oregonensis
ASV_281,Fungi,Ascomycota,Dothideomycetes,Pleosporales,Didymosphaeriaceae,Pseudopithomyces,Pseudopithomyces_chartarum
ASV_282,Fungi,Ascomycota,Dothideomycetes,Cladosporiales,Cladosporiaceae,Cladosporium,Cladosporium_herbarum
ASV_283,Fungi,Streptophyta,Magnoliopsida,Asterales,Asteraceae,Bellis,Bellis_perennis
ASV_284,Fungi,Ascomycota,Saccharomycetes,Saccharomycetales,NA,NA,NA
ASV_285,Fungi,Streptophyta,Magnoliopsida,Asterales,Asteraceae,Crepis,Crepis_capillaris
ASV_286,Fungi,Streptophyta,Magnoliopsida,Lamiales,Plantaginaceae,Veronica,Veronica_chathamica
ASV_287,Fungi,Ascomycota,Dothideomycetes,Pleosporales,Pleosporaceae,Curvularia,Curvularia_tsudae
ASV_288,Fungi,Ascomycota,Dothideomycetes,Pleosporales,Didymellaceae,Epicoccum,Epicoccum_proteae
ASV_289,Fungi,Basidiomycota,Tremellomycetes,Tremellales,Bulleribasidiaceae,Vishniacozyma,NA
ASV_290,Fungi,Streptophyta,Magnoliopsida,Myrtales,Myrtaceae,Eucalyptus,Eucalyptus_pilularis
ASV_291,Fungi,Ascomycota,Dothideomycetes,Cladosporiales,Cladosporiaceae,Cladosporium,Cladosporium_herbarum
ASV_292,Fungi,Streptophyta,Magnoliopsida,Ericales,Ericaceae,Erica,Erica_lusitanica
ASV_293,Fungi,Ascomycota,Dothideomycetes,Acrospermales,Acrospermaceae,Acrospermum,NA
ASV_294,Fungi,Streptophyta,Magnoliopsida,Brassicales,Brassicaceae,Lobularia,Lobularia_maritima
ASV_295,Fungi,Ascomycota,Dothideomycetes,Pleosporales,Pleosporaceae,NA,NA
ASV_296,Fungi,Ascomycota,Dothideomycetes,Pleosporales,Didymellaceae,Calophoma,Calophoma_rosae
ASV_297,Fungi,Streptophyta,Magnoliopsida,Poales,Poaceae,Poa,Poa_annua
ASV_298,Fungi,Chytridiomycota,Chytridiomycota_cls_Incertae_sedis,Chytridiomycota_ord_Incertae_sedis,Chytridiomycota_fam_Incertae_sedis,Chytridiomycota_gen_Incertae_sedis,NA
ASV_299,Fungi,Streptophyta,Magnoliopsida,Ranunculales,Ranunculaceae,Ranunculus,Ranunculus_bulbosus
ASV_300,Fungi,Streptophyta,Magnoliopsida,Fabales,Fabaceae,Trifolium,Trifolium_repens
ASV_301,Fungi,Streptophyta,Magnoliopsida,Asterales,Asteraceae,Achillea,Achillea_setacea
ASV_302,Fungi,Streptophyta,Magnoliopsida,Asterales,Asteraceae,Achillea,Achillea_millefolium
ASV_303,Fungi,Streptophyta,Magnoliopsida,Myrtales,Myrtaceae,Leptospermum,Leptospermum_scoparium
ASV_304,Fungi,Chlorophyta,Trebouxiophyceae,Watanabeales,NA,Chloroidium,Chloroidium_orientale
ASV_305,Fungi,Ascomycota,Dothideomycetes,Cladosporiales,Cladosporiaceae,Cladosporium,Cladosporium_herbarum
ASV_306,Fungi,Streptophyta,Magnoliopsida,Asterales,Asteraceae,Taraxacum,Taraxacum_latilobum
ASV_307,Fungi,Mucoromycota,Mucoromycetes,Mucorales,Mucoraceae,Mucor,Mucor_circinelloides
ASV_308,Fungi,Streptophyta,Magnoliopsida,Lamiales,Plantaginaceae,Veronica,Veronica_pinguifolia
ASV_309,Fungi,Streptophyta,Magnoliopsida,Asterales,Asteraceae,Taraxacum,Taraxacum_officinale
ASV_310,Fungi,NA,NA,NA,NA,NA,NA
ASV_311,Fungi,Streptophyta,Magnoliopsida,Lamiales,Plantaginaceae,Veronica,Veronica_brachysiphon
ASV_312,Fungi,Streptophyta,Magnoliopsida,Caryophyllales,Amaranthaceae,Amaranthus,Amaranthus_blitum
ASV_313,Fungi,Ascomycota,Dothideomycetes,Pleosporales,Pleosporaceae,Alternaria,Alternaria_alternata
ASV_314,Fungi,Ascomycota,Dothideomycetes,Pleosporales,Pleosporaceae,Stemphylium,Stemphylium_vesicarium
ASV_315,Fungi,Streptophyta,Magnoliopsida,Lamiales,Plantaginaceae,Veronica,Veronica_chathamica
ASV_316,Fungi,Streptophyta,Magnoliopsida,Poales,Poaceae,Paspalum,Paspalum_dilatatum
ASV_317,Fungi,Streptophyta,Magnoliopsida,Asterales,Asteraceae,Erigeron,Erigeron_canadensis
ASV_318,Fungi,Ascomycota,Saccharomycetes,Saccharomycetales,Pichiaceae,Pichia,Pichia_nakasei
ASV_319,Fungi,Streptophyta,Magnoliopsida,Poales,Poaceae,Triticum,Triticum_turgidum
ASV_320,Fungi,Streptophyta,Magnoliopsida,Brassicales,Brassicaceae,Lobularia,Lobularia_maritima
ASV_321,Fungi,Ascomycota,Dothideomycetes,Pleosporales,NA,NA,NA
ASV_322,Fungi,Ascomycota,Saccharomycetes,Saccharomycetales,Pichiaceae,Pichia,Pichia_eremophila
ASV_323,Fungi,Streptophyta,Magnoliopsida,Lamiales,Plantaginaceae,Veronica,Veronica_pinguifolia
ASV_324,Fungi,Basidiomycota,Agaricostilbomycetes,Agaricostilbales,Kondoaceae,Kondoa,NA
ASV_325,Fungi,Streptophyta,Magnoliopsida,Ranunculales,Ranunculaceae,Ranunculus,Ranunculus_sardous
ASV_326,Fungi,Ascomycota,Dothideomycetes,Pleosporales,Pleosporaceae,Bipolaris,Bipolaris_cynodontis
ASV_327,Fungi,Ascomycota,Dothideomycetes,Pleosporales,Pleosporaceae,Curvularia,Curvularia_coatesiae
ASV_328,Fungi,Ascomycota,Dothideomycetes,Pleosporales,Didymellaceae,Epicoccum,Epicoccum_nigrum
ASV_329,Fungi,Ascomycota,Dothideomycetes,Pleosporales,Pleosporaceae,Alternaria,Alternaria_alternata
ASV_330,Fungi,Ascomycota,Dothideomycetes,Pleosporales,Didymellaceae,Calophoma,NA
ASV_331,Fungi,Ascomycota,Pezizomycetes,Pezizales,Sarcosomataceae,Plectania,Plectania_rhytidia
ASV_332,Fungi,Streptophyta,Magnoliopsida,Lamiales,Plantaginaceae,Plantago,Plantago_lanceolata
ASV_333,Fungi,Chlorophyta,Trebouxiophyceae,Watanabeales,NA,Chloroidium,Chloroidium_ellipsoideum
ASV_334,Fungi,Streptophyta,Magnoliopsida,Lamiales,Plantaginaceae,Plantago,Plantago_lanceolata
ASV_335,Fungi,Streptophyta,Magnoliopsida,Asterales,Asteraceae,Achillea,Achillea_millefolium
ASV_336,Fungi,Streptophyta,Magnoliopsida,Myrtales,Myrtaceae,Metrosideros,Metrosideros_perforata
ASV_337,Fungi,Streptophyta,Magnoliopsida,Myrtales,Myrtaceae,Leptospermum,Leptospermum_scoparium
ASV_338,Fungi,Chlorophyta,Trebouxiophyceae,Watanabeales,NA,Chloroidium,Chloroidium_sp._NN-2-O
ASV_339,Fungi,Streptophyta,Magnoliopsida,Apiales,Apiaceae,Daucus,Daucus_carota
ASV_340,Fungi,Streptophyta,Magnoliopsida,Lamiales,Plantaginaceae,Veronica,Veronica_brachysiphon
ASV_341,Fungi,Streptophyta,Magnoliopsida,Asterales,Asteraceae,Pilosella,Pilosella_officinarum
ASV_342,Fungi,Streptophyta,Magnoliopsida,Apiales,Araliaceae,Hedera,Hedera_helix
ASV_343,Fungi,Ascomycota,Dothideomycetes,Pleosporales,Pleosporaceae,Bipolaris,Bipolaris_microlaenae
ASV_344,Fungi,Ascomycota,Dothideomycetes,Pleosporales,Didymellaceae,Calophoma,NA
ASV_345,Fungi,Ascomycota,Saccharomycetes,Saccharomycetales,Pichiaceae,Pichia,Pichia_nakasei
ASV_346,Fungi,Basidiomycota,Tremellomycetes,Tremellales,Bulleribasidiaceae,Vishniacozyma,Vishniacozyma_victoriae
ASV_347,Fungi,Streptophyta,Magnoliopsida,Apiales,Apiaceae,Daucus,Daucus_carota
ASV_348,Fungi,Streptophyta,Magnoliopsida,Poales,Poaceae,Dactylis,Dactylis_glomerata
ASV_349,Fungi,Ascomycota,Dothideomycetes,Pleosporales,NA,NA,NA
ASV_350,Fungi,Ascomycota,Pichiomycetes,Pichiales,Pichiaceae,Pichia,Pichia_kudriavzevii
ASV_351,Fungi,Ascomycota,Dothideomycetes,Pleosporales,Phaeosphaeriaceae,Parastagonospora,Parastagonospora_campignensis
ASV_352,Fungi,Streptophyta,Magnoliopsida,Myrtales,Myrtaceae,Eucalyptus,Eucalyptus_robusta
ASV_353,Fungi,Streptophyta,Magnoliopsida,Asterales,Campanulaceae,Isotoma,Isotoma_fluviatilis
ASV_354,Fungi,Streptophyta,Magnoliopsida,Malvales,Malvaceae,Hoheria,Hoheria_populnea
ASV_355,Fungi,Ascomycota,Dothideomycetes,Pleosporales,Pleosporaceae,Alternaria,Alternaria_inflata
ASV_356,Fungi,Streptophyta,Magnoliopsida,Apiales,Araliaceae,Pseudopanax,Pseudopanax_ferox
ASV_357,Fungi,Basidiomycota,Cystobasidiomycetes,Cystobasidiomycetes_ord_Incertae_sedis,Symmetrosporaceae,Symmetrospora,Symmetrospora_coprosmae
ASV_358,Fungi,Ascomycota,Dothideomycetes,Pleosporales,Didymellaceae,Calophoma,NA
ASV_359,Fungi,Ascomycota,NA,NA,NA,NA,NA
ASV_360,Fungi,Streptophyta,Magnoliopsida,Lamiales,Plantaginaceae,Veronica,Veronica_topiaria
ASV_361,Fungi,Streptophyta,Magnoliopsida,Lamiales,Plantaginaceae,Veronica,Veronica_strictissima
ASV_362,Fungi,NA,NA,NA,NA,NA,NA
ASV_363,Fungi,Basidiomycota,Cystobasidiomycetes,Cystobasidiomycetes_ord_Incertae_sedis,Symmetrosporaceae,Symmetrospora,Symmetrospora_coprosmae
ASV_364,Fungi,Streptophyta,Magnoliopsida,Apiales,Apiaceae,Daucus,Daucus_carota
ASV_365,Fungi,Streptophyta,Magnoliopsida,Asterales,Asteraceae,Craspedia,Craspedia_sp._CHR514290
ASV_366,Fungi,Streptophyta,Magnoliopsida,Asterales,Asteraceae,Pilosella,Pilosella_officinarum
ASV_367,Fungi,Streptophyta,Magnoliopsida,Asterales,Asteraceae,Taraxacum,Taraxacum_(sect._Naevosa)_sp._265-2
ASV_368,Fungi,Basidiomycota,Microbotryomycetes,Sporidiobolales,Sporidiobolaceae,Sporobolomyces,Sporobolomyces_ruberrimus
ASV_369,Fungi,Ascomycota,Dothideomycetes,Pleosporales,Pleosporaceae,Alternaria,NA
ASV_370,Fungi,Ascomycota,Dothideomycetes,Pleosporales,Didymellaceae,Didymella,NA
ASV_371,Fungi,Streptophyta,Magnoliopsida,Myrtales,Myrtaceae,Leptospermum,Leptospermum_scoparium
ASV_372,Fungi,Streptophyta,Magnoliopsida,Lamiales,Plantaginaceae,Veronica,Veronica_topiaria
ASV_373,Fungi,Streptophyta,Magnoliopsida,Myrtales,Myrtaceae,Leptospermum,Leptospermum_scoparium
ASV_374,Fungi,Streptophyta,Magnoliopsida,Asterales,Asteraceae,Taraxacum,Taraxacum_officinale
ASV_375,Fungi,Streptophyta,Magnoliopsida,Poales,Poaceae,Lolium,Lolium_perenne
ASV_376,Fungi,Ascomycota,Dothideomycetes,Pleosporales,Pleosporaceae,Bipolaris,Bipolaris_drechsleri
ASV_377,Fungi,Ascomycota,Dothideomycetes,Dothideales,Saccotheciaceae,Aureobasidium,Aureobasidium_intercalariosporum
ASV_378,Fungi,Ascomycota,Dothideomycetes,Pleosporales,Pleosporaceae,Curvularia,Curvularia_coatesiae
ASV_379,Fungi,Streptophyta,Magnoliopsida,Asterales,Asteraceae,NA,Hypochaeris_environmental_sample
ASV_380,Fungi,Streptophyta,Magnoliopsida,Apiales,Araliaceae,Pseudopanax,Pseudopanax_ferox
ASV_381,Fungi,Basidiomycota,Agaricomycetes,Agaricales,Pleurotaceae,Pleurotus,Pleurotus_purpureo-olivaceus
ASV_382,Fungi,Ascomycota,Eurotiomycetes,Eurotiales,Aspergillaceae,Penicillium,Penicillium_paradoxum
ASV_383,Fungi,Streptophyta,Magnoliopsida,Brassicales,Brassicaceae,Lobularia,Lobularia_maritima
ASV_384,Fungi,Streptophyta,Magnoliopsida,Poales,Poaceae,Dactylis,Dactylis_glomerata
ASV_385,Fungi,Streptophyta,Magnoliopsida,Myrtales,Myrtaceae,Leptospermum,Leptospermum_scoparium
ASV_386,Fungi,Ascomycota,Dothideomycetes,Pleosporales,Didymellaceae,Calophoma,Clematidis_rectae
ASV_387,Fungi,Streptophyta,Magnoliopsida,Lamiales,Plantaginaceae,Veronica,Veronica_speciosa
ASV_388,Fungi,Ascomycota,Saccharomycetes,Saccharomycetales,NA,NA,NA
ASV_389,Fungi,Ascomycota,Dothideomycetes,Pleosporales,Pleosporaceae,Bipolaris,Bipolaris_drechsleri
ASV_390,Fungi,Ascomycota,Dothideomycetes,Pleosporales,Didymellaceae,Phoma,Phoma_sp.
ASV_391,Fungi,Ascomycota,Dothideomycetes,Pleosporales,Pleosporaceae,Curvularia,Curvularia_coatesiae
ASV_392,Fungi,Ascomycota,Eurotiomycetes,Eurotiales,Aspergillaceae,Aspergillus,Aspergillus_flavus
ASV_393,Fungi,Streptophyta,Magnoliopsida,Lamiales,Plantaginaceae,Veronica,Veronica_chathamica
ASV_394,Fungi,NA,NA,NA,NA,NA,NA
ASV_395,Fungi,Chlorophyta,Trebouxiophyceae,Watanabeales,NA,Chloroidium,Chloroidium_ellipsoideum
ASV_396,Fungi,Streptophyta,Magnoliopsida,Myrtales,Myrtaceae,Leptospermum,Leptospermum_scoparium
ASV_397,Fungi,Ascomycota,Dothideomycetes,Pleosporales,Didymosphaeriaceae,Pseudopithomyces,Pseudopithomyces_chartarum
ASV_398,Fungi,Chlorophyta,Trebouxiophyceae,Watanabeales,NA,Chloroidium,Chloroidium_lichenum
ASV_399,Fungi,Ascomycota,Dothideomycetes,Pleosporales,Pleosporaceae,Exserohilum,Exserohilum_turcicum
ASV_400,Fungi,Streptophyta,Magnoliopsida,Asterales,Asteraceae,Crepis,Crepis_capillaris
ASV_401,Fungi,Basidiomycota,Tremellomycetes,Tremellales,Bulleribasidiaceae,Hannaella,Hannaella_sp._DSM_101917
ASV_402,Fungi,Streptophyta,Magnoliopsida,Apiales,Araliaceae,Pseudopanax,Pseudopanax_lessonii
ASV_403,Fungi,Streptophyta,Magnoliopsida,Myrtales,Myrtaceae,Leptospermum,Leptospermum_scoparium
ASV_404,Fungi,Streptophyta,Magnoliopsida,Asterales,Asteraceae,Leontodon,Leontodon_saxatilis
ASV_405,Fungi,Ascomycota,Dothideomycetes,Pleosporales,Didymellaceae,Didymella,NA
ASV_406,Fungi,Chytridiomycota,Chytridiomycota_cls_Incertae_sedis,Chytridiomycota_ord_Incertae_sedis,Chytridiomycota_fam_Incertae_sedis,Chytridiomycota_gen_Incertae_sedis,NA
ASV_407,Fungi,Streptophyta,Magnoliopsida,Malvales,Malvaceae,Hoheria,Hoheria_aff._sexstylosa_SJW-2009
ASV_408,Fungi,Basidiomycota,Cystobasidiomycetes,Buckleyzymales,Buckleyzymaceae,Buckleyzyma,Buckleyzyma_armeniaca
ASV_409,Fungi,Streptophyta,Magnoliopsida,Lamiales,Plantaginaceae,Veronica,Veronica_pinguifolia
ASV_410,Fungi,Streptophyta,Magnoliopsida,Lamiales,Plantaginaceae,Plantago,Plantago_barbata
ASV_411,Fungi,Ascomycota,Eurotiomycetes,Eurotiales,Aspergillaceae,Aspergillus,Aspergillus_flavus
ASV_412,Fungi,Streptophyta,Magnoliopsida,Asterales,Asteraceae,Leontodon,Leontodon_saxatilis
ASV_413,Fungi,NA,NA,NA,NA,NA,NA
ASV_414,Fungi,Basidiomycota,Microbotryomycetes,Sporidiobolales,Sporidiobolaceae,Sporobolomyces,Sporobolomyces_roseus
ASV_415,Fungi,Ascomycota,Dothideomycetes,Pleosporales,Pleosporaceae,Alternaria,Alternaria_oregonensis
ASV_416,Fungi,Streptophyta,Magnoliopsida,Lamiales,Plantaginaceae,Veronica,Veronica_topiaria
ASV_417,Fungi,Basidiomycota,Tremellomycetes,Tremellales,Bulleribasidiaceae,Vishniacozyma,Vishniacozyma_victoriae
ASV_418,Fungi,Streptophyta,Magnoliopsida,Lamiales,Plantaginaceae,Veronica,Veronica_pinguifolia
ASV_419,Fungi,Streptophyta,Magnoliopsida,Myrtales,Myrtaceae,Leptospermum,Leptospermum_scoparium
ASV_420,Fungi,Ascomycota,Dothideomycetes,Cladosporiales,Cladosporiaceae,Cladosporium,Cladosporium_herbarum
ASV_421,Fungi,Streptophyta,Magnoliopsida,Myrtales,Myrtaceae,Leptospermum,Leptospermum_scoparium
ASV_422,Fungi,Ascomycota,Saccharomycetes,Saccharomycetales,Pichiaceae,Pichia,Pichia_nakasei
ASV_423,Fungi,Streptophyta,Magnoliopsida,Lamiales,Plantaginaceae,Veronica,Veronica_brachysiphon
ASV_424,Fungi,Ascomycota,Saccharomycetes,Saccharomycodales,Saccharomycodaceae,Hanseniaspora,Hanseniaspora_uvarum
ASV_425,Fungi,Streptophyta,Magnoliopsida,Asterales,Asteraceae,Taraxacum,Taraxacum_officinale
ASV_426,Fungi,Ascomycota,Dothideomycetes,Pleosporales,Pleosporaceae,Alternaria,NA
ASV_427,Fungi,Ascomycota,Dothideomycetes,Cladosporiales,Cladosporiaceae,Cladosporium,Cladosporium_herbarum
ASV_428,Fungi,Ascomycota,Dothideomycetes,Pleosporales,Didymellaceae,Calophoma,NA
ASV_429,Fungi,Streptophyta,Magnoliopsida,Lamiales,Plantaginaceae,Veronica,Veronica_strictissima
ASV_430,Fungi,Streptophyta,Magnoliopsida,Asterales,Asteraceae,Bellis,Bellis_perennis
ASV_431,Fungi,Streptophyta,Magnoliopsida,Asterales,Asteraceae,Taraxacum,Taraxacum_officinale
ASV_432,Fungi,Basidiomycota,Agaricostilbomycetes,Agaricostilbales,Kondoaceae,Kondoa,Kondoa_gutianensis
ASV_433,Fungi,Chlorophyta,Trebouxiophyceae,Watanabeales,NA,Chloroidium,Chloroidium_sp._NN-2-O
ASV_434,Fungi,Ascomycota,Dothideomycetes,Pleosporales,Didymellaceae,Calophoma,NA
ASV_435,Fungi,Streptophyta,Magnoliopsida,Lamiales,Plantaginaceae,Plantago,Plantago_lanceolata
ASV_436,Fungi,Ascomycota,Dothideomycetes,Pleosporales,Phaeosphaeriaceae,NA,NA
ASV_437,Fungi,Basidiomycota,Microbotryomycetes,Sporidiobolales,Sporidiobolaceae,Sporobolomyces,Sporobolomyces_ruberrimus
ASV_438,Fungi,NA,NA,NA,NA,NA,NA
ASV_439,Fungi,Basidiomycota,Tremellomycetes,Tremellales,Bulleribasidiaceae,Hannaella,Hannaella_floricola
ASV_440,Fungi,Ascomycota,Sordariomycetes,Sordariales,Schizotheciaceae,Pseudoechria,Pseudoechria_longicollis
ASV_441,Fungi,Streptophyta,Magnoliopsida,Asterales,Asteraceae,Crepis,Crepis_capillaris
ASV_442,Fungi,Ascomycota,Dothideomycetes,Pleosporales,Didymosphaeriaceae,Chromolaenicola,Chromolaenicola_chiangraiensis
ASV_443,Fungi,Streptophyta,Magnoliopsida,Asterales,Asteraceae,Crepis,Crepis_capillaris
ASV_444,Fungi,Basidiomycota,Microbotryomycetes,Sporidiobolales,Sporidiobolaceae,Sporobolomyces,Sporobolomyces_ruberrimus
ASV_445,Fungi,Ascomycota,Saccharomycetes,Saccharomycetales,NA,NA,NA
ASV_446,Fungi,Streptophyta,Magnoliopsida,Apiales,Araliaceae,Schefflera,Schefflera_digitata
ASV_447,Fungi,Streptophyta,Magnoliopsida,Lamiales,Plantaginaceae,Veronica,Veronica_topiaria
ASV_448,Fungi,Ascomycota,Dothideomycetes,Pleosporales,Pleosporaceae,Bipolaris,NA
ASV_449,Fungi,Streptophyta,Magnoliopsida,Lamiales,Plantaginaceae,Plantago,Plantago_lanceolata
ASV_450,Fungi,Streptophyta,Magnoliopsida,Asterales,Asteraceae,Bellis,Bellis_perennis
ASV_451,Fungi,NA,NA,NA,NA,NA,NA
ASV_452,Fungi,Streptophyta,Magnoliopsida,Asterales,Asteraceae,Hieracium,Hieracium_stoloniflorum
ASV_453,Fungi,Streptophyta,Magnoliopsida,Asterales,Asteraceae,NA,Hypochaeris_environmental_sample
ASV_454,Fungi,Streptophyta,Magnoliopsida,Malvales,Thymelaeaceae,Pimelea,Pimelea_oreophila
ASV_455,Fungi,Ascomycota,Dothideomycetes,Pleosporales,Pleosporaceae,Bipolaris,NA
ASV_456,Fungi,Streptophyta,Magnoliopsida,Myrtales,Myrtaceae,Eucalyptus,Eucalyptus_saligna
ASV_457,Fungi,Streptophyta,Magnoliopsida,Myrtales,Myrtaceae,Eucalyptus,Eucalyptus_robusta
ASV_458,Fungi,Ascomycota,Dothideomycetes,Pleosporales,Pleosporaceae,Alternaria,Alternaria_oregonensis
ASV_459,Fungi,Basidiomycota,Cystobasidiomycetes,NA,Symmetrosporaceae,Symmetrospora,Symmetrospora_oryzicola
ASV_460,Fungi,Streptophyta,Magnoliopsida,Asterales,Asteraceae,Bellis,Bellis_perennis
ASV_461,Fungi,Streptophyta,Magnoliopsida,Apiales,Araliaceae,Pseudopanax,Pseudopanax_ferox
ASV_462,Fungi,Streptophyta,Magnoliopsida,Alismatales,Araceae,Colocasia,Colocasia_sp._MIB:SASS:0433
ASV_463,Fungi,Ascomycota,Dothideomycetes,Pleosporales,Pleosporaceae,Curvularia,Curvularia_nodulosa
ASV_464,Fungi,Streptophyta,Magnoliopsida,Asterales,Asteraceae,Pilosella,Pilosella_officinarum
ASV_465,Fungi,Basidiomycota,Tremellomycetes,Tremellales,Cryptococcaceae,Cryptococcus,Cryptococcus_nyarrowii
ASV_466,Fungi,Streptophyta,Magnoliopsida,Apiales,Apiaceae,Petroselinum,Petroselinum_crispum
ASV_467,Fungi,Streptophyta,Magnoliopsida,Malvales,Malvaceae,Hoheria,Hoheria_ovata
ASV_468,Fungi,Basidiomycota,Cystobasidiomycetes,Erythrobasidiales,Erythrobasidiaceae,Erythrobasidium,NA
ASV_469,Fungi,Streptophyta,Magnoliopsida,Poales,Poaceae,Triticum,Triticum_turgidum
ASV_470,Fungi,Basidiomycota,Tremellomycetes,Tremellales,Bulleribasidiaceae,Hannaella,Hannaella_kunmingensis
ASV_471,Fungi,Basidiomycota,Microbotryomycetes,Sporidiobolales,Sporidiobolaceae,Rhodotorula,Rhodotorula_glutinis
ASV_472,Fungi,Streptophyta,Magnoliopsida,Lamiales,Plantaginaceae,Veronica,Veronica_topiaria
ASV_473,Fungi,Ascomycota,Dothideomycetes,Pleosporales,Pleosporaceae,Curvularia,Curvularia_nodulosa
ASV_474,Fungi,Ascomycota,Dothideomycetes,Pleosporales,Didymellaceae,Calophoma,NA
ASV_475,Fungi,Ascomycota,Dothideomycetes,Pleosporales,Pleosporaceae,Alternaria,NA
ASV_476,Fungi,Basidiomycota,Microbotryomycetes,Sporidiobolales,Sporidiobolaceae,Sporobolomyces,Sporobolomyces_roseus
ASV_477,Fungi,Ascomycota,Dothideomycetes,Cladosporiales,Cladosporiaceae,Cladosporium,Cladosporium_herbarum
ASV_478,Fungi,Ascomycota,Dothideomycetes,Pleosporales,Pleosporaceae,Alternaria,Alternaria_alternata
ASV_479,Fungi,Streptophyta,Magnoliopsida,Asterales,Asteraceae,Craspedia,Craspedia_sp._CHR514290
ASV_480,Fungi,Streptophyta,Magnoliopsida,Fabales,Fabaceae,Trifolium,Trifolium_repens
ASV_481,Fungi,Ascomycota,Dothideomycetes,Pleosporales,Pleosporaceae,Alternaria,Alternaria_oregonensis
ASV_482,Fungi,Streptophyta,Magnoliopsida,Asterales,Asteraceae,Crepis,Crepis_capillaris
ASV_483,Fungi,Streptophyta,Magnoliopsida,Brassicales,Brassicaceae,Lobularia,Lobularia_maritima
ASV_484,Fungi,Ascomycota,Dothideomycetes,Pleosporales,Pleosporaceae,Exserohilum,Exserohilum_turcicum
ASV_485,Fungi,Ascomycota,Dothideomycetes,Pleosporales,Pleosporaceae,Bipolaris,Bipolaris_cynodontis
ASV_486,Fungi,Basidiomycota,Tremellomycetes,Tremellales,Rhynchogastremaceae,Papiliotrema,Papiliotrema_horticola
ASV_487,Fungi,Streptophyta,Magnoliopsida,Myrtales,Myrtaceae,Eucalyptus,Eucalyptus_saligna
ASV_488,Fungi,Ascomycota,Dothideomycetes,Pleosporales,Pleosporaceae,Alternaria,Alternaria_longipes
ASV_489,Fungi,Streptophyta,Magnoliopsida,Poales,Poaceae,Agrostis,Agrostis_castellana
ASV_490,Fungi,Ascomycota,Pichiomycetes,Pichiales,Pichiaceae,Pichia,Pichia_kudriavzevii
ASV_491,Fungi,Streptophyta,Magnoliopsida,Lamiales,Plantaginaceae,Veronica,Veronica_topiaria
ASV_492,Fungi,Basidiomycota,Microbotryomycetes,Sporidiobolales,Sporidiobolaceae,Sporobolomyces,Sporobolomyces_roseus
ASV_493,Fungi,Ascomycota,Dothideomycetes,Pleosporales,Didymosphaeriaceae,Pseudopithomyces,Pseudopithomyces_chartarum
ASV_494,Fungi,Ascomycota,Saccharomycetes,Saccharomycetales,Saccharomycetaceae,Lachancea,Lachancea_thermotolerans
ASV_495,Fungi,Ascomycota,Dothideomycetes,Pleosporales,Pleosporaceae,Alternaria,Alternaria_oregonensis
ASV_496,Fungi,Streptophyta,Magnoliopsida,Asterales,Asteraceae,Achillea,Achillea_millefolium
ASV_497,Fungi,Ascomycota,Dothideomycetes,Pleosporales,Pleosporaceae,Alternaria,Alternaria_longipes
ASV_498,Fungi,Ascomycota,Sordariomycetes,Hypocreales,Clavicipitaceae,Claviceps,Claviceps_macroura
ASV_499,Fungi,Streptophyta,Magnoliopsida,Myrtales,Myrtaceae,Leptospermum,Leptospermum_scoparium
ASV_500,Fungi,Streptophyta,Magnoliopsida,Lamiales,Plantaginaceae,Veronica,Veronica_speciosa
ASV_501,Fungi,Streptophyta,Magnoliopsida,Caryophyllales,Chenopodiaceae,Beta,Beta_vulgaris
ASV_502,Fungi,Streptophyta,Magnoliopsida,Asterales,Asteraceae,Leucanthemum,Leucanthemum_pyrenaicum
ASV_503,Fungi,Mucoromycota,Mucoromycetes,Mucorales,Mucoraceae,Mucor,Mucor_saturninus
ASV_504,Fungi,Ascomycota,Dothideomycetes,Pleosporales,Didymosphaeriaceae,Pseudopithomyces,Pseudopithomyces_rosae
ASV_505,Fungi,Streptophyta,Magnoliopsida,Apiales,Araliaceae,Hedera,Hedera_helix
ASV_506,Fungi,Ascomycota,Dothideomycetes,Pleosporales,Didymellaceae,Calophoma,Calophoma_rosae
ASV_507,Fungi,,,,,,
ASV_508,Fungi,Streptophyta,Magnoliopsida,Oxalidales,Elaeocarpaceae,Aristotelia,Aristotelia_serrata
ASV_509,Fungi,Streptophyta,Magnoliopsida,Poales,Poaceae,Paspalum,Paspalum_distichum
ASV_510,Fungi,Streptophyta,Magnoliopsida,Poales,Poaceae,Triticum,Triticum_turgidum
ASV_511,Fungi,Ascomycota,Dothideomycetes,Pleosporales,Pleosporaceae,Alternaria,Alternaria_oregonensis
ASV_512,Fungi,Ascomycota,Saccharomycetes,Phaffomycetales,Wickerhamomycetaceae,Wickerhamomyces,Wickerhamomyces_anomalus
ASV_513,Fungi,Streptophyta,Magnoliopsida,Apiales,Araliaceae,Pseudopanax,Pseudopanax_ferox
ASV_514,Fungi,Streptophyta,Magnoliopsida,Ranunculales,Ranunculaceae,Ranunculus,Ranunculus_sardous
ASV_515,Fungi,Streptophyta,Magnoliopsida,Apiales,Apiaceae,Daucus,Daucus_carota
ASV_516,Fungi,Ascomycota,Dothideomycetes,Pleosporales,Phaeosphaeriaceae,Paraphoma,Paraphoma_salicis
ASV_517,Fungi,Ascomycota,Saccharomycetes,Saccharomycetales,Saccharomycetaceae,Maudiozyma,Maudiozyma_humilis
ASV_518,Fungi,Ascomycota,Saccharomycetes,Saccharomycetales,Saccharomycetaceae,Monosporozyma,Monosporozyma_servazzii
ASV_519,Fungi,Basidiomycota,Tremellomycetes,Tremellales,Rhynchogastremaceae,Papiliotrema,Papiliotrema_nemorosa
ASV_520,Fungi,Basidiomycota,Microbotryomycetes,Sporidiobolales,Sporidiobolaceae,Sporobolomyces,Sporobolomyces_ruberrimus
ASV_521,Fungi,Ascomycota,Dothideomycetes,Pleosporales,Pleosporaceae,Bipolaris,Bipolaris_cynodontis
ASV_522,Fungi,Streptophyta,Magnoliopsida,Apiales,Araliaceae,Pseudopanax,Pseudopanax_ferox
ASV_523,Fungi,Basidiomycota,Cystobasidiomycetes,Buckleyzymales,Buckleyzymaceae,Buckleyzyma,Buckleyzyma_armeniaca
ASV_524,Fungi,Ascomycota,Dothideomycetes,Pleosporales,Didymellaceae,Calophoma,NA
ASV_525,Fungi,Ascomycota,Dothideomycetes,Pleosporales,Pleosporaceae,Exserohilum,Exserohilum_turcicum
ASV_526,Fungi,Ascomycota,Dothideomycetes,Pleosporales,Pleosporaceae,Bipolaris,Bipolaris_microlaenae
ASV_527,Fungi,Mucoromycota,Mucoromycetes,Mucorales,Mucoraceae,Mucor,Mucor_hiemalis
ASV_528,Fungi,Streptophyta,Magnoliopsida,Apiales,Araliaceae,Hedera,Hedera_helix
ASV_529,Fungi,Ascomycota,Saccharomycetes,Saccharomycetales,Saccharomycetaceae,Monosporozyma,Monosporozyma_servazzii
ASV_530,Fungi,Chytridiomycota,Chytridiomycota_cls_Incertae_sedis,Chytridiomycota_ord_Incertae_sedis,Chytridiomycota_fam_Incertae_sedis,Chytridiomycota_gen_Incertae_sedis,NA
ASV_531,Fungi,Ascomycota,Eurotiomycetes,Eurotiales,Aspergillaceae,Penicillium,Penicillium_paneum
ASV_532,Fungi,Chlorophyta,Trebouxiophyceae,Watanabeales,NA,Chloroidium,Chloroidium_ellipsoideum
ASV_533,Fungi,Ascomycota,Dothideomycetes,Acrospermales,Acrospermaceae,Acrospermum,NA
ASV_534,Fungi,NA,NA,NA,NA,NA,NA
ASV_535,Fungi,Ascomycota,Dothideomycetes,Pleosporales,Pleosporaceae,Exserohilum,Exserohilum_turcicum
ASV_536,Fungi,Chlorophyta,Chlorophyceae,Sphaeropleales,Scenedesmaceae,Coelastrella,Coelastrella_sp._SAG_2123
ASV_537,Fungi,Streptophyta,Magnoliopsida,Poales,Poaceae,Dactylis,Dactylis_glomerata
ASV_538,Fungi,Ascomycota,Saccharomycetes,Saccharomycetales,Saccharomycetaceae,Saccharomyces,Saccharomyces_bayanus
ASV_539,Fungi,Chlorophyta,Trebouxiophyceae,Watanabeales,NA,Chloroidium,Chloroidium_orientale
ASV_540,Fungi,Ascomycota,Dothideomycetes,Pleosporales,Didymellaceae,Calophoma,NA
ASV_541,Fungi,Ascomycota,Dothideomycetes,Pleosporales,Pleosporaceae,Alternaria,Alternaria_inflata
ASV_542,Fungi,Streptophyta,Magnoliopsida,Rosales,Rosaceae,Rosa,Rosa_agrestis
ASV_543,Fungi,Streptophyta,Magnoliopsida,Apiales,Araliaceae,Pseudopanax,Pseudopanax_ferox
ASV_544,Fungi,Streptophyta,Magnoliopsida,Asterales,Asteraceae,Taraxacum,Taraxacum_officinale
ASV_545,Fungi,Ascomycota,Dothideomycetes,Pleosporales,Pleosporaceae,Bipolaris,Bipolaris_cynodontis
ASV_546,Fungi,Ascomycota,Dothideomycetes,Pleosporales,Pleosporaceae,Alternaria,Alternaria_abundans
ASV_547,Fungi,Ascomycota,Dothideomycetes,Pleosporales,Didymosphaeriaceae,Pseudopithomyces,Pseudopithomyces_chartarum
ASV_548,Fungi,Basidiomycota,Agaricomycetes,Agaricales,Pleurotaceae,Pleurotus,Pleurotus_purpureo-olivaceus
ASV_549,Fungi,Mucoromycota,Mucoromycetes,Mucorales,Mucoraceae,Mucor,Mucor_sp.
ASV_550,Fungi,Basidiomycota,Cystobasidiomycetes,Buckleyzymales,Buckleyzymaceae,Buckleyzyma,Buckleyzyma_armeniaca
ASV_551,Fungi,Ascomycota,Dothideomycetes,Pleosporales,Didymosphaeriaceae,Paraphaeosphaeria,Paraphaeosphaeria_verruculosa
ASV_552,Fungi,Streptophyta,Magnoliopsida,Asterales,Asteraceae,Bellis,Bellis_perennis
ASV_553,Fungi,Ascomycota,Pezizomycetes,Pezizales,Pezizaceae,NA,uncultured_Pezizaceae
ASV_554,Fungi,NA,NA,NA,NA,NA,NA
ASV_555,Fungi,Mucoromycota,Mucoromycetes,Mucorales,Mucoraceae,Mucor,Mucor_circinelloides
ASV_556,Fungi,Chytridiomycota,Chytridiomycota_cls_Incertae_sedis,Chytridiomycota_ord_Incertae_sedis,Chytridiomycota_fam_Incertae_sedis,Chytridiomycota_gen_Incertae_sedis,NA
ASV_557,Fungi,Ascomycota,Dothideomycetes,Pleosporales,Didymosphaeriaceae,Pseudopithomyces,Pseudopithomyces_chartarum
ASV_558,Fungi,Streptophyta,Magnoliopsida,Fabales,Fabaceae,Lotus,Lotus_pedunculatus
ASV_559,Fungi,Streptophyta,Magnoliopsida,Lamiales,Plantaginaceae,Plantago,Plantago_lanceolata
ASV_560,Fungi,Streptophyta,Magnoliopsida,Asterales,Asteraceae,Bellis,Bellis_perennis
ASV_561,Fungi,NA,NA,NA,NA,NA,NA
ASV_562,Fungi,Ascomycota,Dothideomycetes,Cladosporiales,Cladosporiaceae,Cladosporium,Cladosporium_herbarum
ASV_563,Fungi,Streptophyta,Magnoliopsida,Malvales,Malvaceae,Hoheria,Hoheria_aff._sexstylosa_SJW-2009
ASV_564,Fungi,Streptophyta,Magnoliopsida,Asterales,Asteraceae,NA,Hypochaeris_environmental_sample
ASV_565,Fungi,Streptophyta,Magnoliopsida,Asterales,Asteraceae,Bellis,Bellis_perennis
ASV_566,Fungi,Chlorophyta,Trebouxiophyceae,Watanabeales,NA,Chloroidium,Chloroidium_sp._NN-2-O
ASV_567,Fungi,Ascomycota,Dothideomycetes,Dothideales,Saccotheciaceae,Aureobasidium,Aureobasidium_pullulans
ASV_568,Fungi,Streptophyta,Magnoliopsida,Asterales,Asteraceae,Ozothamnus,Ozothamnus_turbinatus
ASV_569,Fungi,Ascomycota,Dothideomycetes,Pleosporales,Didymellaceae,Epicoccum,Epicoccum_andropogonis
ASV_570,Fungi,Streptophyta,Magnoliopsida,Myrtales,Myrtaceae,Leptospermum,Leptospermum_scoparium
ASV_571,Fungi,Ascomycota,Leotiomycetes,Helotiales,Sclerotiniaceae,Botrytis,Botrytis_caroliniana
ASV_572,Fungi,Streptophyta,Magnoliopsida,Asterales,Asteraceae,Taraxacum,Taraxacum_officinale
ASV_573,Fungi,Basidiomycota,Tremellomycetes,Tremellales,Rhynchogastremaceae,Papiliotrema,Papiliotrema_aspenensis
ASV_574,Fungi,Streptophyta,Magnoliopsida,Myrtales,Myrtaceae,Eucalyptus,Eucalyptus_pulverulenta
ASV_575,Fungi,Chlorophyta,Trebouxiophyceae,Watanabeales,NA,Chloroidium,Chloroidium_orientale
ASV_576,Fungi,Ascomycota,Dothideomycetes,Pleosporales,Didymosphaeriaceae,Pseudopithomyces,Pseudopithomyces_chartarum
ASV_577,Fungi,Mucoromycota,Mucoromycetes,Mucorales,Mucoraceae,Mucor,Mucor_ramosissimus
ASV_578,Fungi,Mucoromycota,Mucoromycetes,Mucorales,Mucoraceae,Mucor,Mucor_ramosissimus
ASV_579,Fungi,Streptophyta,Magnoliopsida,Apiales,Araliaceae,Pseudopanax,Pseudopanax_lessonii
ASV_580,Fungi,Streptophyta,Magnoliopsida,Poales,Poaceae,Lolium,Lolium_saxatile
ASV_581,Fungi,Streptophyta,Magnoliopsida,Poales,Poaceae,Poa,Poa_trivialis
ASV_582,Fungi,Chlorophyta,Trebouxiophyceae,Watanabeales,NA,Chloroidium,Chloroidium_sp._OD-1-1-K
ASV_583,Fungi,Streptophyta,Magnoliopsida,Lamiales,Plantaginaceae,Plantago,Plantago_lanceolata
ASV_584,Fungi,Ascomycota,Dothideomycetes,Pleosporales,Didymellaceae,Neoascochyta,Neoascochyta_paspali
ASV_585,Fungi,Streptophyta,Magnoliopsida,Apiales,Araliaceae,Hedera,Hedera_helix
ASV_586,Fungi,Streptophyta,Pinopsida,Pinales,Pinaceae,Pinus,Pinus_clausa
ASV_587,Fungi,Streptophyta,Magnoliopsida,Asterales,Asteraceae,Ozothamnus,Ozothamnus_turbinatus
ASV_588,Fungi,Streptophyta,Magnoliopsida,Asterales,Asteraceae,Crepis,Crepis_capillaris
ASV_589,Fungi,Ascomycota,Dothideomycetes,Pleosporales,Pleosporaceae,Alternaria,Alternaria_oregonensis
ASV_590,Fungi,Streptophyta,Magnoliopsida,Asterales,Asteraceae,Craspedia,Craspedia_sp._CHR514290
ASV_591,Fungi,Streptophyta,Magnoliopsida,Asterales,Asteraceae,Crepis,Crepis_capillaris
ASV_592,Fungi,Streptophyta,Magnoliopsida,Apiales,Araliaceae,Hedera,Hedera_helix
ASV_593,Fungi,Streptophyta,Magnoliopsida,Myrtales,Myrtaceae,Eucalyptus,Eucalyptus_botryoides
ASV_594,Fungi,Ascomycota,Dothideomycetes,Pleosporales,Pleosporaceae,Curvularia,Curvularia_coatesiae
ASV_595,Fungi,Basidiomycota,Cystobasidiomycetes,Cystobasidiomycetes_ord_Incertae_sedis,Symmetrosporaceae,Symmetrospora,Symmetrospora_oryzicola
ASV_596,Fungi,Streptophyta,Magnoliopsida,Lamiales,Plantaginaceae,Veronica,Veronica_pinguifolia
ASV_597,Fungi,Ascomycota,Saccharomycetes,Saccharomycetales,Saccharomycetaceae,Tetrapisispora,Tetrapisispora_fleetii
ASV_598,Fungi,Streptophyta,Polypodiopsida,Equisetales,Equisetaceae,Equisetum,Equisetum_arvense
ASV_599,Fungi,Ascomycota,Dothideomycetes,Pleosporales,Didymellaceae,Epicoccum,Epicoccum_nigrum
ASV_600,Fungi,Streptophyta,Magnoliopsida,Poales,Poaceae,Paspalum,Paspalum_dilatatum
ASV_601,Fungi,Ascomycota,Dothideomycetes,Pleosporales,Didymosphaeriaceae,Neptunomyces,Neptunomyces_sp.
ASV_602,Fungi,Ascomycota,Dothideomycetes,Acrospermales,Acrospermaceae,Acrospermum,NA
ASV_603,Fungi,Ascomycota,Pichiomycetes,Pichiales,Pichiaceae,Pichia,Pichia_kudriavzevii
ASV_604,Fungi,Ascomycota,Dothideomycetes,Pleosporales,Phaeosphaeriaceae,Neosetophoma,NA
ASV_605,Fungi,Ascomycota,Dothideomycetes,Acrospermales,Acrospermaceae,Acrospermum,NA
ASV_606,Fungi,Ascomycota,Saccharomycetes,Saccharomycetales,Pichiaceae,Pichia,Pichia_nakasei
ASV_607,Fungi,Streptophyta,Magnoliopsida,Asterales,Asteraceae,Pilosella,Pilosella_officinarum
ASV_608,Fungi,Basidiomycota,Microbotryomycetes,Sporidiobolales,Sporidiobolaceae,Sporobolomyces,Sporobolomyces_ruberrimus
ASV_609,Fungi,Streptophyta,Magnoliopsida,Poales,Poaceae,Paspalum,Paspalum_distichum
ASV_610,Fungi,Ascomycota,Saccharomycetes,Saccharomycetales,Saccharomycetaceae,Zygotorulaspora,Zygotorulaspora_dagestanica
ASV_611,Fungi,Basidiomycota,Tremellomycetes,Tremellales,Bulleribasidiaceae,Vishniacozyma,Vishniacozyma_victoriae
ASV_612,Fungi,Streptophyta,Magnoliopsida,Lamiales,Plantaginaceae,Veronica,Veronica_topiaria
ASV_613,Fungi,Streptophyta,Magnoliopsida,Asterales,Asteraceae,Taraxacum,Taraxacum_officinale
ASV_614,Fungi,NA,NA,NA,NA,NA,NA
ASV_615,Fungi,Ascomycota,Dothideomycetes,Pleosporales,Phaeosphaeriaceae,Didymocyrtis,Didymocyrtis_pini
ASV_616,Fungi,Streptophyta,Magnoliopsida,Lamiales,Plantaginaceae,Veronica,Veronica_speciosa
ASV_617,Fungi,Streptophyta,Magnoliopsida,Lamiales,Plantaginaceae,Plantago,Plantago_lanceolata
ASV_618,Fungi,Ascomycota,Dothideomycetes,Pleosporales,Didymosphaeriaceae,Pseudopithomyces,Pseudopithomyces_chartarum
ASV_619,Fungi,Streptophyta,Magnoliopsida,Poales,Poaceae,Lolium,Lolium_saxatile
ASV_620,Fungi,Streptophyta,Magnoliopsida,Poales,Poaceae,Triticum,Triticum_turgidum
ASV_621,Fungi,Streptophyta,Magnoliopsida,Asterales,Asteraceae,Pilosella,Pilosella_officinarum
ASV_622,Fungi,Ascomycota,Dothideomycetes,Pleosporales,Pleosporaceae,Bipolaris,NA
ASV_623,Fungi,Chytridiomycota,Chytridiomycota_cls_Incertae_sedis,Chytridiomycota_ord_Incertae_sedis,Chytridiomycota_fam_Incertae_sedis,Chytridiomycota_gen_Incertae_sedis,NA
ASV_624,Fungi,Chlorophyta,Trebouxiophyceae,NA,NA,NA,uncultured_Chlorellales
ASV_625,Fungi,Chlorophyta,Trebouxiophyceae,Watanabeales,NA,Chloroidium,Chloroidium_orientale
ASV_626,Fungi,Chlorophyta,Chlorophyceae,Sphaeropleales,Selenastraceae,Monoraphidium,Monoraphidium_minutum
ASV_627,Fungi,Streptophyta,Magnoliopsida,Asterales,Asteraceae,Anthemis,Anthemis_cotula
ASV_628,Fungi,Ascomycota,Dothideomycetes,Pleosporales,Pleosporaceae,Bipolaris,Bipolaris_drechsleri
ASV_629,Fungi,Streptophyta,Magnoliopsida,Myrtales,Myrtaceae,Eucalyptus,Eucalyptus_robusta
ASV_630,Fungi,Streptophyta,Magnoliopsida,Asterales,Asteraceae,Crepis,Crepis_capillaris
ASV_631,Fungi,Streptophyta,Magnoliopsida,Asterales,Asteraceae,NA,Hypochaeris_environmental_sample
ASV_632,Fungi,Streptophyta,Magnoliopsida,Malvales,Malvaceae,Hoheria,Hoheria_aff._sexstylosa_SJW-2009
ASV_633,Fungi,Ascomycota,Dothideomycetes,Cladosporiales,Cladosporiaceae,Cladosporium,Cladosporium_herbarum
ASV_634,Fungi,Streptophyta,Magnoliopsida,Malvales,Malvaceae,Hoheria,Hoheria_aff._sexstylosa_SJW-2009
ASV_635,Fungi,Streptophyta,Magnoliopsida,Asterales,Asteraceae,Bellis,Bellis_perennis
ASV_636,Fungi,Streptophyta,Magnoliopsida,Asterales,Asteraceae,Leontodon,Leontodon_saxatilis
ASV_637,Fungi,Streptophyta,Magnoliopsida,Lamiales,Plantaginaceae,Plantago,Plantago_lanceolata
ASV_638,Fungi,Ascomycota,Dothideomycetes,Pleosporales,Dictyosporiaceae,Dictyosporiaceae_gen_Incertae_sedis,NA
ASV_639,Fungi,Ascomycota,Ascomycota_cls_Incertae_sedis,Ascomycota_ord_Incertae_sedis,Ascomycota_fam_Incertae_sedis,Ascomycota_gen_Incertae_sedis,NA
ASV_640,Fungi,Streptophyta,Magnoliopsida,Poales,Poaceae,Cortaderia,Cortaderia_selloana
ASV_641,Fungi,Streptophyta,Magnoliopsida,Asterales,Asteraceae,Erigeron,Erigeron_canadensis
ASV_642,Fungi,Mortierellomycota,Mortierellomycetes,Mortierellales,Mortierellaceae,Mortierella,Mortierella_basiparvispora
ASV_643,Fungi,Streptophyta,Magnoliopsida,Myrtales,Myrtaceae,Eucalyptus,Eucalyptus_botryoides
ASV_644,Fungi,Streptophyta,Magnoliopsida,Apiales,Araliaceae,Pseudopanax,Pseudopanax_ferox
ASV_645,Fungi,Streptophyta,Magnoliopsida,Lamiales,Plantaginaceae,Veronica,Veronica_topiaria
ASV_646,Fungi,Ascomycota,Dothideomycetes,Pleosporales,Pleosporaceae,Curvularia,Curvularia_coatesiae
ASV_647,Fungi,Ascomycota,Dothideomycetes,Pleosporales,Pleosporaceae,Curvularia,Curvularia_coatesiae
ASV_648,Fungi,Ascomycota,Pichiomycetes,Pichiales,Pichiaceae,Pichia,Pichia_manshurica
ASV_649,Fungi,Ascomycota,Dothideomycetes,Pleosporales,Pleosporaceae,Alternaria,Alternaria_abundans
ASV_650,Fungi,NA,NA,NA,NA,NA,NA
ASV_651,Fungi,Mucoromycota,Mucoromycetes,Mucorales,Phycomycetaceae,Phycomyces,Phycomyces_nitens
ASV_652,Fungi,Ascomycota,Dothideomycetes,Pleosporales,Pleosporaceae,Bipolaris,Bipolaris_cynodontis
ASV_653,Fungi,Streptophyta,Magnoliopsida,Asterales,Asteraceae,Taraxacum,Taraxacum_officinale
ASV_654,Fungi,Streptophyta,Magnoliopsida,Apiales,Araliaceae,Fatsia,Fatsia_japonica
ASV_655,Fungi,Ascomycota,Saccharomycetes,Saccharomycetales,Saccharomycetaceae,Maudiozyma,Maudiozyma_humilis
ASV_656,Fungi,Ascomycota,Dothideomycetes,Pleosporales,Didymellaceae,Calophoma,NA
ASV_657,Fungi,Ascomycota,Dothideomycetes,Pleosporales,Phaeosphaeriaceae,NA,NA
ASV_658,Fungi,Chlorophyta,Trebouxiophyceae,Trebouxiales,Trebouxiaceae,Trebouxia,Trebouxia_sp._C09
ASV_659,Fungi,Basidiomycota,Tremellomycetes,Filobasidiales,Filobasidiaceae,Filobasidium,Filobasidium_globosum
ASV_660,Fungi,Ascomycota,Dothideomycetes,NA,NA,NA,Dothideomycetes_sp.
ASV_661,Fungi,Streptophyta,Magnoliopsida,Boraginales,Boraginaceae,Myosotis,Myosotis_laxa
ASV_662,Fungi,Basidiomycota,Tremellomycetes,Tremellales,Bulleribasidiaceae,Vishniacozyma,Vishniacozyma_victoriae
ASV_663,Fungi,Streptophyta,Magnoliopsida,Rosales,Rosaceae,Rosa,Rosa_agrestis
ASV_664,Fungi,Streptophyta,Magnoliopsida,Lamiales,Plantaginaceae,Veronica,Veronica_topiaria
ASV_665,Fungi,Basidiomycota,Agaricostilbomycetes,Agaricostilbales,Kondoaceae,Kondoa,Kondoa_gutianensis
ASV_666,Fungi,Basidiomycota,Agaricostilbomycetes,Agaricostilbales,Kondoaceae,Bensingtonia,NA
ASV_667,Fungi,Streptophyta,Magnoliopsida,Poales,Poaceae,Dactylis,Dactylis_glomerata
ASV_668,Fungi,Streptophyta,Magnoliopsida,Asterales,Asteraceae,Pilosella,Pilosella_officinarum
ASV_669,Fungi,Streptophyta,Magnoliopsida,Apiales,Araliaceae,Pseudopanax,Pseudopanax_ferox
ASV_670,Fungi,Streptophyta,Magnoliopsida,Poales,Poaceae,Lolium,Lolium_perenne
ASV_671,Fungi,Streptophyta,Magnoliopsida,Myrtales,Myrtaceae,Eucalyptus,Eucalyptus_regnans
ASV_672,Fungi,Streptophyta,Magnoliopsida,Poales,Poaceae,Lolium,Lolium_saxatile
ASV_673,Fungi,Streptophyta,Magnoliopsida,Asterales,Asteraceae,Craspedia,Craspedia_variabilis
ASV_674,Fungi,Basidiomycota,Cystobasidiomycetes,NA,Symmetrosporaceae,Symmetrospora,Symmetrospora_oryzicola
ASV_675,Fungi,Ascomycota,Dothideomycetes,Pleosporales,Didymellaceae,Calophoma,NA
ASV_676,Fungi,Ascomycota,Dothideomycetes,Pleosporales,Didymellaceae,Calophoma,NA
ASV_677,Fungi,Chlorophyta,Chlorophyceae,Sphaeropleales,Scenedesmaceae,Coelastrella,Coelastrella_sp._SAG_2123
ASV_678,Fungi,Streptophyta,Magnoliopsida,Asterales,Asteraceae,Craspedia,Craspedia_sp._CHR514290
ASV_679,Fungi,Ascomycota,Saccharomycetes,Saccharomycetales,Saccharomycetaceae,Torulaspora,Torulaspora_delbrueckii
ASV_680,Fungi,Ascomycota,Dothideomycetes,Mycosphaerellales,Mycosphaerellaceae,Amycosphaerella,Amycosphaerella_africana
ASV_681,Fungi,Chlorophyta,Trebouxiophyceae,Trebouxiales,Trebouxiaceae,Trebouxia,uncultured_Trebouxia_photobiont
ASV_682,Fungi,Streptophyta,Magnoliopsida,Myrtales,Myrtaceae,Callistemon,Callistemon_viminalis
ASV_683,Fungi,Ascomycota,Saccharomycetes,Saccharomycetales,Pichiaceae,Pichia,Pichia_eremophila
ASV_684,Fungi,Streptophyta,Magnoliopsida,Brassicales,Brassicaceae,Lobularia,Lobularia_maritima
ASV_685,Fungi,Ascomycota,Dothideomycetes,Pleosporales,Pleosporaceae,Alternaria,Alternaria_oregonensis
ASV_686,Fungi,Ascomycota,Dothideomycetes,Pleosporales,Pleosporaceae,Bipolaris,Bipolaris_microlaenae
ASV_687,Fungi,Ascomycota,Ascomycota_cls_Incertae_sedis,Ascomycota_ord_Incertae_sedis,Ascomycota_fam_Incertae_sedis,Ascomycota_gen_Incertae_sedis,NA
ASV_688,Fungi,Streptophyta,Magnoliopsida,Apiales,Apiaceae,Daucus,Daucus_carota
ASV_689,Fungi,Streptophyta,Magnoliopsida,Myrtales,Myrtaceae,Leptospermum,Leptospermum_scoparium
ASV_690,Fungi,Ascomycota,Dothideomycetes,Pleosporales,Pleosporaceae,Bipolaris,Bipolaris_drechsleri
ASV_691,Fungi,Ascomycota,Eurotiomycetes,Eurotiales,Aspergillaceae,Penicillium,Penicillium_paneum
ASV_692,Fungi,Ascomycota,Dothideomycetes,Pleosporales,Didymellaceae,Calophoma,Calophoma_rosae
ASV_693,Fungi,Streptophyta,Magnoliopsida,Asterales,Asteraceae,Anthemis,Anthemis_cotula
ASV_694,Fungi,Ascomycota,Dothideomycetes,Pleosporales,Pleosporaceae,Alternaria,Alternaria_oregonensis
ASV_695,Fungi,Ascomycota,Dothideomycetes,Pleosporales,Phaeosphaeriaceae,Piniphoma,Piniphoma_wesendahlina
ASV_696,Fungi,Basidiomycota,Microbotryomycetes,Sporidiobolales,Sporidiobolaceae,Rhodotorula,Rhodotorula_glutinis
ASV_697,Fungi,Ascomycota,Dothideomycetes,Pleosporales,Didymellaceae,Calophoma,NA
ASV_698,Fungi,Fungi_phy_Incertae_sedis,Fungi_cls_Incertae_sedis,Fungi_ord_Incertae_sedis,Fungi_fam_Incertae_sedis,Fungi_gen_Incertae_sedis,NA
ASV_699,Fungi,Ascomycota,Dothideomycetes,Pleosporales,Didymellaceae,Epicoccum,Epicoccum_nigrum
ASV_700,Fungi,Streptophyta,Magnoliopsida,Lamiales,Plantaginaceae,Veronica,Veronica_speciosa
ASV_701,Fungi,Ascomycota,Dothideomycetes,Pleosporales,Pleosporaceae,Alternaria,Alternaria_oregonensis
ASV_702,Fungi,NA,NA,NA,NA,NA,NA
ASV_703,Fungi,Ascomycota,Dothideomycetes,Pleosporales,Thyridariaceae,Parathyridaria,Parathyridaria_flabelliae
ASV_704,Fungi,Ascomycota,Dothideomycetes,Pleosporales,Pleosporaceae,Curvularia,Curvularia_tsudae
ASV_705,Fungi,Basidiomycota,Agaricomycetes,Auriculariales,Oliveoniaceae,Oliveonia,NA
ASV_706,Fungi,Ascomycota,Dothideomycetes,Pleosporales,Phaeosphaeriaceae,Neosetophoma,Neosetophoma_guiyangensis
ASV_707,Fungi,Streptophyta,Magnoliopsida,Asterales,Asteraceae,Bellis,Bellis_perennis
ASV_708,Fungi,Streptophyta,Magnoliopsida,Poales,Poaceae,Lolium,Lolium_saxatile
ASV_709,Fungi,Ascomycota,Dothideomycetes,Botryosphaeriales,Botryosphaeriaceae,Botryosphaeria,Botryosphaeria_corticis
ASV_710,Fungi,Streptophyta,Magnoliopsida,Asterales,Asteraceae,Taraxacum,Taraxacum_(sect._Naevosa)_sp._265-2
ASV_711,Fungi,Ascomycota,Pichiomycetes,Pichiales,Pichiaceae,Pichia,Pichia_terricola
ASV_712,Fungi,Ascomycota,Dothideomycetes,Pleosporales,Pleosporaceae,Pyrenophora,Pyrenophora_lolii
ASV_713,Fungi,Chytridiomycota,NA,NA,NA,NA,NA
ASV_714,Fungi,Streptophyta,Magnoliopsida,Alismatales,Araceae,Colocasia,Colocasia_sp._MIB:SASS:0433
ASV_715,Fungi,NA,NA,NA,NA,NA,NA
ASV_716,Fungi,Streptophyta,Magnoliopsida,Poales,Poaceae,Lolium,Lolium_perenne
ASV_717,Fungi,Streptophyta,Magnoliopsida,Apiales,Araliaceae,Pseudopanax,Pseudopanax_ferox
ASV_718,Fungi,Ascomycota,Dothideomycetes,Pleosporales,Pleosporaceae,Alternaria,Alternaria_solani
ASV_719,Fungi,Basidiomycota,Cystobasidiomycetes,Erythrobasidiales,Erythrobasidiaceae,Erythrobasidium,Erythrobasidium_yunnanense
ASV_720,Fungi,Streptophyta,Magnoliopsida,Asterales,Asteraceae,Bellis,Bellis_perennis
ASV_721,Fungi,Basidiomycota,Tremellomycetes,Tremellales,Bulleribasidiaceae,Hannaella,Hannaella_oryzae
ASV_722,Fungi,Basidiomycota,Tremellomycetes,Tremellales,Rhynchogastremaceae,Papiliotrema,Papiliotrema_aspenensis
ASV_723,Fungi,Basidiomycota,Agaricomycetes,Agaricales,Pleurotaceae,Pleurotus,Pleurotus_purpureo-olivaceus
ASV_724,Fungi,Basidiomycota,Tremellomycetes,Tremellales,Bulleribasidiaceae,Vishniacozyma,Vishniacozyma_tephrensis
ASV_725,Fungi,Streptophyta,Magnoliopsida,Apiales,Araliaceae,Hedera,Hedera_helix
ASV_726,Fungi,Basidiomycota,Cystobasidiomycetes,Erythrobasidiales,Erythrobasidiaceae,Erythrobasidium,NA
ASV_727,Fungi,Streptophyta,Magnoliopsida,Asterales,Asteraceae,Leontodon,Leontodon_saxatilis
ASV_728,Fungi,Streptophyta,Magnoliopsida,Asterales,Asteraceae,Crepis,Crepis_capillaris
ASV_729,Fungi,Ascomycota,Eurotiomycetes,Eurotiales,Aspergillaceae,Penicillium,Penicillium_expansum
ASV_730,Fungi,Streptophyta,Magnoliopsida,Asterales,Asteraceae,Erigeron,Erigeron_sp._MIB:SASS:0442
ASV_731,Fungi,Ascomycota,Dothideomycetes,Pleosporales,Didymellaceae,Calophoma,NA
ASV_732,Fungi,Streptophyta,Magnoliopsida,Asterales,Asteraceae,NA,Hypochaeris_environmental_sample
ASV_733,Fungi,Streptophyta,Magnoliopsida,Apiales,Araliaceae,Pseudopanax,Pseudopanax_ferox
ASV_734,Fungi,Ascomycota,Dothideomycetes,Pleosporales,Didymellaceae,Calophoma,NA
ASV_735,Fungi,Streptophyta,Magnoliopsida,Apiales,Apiaceae,Aciphylla,Aciphylla_glacialis
ASV_736,Fungi,Basidiomycota,Microbotryomycetes,Sporidiobolales,Sporidiobolaceae,Rhodotorula,Rhodotorula_glutinis
ASV_737,Fungi,Streptophyta,Magnoliopsida,Poales,Poaceae,Bromus,Bromus_catharticus
ASV_738,Fungi,Streptophyta,Magnoliopsida,Asterales,Asteraceae,Craspedia,Craspedia_sp._CHR514290
ASV_739,Fungi,Ascomycota,Dothideomycetes,Pleosporales,Didymosphaeriaceae,Pseudopithomyces,Pseudopithomyces_chartarum
ASV_740,Fungi,Streptophyta,Magnoliopsida,Asterales,Asteraceae,Bellis,Bellis_perennis
ASV_741,Fungi,Chytridiomycota,Chytridiomycota_cls_Incertae_sedis,Chytridiomycota_ord_Incertae_sedis,Chytridiomycota_fam_Incertae_sedis,Chytridiomycota_gen_Incertae_sedis,NA
ASV_742,Fungi,Ascomycota,Dothideomycetes,Pleosporales,Pleosporaceae,Curvularia,Curvularia_coatesiae
ASV_743,Fungi,Streptophyta,Magnoliopsida,Rosales,Rosaceae,Rosa,Rosa_agrestis
ASV_744,Fungi,Ascomycota,Dothideomycetes,Pleosporales,Pleosporaceae,Curvularia,Curvularia_ravenelii
ASV_745,Fungi,Basidiomycota,Microbotryomycetes,Sporidiobolales,Sporidiobolaceae,Sporobolomyces,Sporobolomyces_roseus
ASV_746,Fungi,Ascomycota,Dothideomycetes,Pleosporales,Didymellaceae,Calophoma,NA
ASV_747,Fungi,Chlorophyta,Trebouxiophyceae,Trebouxiales,Trebouxiaceae,Trebouxia,uncultured_Trebouxia_photobiont
ASV_748,Fungi,Ascomycota,Dothideomycetes,Pleosporales,Pleosporaceae,Alternaria,Alternaria_inflata
ASV_749,Fungi,Streptophyta,Magnoliopsida,Poales,Poaceae,Lolium,Lolium_perenne
ASV_750,Fungi,NA,NA,NA,NA,NA,NA
ASV_751,Fungi,Ascomycota,Sordariomycetes,Hypocreales,Clavicipitaceae,Claviceps,Claviceps_monticola
ASV_752,Fungi,Chlorophyta,Trebouxiophyceae,Watanabeales,NA,Jaagichlorella,Jaagichlorella_roystonensis
ASV_753,Fungi,Streptophyta,Magnoliopsida,Asterales,Asteraceae,Taraxacum,Taraxacum_officinale
ASV_754,Fungi,Streptophyta,Magnoliopsida,Myrtales,Myrtaceae,Eucalyptus,Eucalyptus_botryoides
ASV_755,Fungi,Basidiomycota,Microbotryomycetes,Sporidiobolales,Sporidiobolaceae,Sporobolomyces,Sporobolomyces_ruberrimus
ASV_756,Fungi,Ascomycota,Dothideomycetes,Pleosporales,Phaeosphaeriaceae,Ampelomyces,Ampelomyces_quisqualis
ASV_757,Fungi,Ascomycota,Dothideomycetes,Pleosporales,Didymosphaeriaceae,Paraphaeosphaeria,Paraphaeosphaeria_michotii
ASV_758,Fungi,Streptophyta,Magnoliopsida,Poales,Poaceae,Lolium,Lolium_perenne
ASV_759,Fungi,Streptophyta,Magnoliopsida,Apiales,Apiaceae,Oenanthe,Oenanthe_fistulosa
ASV_760,Fungi,Streptophyta,Magnoliopsida,Malvales,Malvaceae,Hoheria,Hoheria_aff._sexstylosa_SJW-2009
ASV_761,Fungi,Ascomycota,Dothideomycetes,Pleosporales,Pleosporaceae,Curvularia,Curvularia_coatesiae
ASV_762,Fungi,Basidiomycota,Tremellomycetes,Tremellales,Rhynchogastremaceae,Papiliotrema,Papiliotrema_flavescens
ASV_763,Fungi,Chlorophyta,Trebouxiophyceae,Watanabeales,NA,Chloroidium,Chloroidium_sp._LV-2018
ASV_764,Fungi,Ascomycota,Dothideomycetes,Pleosporales,Didymellaceae,Calophoma,NA
ASV_765,Fungi,Streptophyta,Magnoliopsida,Asterales,Asteraceae,NA,Hypochaeris_environmental_sample
ASV_766,Fungi,Basidiomycota,Tremellomycetes,Tremellales,Bulleribasidiaceae,Vishniacozyma,Vishniacozyma_heimaeyensis
ASV_767,Fungi,NA,NA,NA,NA,NA,NA
ASV_768,Fungi,Streptophyta,Magnoliopsida,Asterales,Asteraceae,Argyranthemum,Argyranthemum_frutescens
ASV_769,Fungi,Streptophyta,Magnoliopsida,Myrtales,Myrtaceae,Leptospermum,Leptospermum_scoparium
ASV_770,Fungi,Streptophyta,Magnoliopsida,Asterales,Asteraceae,Cirsium,Cirsium_arvense
ASV_771,Fungi,Streptophyta,Magnoliopsida,Sapindales,Rutaceae,Citrus,Citrus_x_paradisi
ASV_772,Fungi,Basidiomycota,Microbotryomycetes,Sporidiobolales,Sporidiobolaceae,Sporobolomyces,Sporobolomyces_roseus
ASV_773,Fungi,Streptophyta,Magnoliopsida,Malvales,Malvaceae,Hoheria,Hoheria_aff._sexstylosa_SJW-2009
ASV_774,Fungi,Streptophyta,Magnoliopsida,Malvales,Malvaceae,Palaua,Palaua_inconspicua
ASV_775,Fungi,Streptophyta,Magnoliopsida,Rosales,Rosaceae,Rosa,Rosa_agrestis
ASV_776,Fungi,Ascomycota,Dothideomycetes,Pleosporales,Didymosphaeriaceae,Paracamarosporium,NA
ASV_777,Fungi,Ascomycota,Pichiomycetes,Pichiales,Pichiaceae,Pichia,Pichia_fermentans
ASV_778,Fungi,Ascomycota,Dothideomycetes,Pleosporales,Didymellaceae,Epicoccum,Epicoccum_pimprinum
ASV_779,Fungi,Streptophyta,Magnoliopsida,Asterales,Asteraceae,Craspedia,Craspedia_sp._CHR514290
ASV_780,Fungi,Streptophyta,Magnoliopsida,Myrtales,Myrtaceae,Lophomyrtus,Lophomyrtus_bullata_x_Lophomyrtus_orbcordata
ASV_781,Fungi,Ascomycota,Saccharomycetes,Saccharomycetales,Saccharomycetaceae,Monosporozyma,Monosporozyma_servazzii
ASV_782,Fungi,Ascomycota,Dothideomycetes,Pleosporales,Didymellaceae,Calophoma,NA
ASV_783,Fungi,Streptophyta,Magnoliopsida,Caryophyllales,Polygonaceae,Fagopyrum,Fagopyrum_acutatum
ASV_784,Fungi,Ascomycota,Dothideomycetes,Pleosporales,Leptosphaeriaceae,Sphaerellopsis,Sphaerellopsis_filum
ASV_785,Fungi,Streptophyta,Magnoliopsida,Asterales,Asteraceae,Crepis,Crepis_capillaris
ASV_786,Fungi,Ascomycota,Dothideomycetes,Pleosporales,Phaeosphaeriaceae,Setophoma,Setophoma_chromolaenae
ASV_787,Fungi,Ascomycota,Dothideomycetes,Pleosporales,Didymellaceae,Ectophoma,Ectophoma_multirostrata
ASV_788,Fungi,NA,NA,NA,NA,NA,NA
ASV_789,Fungi,Ascomycota,Dothideomycetes,Pleosporales,Didymellaceae,Calophoma,NA
ASV_790,Fungi,Ascomycota,Dothideomycetes,Pleosporales,Phaeosphaeriaceae,Neosetophoma,Neosetophoma_guiyangensis
ASV_791,Fungi,Chlorophyta,Trebouxiophyceae,Watanabeales,NA,Chloroidium,Chloroidium_ellipsoideum
ASV_792,Fungi,Chlorophyta,Trebouxiophyceae,Watanabeales,NA,Chloroidium,Chloroidium_sp._NN-2-O
ASV_793,Fungi,Basidiomycota,Tremellomycetes,Tremellales,Bulleribasidiaceae,Vishniacozyma,NA
ASV_794,Fungi,Streptophyta,Magnoliopsida,Myrtales,Myrtaceae,Leptospermum,Leptospermum_scoparium
ASV_795,Fungi,Ascomycota,Dothideomycetes,Pleosporales,Pleosporaceae,Bipolaris,Bipolaris_axonopicola
ASV_796,Fungi,Streptophyta,Magnoliopsida,Myrtales,Myrtaceae,Eucalyptus,Eucalyptus_botryoides
ASV_797,Fungi,Streptophyta,Magnoliopsida,Asterales,Asteraceae,Craspedia,Craspedia_sp._CHR514290
ASV_798,Fungi,Ascomycota,Dothideomycetes,Pleosporales,Pleosporaceae,Alternaria,carotiincultae
ASV_799,Fungi,Streptophyta,Magnoliopsida,Lamiales,Plantaginaceae,Veronica,Veronica_topiaria
ASV_800,Fungi,Basidiomycota,Tremellomycetes,Tremellales,Bulleribasidiaceae,Vishniacozyma,Vishniacozyma_heimaeyensis
ASV_801,Fungi,Ascomycota,Taphrinomycetes,Taphrinales,Taphrinaceae,Taphrina,Taphrina_inositophila
ASV_802,Fungi,NA,NA,NA,NA,NA,NA
ASV_803,Fungi,Ascomycota,Dothideomycetes,Pleosporales,Didymellaceae,NA,NA
ASV_804,Fungi,Basidiomycota,Tremellomycetes,Filobasidiales,Filobasidiaceae,Filobasidium,Filobasidium_globosum
ASV_805,Fungi,NA,NA,NA,NA,NA,NA
ASV_806,Fungi,Ascomycota,Dothideomycetes,Pleosporales,Dictyosporiaceae,Dictyosporiaceae_gen_Incertae_sedis,NA
ASV_807,Fungi,Streptophyta,Magnoliopsida,Asterales,Asteraceae,Zinnia,Zinnia_elegans
ASV_808,Fungi,Ascomycota,Dothideomycetes,Acrospermales,Acrospermaceae,Gonatophragmium,Gonatophragmium_epilobii
ASV_809,Fungi,Ascomycota,Dothideomycetes,Pleosporales,Didymellaceae,Epicoccum,Epicoccum_nigrum
ASV_810,Fungi,Ascomycota,Dothideomycetes,Pleosporales,Didymellaceae,Calophoma,NA
ASV_811,Fungi,Streptophyta,Magnoliopsida,Rosales,Rosaceae,Rosa,Rosa_agrestis
ASV_812,Fungi,Ascomycota,Dothideomycetes,Pleosporales,Didymosphaeriaceae,Neptunomyces,Neptunomyces_litoralis
ASV_813,Fungi,Ascomycota,Saccharomycetes,Saccharomycetales,Saccharomycetaceae,Arxiozyma,Arxiozyma_pintolopesii
ASV_814,Fungi,NA,NA,NA,NA,NA,NA
ASV_815,Fungi,Streptophyta,Magnoliopsida,Lamiales,Plantaginaceae,Veronica,Veronica_speciosa
ASV_816,Fungi,Mucoromycota,Mucoromycetes,Mucorales,Mucoraceae,Mucor,Mucor_hiemalis
ASV_817,Fungi,Streptophyta,Magnoliopsida,Asterales,Asteraceae,Anthemis,Anthemis_cotula
ASV_818,Fungi,Streptophyta,Magnoliopsida,Asterales,Asteraceae,Craspedia,Craspedia_sp._CHR514275
ASV_819,Fungi,Ascomycota,Dothideomycetes,Pleosporales,Pleosporaceae,Alternaria,Alternaria_inflata
ASV_820,Fungi,Basidiomycota,Microbotryomycetes,Sporidiobolales,Sporidiobolaceae,Sporobolomyces,Sporobolomyces_ruberrimus
ASV_821,Fungi,NA,NA,NA,NA,NA,NA
ASV_822,Fungi,Basidiomycota,Cystobasidiomycetes,NA,Symmetrosporaceae,Symmetrospora,Symmetrospora_oryzicola
ASV_823,Fungi,Chlorophyta,Trebouxiophyceae,Trebouxiales,Trebouxiaceae,Trebouxia,uncultured_Trebouxia_photobiont
ASV_824,Fungi,Ascomycota,Dothideomycetes,Pleosporales,Pleosporaceae,Alternaria,Alternaria_sp.
ASV_825,Fungi,Streptophyta,Magnoliopsida,Rosales,Rosaceae,Rubus,Rubus_vatavensis
ASV_826,Fungi,Basidiomycota,Tremellomycetes,Tremellales,Bulleraceae,Bullera,Bullera_alba
ASV_827,Fungi,NA,NA,NA,NA,NA,NA
ASV_828,Fungi,Streptophyta,Magnoliopsida,Asterales,Asteraceae,Zinnia,Zinnia_elegans
ASV_829,Fungi,Mucoromycota,Mucoromycetes,Mucorales,Mucoraceae,Mucor,Mucor_ramosissimus
ASV_830,Fungi,Ascomycota,Dothideomycetes,Pleosporales,Pleosporaceae,Bipolaris,Bipolaris_drechsleri
ASV_831,Fungi,Streptophyta,Magnoliopsida,Lamiales,Plantaginaceae,Plantago,Plantago_lanceolata
ASV_832,Fungi,Streptophyta,Magnoliopsida,Apiales,Araliaceae,Pseudopanax,Pseudopanax_ferox
ASV_833,Fungi,Basidiomycota,Tremellomycetes,Tremellales,Rhynchogastremaceae,Papiliotrema,Papiliotrema_nemorosa
ASV_834,Fungi,Ascomycota,Dothideomycetes,Pleosporales,Pleosporaceae,Curvularia,Curvularia_coatesiae
ASV_835,Fungi,Ascomycota,Dothideomycetes,Pleosporales,Pleosporaceae,Alternaria,Alternaria_obclavata
ASV_836,Fungi,Ascomycota,NA,NA,NA,NA,NA
ASV_837,Fungi,Streptophyta,Magnoliopsida,Lamiales,Plantaginaceae,Plantago,Plantago_lanceolata
ASV_838,Fungi,Streptophyta,Magnoliopsida,Poales,Poaceae,Digitaria,Digitaria_sanguinalis
ASV_839,Fungi,Streptophyta,Magnoliopsida,Lamiales,Plantaginaceae,Plantago,Plantago_lanceolata
ASV_840,Fungi,Ascomycota,Dothideomycetes,Pleosporales,Didymosphaeriaceae,Paraphaeosphaeria,Paraphaeosphaeria_neglecta
ASV_841,Fungi,Streptophyta,Magnoliopsida,Asterales,Asteraceae,Anthemis,Anthemis_cotula
ASV_842,Fungi,Basidiomycota,Microbotryomycetes,Sporidiobolales,Sporidiobolaceae,Rhodotorula,Rhodotorula_glutinis
ASV_843,Fungi,Basidiomycota,Cystobasidiomycetes,Erythrobasidiales,Erythrobasidiaceae,Bannoa,Bannoa_bischofiae
ASV_844,Fungi,Ascomycota,Dothideomycetes,Pleosporales,Dacampiaceae,Aaosphaeria,Aaosphaeria_arxii
ASV_845,Fungi,Ascomycota,Pezizomycotina_cls_Incertae_sedis,Pezizomycotina_ord_Incertae_sedis,Pezizomycotina_fam_Incertae_sedis,Pezizomycotina_gen_Incertae_sedis,NA
ASV_846,Fungi,Streptophyta,Magnoliopsida,Brassicales,Brassicaceae,Lobularia,Lobularia_maritima
ASV_847,Fungi,NA,NA,NA,NA,NA,NA
ASV_848,Fungi,Streptophyta,Magnoliopsida,Asterales,Asteraceae,Bellis,Bellis_perennis
ASV_849,Fungi,Streptophyta,Magnoliopsida,Asterales,Asteraceae,Argyranthemum,Argyranthemum_frutescens
ASV_850,Fungi,Streptophyta,Magnoliopsida,Apiales,Araliaceae,Pseudopanax,Pseudopanax_ferox
ASV_851,Fungi,Ascomycota,Eurotiomycetes,Eurotiales,Aspergillaceae,Aspergillus,Aspergillus_flavus
ASV_852,Fungi,Ascomycota,Eurotiomycetes,Eurotiales,Aspergillaceae,Aspergillus,Aspergillus_domesticus
ASV_853,Fungi,Streptophyta,Magnoliopsida,Asterales,Asteraceae,Taraxacum,Taraxacum_officinale
ASV_854,Fungi,Streptophyta,Magnoliopsida,Apiales,Araliaceae,Pseudopanax,Pseudopanax_ferox
ASV_855,Fungi,Streptophyta,Magnoliopsida,Asterales,Asteraceae,NA,Hypochaeris_environmental_sample
ASV_856,Fungi,Ascomycota,Dothideomycetes,Dothideales,Saccotheciaceae,Aureobasidium,Aureobasidium_pullulans
ASV_857,Fungi,Streptophyta,Magnoliopsida,Ranunculales,Ranunculaceae,Ranunculus,Ranunculus_sardous
ASV_858,Fungi,Streptophyta,Magnoliopsida,Asterales,Asteraceae,Pilosella,Pilosella_officinarum
ASV_859,Fungi,Ascomycota,Dothideomycetes,Pleosporales,Didymellaceae,Calophoma,NA
ASV_860,Fungi,NA,NA,NA,NA,NA,NA
ASV_861,Fungi,Ascomycota,Saccharomycetes,Saccharomycetales,Saccharomycetaceae,Kazachstania,Kazachstania_heterogenica
ASV_862,Fungi,Ascomycota,Dothideomycetes,Pleosporales,Pleosporaceae,Alternaria,Alternaria_solani
ASV_863,Fungi,Ascomycota,Dothideomycetes,Pleosporales,Phaeosphaeriaceae,Phaeosphaeria,Phaeosphaeria_poagena
ASV_864,Fungi,Streptophyta,Magnoliopsida,Asterales,Asteraceae,Bellis,Bellis_perennis
ASV_865,Fungi,Mucoromycota,Mucoromycetes,Mucorales,Mucoraceae,Mucor,Mucor_lusitanicus
ASV_866,Fungi,Ascomycota,Dothideomycetes,Pleosporales,Periconiaceae,Periconia,Periconia_celtidis
ASV_867,Fungi,Streptophyta,Magnoliopsida,Asterales,Asteraceae,Pilosella,Pilosella_officinarum
ASV_868,Fungi,Chlorophyta,Trebouxiophyceae,Watanabeales,NA,Chloroidium,Chloroidium_orientale
ASV_869,Fungi,Basidiomycota,Microbotryomycetes,Sporidiobolales,Sporidiobolaceae,Rhodotorula,Rhodotorula_glutinis
ASV_870,Fungi,Streptophyta,Magnoliopsida,Solanales,Solanaceae,Solanum,Solanum_lycopersicum
ASV_871,Fungi,Streptophyta,Magnoliopsida,Lamiales,Plantaginaceae,Veronica,Veronica_pinguifolia
ASV_872,Fungi,Ascomycota,Ascomycota_cls_Incertae_sedis,Ascomycota_ord_Incertae_sedis,Ascomycota_fam_Incertae_sedis,Ascomycota_gen_Incertae_sedis,NA
ASV_873,Fungi,Streptophyta,Magnoliopsida,Apiales,Apiaceae,Sison,Sison_amomum
ASV_874,Fungi,Basidiomycota,Microbotryomycetes,Sporidiobolales,Sporidiobolaceae,Sporobolomyces,Sporobolomyces_ruberrimus
ASV_875,Fungi,Ascomycota,Dothideomycetes,Pleosporales,Pleosporaceae,Alternaria,Alternaria_abundans
ASV_876,Fungi,Ascomycota,Dothideomycetes,Pleosporales,Pleosporaceae,Curvularia,Curvularia_inaequalis
ASV_877,Fungi,Streptophyta,Magnoliopsida,Asterales,Asteraceae,Craspedia,Craspedia_sp._CHR514290
ASV_878,Fungi,Basidiomycota,Microbotryomycetes,Sporidiobolales,Sporidiobolaceae,Sporobolomyces,Sporobolomyces_ruberrimus
ASV_879,Fungi,Streptophyta,Magnoliopsida,Asterales,Asteraceae,Pilosella,Pilosella_officinarum
ASV_880,Fungi,Ascomycota,Dothideomycetes,Pleosporales,Didymellaceae,Calophoma,NA
ASV_881,Fungi,Streptophyta,Magnoliopsida,Asterales,Asteraceae,Craspedia,Craspedia_sp._CHR514290
ASV_882,Fungi,Chlorophyta,Trebouxiophyceae,Watanabeales,NA,Chloroidium,Chloroidium_ellipsoideum
ASV_883,Fungi,Streptophyta,Magnoliopsida,Lamiales,Plantaginaceae,Plantago,Plantago_lanceolata
ASV_884,Fungi,Streptophyta,Magnoliopsida,Apiales,Araliaceae,Fatsia,Fatsia_japonica
ASV_885,Fungi,Basidiomycota,Tremellomycetes,Filobasidiales,Filobasidiaceae,Filobasidium,Filobasidium_wieringae
ASV_886,Fungi,Streptophyta,Magnoliopsida,Lamiales,Plantaginaceae,Veronica,Veronica_stenophylla
ASV_887,Fungi,Ascomycota,Ascomycota_cls_Incertae_sedis,Ascomycota_ord_Incertae_sedis,Ascomycota_fam_Incertae_sedis,Ascomycota_gen_Incertae_sedis,NA
ASV_888,Fungi,Ascomycota,Dothideomycetes,Pleosporales,Didymosphaeriaceae,Paraphaeosphaeria,michotii
ASV_889,Fungi,Streptophyta,Magnoliopsida,Poales,Poaceae,Paspalum,Paspalum_dilatatum
ASV_890,Fungi,Streptophyta,Magnoliopsida,Brassicales,Brassicaceae,Lobularia,Lobularia_maritima
ASV_891,Fungi,Streptophyta,Magnoliopsida,Ranunculales,Ranunculaceae,Ranunculus,Ranunculus_bulbosus
ASV_892,Fungi,Ascomycota,Dothideomycetes,Pleosporales,Didymellaceae,Epicoccum,Epicoccum_layuense
ASV_893,Fungi,Basidiomycota,Tremellomycetes,Trichosporonales,Trichosporonaceae,Apiotrichum,Apiotrichum_gracile
ASV_894,Fungi,Streptophyta,Magnoliopsida,Rosales,Rosaceae,Rosa,Rosa_agrestis
ASV_895,Fungi,Streptophyta,Magnoliopsida,Asterales,Asteraceae,Bellis,Bellis_perennis
ASV_896,Fungi,Streptophyta,Magnoliopsida,Asterales,Asteraceae,Pilosella,Pilosella_flagellaris
ASV_897,Fungi,Streptophyta,Magnoliopsida,Fagales,Betulaceae,Alnus,Alnus_nitida
ASV_898,Fungi,Ascomycota,Pichiomycetes,Pichiales,Pichiaceae,Pichia,Pichia_bruneiensis
ASV_899,Fungi,Streptophyta,Magnoliopsida,Asterales,Asteraceae,Bellis,Bellis_perennis
ASV_900,Fungi,Ascomycota,Dothideomycetes,Pleosporales,Leptosphaeriaceae,Leptosphaeriaceae_gen_Incertae_sedis,NA
ASV_901,Fungi,Streptophyta,Magnoliopsida,Apiales,Araliaceae,Pseudopanax,Pseudopanax_ferox
ASV_902,Fungi,Streptophyta,Magnoliopsida,Apiales,Araliaceae,Schefflera,Schefflera_digitata
ASV_903,Fungi,Streptophyta,Magnoliopsida,Asterales,Asteraceae,Achillea,Achillea_millefolium
ASV_904,Fungi,Streptophyta,Magnoliopsida,Asterales,Asteraceae,Craspedia,Craspedia_sp._CHR514290
ASV_905,Fungi,Streptophyta,Magnoliopsida,Asterales,Asteraceae,Craspedia,Craspedia_sp._CHR514290
ASV_906,Fungi,Mucoromycota,Mortierellomycetes,Mortierellales,Mortierellaceae,Mortierella,Mortierella_macrocystopsis
ASV_907,Fungi,Streptophyta,Magnoliopsida,Lamiales,Plantaginaceae,Veronica,Veronica_topiaria
ASV_908,Fungi,Streptophyta,Magnoliopsida,Asterales,Asteraceae,Crepis,Crepis_capillaris
ASV_909,Fungi,Ascomycota,Dothideomycetes,Pleosporales,Periconiaceae,Periconia,Periconia_celtidis
ASV_910,Fungi,Ascomycota,Dothideomycetes,Pleosporales,Didymellaceae,Calophoma,NA
ASV_911,Fungi,Streptophyta,Magnoliopsida,Asterales,Asteraceae,Taraxacum,Taraxacum_sp._CF-2016
ASV_912,Fungi,Chytridiomycota,Chytridiomycota_cls_Incertae_sedis,Chytridiomycota_ord_Incertae_sedis,Chytridiomycota_fam_Incertae_sedis,Chytridiomycota_gen_Incertae_sedis,NA
ASV_913,Fungi,Ascomycota,Leotiomycetes,Leotiales,Tympanidaceae,NA,NA
ASV_914,Fungi,Streptophyta,Magnoliopsida,Apiales,Apiaceae,Daucus,Daucus_carota
ASV_915,Fungi,Ascomycota,Pichiomycetes,Pichiales,Pichiaceae,Pichia,Pichia_kudriavzevii
ASV_916,Fungi,Chlorophyta,Chlorophyceae,Sphaeropleales,Scenedesmaceae,Desmodesmus,Desmodesmus_komarekii
ASV_917,Fungi,Basidiomycota,Microbotryomycetes,Sporidiobolales,Sporidiobolaceae,Sporobolomyces,Sporobolomyces_ruberrimus
ASV_918,Fungi,Ascomycota,Saccharomycetes,Saccharomycetales,Saccharomycetaceae,Monosporozyma,Monosporozyma_servazzii
ASV_919,Fungi,Streptophyta,Magnoliopsida,Asterales,Asteraceae,Taraxacum,Taraxacum_officinale
ASV_920,Fungi,Streptophyta,Magnoliopsida,Apiales,Apiaceae,Aciphylla,Aciphylla_glacialis
ASV_921,Fungi,Chytridiomycota,Chytridiomycota_cls_Incertae_sedis,Chytridiomycota_ord_Incertae_sedis,Chytridiomycota_fam_Incertae_sedis,Chytridiomycota_gen_Incertae_sedis,NA
ASV_922,Fungi,Streptophyta,Magnoliopsida,Lamiales,Plantaginaceae,Veronica,Veronica_trifida
ASV_923,Fungi,Streptophyta,Magnoliopsida,Asterales,Asteraceae,Zinnia,Zinnia_elegans
ASV_924,Fungi,Streptophyta,Magnoliopsida,Apiales,Apiaceae,Coriandrum,Coriandrum_sativum
ASV_925,Fungi,NA,NA,NA,NA,NA,NA
ASV_926,Fungi,Ascomycota,Dothideomycetes,Pleosporales,Didymellaceae,Calophoma,NA
ASV_927,Fungi,Ascomycota,Dothideomycetes,Acrospermales,Acrospermaceae,Acrospermum,NA
ASV_928,Fungi,Ascomycota,Dothideomycetes,Acrospermales,Acrospermaceae,Acrospermum,NA
ASV_929,Fungi,NA,NA,NA,NA,NA,NA
ASV_930,Fungi,Ascomycota,Dothideomycetes,Pleosporales,Pleosporaceae,Curvularia,Curvularia_inaequalis
ASV_931,Fungi,Streptophyta,Magnoliopsida,Poales,Poaceae,Poa,Poa_annua
ASV_932,Fungi,Streptophyta,Magnoliopsida,Fagales,Fagaceae,NA,Quercus_environmental_sample
ASV_933,Fungi,Streptophyta,Magnoliopsida,Apiales,Araliaceae,Hedera,Hedera_hibernica
ASV_934,Fungi,Streptophyta,Magnoliopsida,Asterales,Asteraceae,Craspedia,Craspedia_variabilis
ASV_935,Fungi,Ascomycota,Dothideomycetes,Pleosporales,Pleosporaceae,Alternaria,Alternaria_oregonensis
ASV_936,Fungi,Streptophyta,Magnoliopsida,Asterales,Asteraceae,Bellis,Bellis_perennis
ASV_937,Fungi,Streptophyta,Magnoliopsida,Rosales,Rosaceae,Rosa,Rosa_agrestis
ASV_938,Fungi,Streptophyta,Magnoliopsida,Asterales,Asteraceae,Bellis,Bellis_perennis
ASV_939,Fungi,Streptophyta,Magnoliopsida,Asterales,Asteraceae,Achillea,Achillea_setacea
ASV_940,Fungi,Streptophyta,Magnoliopsida,Asterales,Asteraceae,Taraxacum,Taraxacum_officinale
ASV_941,Fungi,Mucoromycota,Mucoromycetes,Mucorales,Mucoraceae,Mucor,Mucor_sp.
ASV_942,Fungi,Chlorophyta,Trebouxiophyceae,Watanabeales,NA,Chloroidium,Chloroidium_orientale
ASV_943,Fungi,Streptophyta,Magnoliopsida,Lamiales,Pedaliaceae,Sesamum,Sesamum_indicum
ASV_944,Fungi,Streptophyta,Magnoliopsida,Asterales,Asteraceae,Bellis,Bellis_perennis
ASV_945,Fungi,Ascomycota,Pezizomycetes,Pezizales,Pezizaceae,NA,uncultured_Pezizaceae
ASV_946,Fungi,Ascomycota,Dothideomycetes,Pleosporales,Phaeosphaeriaceae,Didymocyrtis,Didymocyrtis_septata
ASV_947,Fungi,Ascomycota,Dothideomycetes,Pleosporales,Didymosphaeriaceae,Pseudopithomyces,Pseudopithomyces_chartarum
ASV_948,Fungi,Ascomycota,Dothideomycetes,Pleosporales,Pleosporaceae,Alternaria,Alternaria_inflata
ASV_949,Fungi,Streptophyta,Magnoliopsida,Apiales,Araliaceae,Schefflera,Schefflera_digitata
ASV_950,Fungi,Ascomycota,Dothideomycetes,Pleosporales,Pleosporaceae,Alternaria,Alternaria_oregonensis
ASV_951,Fungi,NA,NA,NA,NA,NA,NA
ASV_952,Fungi,Streptophyta,Magnoliopsida,Asterales,Asteraceae,Achillea,Achillea_millefolium
ASV_953,Fungi,Ascomycota,Dothideomycetes,Pleosporales,Pleosporaceae,Alternaria,Alternaria_sp.
ASV_954,Fungi,Basidiomycota,Tremellomycetes,Tremellales,Rhynchogastremaceae,Papiliotrema,Papiliotrema_nemorosa
ASV_955,Fungi,Basidiomycota,Microbotryomycetes,Sporidiobolales,Sporidiobolaceae,Rhodotorula,Rhodotorula_graminis
ASV_956,Fungi,Ascomycota,Saccharomycetes,Saccharomycetales,Saccharomycetaceae,Arxiozyma,Arxiozyma_pintolopesii
ASV_957,Fungi,Streptophyta,Magnoliopsida,Apiales,Apiaceae,Oenanthe,Oenanthe_fistulosa
ASV_958,Fungi,Streptophyta,Magnoliopsida,Lamiales,Plantaginaceae,Plantago,Plantago_lanceolata
ASV_959,Fungi,Ascomycota,Dothideomycetes,Pleosporales,Pleosporaceae,Alternaria,Alternaria_inflata
ASV_960,Fungi,Streptophyta,Magnoliopsida,Asterales,Asteraceae,Craspedia,Craspedia_sp._CHR514290
ASV_961,Fungi,Chlorophyta,Trebouxiophyceae,Watanabeales,NA,Chloroidium,Chloroidium_orientale
ASV_962,Fungi,Streptophyta,Magnoliopsida,Caryophyllales,Caryophyllaceae,Stellaria,Stellaria_media
ASV_963,Fungi,Streptophyta,Magnoliopsida,Myrtales,Myrtaceae,Lophomyrtus,Lophomyrtus_bullata_x_Lophomyrtus_orbcordata
ASV_964,Fungi,Ascomycota,Taphrinomycetes,Taphrinales,Taphrinaceae,Taphrina,Taphrina_inositophila
ASV_965,Fungi,Ascomycota,Saccharomycetes,Saccharomycetales,Saccharomycetaceae,Maudiozyma,Maudiozyma_humilis
ASV_966,Fungi,Ascomycota,Pichiomycetes,Pichiales,Pichiaceae,Pichia,Pichia_kudriavzevii
ASV_967,Fungi,Ascomycota,Dothideomycetes,Pleosporales,Didymosphaeriaceae,Pseudopithomyces,Pseudopithomyces_rosae
ASV_968,Fungi,Ascomycota,Dothideomycetes,Pleosporales,Pleosporaceae,Exserohilum,Exserohilum_turcicum
ASV_969,Fungi,Ascomycota,Dothideomycetes,Pleosporales,NA,NA,NA
ASV_970,Fungi,Streptophyta,Magnoliopsida,Poales,Poaceae,Danthonia,Danthonia_decumbens
ASV_971,Fungi,Ascomycota,Dothideomycetes,Pleosporales,Pleosporaceae,Alternaria,Alternaria_longipes
ASV_972,Fungi,Streptophyta,Magnoliopsida,Myrtales,Myrtaceae,Eucalyptus,Eucalyptus_nicholii
ASV_973,Fungi,Ascomycota,Sordariomycetes,Hypocreales,Clavicipitaceae,Claviceps,Claviceps_macroura
ASV_974,Fungi,Chlorophyta,Trebouxiophyceae,Watanabeales,NA,Chloroidium,Chloroidium_sp._NN-2-O
ASV_975,Fungi,Streptophyta,Magnoliopsida,Myrtales,Myrtaceae,Leptospermum,Leptospermum_scoparium
ASV_976,Fungi,Ascomycota,Saccharomycetes,Saccharomycetales,Pichiaceae,Pichia,Pichia_nakasei
ASV_977,Fungi,Ascomycota,Dothideomycetes,Pleosporales,Phaeosphaeriaceae,Didymocyrtis,Didymocyrtis_pini
ASV_978,Fungi,Streptophyta,Magnoliopsida,Asterales,Asteraceae,Craspedia,Craspedia_sp._CHR514290
ASV_979,Fungi,Ascomycota,Dothideomycetes,Pleosporales,Pleosporaceae,Curvularia,Curvularia_microspora
ASV_980,Fungi,Ascomycota,Saccharomycetes,Saccharomycetales,Pichiaceae,Saturnispora,Saturnispora_silvae
ASV_981,Fungi,Ascomycota,Dothideomycetes,Cladosporiales,Cladosporiaceae,Cladosporium,Cladosporium_herbarum
ASV_982,Fungi,Ascomycota,Dothideomycetes,Pleosporales,Pleosporaceae,Alternaria,Alternaria_oregonensis
ASV_983,Fungi,NA,NA,NA,NA,NA,NA
ASV_984,Fungi,Streptophyta,Magnoliopsida,Myrtales,Myrtaceae,Leptospermum,Leptospermum_scoparium
ASV_985,Fungi,Streptophyta,NA,NA,NA,NA,embryophyte_environmental_sample
ASV_986,Fungi,Chlorophyta,Trebouxiophyceae,Chlorellales,NA,NA,uncultured_Chloroidium
ASV_987,Fungi,Ascomycota,Dothideomycetes,Pleosporales,Pleosporaceae,Alternaria,NA
ASV_988,Fungi,Streptophyta,Magnoliopsida,Lamiales,Plantaginaceae,Veronica,Veronica_brachysiphon
ASV_989,Fungi,Chlorophyta,Trebouxiophyceae,Watanabeales,NA,Chloroidium,Chloroidium_orientale
ASV_990,Fungi,Streptophyta,Magnoliopsida,Fabales,Fabaceae,Trifolium,Trifolium_repens
ASV_991,Fungi,NA,NA,NA,NA,NA,NA
ASV_992,Fungi,Ascomycota,Dothideomycetes,Pleosporales,Pleosporaceae,Alternaria,Alternaria_inflata
ASV_993,Fungi,Streptophyta,Magnoliopsida,Asterales,Asteraceae,Leontodon,Leontodon_saxatilis
ASV_994,Fungi,Streptophyta,Magnoliopsida,Myrtales,Myrtaceae,Leptospermum,Leptospermum_scoparium
ASV_995,Fungi,Ascomycota,Dothideomycetes,Pleosporales,Didymellaceae,Calophoma,NA
ASV_996,Fungi,Basidiomycota,Microbotryomycetes,Sporidiobolales,Sporidiobolaceae,Sporobolomyces,Sporobolomyces_ruberrimus
ASV_997,Fungi,Ascomycota,Dothideomycetes,Pleosporales,Phaeosphaeriaceae,Phaeosphaeria,Phaeosphaeria_sp.
ASV_998,Fungi,Basidiomycota,Tremellomycetes,Tremellales,Trimorphomycetaceae,Saitozyma,Saitozyma_flava
ASV_999,Fungi,Streptophyta,Magnoliopsida,Asterales,Asteraceae,Achillea,Achillea_millefolium
ASV_1000,Fungi,Chlorophyta,Chlorophyceae,Sphaeropleales,Scenedesmaceae,Coelastrella,Coelastrella_rubescens
ASV_1001,Fungi,Ascomycota,Leotiomycetes,Leotiales,Tympanidaceae,NA,NA
ASV_1002,Fungi,Streptophyta,Magnoliopsida,Asterales,Asteraceae,Craspedia,Craspedia_sp._CHR514290
ASV_1003,Fungi,Ascomycota,Dothideomycetes,Pleosporales,Pleosporaceae,Alternaria,Alternaria_inflata
ASV_1004,Fungi,Ascomycota,Dothideomycetes,Pleosporales,NA,NA,NA
ASV_1005,Fungi,NA,NA,NA,NA,NA,NA
ASV_1006,Fungi,Ascomycota,Dothideomycetes,Pleosporales,Pleosporaceae,Alternaria,Alternaria_alternata
ASV_1007,Fungi,Ascomycota,Pichiomycetes,Pichiales,Pichiaceae,Pichia,Pichia_kudriavzevii
ASV_1008,Fungi,Ascomycota,Pichiomycetes,Pichiales,Pichiaceae,Pichia,Pichia_sporocuriosa
ASV_1009,Fungi,Ascomycota,Dothideomycetes,Cladosporiales,Cladosporiaceae,Cladosporium,Cladosporium_ramotenellum
ASV_1010,Fungi,NA,NA,NA,NA,NA,NA
ASV_1011,Fungi,Basidiomycota,Tremellomycetes,Tremellales,Rhynchogastremaceae,Papiliotrema,Papiliotrema_nemorosa
ASV_1012,Fungi,Basidiomycota,Tremellomycetes,Tremellales,Rhynchogastremaceae,Papiliotrema,Papiliotrema_flavescens
ASV_1013,Fungi,Mucoromycota,Mucoromycetes,Mucorales,Mucoraceae,Mucor,Mucor_ramosissimus
ASV_1014,Fungi,Ascomycota,Dothideomycetes,Dothideales,Saccotheciaceae,Aureobasidium,Aureobasidium_pullulans
ASV_1015,Fungi,Streptophyta,Magnoliopsida,Lamiales,Plantaginaceae,Plantago,Plantago_lanceolata
ASV_1016,Fungi,Streptophyta,Magnoliopsida,Asterales,Asteraceae,Taraxacum,Taraxacum_sp._CF-2016
ASV_1017,Fungi,Streptophyta,Magnoliopsida,Myrtales,Myrtaceae,Eucalyptus,Eucalyptus_saligna
ASV_1018,Fungi,Ascomycota,Dothideomycetes,Pleosporales,Torulaceae,Dendryphion,Dendryphion_fluminicola
ASV_1019,Fungi,Ascomycota,Dothideomycetes,Pleosporales,Melanommataceae,NA,NA
ASV_1020,Fungi,Ascomycota,Dothideomycetes,Pleosporales,Pleosporaceae,Pyrenophora,NA
ASV_1021,Fungi,Streptophyta,Magnoliopsida,Asterales,Asteraceae,Craspedia,Craspedia_sp._CHR514275
ASV_1022,Fungi,Ascomycota,Dothideomycetes,Pleosporales,Periconiaceae,Periconia,Periconia_imperatae
ASV_1023,Fungi,Basidiomycota,Pucciniomycetes,Pucciniales,Pucciniaceae,Puccinia,Puccinia_coronati-agrostidis
ASV_1024,Fungi,Chlorophyta,Trebouxiophyceae,Watanabeales,NA,Chloroidium,Chloroidium_sp._LV-2018
ASV_1025,Fungi,Ascomycota,Dothideomycetes,Pleosporales,Phaeosphaeriaceae,Phaeosphaeria,Phaeosphaeria_culmorum
ASV_1026,Fungi,Streptophyta,Magnoliopsida,Asterales,Asteraceae,Craspedia,Craspedia_sp._CHR514275
ASV_1027,Fungi,Ascomycota,Dothideomycetes,Pleosporales,Didymellaceae,Epicoccum,Epicoccum_nigrum
ASV_1028,Fungi,Ascomycota,Dothideomycetes,Pleosporales,Cucurbitariaceae,Neocucurbitaria,Neocucurbitaria_populi
ASV_1029,Fungi,Streptophyta,Magnoliopsida,Fabales,Fabaceae,Lotus,Lotus_pedunculatus
ASV_1030,Fungi,Ascomycota,Dothideomycetes,Pleosporales,Phaeosphaeriaceae,Didymocyrtis,Didymocyrtis_pini
ASV_1031,Fungi,Basidiomycota,Cystobasidiomycetes,NA,Symmetrosporaceae,Symmetrospora,Symmetrospora_oryzicola
ASV_1032,Fungi,Streptophyta,Magnoliopsida,Lamiales,Plantaginaceae,Plantago,Plantago_lanceolata
ASV_1033,Fungi,Ascomycota,Dothideomycetes,Pleosporales,Pleosporaceae,Stemphylium,Stemphylium_trifolii
ASV_1034,Fungi,Streptophyta,Magnoliopsida,Asterales,Asteraceae,NA,Hypochaeris_environmental_sample
ASV_1035,Fungi,Streptophyta,Magnoliopsida,Lamiales,Plantaginaceae,Veronica,Veronica_pinguifolia
ASV_1036,Fungi,Ascomycota,Dothideomycetes,Pleosporales,Tetraplosphaeriaceae,Tetraploa,Tetraploa_yunnanensis
ASV_1037,Fungi,Streptophyta,Magnoliopsida,Asterales,Asteraceae,Achillea,Achillea_millefolium
ASV_1038,Fungi,Streptophyta,Magnoliopsida,Lamiales,Plantaginaceae,Veronica,Veronica_topiaria
ASV_1039,Fungi,Mucoromycota,Mucoromycetes,Mucorales,Mucoraceae,Mucor,Mucor_circinelloides
ASV_1040,Fungi,Ascomycota,Dothideomycetes,Pleosporales,Pleosporaceae,Bipolaris,Bipolaris_microlaenae
ASV_1041,Fungi,Streptophyta,Magnoliopsida,Oxalidales,Oxalidaceae,Oxalis,Oxalis_corniculata
ASV_1042,Fungi,Mortierellomycota,Mortierellomycetes,Mortierellales,Mortierellaceae,Mortierella,Mortierella_rishikesha
ASV_1043,Fungi,Chlorophyta,Trebouxiophyceae,NA,NA,NA,uncultured_Chlorellales
ASV_1044,Fungi,Ascomycota,Dothideomycetes,Pleosporales,Pleosporaceae,Curvularia,Curvularia_coatesiae
ASV_1045,Fungi,Basidiomycota,Microbotryomycetes,Sporidiobolales,Sporidiobolaceae,Rhodotorula,Rhodotorula_glutinis
ASV_1046,Fungi,Basidiomycota,Tremellomycetes,Tremellales,Rhynchogastremaceae,Papiliotrema,Papiliotrema_horticola
ASV_1047,Fungi,Streptophyta,Magnoliopsida,Poales,Poaceae,Lolium,Lolium_saxatile
ASV_1048,Fungi,Streptophyta,Magnoliopsida,Apiales,Araliaceae,Schefflera,Schefflera_digitata
ASV_1049,Fungi,Streptophyta,Magnoliopsida,Apiales,Araliaceae,Pseudopanax,Pseudopanax_ferox
ASV_1050,Fungi,Ascomycota,Dothideomycetes,Pleosporales,Pleosporaceae,Bipolaris,Bipolaris_cynodontis
ASV_1051,Fungi,Ascomycota,Dothideomycetes,Pleosporales,Pleosporaceae,Pyrenophora,Pyrenophora_erythrospila
ASV_1052,Fungi,NA,NA,NA,NA,NA,NA
ASV_1053,Fungi,Streptophyta,Magnoliopsida,Apiales,Araliaceae,Hedera,Hedera_helix
ASV_1054,Fungi,NA,NA,NA,NA,NA,NA
ASV_1055,Fungi,Streptophyta,Magnoliopsida,Boraginales,Boraginaceae,Myosotis,Myosotis_laxa
ASV_1056,Fungi,Streptophyta,Magnoliopsida,Lamiales,Plantaginaceae,Veronica,Veronica_topiaria
ASV_1057,Fungi,Ascomycota,Dothideomycetes,Pleosporales,Dictyosporiaceae,Pseudocoleophoma,Pseudocoleophoma_yunnanensis
ASV_1058,Fungi,Basidiomycota,Microbotryomycetes,Sporidiobolales,Sporidiobolaceae,Rhodotorula,Rhodotorula_glutinis
ASV_1059,Fungi,Ascomycota,Dothideomycetes,Microthyriales,NA,Pseudosoloacrosporiella,Pseudosoloacrosporiella_cryptomeriae
ASV_1060,Fungi,Streptophyta,Magnoliopsida,Myrtales,Myrtaceae,Eucalyptus,Eucalyptus_robusta
ASV_1061,Fungi,Ascomycota,Dothideomycetes,Pleosporales,Phaeosphaeriaceae,Paraophiobolus,Paraophiobolus_torilicola
ASV_1062,Fungi,Streptophyta,Magnoliopsida,Poales,Poaceae,Agrostis,Agrostis_castellana
ASV_1063,Fungi,NA,NA,NA,NA,NA,NA
ASV_1064,Fungi,Streptophyta,Magnoliopsida,Apiales,Apiaceae,Daucus,Daucus_carota
ASV_1065,Fungi,Basidiomycota,Tremellomycetes,Tremellales,Bulleribasidiaceae,Vishniacozyma,Vishniacozyma_foliicola
ASV_1066,Fungi,Streptophyta,Magnoliopsida,Asterales,Asteraceae,Argyranthemum,Argyranthemum_frutescens
ASV_1067,Fungi,NA,NA,NA,NA,NA,NA
ASV_1068,Fungi,Basidiomycota,Cystobasidiomycetes,Erythrobasidiales,Erythrobasidiaceae,Erythrobasidium,Erythrobasidium_yunnanense
ASV_1069,Fungi,Ascomycota,Sordariomycetes,Hypocreales,Clavicipitaceae,Claviceps,Claviceps_macroura
ASV_1070,Fungi,Basidiomycota,Cystobasidiomycetes,Buckleyzymales,Buckleyzymaceae,Buckleyzyma,Buckleyzyma_armeniaca
ASV_1071,Fungi,Streptophyta,Magnoliopsida,Lamiales,Plantaginaceae,Veronica,Veronica_pinguifolia
ASV_1072,Fungi,Ascomycota,Dothideomycetes,Pleosporales,Didymellaceae,Calophoma,NA
ASV_1073,Fungi,NA,NA,NA,NA,NA,NA
ASV_1074,Fungi,Streptophyta,Magnoliopsida,Asterales,Asteraceae,Taraxacum,Taraxacum_officinale
ASV_1075,Fungi,Ascomycota,Dothideomycetes,Pleosporales,Didymellaceae,Leptosphaerulina,Leptosphaerulina_americana
ASV_1076,Fungi,Streptophyta,Magnoliopsida,Asterales,Asteraceae,Craspedia,Craspedia_sp._CHR514290
ASV_1077,Fungi,Streptophyta,Magnoliopsida,Asterales,Asteraceae,Pilosella,Pilosella_officinarum
ASV_1078,Fungi,Chlorophyta,Trebouxiophyceae,Watanabeales,NA,Chloroidium,Chloroidium_orientale
ASV_1079,Fungi,Chlorophyta,Trebouxiophyceae,Watanabeales,NA,Chloroidium,Chloroidium_orientale
ASV_1080,Fungi,Chlorophyta,Trebouxiophyceae,Watanabeales,NA,Chloroidium,Chloroidium_sp._OD-1-1-K
ASV_1081,Fungi,Ascomycota,Dothideomycetes,Pleosporales,Pleosporaceae,Alternaria,Alternaria_inflata
ASV_1082,Fungi,Streptophyta,Magnoliopsida,Apiales,Araliaceae,Schefflera,Schefflera_digitata
ASV_1083,Fungi,Ascomycota,Dothideomycetes,Pleosporales,Massarinaceae,Helminthosporium,Helminthosporium_asterinum
ASV_1084,Fungi,NA,NA,NA,NA,NA,NA
ASV_1085,Fungi,Ascomycota,Dothideomycetes,Pleosporales,Phaeosphaeriaceae,Neosetophoma,Neosetophoma_buxi
ASV_1086,Fungi,Streptophyta,Magnoliopsida,Asterales,Asteraceae,Euryops,Euryops_brownei
ASV_1087,Fungi,Streptophyta,Magnoliopsida,Poales,Poaceae,Cortaderia,Cortaderia_selloana
ASV_1088,Fungi,Ascomycota,Leotiomycetes,Leotiales,Tympanidaceae,NA,NA
ASV_1089,Fungi,Ascomycota,Pezizomycetes,Pezizales,Pezizaceae,NA,uncultured_Pezizaceae
ASV_1090,Fungi,Ascomycota,Dothideomycetes,Acrospermales,Acrospermaceae,Gonatophragmium,Gonatophragmium_epilobii
ASV_1091,Fungi,Streptophyta,Magnoliopsida,Asterales,Asteraceae,Euryops,Euryops_brownei
ASV_1092,Fungi,Streptophyta,Magnoliopsida,Asterales,Asteraceae,Erigeron,Erigeron_sp._MIB:SASS:0442
ASV_1093,Fungi,Streptophyta,Magnoliopsida,Asterales,Asteraceae,Bellis,Bellis_perennis
ASV_1094,Fungi,Chytridiomycota,Chytridiomycota_cls_Incertae_sedis,Chytridiomycota_ord_Incertae_sedis,Chytridiomycota_fam_Incertae_sedis,Chytridiomycota_gen_Incertae_sedis,NA
ASV_1095,Fungi,NA,NA,NA,NA,NA,NA
ASV_1096,Fungi,Streptophyta,Magnoliopsida,Asterales,Asteraceae,Leontodon,Leontodon_saxatilis
ASV_1097,Fungi,Streptophyta,Magnoliopsida,Asterales,Asteraceae,Argyranthemum,Argyranthemum_frutescens
ASV_1098,Fungi,Streptophyta,Magnoliopsida,Poales,Poaceae,Festuca,Festuca_actae
ASV_1099,Fungi,Chlorophyta,Trebouxiophyceae,Watanabeales,NA,Chloroidium,Chloroidium_sp._NN-2-O
ASV_1100,Fungi,Streptophyta,Magnoliopsida,Myrtales,Myrtaceae,Eucalyptus,Eucalyptus_radiata
ASV_1101,Fungi,Ascomycota,Dothideomycetes,Pleosporales,Didymellaceae,Epicoccum,Epicoccum_nigrum
ASV_1102,Fungi,Ascomycota,Dothideomycetes,Cladosporiales,Cladosporiaceae,Cladosporium,Cladosporium_herbarum
ASV_1103,Fungi,Streptophyta,Magnoliopsida,Poales,Poaceae,Digitaria,Digitaria_sanguinalis
ASV_1104,Fungi,Basidiomycota,Agaricostilbomycetes,Agaricostilbales,Kondoaceae,Kondoa,Kondoa_gutianensis
ASV_1105,Fungi,Chlorophyta,Trebouxiophyceae,Watanabeales,NA,Jaagichlorella,Jaagichlorella_roystonensis
ASV_1106,Fungi,Mucoromycota,Mucoromycetes,Mucorales,Phycomycetaceae,Phycomyces,Phycomyces_nitens
ASV_1107,Fungi,Basidiomycota,Cystobasidiomycetes,Buckleyzymales,Buckleyzymaceae,Buckleyzyma,Buckleyzyma_armeniaca
ASV_1108,Fungi,Chlorophyta,Trebouxiophyceae,NA,NA,Pseudomarvania,Pseudomarvania_ampulliformis
ASV_1109,Fungi,Streptophyta,Magnoliopsida,Fabales,Fabaceae,Lotus,Lotus_pedunculatus
ASV_1110,Fungi,Streptophyta,Polypodiopsida,Equisetales,Equisetaceae,Equisetum,Equisetum_arvense
ASV_1111,Fungi,NA,NA,NA,NA,NA,NA
ASV_1112,Fungi,Streptophyta,Magnoliopsida,Asterales,Asteraceae,Craspedia,Craspedia_sp._CHR514290
ASV_1113,Fungi,Ascomycota,Dothideomycetes,Pleosporales,Pleosporaceae,Alternaria,Alternaria_oregonensis
ASV_1114,Fungi,NA,NA,NA,NA,NA,NA
ASV_1115,Fungi,Ascomycota,Sordariomycetes,Diaporthales,NA,NA,Diaporthales_sp.
ASV_1116,Fungi,Streptophyta,Magnoliopsida,Fabales,Fabaceae,Cercis,Cercis_siliquastrum
ASV_1117,Fungi,Chlorophyta,Trebouxiophyceae,Trebouxiales,Trebouxiaceae,Trebouxia,Trebouxia_sp.
ASV_1118,Fungi,Ascomycota,Dothideomycetes,Pleosporales,Phaeosphaeriaceae,Paraphoma,Paraphoma_chlamydocopiosa
ASV_1119,Fungi,NA,NA,NA,NA,NA,NA
ASV_1120,Fungi,Streptophyta,Magnoliopsida,Asterales,Asteraceae,Achillea,Achillea_millefolium
ASV_1121,Fungi,Ascomycota,Dothideomycetes,Pleosporales,Didymosphaeriaceae,Pseudopithomyces,Pseudopithomyces_chartarum
ASV_1122,Fungi,Chytridiomycota,Chytridiomycota_cls_Incertae_sedis,Chytridiomycota_ord_Incertae_sedis,Chytridiomycota_fam_Incertae_sedis,Chytridiomycota_gen_Incertae_sedis,NA
ASV_1123,Fungi,Streptophyta,Magnoliopsida,Fabales,Fabaceae,Lotus,Lotus_pedunculatus
ASV_1124,Fungi,Streptophyta,Magnoliopsida,Asterales,Asteraceae,Erigeron,Erigeron_canadensis
ASV_1125,Fungi,Streptophyta,Magnoliopsida,Poales,Poaceae,Poa,Poa_annua
ASV_1126,Fungi,Ascomycota,Dothideomycetes,Mycosphaerellales,Mycosphaerellaceae,Ramularia,NA
ASV_1127,Fungi,Ascomycota,Sordariomycetes,Diaporthales,Cytosporaceae,Cytospora,NA
ASV_1128,Fungi,Streptophyta,Magnoliopsida,Myrtales,Myrtaceae,Callistemon,Callistemon_acuminatus
ASV_1129,Fungi,Streptophyta,Magnoliopsida,Malvales,Malvaceae,Hoheria,Hoheria_populnea
ASV_1130,Fungi,Ascomycota,Dothideomycetes,Pleosporales,Phaeosphaeriaceae,Didymocyrtis,Didymocyrtis_pini
ASV_1131,Fungi,NA,NA,NA,NA,NA,NA
ASV_1132,Fungi,Streptophyta,Magnoliopsida,Asterales,Asteraceae,Craspedia,Craspedia_sp._CHR514290
ASV_1133,Fungi,Ascomycota,Dothideomycetes,Pleosporales,Periconiaceae,Periconia,Periconia_celtidis
ASV_1134,Fungi,Ascomycota,Dothideomycetes,Pleosporales,Pleosporaceae,Stemphylium,Stemphylium_trifolii
ASV_1135,Fungi,Basidiomycota,Tremellomycetes,Tremellales,Rhynchogastremaceae,Papiliotrema,Papiliotrema_nemorosa
ASV_1136,Fungi,Streptophyta,Magnoliopsida,Asterales,Asteraceae,Crepis,Crepis_capillaris
ASV_1137,Fungi,Streptophyta,Magnoliopsida,Lamiales,Plantaginaceae,Veronica,Veronica_topiaria
ASV_1138,Fungi,Streptophyta,Magnoliopsida,Asterales,Asteraceae,Crepis,Crepis_capillaris
ASV_1139,Fungi,Ascomycota,Dothideomycetes,Pleosporales,Didymellaceae,Epicoccum,Epicoccum_nigrum
ASV_1140,Fungi,Basidiomycota,Tremellomycetes,Tremellales,Rhynchogastremaceae,Papiliotrema,Papiliotrema_horticola
ASV_1141,Fungi,Streptophyta,Magnoliopsida,Asterales,Asteraceae,Taraxacum,Taraxacum_sp._CF-2016
ASV_1142,Fungi,Basidiomycota,Cystobasidiomycetes,NA,Symmetrosporaceae,Symmetrospora,Symmetrospora_oryzicola
ASV_1143,Fungi,Ascomycota,Dothideomycetes,Microthyriales,NA,Pseudosoloacrosporiella,Pseudosoloacrosporiella_cryptomeriae
ASV_1144,Fungi,NA,NA,NA,NA,NA,NA
ASV_1145,Fungi,Chlorophyta,Trebouxiophyceae,Watanabeales,NA,Chloroidium,Chloroidium_sp._LV-2018
ASV_1146,Fungi,Streptophyta,Magnoliopsida,Rosales,Rosaceae,Rosa,Rosa_agrestis
ASV_1147,Fungi,Streptophyta,Magnoliopsida,Myrtales,Myrtaceae,Leptospermum,Leptospermum_scoparium
ASV_1148,Fungi,NA,NA,NA,NA,NA,NA
ASV_1149,Fungi,Ascomycota,Dothideomycetes,Pleosporales,Didymosphaeriaceae,Paraphaeosphaeria,Paraphaeosphaeria_neglecta
ASV_1150,Fungi,Ascomycota,Leotiomycetes,Helotiales,Sclerotiniaceae,Botrytis,Botrytis_caroliniana
ASV_1151,Fungi,Mucoromycota,Mucoromycetes,Mucorales,Mucoraceae,Mucor,Mucor_flavus
ASV_1152,Fungi,Ascomycota,Dothideomycetes,Pleosporales,Leptosphaeriaceae,Sphaerellopsis,Sphaerellopsis_macroconidialis
ASV_1153,Fungi,Mucoromycota,Mucoromycetes,Mucorales,Mucoraceae,Mucor,Mucor_fragilis
ASV_1154,Fungi,Chlorophyta,Trebouxiophyceae,Watanabeales,NA,Chloroidium,Chloroidium_ellipsoideum
ASV_1155,Fungi,Ascomycota,Dothideomycetes,Pleosporales,Phaeosphaeriaceae,Phaeosphaeria,NA
ASV_1156,Fungi,Streptophyta,Magnoliopsida,Asterales,Asteraceae,Krigia,Krigia_virginica
ASV_1157,Fungi,Ascomycota,Pichiomycetes,Pichiales,Pichiaceae,Pichia,Pichia_fermentans
ASV_1158,Fungi,Streptophyta,Magnoliopsida,Asterales,Asteraceae,Craspedia,Craspedia_sp._CHR514290
ASV_1159,Fungi,Chytridiomycota,Chytridiomycota_cls_Incertae_sedis,Chytridiomycota_ord_Incertae_sedis,Chytridiomycota_fam_Incertae_sedis,Chytridiomycota_gen_Incertae_sedis,NA
ASV_1160,Fungi,Ascomycota,Saccharomycetes,Saccharomycetales,NA,NA,NA
ASV_1161,Fungi,Ascomycota,Dothideomycetes,Pleosporales,Pleosporaceae,Curvularia,Curvularia_tsudae
ASV_1162,Fungi,Streptophyta,Magnoliopsida,Apiales,Araliaceae,Pseudopanax,Pseudopanax_ferox
ASV_1163,Fungi,Chytridiomycota,Chytridiomycota_cls_Incertae_sedis,Chytridiomycota_ord_Incertae_sedis,Chytridiomycota_fam_Incertae_sedis,Chytridiomycota_gen_Incertae_sedis,NA
ASV_1164,Fungi,Ascomycota,Dothideomycetes,Cladosporiales,Cladosporiaceae,Cladosporium,Cladosporium_herbarum
ASV_1165,Fungi,Ascomycota,Dothideomycetes,Cladosporiales,Cladosporiaceae,Cladosporium,Cladosporium_herbarum
ASV_1166,Fungi,NA,NA,NA,NA,NA,NA
ASV_1167,Fungi,Streptophyta,Magnoliopsida,Oxalidales,Elaeocarpaceae,Elaeocarpus,Elaeocarpus_hookerianus
ASV_1168,Fungi,Ascomycota,Dothideomycetes,Pleosporales,Pleosporaceae,Bipolaris,NA
ASV_1169,Fungi,Ascomycota,Dothideomycetes,Pleosporales,Didymellaceae,Epicoccum,Epicoccum_proteae
ASV_1170,Fungi,Basidiomycota,Cystobasidiomycetes,Cystobasidiomycetes_ord_Incertae_sedis,NA,NA,NA
ASV_1171,Fungi,Streptophyta,Magnoliopsida,Asterales,Asteraceae,Bellis,Bellis_perennis
ASV_1172,Fungi,Streptophyta,Magnoliopsida,Lamiales,Plantaginaceae,Digitalis,Digitalis_purpurea
ASV_1173,Fungi,Basidiomycota,Cystobasidiomycetes,Erythrobasidiales,Erythrobasidiaceae,Erythrobasidium,NA
ASV_1174,Fungi,Fungi_phy_Incertae_sedis,Fungi_cls_Incertae_sedis,Fungi_ord_Incertae_sedis,Fungi_fam_Incertae_sedis,Fungi_gen_Incertae_sedis,NA
ASV_1175,Fungi,Streptophyta,Magnoliopsida,Poales,Poaceae,Triticum,Triticum_turgidum
ASV_1176,Fungi,Streptophyta,Magnoliopsida,Asterales,Asteraceae,Taraxacum,Taraxacum_officinale
ASV_1177,Fungi,Streptophyta,Magnoliopsida,Apiales,Araliaceae,Pseudopanax,Pseudopanax_ferox
ASV_1178,Fungi,Streptophyta,Magnoliopsida,Asterales,Asteraceae,Erigeron,Erigeron_canadensis
ASV_1179,Fungi,Ascomycota,Dothideomycetes,Pleosporales,Didymellaceae,Didymella,Didymella_exigua
ASV_1180,Fungi,Ascomycota,Leotiomycetes,Leotiales,Tympanidaceae,NA,NA
ASV_1181,Fungi,Basidiomycota,Tremellomycetes,Tremellales,Rhynchogastremaceae,Papiliotrema,NA
ASV_1182,Fungi,Streptophyta,Magnoliopsida,Asterales,Asteraceae,Bellis,Bellis_perennis
ASV_1183,Fungi,Ascomycota,Dothideomycetes,Pleosporales,Didymellaceae,Epicoccum,Epicoccum_nigrum
ASV_1184,Fungi,Basidiomycota,Microbotryomycetes,Sporidiobolales,Sporidiobolaceae,Sporobolomyces,Sporobolomyces_ruberrimus
ASV_1185,Fungi,Ascomycota,Dothideomycetes,Pleosporales,Pleosporaceae,Bipolaris,Bipolaris_microlaenae
ASV_1186,Fungi,Streptophyta,Magnoliopsida,Poales,Poaceae,Digitaria,Digitaria_sanguinalis
ASV_1187,Fungi,Streptophyta,Magnoliopsida,Rosales,Rosaceae,Rosa,Rosa_agrestis
ASV_1188,Fungi,Ascomycota,Sordariomycetes,Hypocreales,Clavicipitaceae,Claviceps,Claviceps_macroura
ASV_1189,Fungi,Streptophyta,Magnoliopsida,Asterales,Asteraceae,Bellis,Bellis_perennis
ASV_1190,Fungi,Mucoromycota,Mucoromycetes,Mucorales,Phycomycetaceae,Phycomyces,Phycomyces_nitens
ASV_1191,Fungi,Chlorophyta,Trebouxiophyceae,Watanabeales,NA,Chloroidium,Chloroidium_orientale
ASV_1192,Fungi,Streptophyta,Magnoliopsida,Poales,Poaceae,Cortaderia,Cortaderia_selloana
ASV_1193,Fungi,Ascomycota,Dothideomycetes,Pleosporales,Periconiaceae,Periconia,Periconia_celtidis
ASV_1194,Fungi,Streptophyta,Magnoliopsida,Poales,Poaceae,Paspalum,Paspalum_dilatatum
ASV_1195,Fungi,Streptophyta,Magnoliopsida,Asterales,Asteraceae,Cirsium,Cirsium_arvense
ASV_1196,Fungi,Chlorophyta,Trebouxiophyceae,Watanabeales,NA,Chloroidium,Chloroidium_orientale
ASV_1197,Fungi,Ascomycota,Dothideomycetes,Pleosporales,Pleosporaceae,Alternaria,Alternaria_alternata
ASV_1198,Fungi,Ascomycota,Dothideomycetes,Pleosporales,Didymellaceae,Epicoccum,Epicoccum_nigrum
ASV_1199,Fungi,Ascomycota,Dothideomycetes,Pleosporales,Pleosporaceae,Exserohilum,Exserohilum_turcicum
ASV_1200,Fungi,Streptophyta,Magnoliopsida,Poales,Poaceae,Lolium,Lolium_saxatile
ASV_1201,Fungi,Streptophyta,Magnoliopsida,Apiales,Araliaceae,Aralia,Aralia_racemosa
ASV_1202,Fungi,Streptophyta,Magnoliopsida,Myrtales,Myrtaceae,Eucalyptus,Eucalyptus_botryoides
ASV_1203,Fungi,Streptophyta,Magnoliopsida,Asterales,Asteraceae,Zinnia,Zinnia_leucoglossa
ASV_1204,Fungi,Streptophyta,Magnoliopsida,Myrtales,Myrtaceae,Lophomyrtus,Lophomyrtus_bullata_x_Lophomyrtus_orbcordata
ASV_1205,Fungi,Streptophyta,Magnoliopsida,Asterales,Asteraceae,Bellis,Bellis_perennis
ASV_1206,Fungi,Streptophyta,Magnoliopsida,Asterales,Asteraceae,Crepis,Crepis_capillaris
ASV_1207,Fungi,Streptophyta,Magnoliopsida,Asterales,Asteraceae,Craspedia,Craspedia_sp._CHR514290
ASV_1208,Fungi,Ascomycota,Dothideomycetes,Pleosporales,Pleosporaceae,Bipolaris,NA
ASV_1209,Fungi,Ascomycota,Dothideomycetes,Pleosporales,Pleosporaceae,Alternaria,Alternaria_inflata
ASV_1210,Fungi,Mucoromycota,Mucoromycetes,Mucorales,Mucoraceae,Mucor,Mucor_hiemalis
ASV_1211,Fungi,Streptophyta,Magnoliopsida,Apiales,Araliaceae,Hedera,Hedera_helix
ASV_1212,Fungi,Streptophyta,Magnoliopsida,Asterales,Asteraceae,Achillea,Achillea_millefolium
ASV_1213,Fungi,Ascomycota,Dothideomycetes,Cladosporiales,Cladosporiaceae,Cladosporium,Cladosporium_sp.
ASV_1214,Fungi,Streptophyta,Magnoliopsida,Asterales,Asteraceae,Pilosella,Pilosella_officinarum
ASV_1215,Fungi,NA,NA,NA,NA,NA,NA
ASV_1216,Fungi,Ascomycota,Taphrinomycetes,Taphrinales,Taphrinaceae,Taphrina,Taphrina_inositophila
ASV_1217,Fungi,Ascomycota,Sordariomycetes,Sordariales,Schizotheciaceae,Pseudoechria,Pseudoechria_longicollis
ASV_1218,Fungi,Basidiomycota,Microbotryomycetes,Sporidiobolales,Sporidiobolaceae,Rhodotorula,Rhodotorula_glutinis
ASV_1219,Fungi,NA,NA,NA,NA,NA,NA
ASV_1220,Fungi,Chlorophyta,Trebouxiophyceae,Watanabeales,NA,Chloroidium,Chloroidium_sp._LV-2018
ASV_1221,Fungi,Streptophyta,Magnoliopsida,Asterales,Asteraceae,Cirsium,Cirsium_arvense
ASV_1222,Fungi,Chlorophyta,Trebouxiophyceae,Watanabeales,NA,Chloroidium,Chloroidium_sp._LV-2018
ASV_1223,Fungi,Streptophyta,Magnoliopsida,Asterales,Asteraceae,Erigeron,Erigeron_sp._er
ASV_1224,Fungi,NA,NA,NA,NA,NA,NA
ASV_1225,Fungi,Chlorophyta,Trebouxiophyceae,Watanabeales,NA,Chloroidium,Chloroidium_laureanum
ASV_1226,Fungi,Ascomycota,Dothideomycetes,Pleosporales,Pleosporaceae,Alternaria,carotiincultae
ASV_1227,Fungi,Streptophyta,Magnoliopsida,Malvales,Malvaceae,Hoheria,Hoheria_aff._sexstylosa_SJW-2009
ASV_1228,Fungi,Ascomycota,Leotiomycetes,NA,NA,NA,NA
ASV_1229,Fungi,Basidiomycota,Tremellomycetes,Tremellales,Bulleribasidiaceae,Hannaella,Hannaella_oryzae
ASV_1230,Fungi,Streptophyta,Magnoliopsida,Fagales,Fagaceae,NA,Quercus_environmental_sample
ASV_1231,Fungi,Streptophyta,Magnoliopsida,Asterales,Asteraceae,Crepis,Crepis_capillaris
ASV_1232,Fungi,Streptophyta,Magnoliopsida,Asterales,Asteraceae,Achillea,Achillea_millefolium
ASV_1233,Fungi,Streptophyta,Magnoliopsida,Lamiales,Plantaginaceae,Veronica,Veronica_pinguifolia
ASV_1234,Fungi,Ascomycota,Dothideomycetes,Pleosporales,Didymellaceae,Epicoccum,Epicoccum_nigrum
ASV_1235,Fungi,Streptophyta,Magnoliopsida,Ranunculales,Ranunculaceae,Ranunculus,Ranunculus_sardous
ASV_1236,Fungi,Basidiomycota,Tremellomycetes,Tremellales,Bulleribasidiaceae,Hannaella,Hannaella_oryzae
ASV_1237,Fungi,Fungi_phy_Incertae_sedis,Fungi_cls_Incertae_sedis,Fungi_ord_Incertae_sedis,Fungi_fam_Incertae_sedis,Fungi_gen_Incertae_sedis,NA
ASV_1238,Fungi,Basidiomycota,Tremellomycetes,Tremellales,Bulleribasidiaceae,Vishniacozyma,Vishniacozyma_foliicola
ASV_1239,Fungi,Ascomycota,Dothideomycetes,Pleosporales,Pleosporaceae,Curvularia,Curvularia_tsudae
ASV_1240,Fungi,Streptophyta,Magnoliopsida,Asterales,Asteraceae,Crepis,Crepis_capillaris
ASV_1241,Fungi,Streptophyta,Magnoliopsida,Fabales,Fabaceae,Trifolium,Trifolium_repens
ASV_1242,Fungi,Streptophyta,Magnoliopsida,Malvales,Malvaceae,Hoheria,Hoheria_populnea
ASV_1243,Fungi,Ascomycota,Dothideomycetes,Pleosporales,Pleosporaceae,Bipolaris,Bipolaris_cynodontis
ASV_1244,Fungi,Ascomycota,Dothideomycetes,Pleosporales,Phaeosphaeriaceae,Didymocyrtis,Didymocyrtis_pini
ASV_1245,Fungi,Mucoromycota,Mucoromycetes,Mucorales,Mucoraceae,Mucor,Mucor_saturninus
ASV_1246,Fungi,NA,NA,NA,NA,NA,NA
ASV_1247,Fungi,Streptophyta,Magnoliopsida,Asterales,Asteraceae,Bellis,Bellis_perennis
ASV_1248,Fungi,Chlorophyta,Trebouxiophyceae,Chlorellales,NA,NA,uncultured_Chloroidium
ASV_1249,Fungi,Streptophyta,Magnoliopsida,Apiales,Apiaceae,Daucus,Daucus_carota
ASV_1250,Fungi,Basidiomycota,Microbotryomycetes,Sporidiobolales,Sporidiobolaceae,Rhodotorula,Rhodotorula_glutinis
ASV_1251,Fungi,Streptophyta,Magnoliopsida,Lamiales,Plantaginaceae,Veronica,Veronica_chathamica
ASV_1252,Fungi,Ascomycota,Dothideomycetes,Acrospermales,Acrospermaceae,Acrospermum,NA
ASV_1253,Fungi,Streptophyta,Magnoliopsida,Myrtales,Myrtaceae,Lophomyrtus,Lophomyrtus_bullata_x_Lophomyrtus_orbcordata
ASV_1254,Fungi,Streptophyta,Magnoliopsida,Fabales,Fabaceae,Trifolium,Trifolium_repens
ASV_1255,Fungi,Streptophyta,Magnoliopsida,Lamiales,Plantaginaceae,Veronica,Veronica_topiaria
ASV_1256,Fungi,Ascomycota,Dothideomycetes,Cladosporiales,Cladosporiaceae,Cladosporium,Cladosporium_herbarum
ASV_1257,Fungi,NA,NA,NA,NA,NA,NA
ASV_1258,Fungi,NA,NA,NA,NA,NA,NA
ASV_1259,Fungi,Streptophyta,Magnoliopsida,Myrtales,Myrtaceae,Eucalyptus,Eucalyptus_saligna
ASV_1260,Fungi,Streptophyta,Polypodiopsida,Equisetales,Equisetaceae,Equisetum,Equisetum_arvense
ASV_1261,Fungi,Fungi_phy_Incertae_sedis,Fungi_cls_Incertae_sedis,Fungi_ord_Incertae_sedis,Fungi_fam_Incertae_sedis,Fungi_gen_Incertae_sedis,NA
ASV_1262,Fungi,Ascomycota,Dothideomycetes,Pleosporales,Pleosporaceae,Bipolaris,Bipolaris_cynodontis
ASV_1263,Fungi,Ascomycota,Dothideomycetes,Pleosporales,Phaeosphaeriaceae,Neosetophoma,NA
ASV_1264,Fungi,Ascomycota,Dothideomycetes,Mycosphaerellales,Mycosphaerellaceae,Pseudocercospora,Pseudocercospora_tereticornis
ASV_1265,Fungi,Chlorophyta,Trebouxiophyceae,Watanabeales,NA,Chloroidium,Chloroidium_orientale
ASV_1266,Fungi,Streptophyta,Magnoliopsida,Lamiales,Plantaginaceae,Plantago,Plantago_lanceolata
ASV_1267,Fungi,Basidiomycota,Agaricomycetes,Trechisporales,Trechisporales_fam_Incertae_sedis,Sertulicium,NA
ASV_1268,Fungi,Streptophyta,Magnoliopsida,Asterales,Asteraceae,Pilosella,Pilosella_officinarum
ASV_1269,Fungi,Ascomycota,Dothideomycetes,Cladosporiales,Cladosporiaceae,Cladosporium,Cladosporium_herbarum
ASV_1270,Fungi,Ascomycota,Dothideomycetes,Pleosporales,Pleosporaceae,Alternaria,Alternaria_alternata
ASV_1271,Fungi,Ascomycota,Dothideomycetes,Pleosporales,Pleosporaceae,Alternaria,Alternaria_inflata
ASV_1272,Fungi,Ascomycota,Dothideomycetes,Pleosporales,Didymellaceae,Calophoma,NA
ASV_1273,Fungi,NA,NA,NA,NA,NA,NA
ASV_1274,Fungi,Ascomycota,Dothideomycetes,Pleosporales,Pleosporaceae,Curvularia,Curvularia_nodulosa
ASV_1275,Fungi,Streptophyta,Magnoliopsida,Asterales,Asteraceae,Achillea,Achillea_millefolium
ASV_1276,Fungi,Ascomycota,Dothideomycetes,Cladosporiales,Cladosporiaceae,Cladosporium,Cladosporium_herbarum
ASV_1277,Fungi,Basidiomycota,Microbotryomycetes,Sporidiobolales,Sporidiobolaceae,Sporobolomyces,Sporobolomyces_ruberrimus
ASV_1278,Fungi,Streptophyta,Magnoliopsida,Myrtales,Myrtaceae,Eucalyptus,Eucalyptus_botryoides
ASV_1279,Fungi,Ascomycota,Dothideomycetes,Pleosporales,Periconiaceae,Periconia,Periconia_neominutissima
ASV_1280,Fungi,Mucoromycota,Mucoromycetes,Mucorales,Mucoraceae,Pilaira,Pilaira_anomala
ASV_1281,Fungi,Streptophyta,Polypodiopsida,Equisetales,Equisetaceae,Equisetum,Equisetum_arvense
ASV_1282,Fungi,Ascomycota,Dothideomycetes,Pleosporales,Pleosporaceae,Alternaria,Alternaria_longipes
ASV_1283,Fungi,Ascomycota,NA,NA,NA,NA,NA
ASV_1284,Fungi,Basidiomycota,Cystobasidiomycetes,Cystobasidiomycetes_ord_Incertae_sedis,Symmetrosporaceae,Symmetrospora,Symmetrospora_coprosmae
ASV_1285,Fungi,Ascomycota,Dothideomycetes,Pleosporales,Parapyrenochaetaceae,Parapyrenochaeta,NA
ASV_1286,Fungi,Ascomycota,Dothideomycetes,Pleosporales,Pleosporaceae,Alternaria,Alternaria_oregonensis
ASV_1287,Fungi,Basidiomycota,Microbotryomycetes,Sporidiobolales,Sporidiobolaceae,Rhodotorula,Rhodotorula_glutinis
ASV_1288,Fungi,Ascomycota,Dothideomycetes,Cladosporiales,Cladosporiaceae,Cladosporium,Cladosporium_herbarum
ASV_1289,Fungi,Streptophyta,Magnoliopsida,Poales,Poaceae,Cortaderia,Cortaderia_selloana
ASV_1290,Fungi,Streptophyta,Magnoliopsida,Asterales,Asteraceae,Crepis,Crepis_capillaris
ASV_1291,Fungi,NA,NA,NA,NA,NA,NA
ASV_1292,Fungi,Basidiomycota,Cystobasidiomycetes,Erythrobasidiales,Erythrobasidiaceae,Erythrobasidium,Erythrobasidium_sp.
ASV_1293,Fungi,Ascomycota,Dothideomycetes,Pleosporales,Didymellaceae,NA,NA
ASV_1294,Fungi,Chlorophyta,Trebouxiophyceae,Trebouxiales,Trebouxiaceae,Asterochloris,Asterochloris_sp._CNOR2
ASV_1295,Fungi,Basidiomycota,Cystobasidiomycetes,NA,Symmetrosporaceae,Symmetrospora,Symmetrospora_oryzicola
ASV_1296,Fungi,Streptophyta,Magnoliopsida,Asterales,Asteraceae,NA,Hypochaeris_environmental_sample
ASV_1297,Fungi,Chlorophyta,Trebouxiophyceae,Watanabeales,NA,Chloroidium,Chloroidium_lobatum
ASV_1298,Fungi,Streptophyta,Magnoliopsida,Caryophyllales,Chenopodiaceae,Beta,Beta_vulgaris
ASV_1299,Fungi,Basidiomycota,Microbotryomycetes,Sporidiobolales,Sporidiobolaceae,Rhodotorula,Rhodotorula_diobovata
ASV_1300,Fungi,Streptophyta,Magnoliopsida,Fagales,Betulaceae,Alnus,Alnus_cordata
ASV_1301,Fungi,Streptophyta,Magnoliopsida,Caryophyllales,Polygonaceae,Muehlenbeckia,Muehlenbeckia_astonii
ASV_1302,Fungi,Ascomycota,Pichiomycetes,Pichiales,Pichiaceae,Pichia,Pichia_barkeri
ASV_1303,Fungi,Streptophyta,Magnoliopsida,Poales,Poaceae,Cortaderia,Cortaderia_araucana
ASV_1304,Fungi,Streptophyta,Magnoliopsida,Lamiales,Plantaginaceae,Veronica,Veronica_pinguifolia
ASV_1305,Fungi,NA,NA,NA,NA,NA,NA
ASV_1306,Fungi,Streptophyta,Magnoliopsida,Caryophyllales,Polygonaceae,Muehlenbeckia,Muehlenbeckia_aff._complexa_DTR-2007
ASV_1307,Fungi,Basidiomycota,Cystobasidiomycetes,Erythrobasidiales,Erythrobasidiaceae,Erythrobasidium,Erythrobasidium_hasegawianum
ASV_1308,Fungi,Basidiomycota,Cystobasidiomycetes,Erythrobasidiales,Erythrobasidiaceae,Erythrobasidium,Erythrobasidium_primogenitum
ASV_1309,Fungi,Basidiomycota,Tremellomycetes,Tremellales,Rhynchogastremaceae,Papiliotrema,Papiliotrema_nemorosa
ASV_1310,Fungi,NA,NA,NA,NA,NA,NA
ASV_1311,Fungi,Fungi_phy_Incertae_sedis,Fungi_cls_Incertae_sedis,Fungi_ord_Incertae_sedis,Fungi_fam_Incertae_sedis,Fungi_gen_Incertae_sedis,NA
ASV_1312,Fungi,NA,NA,NA,NA,NA,NA
ASV_1313,Fungi,Chlorophyta,Trebouxiophyceae,Trebouxiales,Trebouxiaceae,Trebouxia,uncultured_Trebouxia_photobiont
ASV_1314,Fungi,Chlorophyta,Trebouxiophyceae,Watanabeales,NA,Jaagichlorella,Jaagichlorella_adherens
ASV_1315,Fungi,Streptophyta,Magnoliopsida,Poales,Poaceae,Digitaria,Digitaria_sanguinalis
ASV_1316,Fungi,Basidiomycota,Exobasidiomycetes,Microstromatales,Microstromataceae,Microstroma,Microstroma_bacarum
ASV_1317,Fungi,Basidiomycota,Microbotryomycetes,Sporidiobolales,Sporidiobolaceae,Sporobolomyces,Sporobolomyces_ruberrimus
ASV_1318,Fungi,Basidiomycota,NA,NA,NA,NA,NA
ASV_1319,Fungi,NA,NA,NA,NA,NA,NA
ASV_1320,Fungi,Basidiomycota,Cystobasidiomycetes,Naohideales,Naohideaceae,Naohidea,NA
ASV_1321,Fungi,NA,NA,NA,NA,NA,NA
ASV_1322,Fungi,Streptophyta,Magnoliopsida,Asterales,Asteraceae,Craspedia,Craspedia_sp._CHR514290
ASV_1323,Fungi,Streptophyta,Magnoliopsida,Fabales,Fabaceae,Trifolium,Trifolium_repens
ASV_1324,Fungi,Streptophyta,Magnoliopsida,Apiales,Araliaceae,Pseudopanax,Pseudopanax_ferox
ASV_1325,Fungi,Basidiomycota,Cystobasidiomycetes,NA,Symmetrosporaceae,Symmetrospora,Symmetrospora_oryzicola
ASV_1326,Fungi,Streptophyta,Magnoliopsida,Lamiales,Plantaginaceae,Plantago,Plantago_lanceolata
ASV_1327,Fungi,Chlorophyta,Trebouxiophyceae,Watanabeales,NA,Chloroidium,Chloroidium_saccharophilum
ASV_1328,Fungi,Ascomycota,Pezizomycotina_cls_Incertae_sedis,Pezizomycotina_ord_Incertae_sedis,Pezizomycotina_fam_Incertae_sedis,Pezizomycotina_gen_Incertae_sedis,NA
ASV_1329,Fungi,Chlorophyta,Trebouxiophyceae,Watanabeales,NA,Jaagichlorella,Jaagichlorella_adherens
ASV_1330,Fungi,Streptophyta,Magnoliopsida,Myrtales,Myrtaceae,Leptospermum,Leptospermum_scoparium
ASV_1331,Fungi,Basidiomycota,Tremellomycetes,Tremellales,Bulleribasidiaceae,Vishniacozyma,Vishniacozyma_victoriae
ASV_1332,Fungi,NA,NA,NA,NA,NA,NA
ASV_1333,Fungi,Basidiomycota,Cystobasidiomycetes,Buckleyzymales,Buckleyzymaceae,Buckleyzyma,Buckleyzyma_armeniaca
ASV_1334,Fungi,Ascomycota,Dothideomycetes,Cladosporiales,Cladosporiaceae,Cladosporium,Cladosporium_herbarum
ASV_1335,Fungi,Basidiomycota,Cystobasidiomycetes,Erythrobasidiales,Erythrobasidiaceae,Bannoa,Bannoa_tropicalis
ASV_1336,Fungi,Streptophyta,Magnoliopsida,Poales,Poaceae,Poa,Poa_annua
ASV_1337,Fungi,Streptophyta,Magnoliopsida,Poales,Poaceae,Cortaderia,Cortaderia_araucana
ASV_1338,Fungi,Ascomycota,Dothideomycetes,Pleosporales,Pleosporaceae,Bipolaris,Bipolaris_cynodontis
ASV_1339,Fungi,Streptophyta,Magnoliopsida,Asterales,Asteraceae,Craspedia,Craspedia_sp._CHR514275
ASV_1340,Fungi,Ascomycota,Dothideomycetes,Pleosporales,Didymellaceae,NA,NA
ASV_1341,Fungi,Ascomycota,Pezizomycotina_cls_Incertae_sedis,Pezizomycotina_ord_Incertae_sedis,Pezizomycotina_fam_Incertae_sedis,Pezizomycotina_gen_Incertae_sedis,NA
ASV_1342,Fungi,Basidiomycota,Tremellomycetes,Tremellales,Trimorphomycetaceae,Saitozyma,Saitozyma_paraflava
ASV_1343,Fungi,Streptophyta,Magnoliopsida,Asterales,Asteraceae,Achillea,Achillea_setacea
ASV_1344,Fungi,Streptophyta,Magnoliopsida,Asterales,Asteraceae,Leucanthemum,Leucanthemum_pyrenaicum
ASV_1345,Fungi,Streptophyta,Magnoliopsida,Asterales,Asteraceae,Cirsium,Cirsium_arvense
ASV_1346,Fungi,Ascomycota,Dothideomycetes,Pleosporales,Didymellaceae,Phomatodes,Phomatodes_aubrietiae
ASV_1347,Fungi,Streptophyta,Magnoliopsida,Malvales,Thymelaeaceae,Pimelea,Pimelea_oreophila
ASV_1348,Fungi,Streptophyta,Magnoliopsida,Asterales,Asteraceae,Crepis,Crepis_capillaris
ASV_1349,Fungi,Basidiomycota,Tremellomycetes,Tremellales,Rhynchogastremaceae,Papiliotrema,Papiliotrema_nemorosa
ASV_1350,Fungi,Streptophyta,Magnoliopsida,Asterales,Asteraceae,Achillea,Achillea_millefolium
ASV_1351,Fungi,Streptophyta,Magnoliopsida,Myrtales,Myrtaceae,Leptospermum,Leptospermum_scoparium
ASV_1352,Fungi,NA,NA,NA,NA,NA,NA
ASV_1353,Fungi,Basidiomycota,Cystobasidiomycetes,Erythrobasidiales,Erythrobasidiaceae,Erythrobasidium,Erythrobasidium_sp.
ASV_1354,Fungi,Ascomycota,Dothideomycetes,Pleosporales,Pleosporaceae,Bipolaris,Bipolaris_cynodontis
ASV_1355,Fungi,Ascomycota,Ascomycota_cls_Incertae_sedis,Ascomycota_ord_Incertae_sedis,Ascomycota_fam_Incertae_sedis,Ascomycota_gen_Incertae_sedis,NA
ASV_1356,Fungi,Ascomycota,Dothideomycetes,Pleosporales,Pleosporaceae,Bipolaris,NA
ASV_1357,Fungi,Basidiomycota,Tremellomycetes,Tremellales,Bulleribasidiaceae,Hannaella,Hannaella_zeae
ASV_1358,Fungi,Ascomycota,Dothideomycetes,Dothideales,Saccotheciaceae,Aureobasidium,Aureobasidium_pullulans
ASV_1359,Fungi,Streptophyta,Magnoliopsida,Asterales,Asteraceae,Achillea,Achillea_millefolium
ASV_1360,Fungi,Ascomycota,Dothideomycetes,Pleosporales,Phaeosphaeriaceae,Didymocyrtis,Didymocyrtis_pini
ASV_1361,Fungi,Basidiomycota,Agaricomycetes,Agaricales,Pleurotaceae,Pleurotus,Pleurotus_parsonsiae
ASV_1362,Fungi,Ascomycota,Dothideomycetes,Pleosporales,Phaeosphaeriaceae,Didymocyrtis,Didymocyrtis_pini
ASV_1363,Fungi,Basidiomycota,Cystobasidiomycetes,Cystobasidiomycetes_ord_Incertae_sedis,NA,NA,NA
ASV_1364,Fungi,Ascomycota,Dothideomycetes,Pleosporales,Pleosporaceae,Alternaria,Alternaria_inflata
ASV_1365,Fungi,Ascomycota,Dothideomycetes,Pleosporales,Phaeosphaeriaceae,Paraophiobolus,Paraophiobolus_arundinis
ASV_1366,Fungi,Streptophyta,Magnoliopsida,Asterales,Asteraceae,Cosmos,Cosmos_bipinnatus
ASV_1367,Fungi,Chlorophyta,Trebouxiophyceae,Watanabeales,NA,Chloroidium,Chloroidium_orientale
ASV_1368,Fungi,Ascomycota,Dothideomycetes,Pleosporales,Pleosporaceae,Alternaria,Alternaria_oregonensis
ASV_1369,Fungi,Basidiomycota,Agaricostilbomycetes,Agaricostilbales,Kondoaceae,NA,NA
ASV_1370,Fungi,Streptophyta,Magnoliopsida,Apiales,Apiaceae,Coriandrum,Coriandrum_sativum
ASV_1371,Fungi,Ascomycota,Eurotiomycetes,Eurotiales,Aspergillaceae,Penicillium,Penicillium_bialowiezense
ASV_1372,Fungi,Ascomycota,Dothideomycetes,Pleosporales,Phaeosphaeriaceae,Septoriella,Septoriella_subcylindrospora
ASV_1373,Fungi,Basidiomycota,NA,NA,NA,NA,NA
ASV_1374,Fungi,Ascomycota,Dothideomycetes,Pleosporales,Pleosporaceae,NA,NA
ASV_1375,Fungi,Streptophyta,Magnoliopsida,Rosales,Rosaceae,Rosa,Rosa_agrestis
ASV_1376,Fungi,Ascomycota,Pichiomycetes,Pichiales,Pichiaceae,Pichia,Pichia_bruneiensis
ASV_1377,Fungi,Chlorophyta,Trebouxiophyceae,Watanabeales,NA,Chloroidium,Chloroidium_orientale
ASV_1378,Fungi,Ascomycota,Eurotiomycetes,Eurotiales,Aspergillaceae,Penicillium,Penicillium_brevicompactum
ASV_1379,Fungi,Ascomycota,Dothideomycetes,Pleosporales,Pleosporaceae,Alternaria,Alternaria_sp.
ASV_1380,Fungi,Streptophyta,Magnoliopsida,Brassicales,Brassicaceae,Lobularia,Lobularia_maritima
ASV_1381,Fungi,Streptophyta,Magnoliopsida,Myrtales,Myrtaceae,Leptospermum,Leptospermum_scoparium
ASV_1382,Fungi,Ascomycota,Pichiomycetes,Pichiales,Pichiaceae,Saturnispora,Saturnispora_zaruensis
ASV_1383,Fungi,Ascomycota,Dothideomycetes,NA,NA,Leptospora,Leptospora_rubella
ASV_1384,Fungi,Ascomycota,Dothideomycetes,Pleosporales,Pleosporaceae,Curvularia,Curvularia_ravenelii
ASV_1385,Fungi,Streptophyta,Magnoliopsida,Asterales,Asteraceae,Erigeron,Erigeron_sp._er
ASV_1386,Fungi,NA,NA,NA,NA,NA,NA
ASV_1387,Fungi,Ascomycota,Saccharomycetes,Saccharomycetales,Saccharomycetaceae,Monosporozyma,Monosporozyma_servazzii
ASV_1388,Fungi,Ascomycota,Eurotiomycetes,Eurotiales,Trichocomaceae,Talaromyces,Talaromyces_dendriticus
ASV_1389,Fungi,NA,NA,NA,NA,NA,NA
ASV_1390,Fungi,Streptophyta,Magnoliopsida,Lamiales,Plantaginaceae,Veronica,Veronica_topiaria
ASV_1391,Fungi,Ascomycota,Dothideomycetes,Pleosporales,Pleosporaceae,Curvularia,Curvularia_inaequalis
ASV_1392,Fungi,Ascomycota,Dothideomycetes,Pleosporales,Didymellaceae,Epicoccum,Epicoccum_pimprinum
ASV_1393,Fungi,Streptophyta,Magnoliopsida,Ericales,Ericaceae,Erica,Erica_lusitanica
ASV_1394,Fungi,NA,NA,NA,NA,NA,NA
ASV_1395,Fungi,Streptophyta,Magnoliopsida,Asterales,Asteraceae,Pilosella,Pilosella_officinarum
ASV_1396,Fungi,Basidiomycota,Microbotryomycetes,Sporidiobolales,Sporidiobolaceae,Rhodotorula,Rhodotorula_glutinis
ASV_1397,Fungi,Ascomycota,NA,NA,NA,NA,NA
ASV_1398,Fungi,Ascomycota,Dothideomycetes,Pleosporales,Phaeosphaeriaceae,Septoriella,Septoriella_subcylindrospora
ASV_1399,Fungi,NA,NA,NA,NA,NA,NA
ASV_1400,Fungi,Streptophyta,Magnoliopsida,Asterales,Asteraceae,Cirsium,Cirsium_arvense
ASV_1401,Fungi,Streptophyta,Magnoliopsida,Asterales,Asteraceae,NA,Hypochaeris_environmental_sample
ASV_1402,Fungi,Streptophyta,Magnoliopsida,Myrtales,Myrtaceae,Eucalyptus,Eucalyptus_botryoides
ASV_1403,Fungi,Ascomycota,Dothideomycetes,Pleosporales,Dictyosporiaceae,Dictyosporiaceae_gen_Incertae_sedis,NA
ASV_1404,Fungi,Streptophyta,Magnoliopsida,Asterales,Asteraceae,Coreopsis,Coreopsis_grandiflora
ASV_1405,Fungi,Streptophyta,Magnoliopsida,Poales,Poaceae,Cortaderia,Cortaderia_selloana
ASV_1406,Fungi,Streptophyta,Magnoliopsida,Apiales,Araliaceae,Pseudopanax,Pseudopanax_ferox
ASV_1407,Fungi,Ascomycota,Dothideomycetes,Pleosporales,Pleosporaceae,Alternaria,Alternaria_oregonensis
ASV_1408,Fungi,Basidiomycota,Cystobasidiomycetes,Erythrobasidiales,Erythrobasidiaceae,Bannoa,Bannoa_bischofiae
ASV_1409,Fungi,Streptophyta,Magnoliopsida,Poales,Poaceae,Cortaderia,Cortaderia_selloana
ASV_1410,Fungi,Streptophyta,Magnoliopsida,Asterales,Asteraceae,Crepis,Crepis_capillaris
ASV_1411,Fungi,Streptophyta,Magnoliopsida,Myrtales,Myrtaceae,Leptospermum,Leptospermum_scoparium
ASV_1412,Fungi,Streptophyta,Magnoliopsida,Asterales,Asteraceae,Bellis,Bellis_perennis
ASV_1413,Fungi,Ascomycota,Dothideomycetes,Pleosporales,Didymosphaeriaceae,Tremateia,NA
ASV_1414,Fungi,Streptophyta,Magnoliopsida,Caryophyllales,Polygonaceae,Rumex,Rumex_acetosella
ASV_1415,Fungi,Streptophyta,Magnoliopsida,Brassicales,Brassicaceae,Lepidium,Lepidium_sisymbrioides
ASV_1416,Fungi,Streptophyta,Magnoliopsida,Lamiales,Plantaginaceae,Veronica,Veronica_pimeleoides
ASV_1417,Fungi,Chlorophyta,Trebouxiophyceae,Trebouxiales,Trebouxiaceae,Trebouxia,Trebouxia_sp._C09
ASV_1418,Fungi,Basidiomycota,Cystobasidiomycetes,Cystobasidiomycetes_ord_Incertae_sedis,Symmetrosporaceae,Symmetrospora,Symmetrospora_pseudomarina
ASV_1419,Fungi,Ascomycota,Dothideomycetes,Pleosporales,Didymellaceae,Calophoma,NA
ASV_1420,Fungi,Streptophyta,Magnoliopsida,Malvales,Malvaceae,Hoheria,Hoheria_aff._sexstylosa_SJW-2009
ASV_1421,Fungi,Streptophyta,Magnoliopsida,Asterales,Asteraceae,Leontodon,Leontodon_saxatilis
ASV_1422,Fungi,Streptophyta,Magnoliopsida,Fagales,Betulaceae,Carpinus,Carpinus_betulus
ASV_1423,Fungi,Streptophyta,Magnoliopsida,Asterales,Asteraceae,Leontodon,Leontodon_sp._JGMV-2020
ASV_1424,Fungi,Ascomycota,Dothideomycetes,Pleosporales,Torulaceae,Torula,Torula_herbarum
ASV_1425,Fungi,Basidiomycota,Cystobasidiomycetes,Cystobasidiomycetes_ord_Incertae_sedis,Symmetrosporaceae,Symmetrospora,Symmetrospora_coprosmae
ASV_1426,Fungi,Basidiomycota,Exobasidiomycetes,Microstromatales,Microstromataceae,Microstroma,Microstroma_bacarum
ASV_1427,Fungi,Chlorophyta,Chlorophyceae,Sphaeropleales,Scenedesmaceae,Coelastrella,Coelastrella_sp._SAG_2123
ASV_1428,Fungi,NA,NA,NA,NA,NA,NA
ASV_1429,Fungi,Ascomycota,Eurotiomycetes,Eurotiales,Aspergillaceae,Penicillium,Penicillium_brevicompactum
ASV_1430,Fungi,Ascomycota,Eurotiomycetes,Eurotiales,Aspergillaceae,Aspergillus,Aspergillus_fumigatus
ASV_1431,Fungi,Ascomycota,Dothideomycetes,Pleosporales,Didymellaceae,Epicoccum,Epicoccum_pimprinum
ASV_1432,Fungi,Streptophyta,Magnoliopsida,Myrtales,Myrtaceae,Leptospermum,Leptospermum_scoparium
ASV_1433,Fungi,Streptophyta,Magnoliopsida,Asterales,Asteraceae,Leucanthemum,Leucanthemum_pyrenaicum
ASV_1434,Fungi,NA,NA,NA,NA,NA,NA
ASV_1435,Fungi,Ascomycota,Pichiomycetes,Pichiales,Pichiaceae,Pichia,Pichia_kudriavzevii
ASV_1436,Fungi,Streptophyta,Magnoliopsida,Lamiales,Plantaginaceae,Veronica,Veronica_topiaria
ASV_1437,Fungi,Ascomycota,Dothideomycetes,Pleosporales,Phaeosphaeriaceae,Paraphoma,Paraphoma_salicis
ASV_1438,Fungi,Ascomycota,Dothideomycetes,Pleosporales,Pleosporaceae,Alternaria,Alternaria_oregonensis
ASV_1439,Fungi,Ascomycota,Dothideomycetes,Pleosporales,Pleosporaceae,Stemphylium,Stemphylium_trifolii
ASV_1440,Fungi,Streptophyta,Magnoliopsida,Malvales,Malvaceae,Hoheria,Hoheria_aff._sexstylosa_SJW-2009
ASV_1441,Fungi,Streptophyta,Magnoliopsida,Myrtales,Myrtaceae,Eucalyptus,Eucalyptus_saligna
ASV_1442,Fungi,Ascomycota,Dothideomycetes,Pleosporales,Didymellaceae,Calophoma,NA
ASV_1443,Fungi,Streptophyta,Magnoliopsida,Asterales,Asteraceae,Craspedia,Craspedia_sp._CHR514290
ASV_1444,Fungi,Streptophyta,Magnoliopsida,Lamiales,Plantaginaceae,Veronica,Veronica_topiaria
ASV_1445,Fungi,Ascomycota,Dothideomycetes,Pleosporales,Phaeosphaeriaceae,NA,NA
ASV_1446,Fungi,Streptophyta,Magnoliopsida,Lamiales,Plantaginaceae,Veronica,Veronica_topiaria
ASV_1447,Fungi,Ascomycota,Eurotiomycetes,Eurotiales,Aspergillaceae,Aspergillus,Aspergillus_niger
ASV_1448,Fungi,Streptophyta,Magnoliopsida,Myrtales,Myrtaceae,Leptospermum,Leptospermum_scoparium
ASV_1449,Fungi,NA,NA,NA,NA,NA,NA
ASV_1450,Fungi,Streptophyta,Polypodiopsida,Equisetales,Equisetaceae,Equisetum,Equisetum_arvense
ASV_1451,Fungi,NA,NA,NA,NA,NA,NA
ASV_1452,Fungi,Streptophyta,Magnoliopsida,Poales,Poaceae,Eleusine,Eleusine_coracana
ASV_1453,Fungi,Streptophyta,Magnoliopsida,Asterales,Asteraceae,Leontodon,Leontodon_hispidus
ASV_1454,Fungi,Ascomycota,NA,NA,NA,NA,NA
ASV_1455,Fungi,Ascomycota,Sordariomycetes,Hypocreales,Nectriaceae,Fusarium,Fusarium_asiaticum
ASV_1456,Fungi,Ascomycota,Dothideomycetes,Pleosporales,Phaeosphaeriaceae,NA,NA
ASV_1457,Fungi,Streptophyta,Magnoliopsida,Apiales,Apiaceae,Daucus,Daucus_carota
ASV_1458,Fungi,Ascomycota,Dothideomycetes,Pleosporales,Pleosporaceae,Bipolaris,NA
ASV_1459,Fungi,Streptophyta,Magnoliopsida,Asterales,Asteraceae,Achillea,Achillea_setacea
ASV_1460,Fungi,Ascomycota,Dothideomycetes,Pleosporales,Torulaceae,Torula,Torula_gaodangensis
ASV_1461,Fungi,Ascomycota,Sordariomycetes,Diaporthales,NA,NA,NA
ASV_1462,Fungi,Streptophyta,Magnoliopsida,Asterales,Asteraceae,Cosmos,Cosmos_bipinnatus
ASV_1463,Fungi,Ascomycota,Dothideomycetes,Pleosporales,Pleosporaceae,Bipolaris,NA
ASV_1464,Fungi,Ascomycota,Dothideomycetes,Pleosporales,Didymellaceae,Calophoma,NA
ASV_1465,Fungi,Ascomycota,Saccharomycetes,Saccharomycetales,Saccharomycetaceae,Torulaspora,Torulaspora_delbrueckii
ASV_1466,Fungi,Ascomycota,Dothideomycetes,Pleosporales,Didymellaceae,Calophoma,NA
ASV_1467,Fungi,Basidiomycota,Cystobasidiomycetes,Cystobasidiomycetes_ord_Incertae_sedis,Symmetrosporaceae,Symmetrospora,Symmetrospora_oryzicola
ASV_1468,Fungi,Streptophyta,Magnoliopsida,Fabales,Fabaceae,Lotus,Lotus_pedunculatus
ASV_1469,Fungi,Streptophyta,Magnoliopsida,Gentianales,Rubiaceae,Coprosma,Coprosma_rigida
ASV_1470,Fungi,Ascomycota,Dothideomycetes,Pleosporales,Pleosporaceae,Alternaria,Alternaria_alternata
ASV_1471,Fungi,Chlorophyta,Trebouxiophyceae,Watanabeales,NA,Chloroidium,Chloroidium_ellipsoideum
ASV_1472,Fungi,Chlorophyta,Trebouxiophyceae,Trebouxiales,Trebouxiaceae,Trebouxia,uncultured_Trebouxia_photobiont
ASV_1473,Fungi,Ascomycota,Dothideomycetes,Pleosporales,Phaeosphaeriaceae,Neosetophoma,Neosetophoma_guiyangensis
ASV_1474,Fungi,Streptophyta,Magnoliopsida,Rosales,Rosaceae,Rosa,Rosa_agrestis
ASV_1475,Fungi,Ascomycota,Dothideomycetes,Pleosporales,Didymellaceae,Calophoma,NA
ASV_1476,Fungi,Ascomycota,Pezizomycotina_cls_Incertae_sedis,Pezizomycotina_ord_Incertae_sedis,Pezizomycotina_fam_Incertae_sedis,Tricellula,NA
ASV_1477,Fungi,Basidiomycota,Cystobasidiomycetes,Erythrobasidiales,Erythrobasidiaceae,Erythrobasidium,Erythrobasidium_hasegawianum
ASV_1478,Fungi,Basidiomycota,Tremellomycetes,Cystofilobasidiales,Cystofilobasidiaceae,Cystofilobasidium,Cystofilobasidium_macerans
ASV_1479,Fungi,Ascomycota,Saccharomycetes,Saccharomycetales,Saccharomycetaceae,Arxiozyma,Arxiozyma_pintolopesii
ASV_1480,Fungi,Chlorophyta,Chlorophyceae,Sphaeropleales,Scenedesmaceae,Tetradesmus,Tetradesmus_bajacalifornicus
ASV_1481,Fungi,Ascomycota,Dothideomycetes,Pleosporales,Phaeosphaeriaceae,Neosetophoma,Neosetophoma_guiyangensis
ASV_1482,Fungi,Basidiomycota,Microbotryomycetes,Sporidiobolales,Sporidiobolaceae,Sporobolomyces,Sporobolomyces_ruberrimus
ASV_1483,Fungi,Chlorophyta,Trebouxiophyceae,Watanabeales,NA,Chloroidium,Chloroidium_lichenum
ASV_1484,Fungi,Streptophyta,Magnoliopsida,Asterales,Asteraceae,Craspedia,Craspedia_variabilis
ASV_1485,Fungi,Streptophyta,Magnoliopsida,Asterales,Asteraceae,Craspedia,Craspedia_variabilis
ASV_1486,Fungi,Chlorophyta,Trebouxiophyceae,Watanabeales,NA,Chloroidium,Chloroidium_sp._OD-1-1-K
ASV_1487,Fungi,Streptophyta,Magnoliopsida,Asterales,Asteraceae,Crepis,Crepis_capillaris
ASV_1488,Fungi,NA,NA,NA,NA,NA,NA
ASV_1489,Fungi,Ascomycota,Dothideomycetes,Pleosporales,Didymosphaeriaceae,Paraphaeosphaeria,Paraphaeosphaeria_verruculosa
ASV_1490,Fungi,Streptophyta,Magnoliopsida,Malvales,Thymelaeaceae,Pimelea,NA
ASV_1491,Fungi,Streptophyta,Magnoliopsida,Fabales,Fabaceae,Trifolium,NA
ASV_1492,Fungi,Ascomycota,Dothideomycetes,Pleosporales,Pleosporaceae,Pyrenophora,Pyrenophora_nobleae
ASV_1493,Fungi,Basidiomycota,Cystobasidiomycetes,Naohideales,Naohideaceae,Naohidea,NA
ASV_1494,Fungi,Ascomycota,Dothideomycetes,Pleosporales,Didymellaceae,Didymella,NA
ASV_1495,Fungi,Ascomycota,Dothideomycetes,Pleosporales,Pyrenochaetopsidaceae,Xenopyrenochaetopsis,Xenopyrenochaetopsis_pratorum
ASV_1496,Fungi,Ascomycota,Saccharomycetes,Saccharomycetales,Pichiaceae,Pichia,Pichia_eremophila
ASV_1497,Fungi,Streptophyta,Magnoliopsida,Asterales,Asteraceae,Erigeron,Erigeron_canadensis
ASV_1498,Fungi,Ascomycota,Dothideomycetes,Pleosporales,Pleosporaceae,Curvularia,Curvularia_coatesiae
ASV_1499,Fungi,Streptophyta,Magnoliopsida,Gentianales,Rubiaceae,Coprosma,Coprosma_lucida
ASV_1500,Fungi,Ascomycota,Dothideomycetes,Pleosporales,Phaeosphaeriaceae,Didymocyrtis,Didymocyrtis_pini
ASV_1501,Fungi,Chytridiomycota,Chytridiomycota_cls_Incertae_sedis,Chytridiomycota_ord_Incertae_sedis,Chytridiomycota_fam_Incertae_sedis,Chytridiomycota_gen_Incertae_sedis,NA
ASV_1502,Fungi,Basidiomycota,Agaricostilbomycetes,Agaricostilbales,Kondoaceae,Kondoa,Kondoa_gutianensis
ASV_1503,Fungi,Ascomycota,Ascomycota_cls_Incertae_sedis,Ascomycota_ord_Incertae_sedis,Ascomycota_fam_Incertae_sedis,Ascomycota_gen_Incertae_sedis,NA
ASV_1504,Fungi,Streptophyta,Magnoliopsida,Lamiales,Plantaginaceae,Veronica,Veronica_speciosa
ASV_1505,Fungi,Streptophyta,Magnoliopsida,Myrtales,Myrtaceae,Leptospermum,Leptospermum_scoparium
ASV_1506,Fungi,Chlorophyta,Trebouxiophyceae,Watanabeales,NA,Chloroidium,Chloroidium_ellipsoideum
ASV_1507,Fungi,Streptophyta,Magnoliopsida,Apiales,Araliaceae,Pseudopanax,Pseudopanax_ferox
ASV_1508,Fungi,Streptophyta,Magnoliopsida,Asterales,Asteraceae,Erigeron,Erigeron_canadensis
ASV_1509,Fungi,Ascomycota,Eurotiomycetes,Eurotiales,Aspergillaceae,Penicillium,Penicillium_sp._gz2
ASV_1510,Fungi,Streptophyta,Magnoliopsida,Poales,Poaceae,Cortaderia,Cortaderia_selloana
ASV_1511,Fungi,Ascomycota,Dothideomycetes,Pleosporales,Phaeosphaeriaceae,Neosetophoma,Neosetophoma_guiyangensis
ASV_1512,Fungi,Mucoromycota,Mucoromycetes,Mucorales,Mucoraceae,Mucor,Mucor_circinelloides
ASV_1513,Fungi,Mucoromycota,Mucoromycetes,Mucorales,Mucoraceae,Mucor,Mucor_circinelloides
ASV_1514,Fungi,Chlorophyta,Trebouxiophyceae,Watanabeales,NA,Jaagichlorella,Jaagichlorella_adherens
ASV_1515,Fungi,Streptophyta,Magnoliopsida,Lamiales,Plantaginaceae,Plantago,Plantago_lanceolata
ASV_1516,Fungi,Basidiomycota,Microbotryomycetes,Sporidiobolales,Sporidiobolaceae,Rhodotorula,Rhodotorula_glutinis
ASV_1517,Fungi,Streptophyta,Magnoliopsida,Myrtales,Myrtaceae,Eucalyptus,Eucalyptus_saligna
ASV_1518,Fungi,Streptophyta,Magnoliopsida,Fagales,Betulaceae,Alnus,Alnus_trabeculosa
ASV_1519,Fungi,Streptophyta,Magnoliopsida,Poales,Poaceae,Digitaria,Digitaria_sanguinalis
ASV_1520,Fungi,Ascomycota,Taphrinomycetes,Taphrinales,Taphrinaceae,Taphrina,Taphrina_inositophila
ASV_1521,Fungi,Streptophyta,Magnoliopsida,Lamiales,Plantaginaceae,Veronica,Veronica_topiaria
ASV_1522,Fungi,Chlorophyta,Trebouxiophyceae,Trebouxiales,Trebouxiaceae,Trebouxia,Trebouxia_sp.
ASV_1523,Fungi,Ascomycota,Pichiomycetes,Pichiales,Pichiaceae,Pichia,Pichia_fermentans
ASV_1524,Fungi,NA,NA,NA,NA,NA,NA
ASV_1525,Fungi,Ascomycota,Sordariomycetes,Hypocreales,Nectriaceae,Fusarium,Fusarium_tricinctum
ASV_1526,Fungi,Streptophyta,Magnoliopsida,Caryophyllales,Basellaceae,Anredera,Anredera_cordifolia
ASV_1527,Fungi,Streptophyta,Magnoliopsida,Fabales,Fabaceae,Trifolium,Trifolium_repens
ASV_1528,Fungi,Basidiomycota,Cystobasidiomycetes,Naohideales,Naohideaceae,Naohidea,NA
ASV_1529,Fungi,Ascomycota,Dothideomycetes,Pleosporales,Pleosporaceae,Curvularia,Curvularia_coatesiae
ASV_1530,Fungi,Streptophyta,Magnoliopsida,Malvales,Malvaceae,Tilia,Tilia_cordata
ASV_1531,Fungi,Ascomycota,Dothideomycetes,Pleosporales,Phaeosphaeriaceae,Pseudoophiobolus,Pseudoophiobolus_pseudoitalicus
ASV_1532,Fungi,Basidiomycota,Cystobasidiomycetes,NA,Symmetrosporaceae,Symmetrospora,Symmetrospora_oryzicola
ASV_1533,Fungi,Ascomycota,Dothideomycetes,Pleosporales,Phaeosphaeriaceae,Paraphoma,Paraphoma_salicis
ASV_1534,Fungi,Chlorophyta,Trebouxiophyceae,Watanabeales,NA,Chloroidium,Chloroidium_orientale
ASV_1535,Fungi,Ascomycota,Dothideomycetes,Pleosporales,Pleosporaceae,Curvularia,Curvularia_ravenelii
ASV_1536,Fungi,Streptophyta,Magnoliopsida,Fabales,Fabaceae,Lotus,Lotus_pedunculatus
ASV_1537,Fungi,Ascomycota,Eurotiomycetes,Eurotiales,Aspergillaceae,Penicillium,Penicillium_brevicompactum
ASV_1538,Fungi,Ascomycota,Dothideomycetes,Pleosporales,Pleosporaceae,Bipolaris,NA
ASV_1539,Fungi,Blastocladiomycota,Blastocladiomycetes,Blastocladiales,Blastocladiales_fam_Incertae_sedis,Blastocladiales_gen_Incertae_sedis,NA
ASV_1540,Fungi,Ascomycota,Dothideomycetes,Pleosporales,Phaeosphaeriaceae,Phaeosphaeriopsis,Phaeosphaeriopsis_sp._PHY-22
ASV_1541,Fungi,Ascomycota,Dothideomycetes,Pleosporales,Didymosphaeriaceae,Paraphaeosphaeria,Paraphaeosphaeria_neglecta
ASV_1542,Fungi,Basidiomycota,Cystobasidiomycetes,NA,Symmetrosporaceae,Symmetrospora,Symmetrospora_oryzicola
ASV_1543,Fungi,Basidiomycota,Tremellomycetes,Filobasidiales,Filobasidiaceae,Filobasidium,Filobasidium_chernovii
ASV_1544,Fungi,NA,NA,NA,NA,NA,NA
ASV_1545,Fungi,Ascomycota,Dothideomycetes,Pleosporales,Didymellaceae,Calophoma,NA
ASV_1546,Fungi,Ascomycota,Dothideomycetes,Pleosporales,Pleosporaceae,Bipolaris,NA
ASV_1547,Fungi,Streptophyta,Magnoliopsida,Rosales,Rosaceae,Prunus,Prunus_cerasifera
ASV_1548,Fungi,Streptophyta,Magnoliopsida,Asterales,Asteraceae,Craspedia,Craspedia_sp._CHR514290
ASV_1549,Fungi,Ascomycota,Dothideomycetes,Cladosporiales,Cladosporiaceae,Rachicladosporium,Rachicladosporium_sp.
ASV_1550,Fungi,Ascomycota,Dothideomycetes,Cladosporiales,Cladosporiaceae,Rachicladosporium,Rachicladosporium_pini
ASV_1551,Fungi,Basidiomycota,Cystobasidiomycetes,Buckleyzymales,Buckleyzymaceae,Buckleyzyma,Buckleyzyma_armeniaca
ASV_1552,Fungi,Streptophyta,Magnoliopsida,Lamiales,Plantaginaceae,Veronica,Veronica_speciosa
ASV_1553,Fungi,Streptophyta,Magnoliopsida,Poales,Poaceae,Poa,Poa_annua
ASV_1554,Fungi,Chlorophyta,Trebouxiophyceae,Watanabeales,NA,Chloroidium,Chloroidium_lobatum
ASV_1555,Fungi,Ascomycota,Dothideomycetes,Pleosporales,Sporormiaceae,Preussia,Preussia_persica
ASV_1556,Fungi,Ascomycota,Dothideomycetes,Dothideales,Saccotheciaceae,Aureobasidium,Aureobasidium_intercalariosporum
ASV_1557,Fungi,NA,NA,NA,NA,NA,NA
ASV_1558,Fungi,Ascomycota,Sordariomycetes,Hypocreales,Clavicipitaceae,Claviceps,Claviceps_purpurea
ASV_1559,Fungi,NA,NA,NA,NA,NA,NA
ASV_1560,Fungi,Ascomycota,Sordariomycetes,Hypocreales,Clavicipitaceae,Claviceps,Claviceps_paspali
ASV_1561,Fungi,Ascomycota,Dothideomycetes,Pleosporales,Pleosporaceae,Alternaria,Alternaria_inflata
ASV_1562,Fungi,Mucoromycota,Mucoromycetes,Mucorales,Mucoraceae,Mucor,Mucor_fragilis
ASV_1563,Fungi,Ascomycota,Dothideomycetes,Pleosporales,Pyrenochaetopsidaceae,Pyrenochaetopsis,Pyrenochaetopsis_leptospora
ASV_1564,Fungi,Ascomycota,Dothideomycetes,Pleosporales,Sporormiaceae,Preussia,Preussia_persica
ASV_1565,Fungi,Ascomycota,Eurotiomycetes,Eurotiales,Aspergillaceae,Aspergillus,Aspergillus_flavus
ASV_1566,Fungi,Streptophyta,Magnoliopsida,Asterales,Asteraceae,Pilosella,Pilosella_officinarum
ASV_1567,Fungi,Streptophyta,Magnoliopsida,Asterales,Asteraceae,Achillea,Achillea_setacea
ASV_1568,Fungi,Ascomycota,Dothideomycetes,Pleosporales,NA,NA,NA
ASV_1569,Fungi,Streptophyta,Magnoliopsida,Lamiales,Plantaginaceae,Veronica,Veronica_topiaria
ASV_1570,Fungi,Basidiomycota,Tremellomycetes,Tremellales,Bulleribasidiaceae,Vishniacozyma,Vishniacozyma_victoriae
ASV_1571,Fungi,NA,NA,NA,NA,NA,NA
ASV_1572,Fungi,Ascomycota,Dothideomycetes,Pleosporales,NA,NA,NA
ASV_1573,Fungi,Ascomycota,Dothideomycetes,Pleosporales,Phaeosphaeriaceae,Paraphoma,Paraphoma_chlamydocopiosa
ASV_1574,Fungi,Streptophyta,Magnoliopsida,Asterales,Asteraceae,Bellis,Bellis_perennis
ASV_1575,Fungi,Ascomycota,Saccharomycetes,Saccharomycetales,Saccharomycetaceae,Kazachstania,Kazachstania_sp.
ASV_1576,Fungi,Ascomycota,Dothideomycetes,Pleosporales,Pleosporaceae,Bipolaris,Bipolaris_microlaenae
ASV_1577,Fungi,Ascomycota,Eurotiomycetes,Eurotiales,Aspergillaceae,Penicillium,Penicillium_expansum
ASV_1578,Fungi,Streptophyta,Magnoliopsida,Myrtales,Myrtaceae,Leptospermum,Leptospermum_scoparium
ASV_1579,Fungi,Ascomycota,Eurotiomycetes,Eurotiales,Aspergillaceae,Penicillium,Penicillium_tarraconense
ASV_1580,Fungi,NA,NA,NA,NA,NA,NA
ASV_1581,Fungi,Ascomycota,Dothideomycetes,Pleosporales,Phaeosphaeriaceae,Paraphoma,Paraphoma_ledniceana
ASV_1582,Fungi,NA,NA,NA,NA,NA,NA
ASV_1583,Fungi,Ascomycota,Dothideomycetes,Pleosporales,Phaeosphaeriaceae,Didymocyrtis,Didymocyrtis_pini
ASV_1584,Fungi,Streptophyta,Magnoliopsida,Poales,Poaceae,Lolium,Lolium_perenne
ASV_1585,Fungi,Streptophyta,Magnoliopsida,Asterales,Asteraceae,Pilosella,Pilosella_officinarum
ASV_1586,Fungi,Streptophyta,Magnoliopsida,Poales,Poaceae,Agrostis,Agrostis_castellana
ASV_1587,Fungi,Basidiomycota,Microbotryomycetes,Sporidiobolales,Sporidiobolaceae,Sporobolomyces,Sporobolomyces_ruberrimus
ASV_1588,Fungi,Ascomycota,Dothideomycetes,Pleosporales,NA,NA,NA
ASV_1589,Fungi,Streptophyta,Magnoliopsida,Poales,Poaceae,Cortaderia,Cortaderia_araucana
ASV_1590,Fungi,Ascomycota,Dothideomycetes,Pleosporales,Pleosporaceae,Pyrenophora,Pyrenophora_triseptata
ASV_1591,Fungi,Ascomycota,Dothideomycetes,Pleosporales,Pleosporaceae,Alternaria,NA
ASV_1592,Fungi,Streptophyta,Magnoliopsida,Asparagales,Amaryllidaceae,Allium,Allium_sativum
ASV_1593,Fungi,Ascomycota,Dothideomycetes,Pleosporales,Didymellaceae,Neodidymella,Neodidymella_thailandicum
ASV_1594,Fungi,Streptophyta,Magnoliopsida,Lamiales,Plantaginaceae,Plantago,Plantago_lanceolata
ASV_1595,Fungi,Basidiomycota,Cystobasidiomycetes,Cystobasidiomycetes_ord_Incertae_sedis,Symmetrosporaceae,Symmetrospora,Symmetrospora_coprosmae
ASV_1596,Fungi,Ascomycota,Dothideomycetes,Pleosporales,Didymellaceae,Didymella,Didymella_eucalyptica
ASV_1597,Fungi,NA,NA,NA,NA,NA,NA
ASV_1598,Fungi,Ascomycota,Saccharomycetes,Saccharomycetales,NA,NA,NA
ASV_1599,Fungi,Streptophyta,Magnoliopsida,Lamiales,Plantaginaceae,Veronica,Veronica_topiaria
ASV_1600,Fungi,Basidiomycota,Cystobasidiomycetes,Buckleyzymales,Buckleyzymaceae,Buckleyzyma,Buckleyzyma_armeniaca
ASV_1601,Fungi,Basidiomycota,Cystobasidiomycetes,Erythrobasidiales,Erythrobasidiaceae,Erythrobasidium,Erythrobasidium_yunnanense
ASV_1602,Fungi,Ascomycota,Dothideomycetes,Pleosporales,Didymellaceae,Neoascochyta,Neoascochyta_paspali
ASV_1603,Fungi,Ascomycota,Dothideomycetes,Pleosporales,NA,NA,NA
ASV_1604,Fungi,Ascomycota,Saccharomycetes,Saccharomycetales,Saccharomycetaceae,Saccharomyces,Saccharomyces_bayanus
ASV_1605,Fungi,Ascomycota,Dothideomycetes,Pleosporales,Didymellaceae,Calophoma,NA
ASV_1606,Fungi,Ascomycota,Dothideomycetes,Pleosporales,Didymellaceae,Didymella,Didymella_longicolla
ASV_1607,Fungi,Basidiomycota,Cystobasidiomycetes,NA,Symmetrosporaceae,Symmetrospora,Symmetrospora_oryzicola
ASV_1608,Fungi,Ascomycota,Dothideomycetes,Pleosporales,Didymosphaeriaceae,Spegazzinia,Spegazzinia_radermacherae
ASV_1609,Fungi,Basidiomycota,Tremellomycetes,Tremellales,Rhynchogastremaceae,Papiliotrema,Papiliotrema_nemorosa
ASV_1610,Fungi,Streptophyta,Magnoliopsida,Asterales,Asteraceae,Taraxacum,Taraxacum_officinale
ASV_1611,Fungi,Ascomycota,Leotiomycetes,Helotiales,NA,NA,NA
ASV_1612,Fungi,Streptophyta,Magnoliopsida,Malvales,Malvaceae,Hoheria,Hoheria_aff._sexstylosa_SJW-2009
ASV_1613,Fungi,Ascomycota,Dothideomycetes,Pleosporales,Thyridariaceae,Parathyridaria,Parathyridaria_clematidis
ASV_1614,Fungi,Streptophyta,Magnoliopsida,Asterales,Asteraceae,Bellis,Bellis_perennis
ASV_1615,Fungi,Streptophyta,Magnoliopsida,Myrtales,Myrtaceae,Eucalyptus,Eucalyptus_regnans
ASV_1616,Fungi,Ascomycota,Dothideomycetes,Pleosporales,Phaeosphaeriaceae,Didymocyrtis,Didymocyrtis_pini
ASV_1617,Fungi,Streptophyta,Magnoliopsida,Myrtales,Myrtaceae,Leptospermum,Leptospermum_scoparium
ASV_1618,Fungi,Ascomycota,Dothideomycetes,Pleosporales,Didymellaceae,Calophoma,NA
ASV_1619,Fungi,Streptophyta,Magnoliopsida,Ranunculales,Ranunculaceae,Ranunculus,Ranunculus_sardous
ASV_1620,Fungi,Ascomycota,Dothideomycetes,Pleosporales,Didymosphaeriaceae,Pseudopithomyces,Pseudopithomyces_rosae
ASV_1621,Fungi,Ascomycota,Dothideomycetes,Pleosporales,Pleosporaceae,Pyrenophora,Pyrenophora_biseptata
ASV_1622,Fungi,Streptophyta,Magnoliopsida,Lamiales,Oleaceae,Osmanthus,Osmanthus_heterophyllus
ASV_1623,Fungi,Fungi_phy_Incertae_sedis,Fungi_cls_Incertae_sedis,Fungi_ord_Incertae_sedis,Fungi_fam_Incertae_sedis,Fungi_gen_Incertae_sedis,NA
ASV_1624,Fungi,Ascomycota,Dothideomycetes,Pleosporales,Didymosphaeriaceae,Neptunomyces,Neptunomyces_litoralis
ASV_1625,Fungi,Streptophyta,Magnoliopsida,Asterales,Asteraceae,Achillea,Achillea_millefolium
ASV_1626,Fungi,Ascomycota,Dothideomycetes,Pleosporales,Pleosporaceae,Stemphylium,Stemphylium_ixeridis
ASV_1627,Fungi,Streptophyta,Magnoliopsida,Apiales,Apiaceae,Daucus,Daucus_carota
ASV_1628,Fungi,Ascomycota,Dothideomycetes,Pleosporales,Torulaceae,Torula,Torula_aquatica
ASV_1629,Fungi,Ascomycota,Pichiomycetes,Pichiales,Pichiaceae,Pichia,Pichia_kudriavzevii
ASV_1630,Fungi,Streptophyta,Magnoliopsida,Poales,Poaceae,Triticum,Triticum_turgidum
ASV_1631,Fungi,Streptophyta,Magnoliopsida,Rosales,Rosaceae,Rosa,Rosa_agrestis
ASV_1632,Fungi,Ascomycota,Dothideomycetes,Pleosporales,Pleosporaceae,Pyrenophora,Pyrenophora_tritici-repentis
ASV_1633,Fungi,Streptophyta,Magnoliopsida,Fabales,Fabaceae,Lotus,Lotus_pedunculatus
ASV_1634,Fungi,NA,NA,NA,NA,NA,NA
ASV_1635,Fungi,Streptophyta,Magnoliopsida,Rosales,Ulmaceae,Ulmus,Ulmus_lamellosa
ASV_1636,Fungi,NA,NA,NA,NA,NA,NA
ASV_1637,Fungi,Streptophyta,Magnoliopsida,Lamiales,Plantaginaceae,Veronica,Veronica_brachysiphon
ASV_1638,Fungi,Streptophyta,Magnoliopsida,Lamiales,Plantaginaceae,Veronica,Veronica_stenophylla
ASV_1639,Fungi,Ascomycota,Dothideomycetes,Pleosporales,Phaeosphaeriaceae,Neosetophoma,Neosetophoma_guiyangensis
ASV_1640,Fungi,Ascomycota,Dothideomycetes,Pleosporales,Pleosporaceae,Stemphylium,Stemphylium_trifolii
ASV_1641,Fungi,Streptophyta,Magnoliopsida,Lamiales,Plantaginaceae,Veronica,Veronica_topiaria
ASV_1642,Fungi,Ascomycota,Pichiomycetes,Pichiales,Pichiaceae,Pichia,Pichia_fermentans
ASV_1643,Fungi,Basidiomycota,Microbotryomycetes,Sporidiobolales,Sporidiobolaceae,Sporobolomyces,Sporobolomyces_sp.
ASV_1644,Fungi,Streptophyta,Magnoliopsida,Fabales,Fabaceae,Lotus,Lotus_pedunculatus
ASV_1645,Fungi,Streptophyta,Magnoliopsida,Myrtales,Myrtaceae,Eucalyptus,Eucalyptus_robusta
ASV_1646,Fungi,NA,NA,NA,NA,NA,NA
ASV_1647,Fungi,Streptophyta,Magnoliopsida,Lamiales,Plantaginaceae,Veronica,Veronica_strictissima
ASV_1648,Fungi,Bacteroidota,Sphingobacteriia,Sphingobacteriales,Sphingobacteriaceae,Sphingobacterium,Sphingobacterium_sp._UDSM-2020
ASV_1649,Fungi,Ascomycota,Dothideomycetes,Pleosporales,Didymellaceae,Calophoma,NA
ASV_1650,Fungi,Streptophyta,Magnoliopsida,Asterales,Asteraceae,Crepis,Crepis_capillaris
ASV_1651,Fungi,Basidiomycota,Microbotryomycetes,Sporidiobolales,Sporidiobolaceae,Rhodotorula,Rhodotorula_dairenensis
ASV_1652,Fungi,Chlorophyta,Trebouxiophyceae,Watanabeales,NA,Chloroidium,Chloroidium_sp._NN-2-O
ASV_1653,Fungi,Ascomycota,Sordariomycetes,Sordariales,Schizotheciaceae,Pseudoechria,Pseudoechria_longicollis
ASV_1654,Fungi,Ascomycota,Dothideomycetes,Pleosporales,Pleosporaceae,Pyrenophora,Pyrenophora_dictyoides
ASV_1655,Fungi,Ascomycota,Dothideomycetes,Pleosporales,Pleosporaceae,Alternaria,Alternaria_longipes
ASV_1656,Fungi,Ascomycota,Dothideomycetes,Pleosporales,Didymellaceae,Ectophoma,Ectophoma_multirostrata
ASV_1657,Fungi,Streptophyta,Magnoliopsida,Asterales,Asteraceae,Bellis,Bellis_perennis
ASV_1658,Fungi,NA,NA,NA,NA,NA,NA
ASV_1659,Fungi,Ascomycota,Leotiomycetes,Leotiales,Tympanidaceae,Pragmopora,Pragmopora_cf._piceae
ASV_1660,Fungi,Ascomycota,Dothideomycetes,Pleosporales,Phaeosphaeriaceae,Didymocyrtis,Didymocyrtis_pini
ASV_1661,Fungi,Ascomycota,Leotiomycetes,NA,NA,NA,NA
ASV_1662,Fungi,Streptophyta,Magnoliopsida,Fabales,Fabaceae,Cercis,Cercis_siliquastrum
ASV_1663,Fungi,Ascomycota,Saccharomycetes,Saccharomycetales,Saccharomycetaceae,Kazachstania,Kazachstania_heterogenica
ASV_1664,Fungi,Streptophyta,Magnoliopsida,Myrtales,Myrtaceae,Eucalyptus,Eucalyptus_botryoides
ASV_1665,Fungi,Streptophyta,Magnoliopsida,Lamiales,Plantaginaceae,Veronica,Veronica_pinguifolia
ASV_1666,Fungi,Ascomycota,Eurotiomycetes,Eurotiales,Aspergillaceae,Penicillium,Penicillium_griseoroseum
ASV_1667,Fungi,Streptophyta,Magnoliopsida,Rosales,Rosaceae,Rosa,Rosa_agrestis
ASV_1668,Fungi,Ascomycota,Leotiomycetes,Helotiales,Sclerotiniaceae,Botrytis,Botrytis_caroliniana
ASV_1669,Fungi,Ascomycota,NA,NA,NA,NA,NA
ASV_1670,Fungi,Chlorophyta,Trebouxiophyceae,Watanabeales,NA,Chloroidium,Chloroidium_sp._NN-2-O
ASV_1671,Fungi,Chlorophyta,Trebouxiophyceae,Watanabeales,NA,Chloroidium,Chloroidium_orientale
ASV_1672,Fungi,Streptophyta,Magnoliopsida,Asterales,Asteraceae,Bellis,Bellis_perennis
ASV_1673,Fungi,Streptophyta,Magnoliopsida,Apiales,Araliaceae,Schefflera,Schefflera_digitata
ASV_1674,Fungi,Streptophyta,Magnoliopsida,Asterales,Asteraceae,Bellis,Bellis_perennis
ASV_1675,Fungi,Basidiomycota,Cystobasidiomycetes,Erythrobasidiales,Erythrobasidiaceae,Bannoa,Bannoa_bischofiae
ASV_1676,Fungi,Chlorophyta,Trebouxiophyceae,Watanabeales,NA,Jaagichlorella,Jaagichlorella_adherens
ASV_1677,Fungi,Streptophyta,Magnoliopsida,Rosales,Rosaceae,Rosa,Rosa_agrestis
ASV_1678,Fungi,NA,NA,NA,NA,NA,NA
ASV_1679,Fungi,Chlorophyta,Trebouxiophyceae,Watanabeales,NA,Chloroidium,Chloroidium_ellipsoideum
ASV_1680,Fungi,Streptophyta,Magnoliopsida,Lamiales,Plantaginaceae,Veronica,Veronica_strictissima
ASV_1681,Fungi,Chytridiomycota,Chytridiomycota_cls_Incertae_sedis,Chytridiomycota_ord_Incertae_sedis,Chytridiomycota_fam_Incertae_sedis,Chytridiomycota_gen_Incertae_sedis,NA
ASV_1682,Fungi,Basidiomycota,Cystobasidiomycetes,Cystobasidiomycetes_ord_Incertae_sedis,Symmetrosporaceae,Symmetrospora,Symmetrospora_coprosmae
ASV_1683,Fungi,Streptophyta,Magnoliopsida,Apiales,Araliaceae,Aralia,Aralia_vietnamensis
ASV_1684,Fungi,Streptophyta,Magnoliopsida,Poales,Poaceae,Paspalum,Paspalum_dilatatum
ASV_1685,Fungi,Ascomycota,Dothideomycetes,Pleosporales,Pleosporaceae,Alternaria,Alternaria_oregonensis
ASV_1686,Fungi,Ascomycota,Dothideomycetes,Pleosporales,Didymosphaeriaceae,Paraphaeosphaeria,michotii
ASV_1687,Fungi,Basidiomycota,Cystobasidiomycetes,Buckleyzymales,Buckleyzymaceae,Buckleyzyma,Buckleyzyma_armeniaca
ASV_1688,Fungi,Basidiomycota,Cystobasidiomycetes,Erythrobasidiales,Erythrobasidiaceae,Erythrobasidium,Erythrobasidium_yunnanense
ASV_1689,Fungi,Streptophyta,Magnoliopsida,Lamiales,Plantaginaceae,Plantago,Plantago_lanceolata
ASV_1690,Fungi,Streptophyta,Magnoliopsida,Asterales,Asteraceae,Pilosella,Pilosella_officinarum
ASV_1691,Fungi,Ascomycota,Dothideomycetes,Pleosporales,Didymosphaeriaceae,Paraphaeosphaeria,michotii
ASV_1692,Fungi,Streptophyta,Magnoliopsida,Myrtales,Myrtaceae,Lophomyrtus,Lophomyrtus_bullata_x_Lophomyrtus_orbcordata
ASV_1693,Fungi,Streptophyta,Magnoliopsida,Asterales,Asteraceae,Leontodon,Leontodon_saxatilis
ASV_1694,Fungi,Streptophyta,Magnoliopsida,Lamiales,Plantaginaceae,Veronica,Veronica_chathamica
ASV_1695,Fungi,Basidiomycota,Cystobasidiomycetes,Erythrobasidiales,Erythrobasidiaceae,Erythrobasidium,Erythrobasidium_hasegawianum
ASV_1696,Fungi,Basidiomycota,Microbotryomycetes,Sporidiobolales,Sporidiobolaceae,Sporobolomyces,Sporobolomyces_ruberrimus
ASV_1697,Fungi,Ascomycota,Dothideomycetes,Pleosporales,Didymellaceae,Calophoma,NA
ASV_1698,Fungi,Ascomycota,Dothideomycetes,Pleosporales,Pleosporaceae,Pyrenophora,Pyrenophora_poae
ASV_1699,Fungi,Ascomycota,Dothideomycetes,Pleosporales,Didymosphaeriaceae,Pseudopithomyces,Pseudopithomyces_chartarum
ASV_1700,Fungi,Ascomycota,Sordariomycetes,Diaporthales,Cytosporaceae,Cytospora,NA
ASV_1701,Fungi,Streptophyta,Magnoliopsida,Asterales,Asteraceae,Pilosella,Pilosella_officinarum
ASV_1702,Fungi,Streptophyta,Magnoliopsida,Myrtales,Myrtaceae,Eucalyptus,Eucalyptus_pilularis
ASV_1703,Fungi,Basidiomycota,Cystobasidiomycetes,Erythrobasidiales,Erythrobasidiaceae,Erythrobasidium,Erythrobasidium_primogenitum
ASV_1704,Fungi,Ascomycota,Dothideomycetes,Pleosporales,Didymellaceae,Epicoccum,Epicoccum_nigrum
ASV_1705,Fungi,Ascomycota,Dothideomycetes,Pleosporales,Pleosporaceae,Curvularia,Curvularia_nodulosa
ASV_1706,Fungi,Streptophyta,Magnoliopsida,Lamiales,Lamiaceae,Mentha,Mentha_spicata
ASV_1707,Fungi,Ascomycota,Saccharomycetes,Saccharomycetales,Saccharomycetaceae,Monosporozyma,Monosporozyma_servazzii
ASV_1708,Fungi,Streptophyta,Magnoliopsida,Lamiales,Plantaginaceae,Plantago,Plantago_lanceolata
ASV_1709,Fungi,Ascomycota,Dothideomycetes,Pleosporales,Didymosphaeriaceae,Pseudopithomyces,Pseudopithomyces_chartarum
ASV_1710,Fungi,NA,NA,NA,NA,NA,NA
ASV_1711,Fungi,Streptophyta,Magnoliopsida,Asterales,Asteraceae,Bellis,Bellis_perennis
ASV_1712,Fungi,Chlorophyta,Trebouxiophyceae,Watanabeales,NA,Chloroidium,Chloroidium_sp._LV-2018
ASV_1713,Fungi,Streptophyta,Magnoliopsida,Poales,Poaceae,Triticum,Triticum_turgidum
ASV_1714,Fungi,NA,NA,NA,NA,NA,NA
ASV_1715,Fungi,Streptophyta,Magnoliopsida,Asterales,Asteraceae,Crepis,Crepis_capillaris
ASV_1716,Fungi,Streptophyta,Magnoliopsida,Asterales,Asteraceae,Bellis,Bellis_perennis
ASV_1717,Fungi,Ascomycota,Pichiomycetes,Serinales,Debaryomycetaceae,Spathaspora,Candida_sake
ASV_1718,Fungi,Ascomycota,Dothideomycetes,Pleosporales,Pleosporaceae,Bipolaris,Bipolaris_microlaenae
ASV_1719,Fungi,Ascomycota,Pezizomycetes,Pezizales,Pezizaceae,NA,uncultured_Pezizaceae
ASV_1720,Fungi,Ascomycota,Dothideomycetes,Pleosporales,Didymosphaeriaceae,Pseudopithomyces,Pseudopithomyces_chartarum
ASV_1721,Fungi,Chlorophyta,Trebouxiophyceae,Watanabeales,NA,Chloroidium,Chloroidium_orientale
ASV_1722,Fungi,Streptophyta,Magnoliopsida,Poales,Poaceae,Lolium,Lolium_perenne
ASV_1723,Fungi,Ascomycota,Dothideomycetes,Pleosporales,Pleosporaceae,Bipolaris,Bipolaris_microlaenae
ASV_1724,Fungi,Chlorophyta,Trebouxiophyceae,Watanabeales,NA,Chloroidium,Chloroidium_sp._NN-2-O
ASV_1725,Fungi,Streptophyta,Magnoliopsida,Poales,Poaceae,Danthonia,Danthonia_decumbens
ASV_1726,Fungi,Ascomycota,Dothideomycetes,Pleosporales,Didymosphaeriaceae,Paraphaeosphaeria,michotii
ASV_1727,Fungi,Basidiomycota,Microbotryomycetes,Sporidiobolales,Sporidiobolaceae,Rhodotorula,Rhodotorula_mucilaginosa
ASV_1728,Fungi,Ascomycota,Dothideomycetes,Pleosporales,Pleosporaceae,Bipolaris,Bipolaris_cynodontis
ASV_1729,Fungi,Streptophyta,Magnoliopsida,Asterales,Asteraceae,Leontodon,Leontodon_saxatilis
ASV_1730,Fungi,Ascomycota,Dothideomycetes,Pleosporales,Phaeosphaeriaceae,Didymocyrtis,Didymocyrtis_pini
ASV_1731,Fungi,Ascomycota,Dothideomycetes,Pleosporales,Massarinaceae,Helminthosporium,Helminthosporium_asterinum
ASV_1732,Fungi,NA,NA,NA,NA,NA,NA
ASV_1733,Fungi,Streptophyta,Magnoliopsida,Myrtales,Myrtaceae,Metrosideros,Metrosideros_perforata
ASV_1734,Fungi,Ascomycota,Leotiomycetes,Helotiales,Helotiales_fam_Incertae_sedis,Rhexocercosporidium,Rhexocercosporidium_panacis
ASV_1735,Fungi,Chlorophyta,Trebouxiophyceae,Watanabeales,NA,Chloroidium,Chloroidium_orientale
ASV_1736,Fungi,Ascomycota,Dothideomycetes,Pleosporales,Didymosphaeriaceae,Pseudopithomyces,Pseudopithomyces_rosae
ASV_1737,Fungi,Streptophyta,Magnoliopsida,Asterales,Asteraceae,Craspedia,Craspedia_sp._CHR514290
ASV_1738,Fungi,Basidiomycota,Cystobasidiomycetes,Cystobasidiomycetes_ord_Incertae_sedis,Symmetrosporaceae,Symmetrospora,Symmetrospora_pseudomarina
ASV_1739,Fungi,Chytridiomycota,Chytridiomycota_cls_Incertae_sedis,Chytridiomycota_ord_Incertae_sedis,Chytridiomycota_fam_Incertae_sedis,Chytridiomycota_gen_Incertae_sedis,NA
ASV_1740,Fungi,Ascomycota,Dothideomycetes,Pleosporales,Didymellaceae,Calophoma,NA
ASV_1741,Fungi,Chlorophyta,Trebouxiophyceae,Watanabeales,NA,Chloroidium,Chloroidium_lobatum
ASV_1742,Fungi,Streptophyta,Magnoliopsida,Lamiales,Plantaginaceae,Veronica,Veronica_chathamica
ASV_1743,Fungi,Ascomycota,Dothideomycetes,Pleosporales,Didymellaceae,Calophoma,NA
ASV_1744,Fungi,Chytridiomycota,Chytridiomycota_cls_Incertae_sedis,Chytridiomycota_ord_Incertae_sedis,Chytridiomycota_fam_Incertae_sedis,Chytridiomycota_gen_Incertae_sedis,NA
ASV_1745,Fungi,Streptophyta,Magnoliopsida,Lamiales,Plantaginaceae,Veronica,Veronica_pinguifolia
ASV_1746,Fungi,Basidiomycota,Tremellomycetes,Tremellales,Trimorphomycetaceae,Saitozyma,Saitozyma_paraflava
ASV_1747,Fungi,Ascomycota,Dothideomycetes,Cladosporiales,Cladosporiaceae,Rachicladosporium,Rachicladosporium_cboliae
ASV_1748,Fungi,Ascomycota,Pichiomycetes,Pichiales,Pichiaceae,Pichia,Pichia_bruneiensis
ASV_1749,Fungi,Ascomycota,Saccharomycetes,Saccharomycetales,Saccharomycetaceae,Arxiozyma,Arxiozyma_pintolopesii
ASV_1750,Fungi,NA,NA,NA,NA,NA,NA
ASV_1751,Fungi,Ascomycota,Sordariomycetes,Coronophorales,Ceratostomataceae,Melanospora,Melanospora_damnosa
ASV_1752,Fungi,Ascomycota,Dothideomycetes,Pleosporales,Phaeosphaeriaceae,NA,NA
ASV_1753,Fungi,Ascomycota,Eurotiomycetes,Eurotiales,Aspergillaceae,Aspergillus,Aspergillus_niger
ASV_1754,Fungi,Ascomycota,Dothideomycetes,Pleosporales,Leptosphaeriaceae,Sphaerellopsis,Sphaerellopsis_filum
ASV_1755,Fungi,Ascomycota,Dothideomycetes,Pleosporales,Phaeosphaeriaceae,Paraphoma,NA
ASV_1756,Fungi,Ascomycota,Dothideomycetes,Pleosporales,Pleosporaceae,Bipolaris,Bipolaris_cynodontis
ASV_1757,Fungi,Ascomycota,Dothideomycetes,Cladosporiales,Cladosporiaceae,Cladosporium,Cladosporium_herbarum
ASV_1758,Fungi,Streptophyta,Magnoliopsida,Brassicales,Brassicaceae,Lobularia,Lobularia_maritima
ASV_1759,Fungi,Basidiomycota,Tremellomycetes,Tremellales,Trimorphomycetaceae,Saitozyma,Saitozyma_flava
ASV_1760,Fungi,Streptophyta,Magnoliopsida,Apiales,Araliaceae,Fatsia,Fatsia_japonica
ASV_1761,Fungi,Ascomycota,Eurotiomycetes,Eurotiales,Aspergillaceae,Penicillium,Penicillium_expansum
ASV_1762,Fungi,Streptophyta,Magnoliopsida,Brassicales,Brassicaceae,Lobularia,Lobularia_maritima
ASV_1763,Fungi,Chlorophyta,Trebouxiophyceae,Watanabeales,NA,Chloroidium,Chloroidium_saccharophilum
ASV_1764,Fungi,Ascomycota,Dothideomycetes,Mycosphaerellales,Mycosphaerellaceae,Sphaerulina,Sphaerulina_westendorpii
ASV_1765,Fungi,Ascomycota,Dothideomycetes,Cladosporiales,Cladosporiaceae,Cladosporium,Cladosporium_herbarum
ASV_1766,Fungi,Streptophyta,Magnoliopsida,Myrtales,Myrtaceae,Lophomyrtus,Lophomyrtus_bullata_x_Lophomyrtus_orbcordata
ASV_1767,Fungi,Streptophyta,Magnoliopsida,Fagales,Betulaceae,Alnus,Alnus_cordata
ASV_1768,Fungi,Basidiomycota,Tremellomycetes,Tremellales,Bulleribasidiaceae,Dioszegia,Dioszegia_rishiriensis
ASV_1769,Fungi,Ascomycota,Dothideomycetes,Pleosporales,Phaeosphaeriaceae,NA,NA
ASV_1770,Fungi,Streptophyta,Magnoliopsida,Fagales,Fagaceae,Castanea,Castanea_crenata
ASV_1771,Fungi,Ascomycota,Dothideomycetes,Pleosporales,Didymosphaeriaceae,Paracamarosporium,Paracamarosporium_hawaiiense
ASV_1772,Fungi,Mucoromycota,Mucoromycetes,Mucorales,Mucoraceae,Mucor,Mucor_ramosissimus
ASV_1773,Fungi,Ascomycota,Pezizomycotina_cls_Incertae_sedis,Pezizomycotina_ord_Incertae_sedis,Pezizomycotina_fam_Incertae_sedis,Pezizomycotina_gen_Incertae_sedis,NA
ASV_1774,Fungi,Chlorophyta,Trebouxiophyceae,Watanabeales,NA,Chloroidium,Chloroidium_sp._NN-2-O
ASV_1775,Fungi,NA,NA,NA,NA,NA,NA
ASV_1776,Fungi,Basidiomycota,Cystobasidiomycetes,Erythrobasidiales,Erythrobasidiaceae,Erythrobasidium,Erythrobasidium_sp.
ASV_1777,Fungi,Chlorophyta,Trebouxiophyceae,Watanabeales,NA,Chloroidium,Chloroidium_saccharophilum
ASV_1778,Fungi,Chlorophyta,Trebouxiophyceae,Watanabeales,NA,Chloroidium,Chloroidium_lobatum
ASV_1779,Fungi,Streptophyta,Magnoliopsida,Asterales,Asteraceae,Achillea,Achillea_millefolium
ASV_1780,Fungi,Streptophyta,Magnoliopsida,Apiales,Araliaceae,Pseudopanax,Pseudopanax_ferox
ASV_1781,Fungi,Basidiomycota,Tremellomycetes,Cystofilobasidiales,Cystofilobasidiaceae,Cystofilobasidium,Cystofilobasidium_macerans
ASV_1782,Fungi,Basidiomycota,Cystobasidiomycetes,NA,Symmetrosporaceae,Symmetrospora,Symmetrospora_oryzicola
ASV_1783,Fungi,Ascomycota,Saccharomycetes,Saccharomycetales,Pichiaceae,Pichia,Pichia_gijzeniarum
ASV_1784,Fungi,Streptophyta,Magnoliopsida,Poales,Poaceae,Cortaderia,Cortaderia_araucana
ASV_1785,Fungi,Ascomycota,Dothideomycetes,Pleosporales,Cucurbitariaceae,Pyrenochaeta,NA
ASV_1786,Fungi,Streptophyta,Magnoliopsida,Asterales,Asteraceae,Crepis,Crepis_capillaris
ASV_1787,Fungi,Streptophyta,Magnoliopsida,Asterales,Asteraceae,Crepis,Crepis_capillaris
ASV_1788,Fungi,Ascomycota,Pichiomycetes,Pichiales,Pichiaceae,Pichia,Pichia_fermentans
ASV_1789,Fungi,Streptophyta,Magnoliopsida,Myrtales,Myrtaceae,Leptospermum,Leptospermum_scoparium
ASV_1790,Fungi,Basidiomycota,Cystobasidiomycetes,Erythrobasidiales,Erythrobasidiaceae,Erythrobasidium,NA
ASV_1791,Fungi,Basidiomycota,Tremellomycetes,Tremellales,Trimorphomycetaceae,Saitozyma,Saitozyma_paraflava
ASV_1792,Fungi,NA,NA,NA,NA,NA,NA
ASV_1793,Fungi,Chlorophyta,Trebouxiophyceae,Watanabeales,NA,Chloroidium,Chloroidium_sp._NN-2-O
ASV_1794,Fungi,Basidiomycota,Microbotryomycetes,Sporidiobolales,Sporidiobolaceae,Rhodotorula,Rhodotorula_glutinis
ASV_1795,Fungi,Ascomycota,Dothideomycetes,Pleosporales,Periconiaceae,Periconia,Periconia_sp.
ASV_1796,Fungi,Basidiomycota,Cystobasidiomycetes,Erythrobasidiales,Erythrobasidiaceae,Erythrobasidium,Erythrobasidium_primogenitum
ASV_1797,Fungi,Chytridiomycota,Chytridiomycota_cls_Incertae_sedis,Chytridiomycota_ord_Incertae_sedis,Chytridiomycota_fam_Incertae_sedis,Chytridiomycota_gen_Incertae_sedis,NA
ASV_1798,Fungi,Streptophyta,Magnoliopsida,Poales,Poaceae,Panicum,Panicum_gilvum
ASV_1799,Fungi,Chlorophyta,Trebouxiophyceae,Watanabeales,NA,Chloroidium,Chloroidium_orientale
ASV_1800,Fungi,Ascomycota,Dothideomycetes,Pleosporales,Phaeosphaeriaceae,NA,NA
ASV_1801,Fungi,NA,NA,NA,NA,NA,NA
ASV_1802,Fungi,Basidiomycota,Microbotryomycetes,Sporidiobolales,Sporidiobolaceae,Sporobolomyces,Sporobolomyces_roseus
ASV_1803,Fungi,Ascomycota,Leotiomycetes,Helotiales,Sclerotiniaceae,Botrytis,Botrytis_caroliniana
ASV_1804,Fungi,Ascomycota,Sordariomycetes,Glomerellales,Glomerellaceae,Colletotrichum,Colletotrichum_rhombiforme
ASV_1805,Fungi,Ascomycota,Pichiomycetes,Pichiales,Pichiaceae,Citeromyces,Citeromyces_matritensis
ASV_1806,Fungi,Streptophyta,Magnoliopsida,Lamiales,Plantaginaceae,Veronica,Veronica_speciosa
ASV_1807,Fungi,Streptophyta,Magnoliopsida,Solanales,Solanaceae,Solanum,Solanum_lycopersicum
ASV_1808,Fungi,Chytridiomycota,Chytridiomycota_cls_Incertae_sedis,Chytridiomycota_ord_Incertae_sedis,Chytridiomycota_fam_Incertae_sedis,Chytridiomycota_gen_Incertae_sedis,NA
ASV_1809,Fungi,Chlorophyta,Trebouxiophyceae,Trebouxiales,Trebouxiaceae,Trebouxia,Trebouxia_sp.
ASV_1810,Fungi,Streptophyta,Magnoliopsida,Fabales,Fabaceae,Trifolium,Trifolium_repens
ASV_1811,Fungi,Ascomycota,Dothideomycetes,Pleosporales,Pleosporaceae,Curvularia,Curvularia_tsudae
ASV_1812,Fungi,Ascomycota,Eurotiomycetes,Eurotiales,Aspergillaceae,Penicillium,Penicillium_sp._MV-2018B
ASV_1813,Fungi,Streptophyta,Magnoliopsida,Rosales,Rosaceae,Rosa,Rosa_agrestis
ASV_1814,Fungi,Ascomycota,Saccharomycetes,Saccharomycetales,Saccharomycetaceae,Monosporozyma,Monosporozyma_servazzii
ASV_1815,Fungi,Basidiomycota,Tremellomycetes,Tremellales,Bulleribasidiaceae,Dioszegia,Dioszegia_sp.
ASV_1816,Fungi,Ascomycota,Dothideomycetes,Pleosporales,Pleosporaceae,Alternaria,Alternaria_carotiincultae
ASV_1817,Fungi,Ascomycota,Dothideomycetes,Pleosporales,NA,NA,uncultured_Dictyosporium
ASV_1818,Fungi,Streptophyta,Magnoliopsida,Asterales,Asteraceae,Achillea,Achillea_millefolium
ASV_1819,Fungi,Streptophyta,Magnoliopsida,Myrtales,Myrtaceae,Lenwebbia,Lenwebbia_prominens
ASV_1820,Fungi,Streptophyta,Magnoliopsida,Asterales,Asteraceae,Taraxacum,Taraxacum_latilobum
ASV_1821,Fungi,Streptophyta,Magnoliopsida,Asterales,Asteraceae,Craspedia,Craspedia_sp._CHR514275
ASV_1822,Fungi,Basidiomycota,Microbotryomycetes,Sporidiobolales,Sporidiobolaceae,Sporobolomyces,Sporobolomyces_ruberrimus
ASV_1823,Fungi,Ascomycota,Dothideomycetes,Pleosporales,Pleosporaceae,Bipolaris,Bipolaris_axonopicola
ASV_1824,Fungi,Basidiomycota,Microbotryomycetes,Sporidiobolales,Sporidiobolaceae,Sporobolomyces,Sporobolomyces_ruberrimus
ASV_1825,Fungi,Ascomycota,Dothideomycetes,Pleosporales,Didymellaceae,Calophoma,NA
ASV_1826,Fungi,Streptophyta,Magnoliopsida,Myrtales,Myrtaceae,Lophomyrtus,Lophomyrtus_bullata_x_Lophomyrtus_orbcordata
ASV_1827,Fungi,Ascomycota,Pichiomycetes,Pichiales,Pichiaceae,Pichia,Pichia_fermentans
ASV_1828,Fungi,Streptophyta,Magnoliopsida,Asterales,Asteraceae,Bellis,Bellis_perennis
ASV_1829,Fungi,Basidiomycota,Tremellomycetes,Tremellales,Bulleribasidiaceae,Vishniacozyma,Vishniacozyma_foliicola
ASV_1830,Fungi,Ascomycota,Dothideomycetes,Pleosporales,Dictyosporiaceae,Dendryphiella,Dendryphiella_paravinosa
ASV_1831,Fungi,Basidiomycota,Tremellomycetes,Tremellales,Bulleribasidiaceae,Vishniacozyma,Vishniacozyma_victoriae
ASV_1832,Fungi,Ascomycota,Dothideomycetes,Pleosporales,Didymellaceae,Phoma,Phoma_sp.
ASV_1833,Fungi,Ascomycota,Dothideomycetes,Pleosporales,Phaeosphaeriaceae,Leptospora,NA
ASV_1834,Fungi,Streptophyta,Magnoliopsida,Fabales,Fabaceae,Lupinus,Lupinus_arboreus
ASV_1835,Fungi,Ascomycota,Dothideomycetes,Dothideales,Saccotheciaceae,Aureobasidium,Aureobasidium_pullulans
ASV_1836,Fungi,Blastocladiomycota,Physodermatomycetes,Physodermatales,Physodermatales_fam_Incertae_sedis,Physodermatales_gen_Incertae_sedis,NA
ASV_1837,Fungi,Chytridiomycota,Neocallimastigomycetes,Neocallimastigales,Neocallimastigaceae,Joblinomyces,Joblinomyces_apicalis
ASV_1838,Fungi,Chytridiomycota,Chytridiomycota_cls_Incertae_sedis,Chytridiomycota_ord_Incertae_sedis,Chytridiomycota_fam_Incertae_sedis,Chytridiomycota_gen_Incertae_sedis,NA
ASV_1839,Fungi,Streptophyta,Magnoliopsida,Asterales,Asteraceae,Pilosella,Pilosella_officinarum
ASV_1840,Fungi,Ascomycota,Sordariomycetes,Coronophorales,Ceratostomataceae,Harzia,Harzia_acremonioides
ASV_1841,Fungi,Chlorophyta,Trebouxiophyceae,Watanabeales,NA,Jaagichlorella,Jaagichlorella_adherens
ASV_1842,Fungi,Ascomycota,Dothideomycetes,Pleosporales,Phaeosphaeriaceae,Phaeosphaeria,Phaeosphaeria_culmorum
ASV_1843,Fungi,Ascomycota,Dothideomycetes,Pleosporales,Pleosporaceae,Alternaria,Alternaria_solani
ASV_1844,Fungi,NA,NA,NA,NA,NA,NA
ASV_1845,Fungi,Basidiomycota,Cystobasidiomycetes,Naohideales,Naohideaceae,Naohidea,NA
ASV_1846,Fungi,Streptophyta,Magnoliopsida,Myrtales,Myrtaceae,Eucalyptus,Eucalyptus_pulverulenta
ASV_1847,Fungi,Basidiomycota,Agaricomycetes,Agaricales,Hymenogastraceae,Gymnopilus,Gymnopilus_penetrans
ASV_1848,Fungi,Ascomycota,Dothideomycetes,Pleosporales,Pleosporaceae,Alternaria,Alternaria_oregonensis
ASV_1849,Fungi,Ascomycota,NA,NA,NA,NA,NA
ASV_1850,Fungi,Streptophyta,Magnoliopsida,Fabales,Fabaceae,Trifolium,Trifolium_repens
ASV_1851,Fungi,Streptophyta,Magnoliopsida,Poales,Poaceae,Paspalum,Paspalum_dilatatum
ASV_1852,Fungi,Ascomycota,Leotiomycetes,Helotiales,Sclerotiniaceae,Botrytis,Botrytis_caroliniana
ASV_1853,Fungi,Basidiomycota,Agaricomycetes,Hymenochaetales,Hyphodontiaceae,Kneiffiella,NA
ASV_1854,Fungi,Ascomycota,Eurotiomycetes,Eurotiales,Aspergillaceae,Aspergillus,Aspergillus_flavus
ASV_1855,Fungi,Streptophyta,Magnoliopsida,Lamiales,Plantaginaceae,Digitalis,Digitalis_purpurea
ASV_1856,Fungi,Basidiomycota,Tremellomycetes,Tremellales,Bulleribasidiaceae,Vishniacozyma,Vishniacozyma_heimaeyensis
ASV_1857,Fungi,Basidiomycota,Tremellomycetes,Tremellales,Cryptococcaceae,Cryptococcus,Cryptococcus_nyarrowii
ASV_1858,Fungi,Streptophyta,Magnoliopsida,Poales,Poaceae,Lolium,Lolium_saxatile
ASV_1859,Fungi,Basidiomycota,Cystobasidiomycetes,Erythrobasidiales,Erythrobasidiaceae,Bannoa,Bannoa_syzygii
ASV_1860,Fungi,NA,NA,NA,NA,NA,NA
ASV_1861,Fungi,Basidiomycota,Tremellomycetes,Tremellales,Bulleraceae,Bullera,Bullera_alba
ASV_1862,Fungi,Ascomycota,Dothideomycetes,Pleosporales,Didymellaceae,Calophoma,NA
ASV_1863,Fungi,Ascomycota,Dothideomycetes,Pleosporales,Pleosporaceae,Alternaria,Alternaria_inflata
ASV_1864,Fungi,Ascomycota,Dothideomycetes,Pleosporales,Phaeosphaeriaceae,Phaeosphaeria,Phaeosphaeria_culmorum
ASV_1865,Fungi,Ascomycota,Dothideomycetes,Pleosporales,Pleosporaceae,Drechslera,Drechslera_andersenii
ASV_1866,Fungi,Streptophyta,Magnoliopsida,Asterales,Asteraceae,Achillea,Achillea_millefolium
ASV_1867,Fungi,Ascomycota,Eurotiomycetes,Eurotiales,Aspergillaceae,Aspergillus,Aspergillus_niger
ASV_1868,Fungi,Streptophyta,Magnoliopsida,Asterales,Asteraceae,Leucanthemum,Leucanthemum_ageratifolium
ASV_1869,Fungi,Streptophyta,Magnoliopsida,Asterales,Asteraceae,Craspedia,Craspedia_sp._CHR514290
ASV_1870,Fungi,Ascomycota,Sordariomycetes,Sordariales,Schizotheciaceae,Pseudoechria,Pseudoechria_longicollis
ASV_1871,Fungi,Streptophyta,Magnoliopsida,Caryophyllales,Basellaceae,Anredera,Anredera_cordifolia
ASV_1872,Fungi,Ascomycota,Dothideomycetes,Pleosporales,Phaeosphaeriaceae,Didymocyrtis,Didymocyrtis_pini
ASV_1873,Fungi,Streptophyta,Magnoliopsida,Poales,Poaceae,Holcus,Holcus_lanatus
ASV_1874,Fungi,Streptophyta,Magnoliopsida,Myrtales,Myrtaceae,Eucalyptus,Eucalyptus_nicholii
ASV_1875,Fungi,Streptophyta,Magnoliopsida,Asterales,Asteraceae,Achillea,Achillea_millefolium
ASV_1876,Fungi,Ascomycota,Dothideomycetes,Pleosporales,Pleosporaceae,Bipolaris,Bipolaris_cynodontis
ASV_1877,Fungi,Streptophyta,Magnoliopsida,Myrtales,Myrtaceae,Leptospermum,Leptospermum_scoparium
ASV_1878,Fungi,Ascomycota,Dothideomycetes,Pleosporales,Didymosphaeriaceae,Paracamarosporium,Paracamarosporium_hawaiiense
ASV_1879,Fungi,Streptophyta,Magnoliopsida,Rosales,Ulmaceae,Zelkova,Zelkova_serrata
ASV_1880,Fungi,Ascomycota,Dothideomycetes,Pleosporales,Massarinaceae,NA,Massarinaceae_sp.
ASV_1881,Fungi,Chytridiomycota,Chytridiomycota_cls_Incertae_sedis,Chytridiomycota_ord_Incertae_sedis,Chytridiomycota_fam_Incertae_sedis,Chytridiomycota_gen_Incertae_sedis,NA
ASV_1882,Fungi,Streptophyta,Magnoliopsida,Solanales,Convolvulaceae,Ipomoea,Ipomoea_shupangensis
ASV_1883,Fungi,Ascomycota,Saccharomycetes,Saccharomycetales,Saccharomycetaceae,Arxiozyma,Arxiozyma_slooffiae
ASV_1884,Fungi,Ascomycota,Saccharomycetes,Saccharomycetales,Saccharomycetaceae,Monosporozyma,Monosporozyma_servazzii
ASV_1885,Fungi,Ascomycota,Dothideomycetes,Pleosporales,Didymosphaeriaceae,Pseudopithomyces,Pseudopithomyces_rosae
ASV_1886,Fungi,Streptophyta,Pinopsida,Pinales,Pinaceae,Pinus,Pinus_clausa
ASV_1887,Fungi,Streptophyta,Magnoliopsida,Rosales,Rosaceae,Rosa,Rosa_agrestis
ASV_1888,Fungi,Streptophyta,Magnoliopsida,Myrtales,Myrtaceae,Eucalyptus,Eucalyptus_robusta
ASV_1889,Fungi,Ascomycota,Dothideomycetes,Pleosporales,Pleosporaceae,NA,NA
ASV_1890,Fungi,Basidiomycota,Cystobasidiomycetes,Erythrobasidiales,Erythrobasidiaceae,Erythrobasidium,NA
ASV_1891,Fungi,Chlorophyta,Chlorophyceae,Sphaeropleales,Scenedesmaceae,Coelastrella,Coelastrella_chongqingensis
ASV_1892,Fungi,Ascomycota,Dothideomycetes,Dothideales,Saccotheciaceae,Aureobasidium,Aureobasidium_pullulans
ASV_1893,Fungi,Streptophyta,Magnoliopsida,Malvales,Thymelaeaceae,Pimelea,Pimelea_oreophila
ASV_1894,Fungi,Basidiomycota,Tremellomycetes,Filobasidiales,Filobasidiaceae,Filobasidium,Filobasidium_sp.
ASV_1895,Fungi,Basidiomycota,Tremellomycetes,Tremellales,Rhynchogastremaceae,Papiliotrema,Papiliotrema_flavescens
ASV_1896,Fungi,Chlorophyta,Trebouxiophyceae,Watanabeales,NA,Jaagichlorella,Jaagichlorella_adherens
ASV_1897,Fungi,Ascomycota,Sordariomycetes,Hypocreales,Pseudoniessliaceae,Pseudoniesslia,Pseudoniesslia_minutispora
ASV_1898,Fungi,Streptophyta,Magnoliopsida,Asterales,Asteraceae,NA,Hypochaeris_environmental_sample
ASV_1899,Fungi,Streptophyta,Magnoliopsida,Malvales,Malvaceae,Hoheria,Hoheria_ovata
ASV_1900,Fungi,NA,NA,NA,NA,NA,NA
ASV_1901,Fungi,Basidiomycota,Agaricostilbomycetes,Agaricostilbales,Kondoaceae,Kondoa,Kondoa_ribitophobia
ASV_1902,Fungi,Ascomycota,Dothideomycetes,Pleosporales,Pleosporaceae,Curvularia,Curvularia_ravenelii
ASV_1903,Fungi,Streptophyta,Magnoliopsida,Asterales,Asteraceae,Coreopsis,Coreopsis_tinctoria
ASV_1904,Fungi,Streptophyta,Magnoliopsida,Asparagales,Amaryllidaceae,Allium,Allium_cepa
ASV_1905,Fungi,Basidiomycota,Microbotryomycetes,Sporidiobolales,Sporidiobolaceae,Rhodotorula,Rhodotorula_ngohengohe
ASV_1906,Fungi,Ascomycota,Dothideomycetes,Dothideales,Saccotheciaceae,Aureobasidium,Aureobasidium_intercalariosporum
ASV_1907,Fungi,Ascomycota,Pezizomycetes,Pezizales,Ascodesmidaceae,Cephaliophora,Cephaliophora_irregularis
ASV_1908,Fungi,Streptophyta,Magnoliopsida,Myrtales,Myrtaceae,Metrosideros,Metrosideros_perforata
ASV_1909,Fungi,Streptophyta,Magnoliopsida,Asterales,Asteraceae,Jacobaea,Jacobaea_vulgaris
ASV_1910,Fungi,Streptophyta,Magnoliopsida,Asterales,Asteraceae,Erigeron,Erigeron_sp._MIB:SASS:0442
ASV_1911,Fungi,Fungi_phy_Incertae_sedis,Fungi_cls_Incertae_sedis,Fungi_ord_Incertae_sedis,Fungi_fam_Incertae_sedis,Fungi_gen_Incertae_sedis,NA
ASV_1912,Fungi,Streptophyta,Magnoliopsida,Asterales,Asteraceae,NA,Hypochaeris_environmental_sample
ASV_1913,Fungi,Ascomycota,Dothideomycetes,Pleosporales,Periconiaceae,Periconia,Periconia_neominutissima
ASV_1914,Fungi,Chlorophyta,Trebouxiophyceae,Trebouxiales,Trebouxiaceae,Trebouxia,uncultured_Trebouxia_photobiont
ASV_1915,Fungi,Streptophyta,Magnoliopsida,Apiales,Apiaceae,Sison,Sison_amomum
ASV_1916,Fungi,Basidiomycota,Microbotryomycetes,Sporidiobolales,Sporidiobolaceae,Rhodotorula,Rhodotorula_glutinis
ASV_1917,Fungi,Ascomycota,Dothideomycetes,Pleosporales,Phaeosphaeriaceae,NA,NA
ASV_1918,Fungi,Streptophyta,Magnoliopsida,Poales,Poaceae,Sporobolus,Sporobolus_africanus
ASV_1919,Fungi,Ascomycota,Sordariomycetes,Diaporthales,Diaporthaceae,Diaporthe,Diaporthe_malorum
ASV_1920,Fungi,Basidiomycota,Microbotryomycetes,Sporidiobolales,Sporidiobolaceae,Rhodotorula,Rhodotorula_glutinis
ASV_1921,Fungi,Streptophyta,Magnoliopsida,Myrtales,Myrtaceae,Callistemon,Callistemon_salignus
ASV_1922,Fungi,Streptophyta,Pinopsida,Pinales,Pinaceae,Keteleeria,Keteleeria_fortunei
ASV_1923,Fungi,Streptophyta,Magnoliopsida,Lamiales,Plantaginaceae,Veronica,Veronica_topiaria
ASV_1924,Fungi,Ascomycota,Eurotiomycetes,Eurotiales,Aspergillaceae,Penicillium,Penicillium_griseoroseum
ASV_1925,Fungi,Ascomycota,Dothideomycetes,Pleosporales,Sporormiaceae,Preussia,Preussia_persica
ASV_1926,Fungi,Ascomycota,Taphrinomycetes,Taphrinales,Taphrinaceae,Taphrina,NA
ASV_1927,Fungi,Basidiomycota,Tremellomycetes,Tremellales,Bulleribasidiaceae,Hannaella,Hannaella_xanthorrhoeae
ASV_1928,Fungi,Streptophyta,Magnoliopsida,Solanales,Convolvulaceae,Ipomoea,Ipomoea_shupangensis
ASV_1929,Fungi,Basidiomycota,NA,NA,NA,NA,NA
ASV_1930,Fungi,Streptophyta,Magnoliopsida,Asterales,Asteraceae,Crepis,Crepis_capillaris
ASV_1931,Fungi,Ascomycota,Dothideomycetes,Pleosporales,Sporormiaceae,Sporormiella,Sporormiella_intermedia
ASV_1932,Fungi,Streptophyta,Magnoliopsida,Poales,Poaceae,Cortaderia,Cortaderia_araucana
ASV_1933,Fungi,Ascomycota,Dothideomycetes,Pleosporales,Phaeosphaeriaceae,Didymocyrtis,Didymocyrtis_pini
ASV_1934,Fungi,Basidiomycota,Cystobasidiomycetes,Erythrobasidiales,Erythrobasidiaceae,Erythrobasidium,Erythrobasidium_yunnanense
ASV_1935,Fungi,Streptophyta,Pinopsida,Cupressales,Cupressaceae,Callitropsis,Callitropsis_funebris
ASV_1936,Fungi,Ascomycota,Saccharomycetes,Saccharomycetales,Saccharomycetaceae,Monosporozyma,Monosporozyma_servazzii
ASV_1937,Fungi,Ascomycota,Sordariomycetes,Diaporthales,Diaporthaceae,Diaporthe,Diaporthe_longicolla
ASV_1938,Fungi,Basidiomycota,NA,NA,NA,NA,NA
ASV_1939,Fungi,Olpidiomycota,Olpidiomycota_cls_Incertae_sedis,Olpidiomycota_ord_Incertae_sedis,Olpidiomycota_fam_Incertae_sedis,Olpidiomycota_gen_Incertae_sedis,NA
ASV_1940,Fungi,Streptophyta,Magnoliopsida,Asterales,Asteraceae,Argyranthemum,Argyranthemum_frutescens
ASV_1941,Fungi,Basidiomycota,Microbotryomycetes,Sporidiobolales,Sporidiobolaceae,Rhodotorula,Rhodotorula_glutinis
ASV_1942,Fungi,Ascomycota,Dothideomycetes,Pleosporales,Pleosporaceae,Bipolaris,Bipolaris_microlaenae
ASV_1943,Fungi,Basidiomycota,Agaricomycetes,Sistotremastrales,Sistotremastraceae,Sistotremastrum,Sistotremastrum_sp.
ASV_1944,Fungi,Chytridiomycota,Chytridiomycota_cls_Incertae_sedis,Chytridiomycota_ord_Incertae_sedis,Chytridiomycota_fam_Incertae_sedis,Chytridiomycota_gen_Incertae_sedis,NA
ASV_1945,Fungi,Chlorophyta,Trebouxiophyceae,Watanabeales,NA,Chloroidium,Chloroidium_lobatum
ASV_1946,Fungi,Streptophyta,Magnoliopsida,Lamiales,Plantaginaceae,Veronica,Veronica_topiaria
ASV_1947,Fungi,Streptophyta,Magnoliopsida,Rosales,Rosaceae,Rosa,Rosa_agrestis
ASV_1948,Fungi,Streptophyta,Magnoliopsida,Malvales,Thymelaeaceae,Pimelea,Pimelea_oreophila
ASV_1949,Fungi,Ascomycota,Eurotiomycetes,Eurotiales,Aspergillaceae,Penicillium,Penicillium_aquadulcis
ASV_1950,Fungi,Ascomycota,Dothideomycetes,Pleosporales,Pleosporaceae,Alternaria,Alternaria_inflata
ASV_1951,Fungi,Streptophyta,Magnoliopsida,Ranunculales,Ranunculaceae,Ranunculus,Ranunculus_bulbosus
ASV_1952,Fungi,Streptophyta,Magnoliopsida,Asterales,Asteraceae,Achillea,Achillea_millefolium
ASV_1953,Fungi,Ascomycota,Leotiomycetes,Helotiales,Sclerotiniaceae,Botrytis,Botrytis_caroliniana
ASV_1954,Fungi,Mucoromycota,Mucoromycetes,Mucorales,Mucoraceae,Mucor,Mucor_sp.
ASV_1955,Fungi,Chlorophyta,Trebouxiophyceae,Trebouxiales,Trebouxiaceae,Trebouxia,uncultured_Trebouxia_photobiont
ASV_1956,Fungi,Ascomycota,NA,NA,NA,NA,uncultured_Pezizomycotina
ASV_1957,Fungi,Ascomycota,Dothideomycetes,Pleosporales,Pyrenochaetopsidaceae,Pyrenochaetopsis,Pyrenochaetopsis_leptospora
ASV_1958,Fungi,Ascomycota,Dothideomycetes,Pleosporales,Didymosphaeriaceae,Neptunomyces,NA
ASV_1959,Fungi,Basidiomycota,Tremellomycetes,Tremellales,Bulleribasidiaceae,Hannaella,Hannaella_xanthorrhoeae
ASV_1960,Fungi,Basidiomycota,NA,NA,NA,NA,NA
ASV_1961,Fungi,Streptophyta,Magnoliopsida,Asterales,Asteraceae,Achillea,Achillea_millefolium
ASV_1962,Fungi,Chlorophyta,Trebouxiophyceae,Watanabeales,NA,Jaagichlorella,Jaagichlorella_roystonensis
ASV_1963,Fungi,Chlorophyta,Trebouxiophyceae,Chlorellales,NA,NA,uncultured_Chloroidium
ASV_1964,Fungi,Chlorophyta,Trebouxiophyceae,Watanabeales,NA,Chloroidium,Chloroidium_ellipsoideum
ASV_1965,Fungi,Streptophyta,Magnoliopsida,Asterales,Asteraceae,Bellis,Bellis_perennis
ASV_1966,Fungi,Streptophyta,Magnoliopsida,Rosales,Rosaceae,Rosa,Rosa_agrestis
ASV_1967,Fungi,Streptophyta,Magnoliopsida,Asterales,Asteraceae,Leucanthemum,Leucanthemum_pyrenaicum
ASV_1968,Fungi,Ascomycota,Eurotiomycetes,Eurotiales,Aspergillaceae,Penicillium,Penicillium_expansum
ASV_1969,Fungi,Ascomycota,Sordariomycetes,Hypocreales,Cordycipitaceae,Akanthomyces,Akanthomyces_muscarius
ASV_1970,Fungi,Streptophyta,Magnoliopsida,Apiales,Araliaceae,Schefflera,Schefflera_digitata
ASV_1971,Fungi,Streptophyta,Magnoliopsida,Malvales,Malvaceae,Hoheria,Hoheria_aff._sexstylosa_SJW-2009
ASV_1972,Fungi,Basidiomycota,Microbotryomycetes,Sporidiobolales,Sporidiobolaceae,Rhodotorula,Rhodotorula_ngohengohe
ASV_1973,Fungi,Streptophyta,Magnoliopsida,Lamiales,Plantaginaceae,Veronica,Veronica_strictissima
ASV_1974,Fungi,Streptophyta,Magnoliopsida,Fabales,Fabaceae,Lotus,Lotus_pedunculatus
ASV_1975,Fungi,Basidiomycota,Cystobasidiomycetes,Cystobasidiomycetes_ord_Incertae_sedis,Symmetrosporaceae,Symmetrospora,Symmetrospora_coprosmae
ASV_1976,Fungi,Streptophyta,Magnoliopsida,Asparagales,Amaryllidaceae,Allium,Allium_sativum
ASV_1977,Fungi,Ascomycota,Lecanoromycetes,Lecanorales,Lecanorales_fam_Incertae_sedis,Lecanorales_gen_Incertae_sedis,NA
ASV_1978,Fungi,Chlorophyta,Chlorophyceae,Sphaeropleales,Scenedesmaceae,Desmodesmus,Desmodesmus_armatus
ASV_1979,Fungi,Streptophyta,Magnoliopsida,Caryophyllales,Polygonaceae,Persicaria,Persicaria_hydropiper
ASV_1980,Fungi,Basidiomycota,Cystobasidiomycetes,Erythrobasidiales,Erythrobasidiaceae,Erythrobasidium,Erythrobasidium_sp.
ASV_1981,Fungi,Chlorophyta,Trebouxiophyceae,Watanabeales,NA,Jaagichlorella,Jaagichlorella_adherens
ASV_1982,Fungi,Streptophyta,Magnoliopsida,Poales,Poaceae,Triticum,Triticum_turgidum
ASV_1983,Fungi,Ascomycota,Dothideomycetes,Pleosporales,Phaeosphaeriaceae,Didymocyrtis,Didymocyrtis_pini
ASV_1984,Fungi,Streptophyta,Magnoliopsida,Asterales,Asteraceae,Crepis,Crepis_capillaris
ASV_1985,Fungi,Ascomycota,Dothideomycetes,Pleosporales,Didymosphaeriaceae,Paraphaeosphaeria,Paraphaeosphaeria_verruculosa
ASV_1986,Fungi,Streptophyta,Magnoliopsida,Asterales,Asteraceae,Crepis,Crepis_capillaris
ASV_1987,Fungi,Ascomycota,Dothideomycetes,Mycosphaerellales,Mycosphaerellaceae,Septoria,Septoria_eclipticola
ASV_1988,Fungi,Ascomycota,Dothideomycetes,Pleosporales,Pleosporaceae,Exserohilum,Exserohilum_turcicum
ASV_1989,Fungi,Chytridiomycota,Chytridiomycota_cls_Incertae_sedis,Chytridiomycota_ord_Incertae_sedis,Chytridiomycota_fam_Incertae_sedis,Chytridiomycota_gen_Incertae_sedis,NA
ASV_1990,Fungi,Streptophyta,Magnoliopsida,Asterales,Asteraceae,Erigeron,Erigeron_canadensis
ASV_1991,Fungi,Streptophyta,Magnoliopsida,Apiales,Araliaceae,Fatsia,Fatsia_japonica
ASV_1992,Fungi,Chlorophyta,Trebouxiophyceae,Watanabeales,NA,Chloroidium,Chloroidium_orientale
ASV_1993,Fungi,Ascomycota,Dothideomycetes,Pleosporales,Bambusicolaceae,Leucaenicola,Leucaenicola_phraeana
ASV_1994,Fungi,Ascomycota,Dothideomycetes,Pleosporales,Sporormiaceae,Preussia,Preussia_persica
ASV_1995,Fungi,Ascomycota,Eurotiomycetes,Phaeomoniellales,Celotheliaceae,Neophaeomoniella,NA
ASV_1996,Fungi,Streptophyta,Magnoliopsida,Asterales,Asteraceae,Leontodon,Leontodon_saxatilis
ASV_1997,Fungi,Ascomycota,Dothideomycetes,Capnodiales,Capnodiaceae,Chaetocapnodium,Chaetocapnodium_philippinense
ASV_1998,Fungi,Mucoromycota,Mucoromycetes,Mucorales,Mucoraceae,Mucor,Mucor_hiemalis
ASV_1999,Fungi,Ascomycota,Dothideomycetes,Pleosporales,Phaeosphaeriaceae,Neosetophoma,Neosetophoma_guiyangensis
ASV_2000,Fungi,Ascomycota,Dothideomycetes,Pleosporales,Periconiaceae,Periconia,Periconia_verrucosa
ASV_2001,Fungi,Streptophyta,Magnoliopsida,Myrtales,Myrtaceae,Leptospermum,Leptospermum_scoparium
ASV_2002,Fungi,Ascomycota,Dothideomycetes,Pleosporales,Didymellaceae,Calophoma,Calophoma_sandfjordenica
ASV_2003,Fungi,Streptophyta,Magnoliopsida,Apiales,Araliaceae,Fatsia,Fatsia_japonica
ASV_2004,Fungi,Ascomycota,Dothideomycetes,Pleosporales,Massarinaceae,Helminthosporium,Helminthosporium_asterinum
ASV_2005,Fungi,Streptophyta,Magnoliopsida,Asterales,Asteraceae,Pilosella,Pilosella_piloselloides
ASV_2006,Fungi,Streptophyta,Magnoliopsida,Lamiales,Plantaginaceae,Veronica,Veronica_chathamica
ASV_2007,Fungi,Chlorophyta,Trebouxiophyceae,Watanabeales,NA,Chloroidium,Chloroidium_sp._NN-2-O
ASV_2008,Fungi,Chlorophyta,Trebouxiophyceae,Prasiolales,Stichococcaceae,Stichococcus,Stichococcus_bacillaris
ASV_2009,Fungi,Ascomycota,Eurotiomycetes,Eurotiales,Aspergillaceae,Penicillium,Penicillium_zhuangii
ASV_2010,Fungi,Blastocladiomycota,Blastocladiomycetes,Blastocladiales,Blastocladiales_fam_Incertae_sedis,Blastocladiales_gen_Incertae_sedis,NA
ASV_2011,Fungi,Streptophyta,Magnoliopsida,Asterales,Asteraceae,Crepis,Crepis_capillaris
ASV_2012,Fungi,Streptophyta,Magnoliopsida,Asterales,Asteraceae,Leucanthemum,Leucanthemum_pyrenaicum
ASV_2013,Fungi,Chlorophyta,Trebouxiophyceae,Trebouxiales,Trebouxiaceae,Trebouxia,uncultured_Trebouxia_photobiont
ASV_2014,Fungi,Streptophyta,Magnoliopsida,Rosales,Rosaceae,Rosa,Rosa_agrestis
ASV_2015,Fungi,Ascomycota,Dothideomycetes,Pleosporales,Pleosporaceae,Alternaria,Alternaria_carotiincultae
ASV_2016,Fungi,Ascomycota,Dothideomycetes,Pleosporales,Pleosporaceae,Pyrenophora,Pyrenophora_biseptata
ASV_2017,Fungi,Streptophyta,Magnoliopsida,Fabales,Fabaceae,Lotus,Lotus_pedunculatus
ASV_2018,Fungi,Ascomycota,Dothideomycetes,Pleosporales,Roussoellaceae,Pseudoneoconiothyrium,Pseudoneoconiothyrium_rosae
ASV_2019,Fungi,Basidiomycota,Agaricomycetes,Auriculariales,Auriculariales_fam_Incertae_sedis,Auriculariales_gen_Incertae_sedis,NA
ASV_2020,Fungi,Chlorophyta,Trebouxiophyceae,Watanabeales,NA,Chloroidium,Chloroidium_sp._LV-2018
ASV_2021,Fungi,Streptophyta,Magnoliopsida,Poales,Poaceae,Cortaderia,Cortaderia_araucana
ASV_2022,Fungi,NA,NA,NA,NA,NA,NA
ASV_2023,Fungi,Ascomycota,Dothideomycetes,Pleosporales,Pleosporaceae,Alternaria,Alternaria_oregonensis
ASV_2024,Fungi,Chlorophyta,Trebouxiophyceae,NA,NA,Elliptochloris,Elliptochloris_antarctica
ASV_2025,Fungi,Ascomycota,Taphrinomycetes,Taphrinales,Taphrinaceae,Taphrina,Taphrina_inositophila
ASV_2026,Fungi,Ascomycota,Dothideomycetes,Pleosporales,Didymellaceae,Neoascochyta,Neoascochyta_paspali
ASV_2027,Fungi,Streptophyta,Magnoliopsida,Asterales,Asteraceae,Erigeron,Erigeron_canadensis
ASV_2028,Fungi,Streptophyta,Magnoliopsida,Asterales,Asteraceae,Craspedia,Craspedia_sp._CHR514290
ASV_2029,Fungi,Streptophyta,Magnoliopsida,Asterales,Asteraceae,Bellis,Bellis_perennis
ASV_2030,Fungi,Streptophyta,Magnoliopsida,Asterales,Asteraceae,Bellis,Bellis_perennis
ASV_2031,Fungi,Streptophyta,Magnoliopsida,Poales,Poaceae,Setaria,Setaria_parviflora
ASV_2032,Fungi,Chlorophyta,Trebouxiophyceae,Watanabeales,NA,Chloroidium,Chloroidium_orientale
ASV_2033,Fungi,Ascomycota,Sordariomycetes,Amphisphaeriales,Sporocadaceae,Seimatosporium,NA
ASV_2034,Fungi,Ascomycota,Dothideomycetes,Pleosporales,Phaeosphaeriaceae,Sclerostagonospora,Sclerostagonospora_lathyri
ASV_2035,Fungi,Streptophyta,Magnoliopsida,Alismatales,Araceae,Colocasia,Colocasia_sp._MIB:SASS:0433
ASV_2036,Fungi,Streptophyta,Magnoliopsida,Fabales,Fabaceae,Lotus,Lotus_pedunculatus
ASV_2037,Fungi,Streptophyta,Magnoliopsida,Lamiales,Plantaginaceae,Veronica,Veronica_pinguifolia
ASV_2038,Fungi,Streptophyta,Magnoliopsida,Lamiales,Plantaginaceae,Veronica,Veronica_speciosa
ASV_2039,Fungi,Ascomycota,Dothideomycetes,Pleosporales,Phaeosphaeriaceae,Neosetophoma,Neosetophoma_guiyangensis
ASV_2040,Fungi,Streptophyta,Magnoliopsida,Asterales,Asteraceae,Crepis,Crepis_capillaris
ASV_2041,Fungi,Basidiomycota,Tremellomycetes,Tremellales,Phaeotremellaceae,Phaeotremellaceae_gen_Incertae_sedis,NA
ASV_2042,Fungi,Chlorophyta,Trebouxiophyceae,Watanabeales,NA,Chloroidium,Chloroidium_ellipsoideum
ASV_2043,Fungi,Ascomycota,Dothideomycetes,Pleosporales,Pleosporaceae,Curvularia,Curvularia_coatesiae
ASV_2044,Fungi,Basidiomycota,Tremellomycetes,Trichosporonales,Trichosporonaceae,Apiotrichum,Apiotrichum_gracile
ASV_2045,Fungi,Chlorophyta,Trebouxiophyceae,Watanabeales,NA,Chloroidium,Chloroidium_sp._NN-2-O
ASV_2046,Fungi,Streptophyta,Magnoliopsida,Myrtales,Myrtaceae,Leptospermum,Leptospermum_scoparium
ASV_2047,Fungi,Mucoromycota,Mucoromycetes,Mucorales,Backusellaceae,Backusella,Backusella_obliqua
ASV_2048,Fungi,Ascomycota,Pezizomycetes,Pezizales,Pezizaceae,NA,uncultured_Pezizaceae
ASV_2049,Fungi,Ascomycota,Dothideomycetes,Pleosporales,Pleosporaceae,Alternaria,Alternaria_alternata
ASV_2050,Fungi,Chlorophyta,Trebouxiophyceae,Watanabeales,NA,Jaagichlorella,Jaagichlorella_roystonensis
ASV_2051,Fungi,Streptophyta,Magnoliopsida,Asterales,Asteraceae,Krigia,Krigia_virginica
ASV_2052,Fungi,Fungi_phy_Incertae_sedis,Fungi_cls_Incertae_sedis,Fungi_ord_Incertae_sedis,Fungi_fam_Incertae_sedis,Fungi_gen_Incertae_sedis,NA
ASV_2053,Fungi,Basidiomycota,Cystobasidiomycetes,Erythrobasidiales,Erythrobasidiaceae,Erythrobasidium,Erythrobasidium_hasegawianum
ASV_2054,Fungi,Ascomycota,Dothideomycetes,Pleosporales,Pleosporaceae,NA,NA
ASV_2055,Fungi,NA,NA,NA,NA,NA,NA
ASV_2056,Fungi,Streptophyta,Magnoliopsida,Lamiales,Plantaginaceae,Veronica,Veronica_speciosa
ASV_2057,Fungi,Chlorophyta,Trebouxiophyceae,NA,NA,Coccomyxa,Coccomyxa_sp._KN-2011-C15
ASV_2058,Fungi,Streptophyta,Magnoliopsida,Apiales,Apiaceae,Daucus,Daucus_crinitus
ASV_2059,Fungi,Ascomycota,Dothideomycetes,Pleosporales,Periconiaceae,Periconia,Periconia_sp.
ASV_2060,Fungi,Chlorophyta,Trebouxiophyceae,Chlorellales,Chlorellaceae,Prototheca,Prototheca_ciferrii
ASV_2061,Fungi,Streptophyta,Magnoliopsida,Lamiales,Plantaginaceae,Plantago,Plantago_lanceolata
ASV_2062,Fungi,Ascomycota,Dothideomycetes,Pleosporales,Dictyosporiaceae,Dictyosporiaceae_gen_Incertae_sedis,NA
ASV_2063,Fungi,Ascomycota,Dothideomycetes,Pleosporales,Didymellaceae,Phoma,Phoma_sp.
ASV_2064,Fungi,Ascomycota,Dothideomycetes,Cladosporiales,Cladosporiaceae,Cladosporium,Cladosporium_herbarum
ASV_2065,Fungi,Streptophyta,Magnoliopsida,Myrtales,Myrtaceae,Lophomyrtus,Lophomyrtus_bullata_x_Lophomyrtus_orbcordata
ASV_2066,Fungi,Ascomycota,Dothideomycetes,Pleosporales,Pleosporaceae,Bipolaris,Bipolaris_cynodontis
ASV_2067,Fungi,Mucoromycota,Mucoromycetes,Mucorales,Mucoraceae,Mucor,Mucor_circinelloides
ASV_2068,Fungi,Streptophyta,Magnoliopsida,Poales,Poaceae,Cortaderia,Cortaderia_araucana
ASV_2069,Fungi,Streptophyta,Magnoliopsida,Poales,Poaceae,Agrostis,Agrostis_castellana
ASV_2070,Fungi,Chlorophyta,Chlorophyceae,Sphaeropleales,Scenedesmaceae,Desmodesmus,Desmodesmus_sp._GM4a
ASV_2071,Fungi,Ascomycota,Dothideomycetes,Pleosporales,Didymosphaeriaceae,Paraphaeosphaeria,Paraphaeosphaeria_kovalevskayae
ASV_2072,Fungi,Basidiomycota,Tremellomycetes,Filobasidiales,Filobasidiaceae,Filobasidium,Filobasidium_floriforme
ASV_2073,Fungi,Basidiomycota,Tremellomycetes,Tremellales,Trimorphomycetaceae,Saitozyma,Saitozyma_paraflava
ASV_2074,Fungi,Ascomycota,Leotiomycetes,NA,NA,NA,NA
ASV_2075,Fungi,Streptophyta,Magnoliopsida,Asterales,Asteraceae,Crepis,Crepis_capillaris
ASV_2076,Fungi,Streptophyta,Magnoliopsida,Apiales,Araliaceae,Pseudopanax,Pseudopanax_ferox
ASV_2077,Fungi,Streptophyta,Magnoliopsida,Poales,Poaceae,Cortaderia,Cortaderia_selloana
ASV_2078,Fungi,Streptophyta,Magnoliopsida,Asterales,Asteraceae,Crepis,Crepis_capillaris
ASV_2079,Fungi,Ascomycota,Dothideomycetes,Pleosporales,Pleosporaceae,Pyrenophora,Pyrenophora_biseptata
ASV_2080,Fungi,Mucoromycota,Mucoromycetes,Mucorales,Mucoraceae,Mucor,Mucor_fragilis
ASV_2081,Fungi,Basidiomycota,Microbotryomycetes,Sporidiobolales,Sporidiobolaceae,Sporobolomyces,Sporobolomyces_roseus
ASV_2082,Fungi,Ascomycota,Pezizomycetes,Pezizales,Pezizaceae,NA,uncultured_Pezizaceae
ASV_2083,Fungi,Ascomycota,Dothideomycetes,Dothideales,Saccotheciaceae,Aureobasidium,Aureobasidium_pullulans
ASV_2084,Fungi,Chlorophyta,Trebouxiophyceae,Watanabeales,NA,Chloroidium,Chloroidium_sp._NN-2-O
ASV_2085,Fungi,Ascomycota,Dothideomycetes,Pleosporales,Phaeosphaeriaceae,Phaeosphaeria,Phaeosphaeria_sp.
ASV_2086,Fungi,Basidiomycota,Tremellomycetes,Tremellales,Bulleribasidiaceae,Vishniacozyma,Vishniacozyma_victoriae
ASV_2087,Fungi,NA,NA,NA,NA,NA,NA
ASV_2088,Fungi,Ascomycota,Eurotiomycetes,Eurotiales,Aspergillaceae,Aspergillus,Aspergillus_ruber
ASV_2089,Fungi,Streptophyta,Magnoliopsida,Myrtales,Myrtaceae,Leptospermum,Leptospermum_scoparium
ASV_2090,Fungi,Streptophyta,Magnoliopsida,Brassicales,Brassicaceae,Lobularia,Lobularia_maritima
ASV_2091,Fungi,Ascomycota,Dothideomycetes,Pleosporales,Didymosphaeriaceae,Pseudopithomyces,Pseudopithomyces_rosae
ASV_2092,Fungi,Streptophyta,Magnoliopsida,Caryophyllales,Chenopodiaceae,Chenopodium,Chenopodium_album
ASV_2093,Fungi,Ascomycota,Dothideomycetes,Pleosporales,Didymosphaeriaceae,Paraphaeosphaeria,Paraphaeosphaeria_verruculosa
ASV_2094,Fungi,Ascomycota,Dothideomycetes,Pleosporales,Pleosporaceae,Pyrenophora,Pyrenophora_biseptata
ASV_2095,Fungi,Basidiomycota,Microbotryomycetes,Sporidiobolales,Sporidiobolaceae,Rhodotorula,Rhodotorula_glutinis
ASV_2096,Fungi,Basidiomycota,Cystobasidiomycetes,Erythrobasidiales,Erythrobasidiaceae,Erythrobasidium,Erythrobasidium_hasegawae
ASV_2097,Fungi,Streptophyta,Magnoliopsida,Apiales,Araliaceae,Fatsia,Fatsia_japonica
ASV_2098,Fungi,Ascomycota,Dothideomycetes,Pleosporales,Torulaceae,Torula,Torula_herbarum
ASV_2099,Fungi,Basidiomycota,Tremellomycetes,Tremellales,Cryptococcaceae,Cryptococcus,Cryptococcus_nyarrowii
ASV_2100,Fungi,Streptophyta,Magnoliopsida,Fabales,Fabaceae,Trifolium,Trifolium_repens
ASV_2101,Fungi,Chlorophyta,Trebouxiophyceae,Watanabeales,NA,Chloroidium,Chloroidium_orientale
ASV_2102,Fungi,Streptophyta,Magnoliopsida,Rosales,Rosaceae,Rosa,Rosa_agrestis
ASV_2103,Fungi,NA,NA,NA,NA,NA,NA
ASV_2104,Fungi,Basidiomycota,Tremellomycetes,Tremellales,Bulleribasidiaceae,Vishniacozyma,Vishniacozyma_victoriae
ASV_2105,Fungi,Ascomycota,Dothideomycetes,Pleosporales,Melanommataceae,NA,NA
ASV_2106,Fungi,Streptophyta,Magnoliopsida,Apiales,Araliaceae,Hedera,Hedera_helix
ASV_2107,Fungi,Basidiomycota,Tremellomycetes,Cystofilobasidiales,Cystofilobasidiaceae,Cystofilobasidium,Cystofilobasidium_macerans
ASV_2108,Fungi,Ascomycota,Saccharomycetes,Saccharomycetales,Saccharomycetaceae,Lachancea,Lachancea_kluyveri
ASV_2109,Fungi,Basidiomycota,Cystobasidiomycetes,Cystobasidiomycetes_ord_Incertae_sedis,Symmetrosporaceae,Symmetrospora,Symmetrospora_coprosmae
ASV_2110,Fungi,Ascomycota,Dothideomycetes,Pleosporales,Didymellaceae,Calophoma,NA
ASV_2111,Fungi,Ascomycota,NA,NA,NA,NA,NA
ASV_2112,Fungi,Streptophyta,Magnoliopsida,Solanales,Solanaceae,Solanum,Solanum_lycopersicum
ASV_2113,Fungi,Streptophyta,Magnoliopsida,Poales,Poaceae,Paspalum,Paspalum_dilatatum
ASV_2114,Fungi,Streptophyta,Magnoliopsida,Lamiales,Plantaginaceae,Veronica,Veronica_formosa
ASV_2115,Fungi,Streptophyta,Magnoliopsida,Apiales,Araliaceae,Schefflera,Schefflera_digitata
ASV_2116,Fungi,Ascomycota,Pichiomycetes,Pichiales,Pichiaceae,Pichia,Pichia_kudriavzevii
ASV_2117,Fungi,Ascomycota,Dothideomycetes,Acrospermales,Acrospermaceae,Acrospermum,NA
ASV_2118,Fungi,Ascomycota,Dothideomycetes,Cladosporiales,Cladosporiaceae,Cladosporium,Cladosporium_herbarum
ASV_2119,Fungi,Streptophyta,Magnoliopsida,Asterales,Asteraceae,Bellis,Bellis_perennis
ASV_2120,Fungi,Basidiomycota,Exobasidiomycetes,Exobasidiales,Exobasidiaceae,Exobasidium,Exobasidium_sp.
ASV_2121,Fungi,Streptophyta,Magnoliopsida,Myrtales,Myrtaceae,Eucalyptus,Eucalyptus_saligna
ASV_2122,Fungi,Ascomycota,Dothideomycetes,Pleosporales,Periconiaceae,Periconia,Periconia_sp.
ASV_2123,Fungi,Streptophyta,Magnoliopsida,Asterales,Asteraceae,Leontodon,Leontodon_saxatilis
ASV_2124,Fungi,Ascomycota,Dothideomycetes,Pleosporales,Didymosphaeriaceae,Paraphaeosphaeria,Paraphaeosphaeria_neglecta
ASV_2125,Fungi,Ascomycota,Dothideomycetes,Pleosporales,Lophiostomataceae,Lophiostoma,Lophiostoma_corticola
ASV_2126,Fungi,Basidiomycota,Agaricomycetes,Hymenochaetales,Schizoporaceae,Xylodon,Xylodon_raduloides
ASV_2127,Fungi,Ascomycota,Lecanoromycetes,Ostropales,Stictidaceae,Absconditella,NA
ASV_2128,Fungi,Basidiomycota,Microbotryomycetes,Sporidiobolales,Sporidiobolaceae,Rhodotorula,Rhodotorula_taiwanensis
ASV_2129,Fungi,Streptophyta,Magnoliopsida,Asterales,Asteraceae,Crepis,Crepis_capillaris
ASV_2130,Fungi,Streptophyta,Magnoliopsida,Asterales,Asteraceae,Cirsium,Cirsium_palustre
ASV_2131,Fungi,Ascomycota,Saccharomycetes,Saccharomycetales,Saccharomycetaceae,Maudiozyma,Maudiozyma_humilis
ASV_2132,Fungi,Ascomycota,Dothideomycetes,Pleosporales,Pleosporaceae,Curvularia,Curvularia_inaequalis
ASV_2133,Fungi,Ascomycota,Eurotiomycetes,Eurotiales,Aspergillaceae,Penicillium,Penicillium_brevicompactum
ASV_2134,Fungi,Mucoromycota,Mucoromycetes,Mucorales,Mucoraceae,Mucor,Mucor_racemosus
ASV_2135,Fungi,Streptophyta,Magnoliopsida,Asterales,Asteraceae,Craspedia,Craspedia_sp._CHR514275
ASV_2136,Fungi,Mucoromycota,Mucoromycetes,Mucorales,Mucoraceae,Mucor,Mucor_racemosus
ASV_2137,Fungi,Basidiomycota,Microbotryomycetes,Sporidiobolales,Sporidiobolaceae,Sporobolomyces,Sporobolomyces_roseus
ASV_2138,Fungi,Ascomycota,Leotiomycetes,Helotiales,Sclerotiniaceae,Botrytis,Botrytis_caroliniana
ASV_2139,Fungi,Basidiomycota,Tremellomycetes,Cystofilobasidiales,Mrakiaceae,Udeniomyces,Udeniomyces_pyricola
ASV_2140,Fungi,Streptophyta,Magnoliopsida,Myrtales,Myrtaceae,Leptospermum,Leptospermum_scoparium
ASV_2141,Fungi,Basidiomycota,Cystobasidiomycetes,Erythrobasidiales,Erythrobasidiaceae,Erythrobasidium,Erythrobasidium_hasegawianum
ASV_2142,Fungi,Ascomycota,Dothideomycetes,Pleosporales,Acrocalymmaceae,Acrocalymma,Acrocalymma_paeoniae
ASV_2143,Fungi,Streptophyta,Magnoliopsida,Fabales,Fabaceae,Lotus,Lotus_pedunculatus
ASV_2144,Fungi,Basidiomycota,Cystobasidiomycetes,Buckleyzymales,Buckleyzymaceae,Buckleyzyma,Buckleyzyma_armeniaca
ASV_2145,Fungi,Ascomycota,Sordariomycetes,Glomerellales,Plectosphaerellaceae,Plectosphaerella,Plectosphaerella_sp.
ASV_2146,Fungi,Streptophyta,Magnoliopsida,Asterales,Asteraceae,Arctotis,Arctotis_aspera
ASV_2147,Fungi,Basidiomycota,Tremellomycetes,Tremellales,Rhynchogastremaceae,Papiliotrema,Papiliotrema_nemorosa
ASV_2148,Fungi,Ascomycota,Dothideomycetes,Pleosporales,Leptosphaeriaceae,Plenodomus,Plenodomus_biglobosus
ASV_2149,Fungi,Basidiomycota,Cystobasidiomycetes,Cystobasidiomycetes_ord_Incertae_sedis,Symmetrosporaceae,Symmetrospora,Symmetrospora_pseudomarina
ASV_2150,Fungi,Ascomycota,Dothideomycetes,Pleosporales,Pleosporaceae,Alternaria,Alternaria_inflata
ASV_2151,Fungi,Ascomycota,Dothideomycetes,Pleosporales,Pleosporaceae,Pyrenophora,Pyrenophora_poae
ASV_2152,Fungi,Streptophyta,Magnoliopsida,Ranunculales,Ranunculaceae,Ranunculus,Ranunculus_sardous
ASV_2153,Fungi,Streptophyta,Magnoliopsida,Rosales,Urticaceae,Urtica,Urtica_urens
ASV_2154,Fungi,Chytridiomycota,Chytridiomycota_cls_Incertae_sedis,Chytridiomycota_ord_Incertae_sedis,Chytridiomycota_fam_Incertae_sedis,Chytridiomycota_gen_Incertae_sedis,NA
ASV_2155,Fungi,Ascomycota,Dothideomycetes,Pleosporales,Didymosphaeriaceae,Paraphaeosphaeria,michotii
ASV_2156,Fungi,Ascomycota,Dothideomycetes,Pleosporales,Phaeosphaeriaceae,Phaeosphaeria,Phaeosphaeria_poagena
ASV_2157,Fungi,Streptophyta,Magnoliopsida,Apiales,Araliaceae,Schefflera,Schefflera_digitata
ASV_2158,Fungi,Ascomycota,Dothideomycetes,Pleosporales,Didymosphaeriaceae,Neptunomyces,Neptunomyces_sp.
ASV_2159,Fungi,Ascomycota,Dothideomycetes,Pleosporales,Phaeosphaeriaceae,NA,NA
ASV_2160,Fungi,Streptophyta,Magnoliopsida,Asterales,Asteraceae,Leucanthemum,Leucanthemum_pyrenaicum
ASV_2161,Fungi,Ascomycota,Dothideomycetes,Pleosporales,Phaeosphaeriaceae,Didymocyrtis,Didymocyrtis_pini
ASV_2162,Fungi,Streptophyta,Magnoliopsida,Myrtales,Myrtaceae,Leptospermum,Leptospermum_scoparium
ASV_2163,Fungi,Basidiomycota,Tremellomycetes,Tremellales,Bulleribasidiaceae,Vishniacozyma,Vishniacozyma_victoriae
ASV_2164,Fungi,NA,NA,NA,NA,NA,NA
ASV_2165,Fungi,Chlorophyta,Trebouxiophyceae,Watanabeales,NA,Chloroidium,Chloroidium_sp._NN-2-O
ASV_2166,Fungi,Ascomycota,Dothideomycetes,Pleosporales,Pleosporaceae,Alternaria,Alternaria_solani
ASV_2167,Fungi,NA,NA,NA,NA,NA,NA
ASV_2168,Fungi,Ascomycota,Dothideomycetes,Pleosporales,Pleosporaceae,Alternaria,Alternaria_sp.
ASV_2169,Fungi,Ascomycota,Saccharomycetes,Saccharomycetales,NA,NA,NA
ASV_2170,Fungi,Ascomycota,Dothideomycetes,Pleosporales,Didymosphaeriaceae,Paraphaeosphaeria,michotii
ASV_2171,Fungi,Mucoromycota,Mucoromycetes,Mucorales,Mucoraceae,Mucor,Mucor_ramosissimus
ASV_2172,Fungi,Ascomycota,Sordariomycetes,Sordariales,Schizotheciaceae,Pseudoechria,Pseudoechria_longicollis
ASV_2173,Fungi,Streptophyta,Magnoliopsida,Fagales,Betulaceae,Alnus,Alnus_nitida
ASV_2174,Fungi,Chlorophyta,Trebouxiophyceae,NA,NA,Elliptochloris,Elliptochloris_antarctica
ASV_2175,Fungi,Basidiomycota,Agaricomycetes,Agaricales,Pleurotaceae,Pleurotus,Pleurotus_purpureo-olivaceus
ASV_2176,Fungi,Chlorophyta,Trebouxiophyceae,Watanabeales,NA,Chloroidium,Chloroidium_lobatum
ASV_2177,Fungi,Chytridiomycota,Chytridiomycota_cls_Incertae_sedis,Chytridiomycota_ord_Incertae_sedis,Chytridiomycota_fam_Incertae_sedis,Chytridiomycota_gen_Incertae_sedis,NA
ASV_2178,Fungi,Chytridiomycota,Chytridiomycota_cls_Incertae_sedis,Chytridiomycota_ord_Incertae_sedis,Chytridiomycota_fam_Incertae_sedis,Chytridiomycota_gen_Incertae_sedis,NA
ASV_2179,Fungi,Ascomycota,Dothideomycetes,Mycosphaerellales,Mycosphaerellaceae,Ramularia,Ramularia_vacciniicola
ASV_2180,Fungi,Streptophyta,Magnoliopsida,Lamiales,Plantaginaceae,Plantago,Plantago_barbata
ASV_2181,Fungi,Ascomycota,Pezizomycetes,Pezizales,Ascobolaceae,Ascobolus,NA
ASV_2182,Fungi,Ascomycota,Dothideomycetes,Pleosporales,Sporormiaceae,Preussia,Preussia_persica
ASV_2183,Fungi,Streptophyta,Magnoliopsida,Myrtales,Myrtaceae,Leptospermum,Leptospermum_scoparium
ASV_2184,Fungi,Mucoromycota,Mucoromycetes,Mucorales,Mucoraceae,Mucor,Mucor_hiemalis
ASV_2185,Fungi,Ascomycota,Sordariomycetes,Hypocreales,Nectriaceae,Fusarium,Fusarium_tricinctum
ASV_2186,Fungi,Streptophyta,Polypodiopsida,Equisetales,Equisetaceae,Equisetum,Equisetum_arvense
ASV_2187,Fungi,Chlorophyta,Chlorophyceae,Sphaeropleales,Scenedesmaceae,Scenedesmus,Scenedesmus_sp._IOAC035F
ASV_2188,Fungi,Ascomycota,Dothideomycetes,Pleosporales,Periconiaceae,Periconia,Periconia_neominutissima
ASV_2189,Fungi,Mucoromycota,Mucoromycetes,Mucorales,Mucoraceae,Mucor,Mucor_flavus
ASV_2190,Fungi,Mucoromycota,Mucoromycetes,Mucorales,Mucoraceae,Mucor,Mucor_flavus
ASV_2191,Fungi,Streptophyta,Magnoliopsida,Asterales,Asteraceae,Craspedia,Craspedia_variabilis
ASV_2192,Fungi,Ascomycota,Dothideomycetes,Pleosporales,Didymosphaeriaceae,NA,NA
ASV_2193,Fungi,Streptophyta,Magnoliopsida,Apiales,Araliaceae,Schefflera,Schefflera_digitata
ASV_2194,Fungi,Basidiomycota,Microbotryomycetes,Sporidiobolales,Sporidiobolaceae,Sporobolomyces,Sporobolomyces_roseus
ASV_2195,Fungi,Streptophyta,Magnoliopsida,Lamiales,Lamiaceae,Prunella,Prunella_vulgaris
ASV_2196,Fungi,Ascomycota,Saccharomycetes,Saccharomycetales,Saccharomycetales_fam_Incertae_sedis,Saccharomycetales_gen_Incertae_sedis,NA
ASV_2197,Fungi,Ascomycota,Eurotiomycetes,Eurotiales,Aspergillaceae,Penicillium,Penicillium_bialowiezense
ASV_2198,Fungi,Basidiomycota,Agaricostilbomycetes,Agaricostilbales,Kondoaceae,Bensingtonia,NA
ASV_2199,Fungi,Streptophyta,Magnoliopsida,Apiales,Araliaceae,Fatsia,Fatsia_japonica
ASV_2200,Fungi,Streptophyta,Magnoliopsida,Asterales,Asteraceae,Achillea,Achillea_setacea
ASV_2201,Fungi,Chytridiomycota,NA,NA,NA,NA,NA
ASV_2202,Fungi,Basidiomycota,Cystobasidiomycetes,Buckleyzymales,Buckleyzymaceae,Buckleyzyma,Buckleyzyma_armeniaca
ASV_2203,Fungi,Streptophyta,Magnoliopsida,Myrtales,Myrtaceae,Leptospermum,Leptospermum_scoparium
ASV_2204,Fungi,Streptophyta,Magnoliopsida,Asterales,Asteraceae,Crepis,Crepis_capillaris
ASV_2205,Fungi,Ascomycota,Dothideomycetes,Pleosporales,Pleosporaceae,Bipolaris,Bipolaris_drechsleri
ASV_2206,Fungi,Ascomycota,Dothideomycetes,Pleosporales,Periconiaceae,Periconia,Periconia_sp.
ASV_2207,Fungi,Basidiomycota,Cystobasidiomycetes,NA,Symmetrosporaceae,Symmetrospora,Symmetrospora_oryzicola
ASV_2208,Fungi,Streptophyta,Magnoliopsida,Apiales,Araliaceae,Schefflera,Schefflera_digitata
ASV_2209,Fungi,Basidiomycota,Cystobasidiomycetes,Erythrobasidiales,Erythrobasidiaceae,Bannoa,NA
ASV_2210,Fungi,Ascomycota,Pichiomycetes,Pichiales,Pichiaceae,Pichia,Pichia_kudriavzevii
ASV_2211,Fungi,Streptophyta,Polypodiopsida,Cyatheales,Cyatheaceae,Cyathea,Cyathea_australis
ASV_2212,Fungi,Ascomycota,Dothideomycetes,Pleosporales,Leptosphaeriaceae,Sphaerellopsis,Sphaerellopsis_filum
ASV_2213,Fungi,Streptophyta,Magnoliopsida,Poales,Poaceae,Poa,Poa_annua
ASV_2214,Fungi,Ascomycota,Eurotiomycetes,Eurotiales,Trichocomaceae,Talaromyces,Talaromyces_aurantiacus
ASV_2215,Fungi,Basidiomycota,Tremellomycetes,Cystofilobasidiales,Mrakiaceae,Udeniomyces,Udeniomyces_pyricola
ASV_2216,Fungi,Streptophyta,Magnoliopsida,Asterales,Asteraceae,NA,Hypochaeris_environmental_sample
ASV_2217,Fungi,Chytridiomycota,Chytridiomycota_cls_Incertae_sedis,Chytridiomycota_ord_Incertae_sedis,Chytridiomycota_fam_Incertae_sedis,Chytridiomycota_gen_Incertae_sedis,NA
ASV_2218,Fungi,Streptophyta,Magnoliopsida,Asterales,Asteraceae,Craspedia,Craspedia_sp._CHR514290
ASV_2219,Fungi,Streptophyta,Magnoliopsida,Malvales,Thymelaeaceae,Pimelea,Pimelea_oreophila
ASV_2220,Fungi,Ascomycota,Saccharomycetes,Saccharomycetales,Pichiaceae,Pichia,Pichia_deserticola
ASV_2221,Fungi,Ascomycota,Eurotiomycetes,Eurotiales,Aspergillaceae,Penicillium,Penicillium_bialowiezense
ASV_2222,Fungi,Ascomycota,Lecanoromycetes,Lecanorales,Scoliciosporaceae,Scoliciosporum,Scoliciosporum_fabisporum
ASV_2223,Fungi,Ascomycota,Dothideomycetes,Pleosporales,Tetraplosphaeriaceae,Tetraploa,Tetraploa_sasicola
ASV_2224,Fungi,NA,NA,NA,NA,NA,NA
ASV_2225,Fungi,Fungi_phy_Incertae_sedis,Fungi_cls_Incertae_sedis,Fungi_ord_Incertae_sedis,Fungi_fam_Incertae_sedis,Fungi_gen_Incertae_sedis,NA
ASV_2226,Fungi,Ascomycota,Dothideomycetes,Dothideales,Saccotheciaceae,Aureobasidium,Aureobasidium_intercalariosporum
ASV_2227,Fungi,Ascomycota,Dothideomycetes,Pleosporales,Didymosphaeriaceae,Spegazzinia,Spegazzinia_radermacherae
ASV_2228,Fungi,Streptophyta,Magnoliopsida,Myrtales,Myrtaceae,Eucalyptus,Eucalyptus_botryoides
ASV_2229,Fungi,Ascomycota,Dothideomycetes,Pleosporales,Massarinaceae,Helminthosporium,Helminthosporium_asterinum
ASV_2230,Fungi,Streptophyta,Magnoliopsida,Asterales,Asteraceae,Pilosella,Pilosella_officinarum
ASV_2231,Fungi,Ascomycota,Saccharomycetes,Saccharomycetales,Pichiaceae,Pichia,Pichia_gijzeniarum
ASV_2232,Fungi,Streptophyta,Magnoliopsida,Myrtales,Myrtaceae,Leptospermum,Leptospermum_scoparium
ASV_2233,Fungi,Streptophyta,Magnoliopsida,Poales,Poaceae,Festuca,Festuca_rubra
ASV_2234,Fungi,Basidiomycota,Cystobasidiomycetes,Erythrobasidiales,Erythrobasidiaceae,Bannoa,Bannoa_bischofiae
ASV_2235,Fungi,Ascomycota,NA,NA,NA,NA,NA
ASV_2236,Fungi,Streptophyta,Magnoliopsida,Apiales,Araliaceae,Aralia,Aralia_vietnamensis
ASV_2237,Fungi,Streptophyta,Magnoliopsida,Fabales,Fabaceae,Trifolium,Trifolium_repens
ASV_2238,Fungi,Ascomycota,Dothideomycetes,Pleosporales,Pyrenochaetopsidaceae,Pyrenochaetopsis,Pyrenochaetopsis_leptospora
ASV_2239,Fungi,Streptophyta,Magnoliopsida,Asterales,Asteraceae,Taraxacum,Taraxacum_officinale
ASV_2240,Fungi,Streptophyta,Magnoliopsida,Asterales,Asteraceae,Crepis,Crepis_capillaris
ASV_2241,Fungi,Streptophyta,Magnoliopsida,Asterales,Asteraceae,NA,Hypochaeris_environmental_sample
ASV_2242,Fungi,Streptophyta,Magnoliopsida,Poales,Poaceae,Cynosurus,Cynosurus_cristatus
ASV_2243,Fungi,Streptophyta,Magnoliopsida,Asterales,Asteraceae,Achillea,Achillea_millefolium
ASV_2244,Fungi,Streptophyta,Magnoliopsida,Solanales,Convolvulaceae,Ipomoea,Ipomoea_dichroa
ASV_2245,Fungi,Ascomycota,Dothideomycetes,Pleosporales,Didymosphaeriaceae,Paracamarosporium,Paracamarosporium_noviaquum
ASV_2246,Fungi,Basidiomycota,Cystobasidiomycetes,Naohideales,Naohideaceae,Naohidea,Naohidea_sebacea
ASV_2247,Fungi,Uroviricota,Caudoviricetes,NA,NA,NA,Caudoviricetes_sp.
ASV_2248,Fungi,Ascomycota,Eurotiomycetes,Eurotiales,Aspergillaceae,Penicillium,Penicillium_brevicompactum
ASV_2249,Fungi,Ascomycota,Dothideomycetes,Pleosporales,Sporormiaceae,Preussia,Preussia_dubia
ASV_2250,Fungi,Ascomycota,Dothideomycetes,Mycosphaerellales,Mycosphaerellaceae,Septoria,Septoria_eclipticola
ASV_2251,Fungi,Mucoromycota,Mucoromycetes,Mucorales,Mucoraceae,Mucor,Mucor_hiemalis
ASV_2252,Fungi,Streptophyta,Magnoliopsida,Poales,Poaceae,Paspalum,Paspalum_distichum
ASV_2253,Fungi,Ascomycota,Dothideomycetes,Pleosporales,Leptosphaeriaceae,Plenodomus,Plenodomus_biglobosus
ASV_2254,Fungi,Streptophyta,Magnoliopsida,Lamiales,Plantaginaceae,Veronica,Veronica_pimeleoides
ASV_2255,Fungi,Streptophyta,Magnoliopsida,Lamiales,Plantaginaceae,Veronica,Veronica_albicans
ASV_2256,Fungi,Chlorophyta,Trebouxiophyceae,Trebouxiales,Trebouxiaceae,Trebouxia,uncultured_Trebouxia_photobiont
ASV_2257,Fungi,Chlorophyta,Trebouxiophyceae,Watanabeales,NA,Jaagichlorella,Jaagichlorella_adherens
ASV_2258,Fungi,Streptophyta,Magnoliopsida,Apiales,Araliaceae,Aralia,Aralia_nudicaulis
ASV_2259,Fungi,Ascomycota,Dothideomycetes,Pleosporales,Leptosphaeriaceae,NA,NA
ASV_2260,Fungi,Streptophyta,Magnoliopsida,Asterales,Asteraceae,Crepis,Crepis_capillaris
ASV_2261,Fungi,Streptophyta,Magnoliopsida,Asterales,Asteraceae,Bellis,Bellis_perennis
ASV_2262,Fungi,NA,NA,NA,NA,NA,NA
ASV_2263,Fungi,Ascomycota,Dothideomycetes,Pleosporales,Phaeosphaeriaceae,Phaeosphaeria,Phaeosphaeria_poagena
ASV_2264,Fungi,Streptophyta,Magnoliopsida,Fabales,Fabaceae,Trifolium,Trifolium_repens
ASV_2265,Fungi,Streptophyta,Magnoliopsida,Myrtales,Myrtaceae,Kunzea,Kunzea_ericoides
ASV_2266,Fungi,Streptophyta,Magnoliopsida,Myrtales,Myrtaceae,Eucalyptus,Eucalyptus_saligna
ASV_2267,Fungi,Streptophyta,Magnoliopsida,Asterales,Asteraceae,Olearia,Olearia_albida
ASV_2268,Fungi,Basidiomycota,Agaricomycetes,NA,NA,NA,NA
ASV_2269,Fungi,Ascomycota,Eurotiomycetes,Eurotiales,Aspergillaceae,Penicillium,Penicillium_brevicompactum
ASV_2270,Fungi,NA,NA,NA,NA,NA,NA
ASV_2271,Fungi,Ascomycota,NA,NA,NA,NA,NA
ASV_2272,Fungi,Streptophyta,Magnoliopsida,Asterales,Asteraceae,Bellis,Bellis_perennis
ASV_2273,Fungi,Streptophyta,Magnoliopsida,Asterales,Asteraceae,Leontodon,Leontodon_saxatilis
ASV_2274,Fungi,Basidiomycota,Cystobasidiomycetes,Erythrobasidiales,Erythrobasidiaceae,Erythrobasidium,Erythrobasidium_sp.
ASV_2275,Fungi,Ascomycota,Eurotiomycetes,Eurotiales,Aspergillaceae,Penicillium,Penicillium_sp._MV-2018B
ASV_2276,Fungi,Ascomycota,Dothideomycetes,Pleosporales,Phaeosphaeriaceae,Phaeosphaeria,Phaeosphaeria_poagena
ASV_2277,Fungi,Chlorophyta,Trebouxiophyceae,Watanabeales,NA,Chloroidium,Chloroidium_sp._NN-2-O
ASV_2278,Fungi,Basidiomycota,NA,NA,NA,NA,NA
ASV_2279,Fungi,Streptophyta,Magnoliopsida,Apiales,Araliaceae,Pseudopanax,Pseudopanax_ferox
ASV_2280,Fungi,Streptophyta,Magnoliopsida,Asterales,Asteraceae,Bellis,Bellis_perennis
ASV_2281,Fungi,Basidiomycota,Tremellomycetes,Tremellales,Rhynchogastremaceae,Papiliotrema,Papiliotrema_nemorosa
ASV_2282,Fungi,Ascomycota,Dothideomycetes,Pleosporales,NA,NA,NA
ASV_2283,Fungi,Streptophyta,Magnoliopsida,Poales,Poaceae,Triticum,Triticum_turgidum
ASV_2284,Fungi,Basidiomycota,Cystobasidiomycetes,Erythrobasidiales,Erythrobasidiaceae,Erythrobasidium,Erythrobasidium_sp.
ASV_2285,Fungi,Ascomycota,Saccharomycetes,Saccharomycetales,Saccharomycetaceae,Kazachstania,Kazachstania_heterogenica
ASV_2286,Fungi,Streptophyta,Magnoliopsida,Rosales,Rosaceae,Rosa,Rosa_agrestis
ASV_2287,Fungi,Basidiomycota,Tremellomycetes,Tremellales,Rhynchogastremaceae,Papiliotrema,Papiliotrema_nemorosa
ASV_2288,Fungi,Ascomycota,Ascomycota_cls_Incertae_sedis,Ascomycota_ord_Incertae_sedis,Ascomycota_fam_Incertae_sedis,Phaeodactylium,Phaeodactylium_stadleri
ASV_2289,Fungi,Chlorophyta,Trebouxiophyceae,Trebouxiales,Trebouxiaceae,Parietochloris,Parietochloris_bilobata
ASV_2290,Fungi,Streptophyta,Magnoliopsida,Caryophyllales,Polygonaceae,Persicaria,Persicaria_hydropiper
ASV_2291,Fungi,Ascomycota,Dothideomycetes,Pleosporales,NA,NA,NA
ASV_2292,Fungi,Basidiomycota,Tremellomycetes,Filobasidiales,Filobasidiaceae,Filobasidium,Filobasidium_globosum
ASV_2293,Fungi,Streptophyta,Magnoliopsida,Asterales,Asteraceae,NA,Hypochaeris_environmental_sample
ASV_2294,Fungi,Streptophyta,Magnoliopsida,Malvales,Malvaceae,Ripariosida,Ripariosida_hermaphrodita
ASV_2295,Fungi,Streptophyta,Magnoliopsida,Fabales,Fabaceae,Trifolium,Trifolium_repens
ASV_2296,Fungi,NA,NA,NA,NA,NA,NA
ASV_2297,Fungi,Streptophyta,Magnoliopsida,Oxalidales,Oxalidaceae,Oxalis,Oxalis_corniculata
ASV_2298,Fungi,Chlorophyta,Trebouxiophyceae,Watanabeales,NA,Chloroidium,Chloroidium_ellipsoideum
ASV_2299,Fungi,Streptophyta,Magnoliopsida,Poales,Poaceae,Poa,Poa_annua
ASV_2300,Fungi,Ascomycota,Dothideomycetes,Pleosporales,Phaeosphaeriaceae,Didymocyrtis,Didymocyrtis_pini
ASV_2301,Fungi,Ascomycota,Dothideomycetes,Pleosporales,Phaeosphaeriaceae,Wojnowiciella,Wojnowiciella_dactylidis
ASV_2302,Fungi,Streptophyta,Magnoliopsida,Fagales,Betulaceae,Alnus,Alnus_nitida
ASV_2303,Fungi,Chytridiomycota,Chytridiomycota_cls_Incertae_sedis,Chytridiomycota_ord_Incertae_sedis,Chytridiomycota_fam_Incertae_sedis,Chytridiomycota_gen_Incertae_sedis,NA
ASV_2304,Fungi,Streptophyta,Magnoliopsida,Lamiales,Plantaginaceae,Veronica,Veronica_topiaria
ASV_2305,Fungi,Ascomycota,Dothideomycetes,Pleosporales,Dictyosporiaceae,Dictyosporiaceae_gen_Incertae_sedis,NA
ASV_2306,Fungi,Basidiomycota,Cystobasidiomycetes,Erythrobasidiales,Erythrobasidiaceae,Erythrobasidium,Erythrobasidium_yunnanense
ASV_2307,Fungi,Ascomycota,Dothideomycetes,NA,NA,Leptospora,Leptospora_rubella
ASV_2308,Fungi,Chytridiomycota,Chytridiomycota_cls_Incertae_sedis,Chytridiomycota_ord_Incertae_sedis,Chytridiomycota_fam_Incertae_sedis,Chytridiomycota_gen_Incertae_sedis,NA
ASV_2309,Fungi,Ascomycota,Dothideomycetes,Pleosporales,NA,NA,NA
ASV_2310,Fungi,Chytridiomycota,Chytridiomycota_cls_Incertae_sedis,Chytridiomycota_ord_Incertae_sedis,Chytridiomycota_fam_Incertae_sedis,Chytridiomycota_gen_Incertae_sedis,NA
ASV_2311,Fungi,Streptophyta,Magnoliopsida,Asterales,Asteraceae,NA,Hypochaeris_environmental_sample
ASV_2312,Fungi,Chlorophyta,Trebouxiophyceae,Trebouxiales,Trebouxiaceae,Trebouxia,Trebouxia_sp.
ASV_2313,Fungi,Ascomycota,Pichiomycetes,Pichiales,Pichiaceae,Pichia,Pichia_kudriavzevii
ASV_2314,Fungi,Basidiomycota,Tremellomycetes,Tremellales,Bulleribasidiaceae,Vishniacozyma,Vishniacozyma_foliicola
ASV_2315,Fungi,Basidiomycota,Tremellomycetes,Filobasidiales,Filobasidiaceae,Filobasidium,Filobasidium_globosum
ASV_2316,Fungi,Ascomycota,Dothideomycetes,Dothideales,Saccotheciaceae,Aureobasidium,Aureobasidium_pullulans
ASV_2317,Fungi,Basidiomycota,Tremellomycetes,Tremellales,Cuniculitremaceae,Kockovaella,NA
ASV_2318,Fungi,Ascomycota,Dothideomycetes,Pleosporales,Phaeosphaeriaceae,Didymocyrtis,Didymocyrtis_pini
ASV_2319,Fungi,Streptophyta,Magnoliopsida,Myrtales,Myrtaceae,Leptospermum,Leptospermum_scoparium
ASV_2320,Fungi,Streptophyta,Magnoliopsida,Caryophyllales,Polygonaceae,Muehlenbeckia,Muehlenbeckia_aff._complexa_DTR-2007
ASV_2321,Fungi,Chlorophyta,Trebouxiophyceae,Trebouxiales,Trebouxiaceae,Trebouxia,Trebouxia_sp.
ASV_2322,Fungi,Basidiomycota,Cystobasidiomycetes,Cystobasidiomycetes_ord_Incertae_sedis,Symmetrosporaceae,Symmetrospora,Symmetrospora_pseudomarina
ASV_2323,Fungi,Streptophyta,Magnoliopsida,Myrtales,Myrtaceae,Eucalyptus,Eucalyptus_saligna
ASV_2324,Fungi,Ascomycota,Dothideomycetes,Pleosporales,Sporormiaceae,Preussia,Preussia_persica
ASV_2325,Fungi,Ascomycota,Dothideomycetes,Pleosporales,Phaeosphaeriaceae,Phaeosphaeriopsis,Phaeosphaeriopsis_sp.
ASV_2326,Fungi,Streptophyta,Magnoliopsida,Asparagales,Amaryllidaceae,Allium,Allium_cepa
ASV_2327,Fungi,Streptophyta,Magnoliopsida,Apiales,Araliaceae,Schefflera,Schefflera_digitata
ASV_2328,Fungi,Streptophyta,Magnoliopsida,Poales,Poaceae,Agrostis,Agrostis_gigantea
ASV_2329,Fungi,Chytridiomycota,Chytridiomycota_cls_Incertae_sedis,Chytridiomycota_ord_Incertae_sedis,Chytridiomycota_fam_Incertae_sedis,Chytridiomycota_gen_Incertae_sedis,NA
ASV_2330,Fungi,Chytridiomycota,Neocallimastigomycetes,Neocallimastigales,Neocallimastigaceae,Joblinomyces,Joblinomyces_apicalis
ASV_2331,Fungi,Basidiomycota,Cystobasidiomycetes,Erythrobasidiales,Erythrobasidiaceae,Erythrobasidium,Erythrobasidium_yunnanense
ASV_2332,Fungi,Chlorophyta,Trebouxiophyceae,Watanabeales,NA,Chloroidium,Chloroidium_sp._LV-2018
ASV_2333,Fungi,Chlorophyta,Trebouxiophyceae,Watanabeales,NA,Jaagichlorella,Jaagichlorella_adherens
ASV_2334,Fungi,Streptophyta,Magnoliopsida,Lamiales,Plantaginaceae,Veronica,Veronica_speciosa
ASV_2335,Fungi,Streptophyta,Magnoliopsida,Asterales,Asteraceae,Achillea,Achillea_millefolium
ASV_2336,Fungi,Ascomycota,Dothideomycetes,Pleosporales,Phaeosphaeriaceae,Didymocyrtis,Didymocyrtis_pini
ASV_2337,Fungi,Ascomycota,Dothideomycetes,Pleosporales,Didymosphaeriaceae,Spegazzinia,Spegazzinia_radermacherae
ASV_2338,Fungi,Streptophyta,Magnoliopsida,Lamiales,Plantaginaceae,Linaria,Linaria_kavirensis
ASV_2339,Fungi,NA,NA,NA,NA,NA,NA
ASV_2340,Fungi,NA,NA,NA,NA,NA,NA
ASV_2341,Fungi,Basidiomycota,Agaricostilbomycetes,Agaricostilbales,Kondoaceae,Kondoa,Kondoa_gutianensis
ASV_2342,Fungi,Basidiomycota,Tremellomycetes,Tremellales,Rhynchogastremaceae,Papiliotrema,NA
ASV_2343,Fungi,Chlorophyta,Trebouxiophyceae,Watanabeales,NA,Chloroidium,Chloroidium_lobatum
ASV_2344,Fungi,Chlorophyta,Trebouxiophyceae,Watanabeales,NA,Chloroidium,Chloroidium_sp._NN-2-O
ASV_2345,Fungi,Streptophyta,Magnoliopsida,Asterales,Asteraceae,Crepis,Crepis_capillaris
ASV_2346,Fungi,Streptophyta,Magnoliopsida,Asterales,Asteraceae,Crepis,Crepis_capillaris
ASV_2347,Fungi,Ascomycota,Dothideomycetes,Pleosporales,Lentitheciaceae,Phragmocamarosporium,Phragmocamarosporium_qujingensis
ASV_2348,Fungi,Ascomycota,Taphrinomycetes,Taphrinales,Taphrinaceae,Taphrina,Taphrina_inositophila
ASV_2349,Fungi,Basidiomycota,Tremellomycetes,Tremellales,Rhynchogastremaceae,Papiliotrema,NA
ASV_2350,Fungi,Ascomycota,Dothideomycetes,Pleosporales,Didymellaceae,Calophoma,NA
ASV_2351,Fungi,NA,NA,NA,NA,NA,NA
ASV_2352,Fungi,Ascomycota,Dothideomycetes,Pleosporales,NA,NA,NA
ASV_2353,Fungi,Basidiomycota,Tremellomycetes,Tremellales,Bulleribasidiaceae,Hannaella,Hannaella_sp.
ASV_2354,Fungi,Ascomycota,Taphrinomycetes,Taphrinales,Taphrinaceae,Taphrina,Taphrina_inositophila
ASV_2355,Fungi,NA,NA,NA,NA,NA,NA
ASV_2356,Fungi,Chlorophyta,Trebouxiophyceae,Trebouxiales,Trebouxiaceae,Trebouxia,Trebouxia_sp._I18
ASV_2357,Fungi,Basidiomycota,Tremellomycetes,Tremellales,Bulleribasidiaceae,Hannaella,Hannaella_oryzae
ASV_2358,Fungi,Streptophyta,Magnoliopsida,Asparagales,Amaryllidaceae,Allium,Allium_sativum
ASV_2359,Fungi,Streptophyta,Magnoliopsida,Poales,Poaceae,Panicum,Panicum_gilvum
ASV_2360,Fungi,Ascomycota,Dothideomycetes,Pleosporales,Pleosporaceae,Alternaria,Alternaria_sp.
ASV_2361,Fungi,Ascomycota,Dothideomycetes,Mycosphaerellales,Mycosphaerellaceae,Ramularia,Ramularia_simplex
ASV_2362,Fungi,Ascomycota,Dothideomycetes,Pleosporales,Pleosporaceae,Bipolaris,Bipolaris_microlaenae
ASV_2363,Fungi,Streptophyta,Magnoliopsida,Myrtales,Myrtaceae,Eucalyptus,Eucalyptus_saligna
ASV_2364,Fungi,Chlorophyta,Trebouxiophyceae,Watanabeales,NA,Chloroidium,Chloroidium_sp._LV-2018
ASV_2365,Fungi,Chytridiomycota,Chytridiomycota_cls_Incertae_sedis,Chytridiomycota_ord_Incertae_sedis,Chytridiomycota_fam_Incertae_sedis,Chytridiomycota_gen_Incertae_sedis,NA
ASV_2366,Fungi,Streptophyta,Magnoliopsida,Poales,Poaceae,Paspalum,Paspalum_dilatatum
ASV_2367,Fungi,NA,NA,NA,NA,NA,NA
ASV_2368,Fungi,Streptophyta,Magnoliopsida,Asterales,Asteraceae,Macrolearia,Macrolearia_semidentata
ASV_2369,Fungi,Basidiomycota,Agaricostilbomycetes,Agaricostilbales,Kondoaceae,Bensingtonia,Bensingtonia_rectispora
ASV_2370,Fungi,Streptophyta,Magnoliopsida,Asterales,Asteraceae,Bellis,Bellis_perennis
ASV_2371,Fungi,Ascomycota,Dothideomycetes,Pleosporales,NA,NA,NA
ASV_2372,Fungi,Chytridiomycota,Chytridiomycota_cls_Incertae_sedis,Chytridiomycota_ord_Incertae_sedis,Chytridiomycota_fam_Incertae_sedis,Chytridiomycota_gen_Incertae_sedis,NA
ASV_2373,Fungi,Ascomycota,Dothideomycetes,Mycosphaerellales,Mycosphaerellaceae,Rhachisphaerella,Rhachisphaerella_mozambica
ASV_2374,Fungi,Ascomycota,Sordariomycetes,Hypocreales,Nectriaceae,Fusarium,Fusarium_heterosporum
ASV_2375,Fungi,NA,NA,NA,NA,NA,NA
ASV_2376,Fungi,Basidiomycota,Cystobasidiomycetes,NA,Symmetrosporaceae,Symmetrospora,Symmetrospora_oryzicola
ASV_2377,Fungi,Ascomycota,Dothideomycetes,Pleosporales,Phaeosphaeriaceae,Phaeosphaeria,Phaeosphaeria_poagena
ASV_2378,Fungi,Basidiomycota,Cystobasidiomycetes,Cystobasidiales,Cystobasidiaceae,Occultifur,Occultifur_kilbournensis
ASV_2379,Fungi,Streptophyta,Pinopsida,Pinales,Pinaceae,Pinus,Pinus_clausa
ASV_2380,Fungi,Streptophyta,Magnoliopsida,Lamiales,Plantaginaceae,Veronica,Veronica_pinguifolia
ASV_2381,Fungi,Streptophyta,Magnoliopsida,Apiales,Apiaceae,Daucus,Daucus_carota
ASV_2382,Fungi,NA,NA,NA,NA,NA,NA
ASV_2383,Fungi,Streptophyta,Magnoliopsida,Asterales,Asteraceae,Bellis,Bellis_perennis
ASV_2384,Fungi,Ascomycota,Dothideomycetes,Pleosporales,Roussoellaceae,Pseudoneoconiothyrium,Pseudoneoconiothyrium_rosae
ASV_2385,Fungi,Ascomycota,Dothideomycetes,Pleosporales,Pleosporaceae,Curvularia,Curvularia_tsudae
ASV_2386,Fungi,Streptophyta,Magnoliopsida,Lamiales,Plantaginaceae,Plantago,Plantago_lanceolata
ASV_2387,Fungi,Streptophyta,Magnoliopsida,Fagales,Fagaceae,Castanea,Castanea_sativa
ASV_2388,Fungi,Ascomycota,Dothideomycetes,Pleosporales,Pleosporaceae,Bipolaris,Bipolaris_cynodontis
ASV_2389,Fungi,Ascomycota,Dothideomycetes,Pleosporales,Periconiaceae,Periconia,Periconia_chimonanthi
ASV_2390,Fungi,Streptophyta,Magnoliopsida,Malvales,Malvaceae,Palaua,Palaua_inconspicua
ASV_2391,Fungi,Basidiomycota,Agaricomycetes,Russulales,Peniophoraceae,Peniophora,Peniophora_lycii
ASV_2392,Fungi,Streptophyta,Magnoliopsida,Asterales,Asteraceae,Celmisia,Celmisia_gracilenta
ASV_2393,Fungi,Ascomycota,Dothideomycetes,Pleosporales,Massarinaceae,Stagonospora,Stagonospora_bicolor
ASV_2394,Fungi,Basidiomycota,Agaricostilbomycetes,Agaricostilbales,Kondoaceae,Bensingtonia,Bensingtonia_rectispora
ASV_2395,Fungi,Chlorophyta,Trebouxiophyceae,Watanabeales,NA,Chloroidium,Chloroidium_sp._OD-1-1-K
ASV_2396,Fungi,NA,NA,NA,NA,NA,NA
ASV_2397,Fungi,Ascomycota,Dothideomycetes,Pleosporales,Anteagloniaceae,Anteaglonium,NA
ASV_2398,Fungi,Basidiomycota,Microbotryomycetes,Sporidiobolales,Sporidiobolaceae,Sporobolomyces,Sporobolomyces_ruberrimus
ASV_2399,Fungi,Basidiomycota,Cystobasidiomycetes,Erythrobasidiales,Erythrobasidiaceae,Erythrobasidium,Erythrobasidium_proteacearum
ASV_2400,Fungi,NA,NA,NA,NA,NA,NA
ASV_2401,Fungi,Streptophyta,Magnoliopsida,Asterales,Asteraceae,Taraxacum,Taraxacum_officinale
ASV_2402,Fungi,Basidiomycota,Agaricostilbomycetes,Agaricostilbales,Kondoaceae,Kondoa,Kondoa_gutianensis
ASV_2403,Fungi,Chlorophyta,Trebouxiophyceae,Watanabeales,NA,Jaagichlorella,Jaagichlorella_roystonensis
ASV_2404,Fungi,Basidiomycota,Cystobasidiomycetes,Erythrobasidiales,Erythrobasidiaceae,Bannoa,Bannoa_bischofiae
ASV_2405,Fungi,Basidiomycota,Cystobasidiomycetes,Erythrobasidiales,Erythrobasidiaceae,Erythrobasidium,Erythrobasidium_sp.
ASV_2406,Fungi,Ascomycota,Dothideomycetes,Pleosporales,Leptosphaeriaceae,Plenodomus,Plenodomus_dezfulensis
ASV_2407,Fungi,Ascomycota,Dothideomycetes,Pleosporales,Didymellaceae,Calophoma,NA
ASV_2408,Fungi,Mucoromycota,Mucoromycetes,Mucorales,Mucoraceae,Mucor,Mucor_irregularis
ASV_2409,Fungi,Chlorophyta,Trebouxiophyceae,Watanabeales,NA,Jaagichlorella,Jaagichlorella_adherens
ASV_2410,Fungi,Ascomycota,Sordariomycetes,Hypocreales,Nectriaceae,Thyronectria,Thyronectria_cucurbitula
ASV_2411,Fungi,Ascomycota,Dothideomycetes,Pleosporales,Didymosphaeriaceae,Neptunomyces,Neptunomyces_litoralis
ASV_2412,Fungi,Ascomycota,Dothideomycetes,Venturiales,Sympoventuriaceae,Sympoventuria,Sympoventuria_capensis
ASV_2413,Fungi,Streptophyta,Magnoliopsida,Asterales,Asteraceae,Anthemis,Anthemis_cotula
ASV_2414,Fungi,Basidiomycota,Cystobasidiomycetes,Erythrobasidiales,Erythrobasidiaceae,Erythrobasidium,Erythrobasidium_yunnanense
ASV_2415,Fungi,Chytridiomycota,Chytridiomycota_cls_Incertae_sedis,Chytridiomycota_ord_Incertae_sedis,Chytridiomycota_fam_Incertae_sedis,Chytridiomycota_gen_Incertae_sedis,NA
ASV_2416,Fungi,Streptophyta,Magnoliopsida,Myrtales,Myrtaceae,Leptospermum,Leptospermum_scoparium
ASV_2417,Fungi,Ascomycota,Dothideomycetes,Pleosporales,Periconiaceae,Periconia,Periconia_celtidis
ASV_2418,Fungi,Ascomycota,Dothideomycetes,Mycosphaerellales,Neodevriesiaceae,Neodevriesia,Neodevriesia_metrosideri
ASV_2419,Fungi,Chlorophyta,Trebouxiophyceae,Watanabeales,NA,Chloroidium,Chloroidium_lichenum
ASV_2420,Fungi,Basidiomycota,Agaricomycetes,Hymenochaetales,Schizoporaceae,Lyomyces,NA
ASV_2421,Fungi,Basidiomycota,Cystobasidiomycetes,Erythrobasidiales,Erythrobasidiaceae,Erythrobasidium,Erythrobasidium_hasegawianum
ASV_2422,Fungi,Streptophyta,Magnoliopsida,Asterales,Asteraceae,Achillea,Achillea_millefolium
ASV_2423,Fungi,Basidiomycota,Agaricostilbomycetes,Agaricostilbales,Kondoaceae,Kondoa,Kondoa_malvinella
ASV_2424,Fungi,Ascomycota,Pezizomycetes,Pezizales,NA,NA,NA
ASV_2425,Fungi,Streptophyta,Magnoliopsida,Myrtales,Myrtaceae,Eucalyptus,Eucalyptus_pulverulenta
ASV_2426,Fungi,Streptophyta,Magnoliopsida,Myrtales,Myrtaceae,Leptospermum,Leptospermum_scoparium
ASV_2427,Fungi,Ascomycota,Taphrinomycetes,Taphrinales,Taphrinaceae,Taphrina,Taphrina_inositophila
ASV_2428,Fungi,Streptophyta,Magnoliopsida,Lamiales,Plantaginaceae,Veronica,Veronica_chathamica
ASV_2429,Fungi,Basidiomycota,Tremellomycetes,Trichosporonales,Trichosporonaceae,Trichosporon,Trichosporon_ovoides
ASV_2430,Fungi,NA,NA,NA,NA,NA,NA
ASV_2431,Fungi,Ascomycota,Dothideomycetes,Pleosporales,Dictyosporiaceae,Neodendryphiella,Neodendryphiella_brassaiopsidis
ASV_2432,Fungi,Streptophyta,Magnoliopsida,Myrtales,Myrtaceae,Lophomyrtus,Lophomyrtus_bullata_x_Lophomyrtus_orbcordata
ASV_2433,Fungi,Ascomycota,Dothideomycetes,Pleosporales,Didymosphaeriaceae,Pseudopithomyces,Pseudopithomyces_chartarum
ASV_2434,Fungi,Streptophyta,Magnoliopsida,Asterales,Asteraceae,Erigeron,Erigeron_divergens
ASV_2435,Fungi,Streptophyta,Magnoliopsida,Cucurbitales,Cucurbitaceae,Cucumis,Cucumis_sativus
ASV_2436,Fungi,Streptophyta,Magnoliopsida,Rosales,Rosaceae,Rosa,Rosa_omeiensis
ASV_2437,Fungi,Basidiomycota,Cystobasidiomycetes,NA,Symmetrosporaceae,Symmetrospora,Symmetrospora_symmetrica
ASV_2438,Fungi,Basidiomycota,Agaricomycetes,Corticiales,Corticiaceae,Lyomyces,Lyomyces_sp.
ASV_2439,Fungi,Basidiomycota,Tremellomycetes,Tremellales,Bulleribasidiaceae,Vishniacozyma,Vishniacozyma_tephrensis
ASV_2440,Fungi,Chlorophyta,Chlorophyceae,Sphaeropleales,Scenedesmaceae,Coelastrella,Coelastrella_rubescens
ASV_2441,Fungi,Ascomycota,Dothideomycetes,Pleosporales,Phaeosphaeriaceae,Parastagonospora,Parastagonospora_campignensis
ASV_2442,Fungi,Pseudomonadota,Gammaproteobacteria,Enterobacterales,Morganellaceae,Morganella,Morganella_morganii
ASV_2443,Fungi,Chlorophyta,Trebouxiophyceae,Watanabeales,NA,Chloroidium,Chloroidium_sp._LV-2018
ASV_2444,Fungi,Basidiomycota,Agaricomycetes,Russulales,Peniophoraceae,Peniophora,Peniophora_lycii
ASV_2445,Fungi,Basidiomycota,Tremellomycetes,Tremellales,Bulleribasidiaceae,Dioszegia,Dioszegia_dumuzii
ASV_2446,Fungi,Streptophyta,Magnoliopsida,Rosales,Rhamnaceae,Discaria,Discaria_chacaye
ASV_2447,Fungi,Ascomycota,Pezizomycetes,Pezizales,NA,NA,NA
ASV_2448,Fungi,Ascomycota,Dothideomycetes,Pleosporales,Pleosporaceae,Bipolaris,Bipolaris_microlaenae
ASV_2449,Fungi,Streptophyta,Magnoliopsida,Apiales,Araliaceae,Pseudopanax,Pseudopanax_lessonii
ASV_2450,Fungi,Ascomycota,Eurotiomycetes,Eurotiales,Aspergillaceae,Penicillium,Penicillium_citrinum
ASV_2451,Fungi,Streptophyta,Magnoliopsida,Poales,Poaceae,Holcus,Holcus_lanatus
ASV_2452,Fungi,Basidiomycota,Tremellomycetes,Trichosporonales,Trichosporonaceae,Apiotrichum,Apiotrichum_gracile
ASV_2453,Fungi,Streptophyta,Magnoliopsida,Poales,Poaceae,Festuca,Festuca_rubra
ASV_2454,Fungi,Chytridiomycota,Chytridiomycota_cls_Incertae_sedis,Chytridiomycota_ord_Incertae_sedis,Chytridiomycota_fam_Incertae_sedis,Chytridiomycota_gen_Incertae_sedis,NA
ASV_2455,Fungi,Basidiomycota,Cystobasidiomycetes,Cystobasidiomycetes_ord_Incertae_sedis,Symmetrosporaceae,Symmetrospora,Symmetrospora_coprosmae
ASV_2456,Fungi,Basidiomycota,Cystobasidiomycetes,Erythrobasidiales,Erythrobasidiales_fam_Incertae_sedis,Erythrobasidiales_gen_Incertae_sedis,NA
ASV_2457,Fungi,Streptophyta,Magnoliopsida,Fabales,Fabaceae,Trifolium,Trifolium_repens
ASV_2458,Fungi,Ascomycota,Eurotiomycetes,Eurotiales,Aspergillaceae,Penicillium,Penicillium_bialowiezense
ASV_2459,Fungi,Ascomycota,Dothideomycetes,Pleosporales,Pleosporaceae,Bipolaris,Bipolaris_cynodontis
ASV_2460,Fungi,Streptophyta,Magnoliopsida,Fabales,Fabaceae,Lotus,Lotus_pedunculatus
ASV_2461,Fungi,Mucoromycota,Mucoromycetes,Mucorales,Mucoraceae,Mucor,Mucor_hiemalis
ASV_2462,Fungi,Streptophyta,Magnoliopsida,Ranunculales,Ranunculaceae,Ranunculus,Ranunculus_bulbosus
ASV_2463,Fungi,Chlorophyta,Chlorophyceae,Sphaeropleales,Scenedesmaceae,Coelastrella,Coelastrella_sp._IN-2019
ASV_2464,Fungi,Streptophyta,Magnoliopsida,Poales,Poaceae,Dactylis,Dactylis_glomerata
ASV_2465,Fungi,Streptophyta,Magnoliopsida,Fabales,Fabaceae,Trifolium,Trifolium_repens
ASV_2466,Fungi,Ascomycota,Dothideomycetes,Pleosporales,Phaeosphaeriaceae,Neosetophoma,Neosetophoma_guiyangensis
ASV_2467,Fungi,Streptophyta,Magnoliopsida,Asterales,Asteraceae,Pilosella,Pilosella_officinarum
ASV_2468,Fungi,Basidiomycota,Tremellomycetes,Tremellales,Bulleribasidiaceae,Vishniacozyma,Vishniacozyma_victoriae
ASV_2469,Fungi,Basidiomycota,Tremellomycetes,Tremellales,Rhynchogastremaceae,Papiliotrema,Papiliotrema_flavescens
ASV_2470,Fungi,Streptophyta,Magnoliopsida,Poales,Poaceae,Paspalum,Paspalum_dilatatum
ASV_2471,Fungi,Ascomycota,Dothideomycetes,Pleosporales,Didymellaceae,Chaetasbolisia,Chaetasbolisia_longiseta
ASV_2472,Fungi,Streptophyta,Magnoliopsida,Asterales,Asteraceae,Pilosella,Pilosella_officinarum
ASV_2473,Fungi,Mucoromycota,Mucoromycetes,Mucorales,Mucoraceae,Mucor,Mucor_circinelloides
ASV_2474,Fungi,NA,NA,NA,NA,NA,NA
ASV_2475,Fungi,NA,NA,NA,NA,NA,NA
ASV_2476,Fungi,NA,NA,NA,NA,NA,NA
ASV_2477,Fungi,Streptophyta,Magnoliopsida,Myrtales,Myrtaceae,Eucalyptus,Eucalyptus_botryoides
ASV_2478,Fungi,NA,NA,NA,NA,NA,NA
ASV_2479,Fungi,Ascomycota,Eurotiomycetes,Eurotiales,Aspergillaceae,Penicillium,Penicillium_paradoxum
ASV_2480,Fungi,Streptophyta,Magnoliopsida,Rosales,Rosaceae,Rosa,Rosa_agrestis
ASV_2481,Fungi,Streptophyta,Magnoliopsida,Myrtales,Myrtaceae,Leptospermum,Leptospermum_scoparium
ASV_2482,Fungi,Basidiomycota,Tremellomycetes,Cystofilobasidiales,Mrakiaceae,Udeniomyces,Udeniomyces_pyricola
ASV_2483,Fungi,Streptophyta,Magnoliopsida,Asterales,Asteraceae,Bellis,Bellis_perennis
ASV_2484,Fungi,Basidiomycota,Tremellomycetes,Tremellales,Rhynchogastremaceae,Papiliotrema,Papiliotrema_nemorosa
ASV_2485,Fungi,Streptophyta,Magnoliopsida,Fabales,Fabaceae,Vigna,Vigna_unguiculata
ASV_2486,Fungi,Ascomycota,Dothideomycetes,Pleosporales,Pleosporaceae,NA,NA
ASV_2487,Fungi,Basidiomycota,Cystobasidiomycetes,Naohideales,Naohideaceae,Naohidea,Naohidea_sebacea
ASV_2488,Fungi,Basidiomycota,Tremellomycetes,Tremellales,Bulleribasidiaceae,Hannaella,Hannaella_sp.
ASV_2489,Fungi,Ascomycota,Dothideomycetes,Acrospermales,Acrospermaceae,Acrospermum,NA
ASV_2490,Fungi,Ascomycota,Dothideomycetes,NA,NA,Leptospora,Leptospora_rubella
ASV_2491,Fungi,Streptophyta,Magnoliopsida,Poales,Poaceae,Triticum,Triticum_turgidum
ASV_2492,Fungi,Mucoromycota,Mucoromycetes,Mucorales,Mucoraceae,Mucor,Mucor_plasmaticus
ASV_2493,Fungi,NA,NA,NA,NA,NA,NA
ASV_2494,Fungi,Ascomycota,Dothideomycetes,Pleosporales,Phaeosphaeriaceae,Didymocyrtis,Didymocyrtis_pini
ASV_2495,Fungi,Streptophyta,Magnoliopsida,Apiales,Araliaceae,Hedera,Hedera_helix
ASV_2496,Fungi,Chlorophyta,Trebouxiophyceae,Trebouxiales,Trebouxiaceae,Trebouxia,Trebouxia_sp.
ASV_2497,Fungi,Ascomycota,Dothideomycetes,Pleosporales,Occultibambusaceae,Neooccultibambusa,Neooccultibambusa_pandanicola
ASV_2498,Fungi,Ascomycota,Sordariomycetes,Hypocreales,Nectriaceae,Microcera,Microcera_larvarum
ASV_2499,Fungi,Chlorophyta,Trebouxiophyceae,NA,NA,Coccomyxa,Coccomyxa_solorinae
ASV_2500,Fungi,Streptophyta,Magnoliopsida,NA,NA,NA,Magnoliophyta_environmental_sample
ASV_2501,Fungi,Ascomycota,Pichiomycetes,Pichiales,Pichiaceae,Pichia,Pichia_barkeri
ASV_2502,Fungi,Streptophyta,Magnoliopsida,Apiales,Araliaceae,Aralia,Aralia_vietnamensis
ASV_2503,Fungi,Streptophyta,Magnoliopsida,Lamiales,Plantaginaceae,Plantago,Plantago_lanceolata
ASV_2504,Fungi,Streptophyta,Magnoliopsida,Myrtales,Myrtaceae,Eucalyptus,Eucalyptus_botryoides
ASV_2505,Fungi,Ascomycota,Dothideomycetes,Pleosporales,Torulaceae,Torula,Torula_fici
ASV_2506,Fungi,Ascomycota,Leotiomycetes,Helotiales,Sclerotiniaceae,Botrytis,Botrytis_caroliniana
ASV_2507,Fungi,Ascomycota,Dothideomycetes,Pleosporales,Phaeosphaeriaceae,Phaeosphaeria,Phaeosphaeria_podocarpi
ASV_2508,Fungi,Streptophyta,Magnoliopsida,Asterales,Asteraceae,Taraxacum,Taraxacum_alaskanum
ASV_2509,Fungi,Chlorophyta,Trebouxiophyceae,Watanabeales,NA,Chloroidium,Chloroidium_sp._LV-2018
ASV_2510,Fungi,Ascomycota,Dothideomycetes,Mycosphaerellales,Extremaceae,NA,NA
ASV_2511,Fungi,Streptophyta,Magnoliopsida,Lamiales,Plantaginaceae,Plantago,Plantago_barbata
ASV_2512,Fungi,Basidiomycota,Microbotryomycetes,Sporidiobolales,Sporidiobolaceae,Sporobolomyces,Sporobolomyces_roseus
ASV_2513,Fungi,Ascomycota,Dothideomycetes,Pleosporales,Pleosporaceae,Bipolaris,Bipolaris_microlaenae
ASV_2514,Fungi,Ascomycota,Dothideomycetes,Pleosporales,Leptosphaeriaceae,Sphaerellopsis,Sphaerellopsis_macroconidialis
ASV_2515,Fungi,Chlorophyta,Trebouxiophyceae,Watanabeales,NA,Chloroidium,Chloroidium_ellipsoideum
ASV_2516,Fungi,Ascomycota,Dothideomycetes,Pleosporales,Periconiaceae,Periconia,Periconia_banksiae
ASV_2517,Fungi,Basidiomycota,Tremellomycetes,Trichosporonales,Trichosporonaceae,Apiotrichum,Apiotrichum_gracile
ASV_2518,Fungi,Basidiomycota,Cystobasidiomycetes,Buckleyzymales,Buckleyzymaceae,Buckleyzyma,Buckleyzyma_armeniaca
ASV_2519,Fungi,Chytridiomycota,Chytridiomycota_cls_Incertae_sedis,Chytridiomycota_ord_Incertae_sedis,Chytridiomycota_fam_Incertae_sedis,Chytridiomycota_gen_Incertae_sedis,NA
ASV_2520,Fungi,Ascomycota,Dothideomycetes,Pleosporales,NA,NA,NA
ASV_2521,Fungi,Chlorophyta,Trebouxiophyceae,NA,NA,NA,Trebouxiophyceae_sp._YN21-20
ASV_2522,Fungi,Streptophyta,Magnoliopsida,Myrtales,Myrtaceae,Leptospermum,Leptospermum_scoparium
ASV_2523,Fungi,Basidiomycota,Tremellomycetes,Tremellales,Bulleribasidiaceae,Vishniacozyma,Vishniacozyma_victoriae
ASV_2524,Fungi,Ascomycota,Dothideomycetes,Pleosporales,Pleosporaceae,Alternaria,Alternaria_alternata
ASV_2525,Fungi,Ascomycota,Dothideomycetes,Dothideales,Saccotheciaceae,Aureobasidium,Aureobasidium_intercalariosporum
ASV_2526,Fungi,Streptophyta,Magnoliopsida,Myrtales,Myrtaceae,Leptospermum,Leptospermum_scoparium
ASV_2527,Fungi,Ascomycota,Leotiomycetes,Helotiales,Helotiales_fam_Incertae_sedis,Rhexocercosporidium,Rhexocercosporidium_panacis
ASV_2528,Fungi,Mucoromycota,Mucoromycetes,Mucorales,Mucoraceae,Mucor,Mucor_sp.
ASV_2529,Fungi,Chlorophyta,Trebouxiophyceae,Watanabeales,NA,Chloroidium,Chloroidium_sp._OD-1-1-K
ASV_2530,Fungi,Basidiomycota,Microbotryomycetes,Sporidiobolales,Sporidiobolaceae,Sporobolomyces,Sporobolomyces_ruberrimus
ASV_2531,Fungi,Streptophyta,Magnoliopsida,Asterales,Asteraceae,Leontodon,Leontodon_saxatilis
ASV_2532,Fungi,Streptophyta,Magnoliopsida,Asterales,Asteraceae,Crepis,Crepis_capillaris
ASV_2533,Fungi,Ascomycota,Dothideomycetes,Pleosporales,Pleosporaceae,Bipolaris,Bipolaris_cynodontis
ASV_2534,Fungi,Basidiomycota,Cystobasidiomycetes,Cystobasidiomycetes_ord_Incertae_sedis,Symmetrosporaceae,Symmetrospora,Symmetrospora_pseudomarina
ASV_2535,Fungi,Basidiomycota,Agaricostilbomycetes,Agaricostilbales,Kondoaceae,Bensingtonia,Bensingtonia_pseudorectispora
ASV_2536,Fungi,Basidiomycota,Tremellomycetes,Tremellales,Rhynchogastremaceae,Papiliotrema,Papiliotrema_horticola
ASV_2537,Fungi,Ascomycota,Dothideomycetes,Pleosporales,Amorosiaceae,Angustimassarina,Angustimassarina_acerina
ASV_2538,Fungi,Ascomycota,Dothideomycetes,Pleosporales,Didymosphaeriaceae,Paraconiothyrium,Paraconiothyrium_sp.
ASV_2539,Fungi,Ascomycota,Leotiomycetes,Helotiales,Hyphodiscaceae,Fuscolachnum,Fuscolachnum_misellum
ASV_2540,Fungi,Ascomycota,Dothideomycetes,Pleosporales,NA,NA,NA
ASV_2541,Fungi,Chlorophyta,Trebouxiophyceae,Watanabeales,NA,Chloroidium,Chloroidium_sp._NN-2-O
ASV_2542,Fungi,Ascomycota,Dothideomycetes,Mycosphaerellales,Mycosphaerellaceae,Septoria,Septoria_eclipticola
ASV_2543,Fungi,Chlorophyta,Trebouxiophyceae,Trebouxiales,Trebouxiaceae,Trebouxia,Trebouxia_sp._TPP1
ASV_2544,Fungi,Chlorophyta,Trebouxiophyceae,Trebouxiales,Trebouxiaceae,Trebouxia,Trebouxia_sp._C09
ASV_2545,Fungi,Streptophyta,Magnoliopsida,Apiales,Araliaceae,Oreopanax,Oreopanax_argentatus
ASV_2546,Fungi,Ascomycota,Dothideomycetes,Pleosporales,Pyrenochaetopsidaceae,Xenopyrenochaetopsis,Xenopyrenochaetopsis_pratorum
ASV_2547,Fungi,Chlorophyta,Chlorophyceae,Sphaeropleales,Scenedesmaceae,Scenedesmus,Scenedesmus_sp._IOAC035F
ASV_2548,Fungi,Streptophyta,Magnoliopsida,Asterales,Asteraceae,Pilosella,Pilosella_officinarum
ASV_2549,Fungi,Ascomycota,Dothideomycetes,Pleosporales,Pleosporaceae,Bipolaris,NA
ASV_2550,Fungi,Chlorophyta,Chlorophyceae,Sphaeropleales,Scenedesmaceae,Coelastrella,Coelastrella_thermophila
ASV_2551,Fungi,Streptophyta,Magnoliopsida,Rosales,Rosaceae,Acaena,Acaena_novae-zelandiae
ASV_2552,Fungi,Streptophyta,Magnoliopsida,Myrtales,Myrtaceae,Eucalyptus,Eucalyptus_saligna
ASV_2553,Fungi,Ascomycota,Dothideomycetes,Pleosporales,Phaeosphaeriaceae,Neosetophoma,Neosetophoma_sp.
ASV_2554,Fungi,Ascomycota,Dothideomycetes,Pleosporales,Leptosphaeriaceae,Plenodomus,Plenodomus_biglobosus
ASV_2555,Fungi,Streptophyta,Magnoliopsida,Ericales,Ericaceae,Dracophyllum,Dracophyllum_acerosum
ASV_2556,Fungi,NA,NA,NA,NA,NA,NA
ASV_2557,Fungi,Basidiomycota,Exobasidiomycetes,Exobasidiales,Graphiolaceae,Graphiola,Graphiola_phoenicis
ASV_2558,Fungi,Ascomycota,Dothideomycetes,Pleosporales,Pleosporaceae,Alternaria,Alternaria_longipes
ASV_2559,Fungi,Streptophyta,Magnoliopsida,Myrtales,Myrtaceae,Callistemon,Callistemon_viminalis
ASV_2560,Fungi,Ascomycota,Dothideomycetes,Pleosporales,Phaeosphaeriaceae,Didymocyrtis,Didymocyrtis_pini
ASV_2561,Fungi,Ascomycota,Dothideomycetes,Pleosporales,Pleosporaceae,Curvularia,Curvularia_inaequalis
ASV_2562,Fungi,Streptophyta,Magnoliopsida,Myrtales,Myrtaceae,Leptospermum,Leptospermum_scoparium
ASV_2563,Fungi,Ascomycota,Taphrinomycetes,Taphrinales,Taphrinaceae,Taphrina,Taphrina_inositophila
ASV_2564,Fungi,Ascomycota,Dothideomycetes,Pleosporales,Pyrenochaetopsidaceae,Xenopyrenochaetopsis,Xenopyrenochaetopsis_pratorum
ASV_2565,Fungi,Basidiomycota,Cystobasidiomycetes,NA,Symmetrosporaceae,Symmetrospora,Symmetrospora_symmetrica
ASV_2566,Fungi,Streptophyta,Magnoliopsida,Poales,Poaceae,Lolium,Lolium_perenne
ASV_2567,Fungi,Ascomycota,Dothideomycetes,Pleosporales,Periconiaceae,Periconia,Periconia_celtidis
ASV_2568,Fungi,Chytridiomycota,NA,NA,NA,NA,NA
ASV_2569,Fungi,Streptophyta,Magnoliopsida,Solanales,Solanaceae,Solanum,Solanum_lycopersicum
ASV_2570,Fungi,NA,NA,NA,NA,NA,NA
ASV_2571,Fungi,Streptophyta,Magnoliopsida,Lamiales,Plantaginaceae,Veronica,Veronica_formosa
ASV_2572,Fungi,Ascomycota,Saccharomycetes,Saccharomycetales,Saccharomycetaceae,Torulaspora,Torulaspora_delbrueckii
ASV_2573,Fungi,Streptophyta,Magnoliopsida,Asterales,Asteraceae,Crepis,Crepis_capillaris
ASV_2574,Fungi,Ascomycota,Dothideomycetes,Pleosporales,Didymellaceae,Didymella,NA
ASV_2575,Fungi,Streptophyta,Magnoliopsida,Lamiales,Plantaginaceae,Veronica,Veronica_bollonsii
ASV_2576,Fungi,Streptophyta,Magnoliopsida,Ranunculales,Ranunculaceae,Ranunculus,Ranunculus_bulbosus
ASV_2577,Fungi,Chlorophyta,Trebouxiophyceae,Watanabeales,NA,Chloroidium,Chloroidium_saccharophilum
ASV_2578,Fungi,Streptophyta,Magnoliopsida,Asterales,Asteraceae,Ozothamnus,Ozothamnus_turbinatus
ASV_2579,Fungi,Ascomycota,NA,NA,NA,NA,Ascomycota_sp.
ASV_2580,Fungi,Ascomycota,Pichiomycetes,Pichiales,Pichiaceae,Pichia,Pichia_kudriavzevii
ASV_2581,Fungi,Streptophyta,Magnoliopsida,Boraginales,Boraginaceae,Myosotis,Myosotis_laxa
ASV_2582,Fungi,NA,NA,NA,NA,NA,NA
ASV_2583,Fungi,NA,NA,NA,NA,NA,NA
ASV_2584,Fungi,Ascomycota,Dothideomycetes,Pleosporales,Pleosporaceae,Alternaria,Alternaria_solani
ASV_2585,Fungi,Chlorophyta,Trebouxiophyceae,Chlorellales,Chlorellaceae,Meyerella,Meyerella_planktonica
ASV_2586,Fungi,Streptophyta,Magnoliopsida,Asterales,Asteraceae,NA,Hypochaeris_environmental_sample
ASV_2587,Fungi,Ascomycota,Dothideomycetes,Pleosporales,Pleosporaceae,Pyrenophora,NA
ASV_2588,Fungi,Streptophyta,Magnoliopsida,Myrtales,Myrtaceae,Lophomyrtus,Lophomyrtus_bullata_x_Lophomyrtus_orbcordata
ASV_2589,Fungi,Basidiomycota,Cystobasidiomycetes,Erythrobasidiales,Erythrobasidiales_fam_Incertae_sedis,Erythrobasidiales_gen_Incertae_sedis,NA
ASV_2590,Fungi,Basidiomycota,Microbotryomycetes,Sporidiobolales,Sporidiobolaceae,Rhodotorula,Rhodotorula_ngohengohe
ASV_2591,Fungi,Ascomycota,Dothideomycetes,Pleosporales,NA,NA,NA
ASV_2592,Fungi,Ascomycota,Dothideomycetes,Pleosporales,Phaeosphaeriaceae,Phaeosphaeria,Phaeosphaeria_podocarpi
ASV_2593,Fungi,Streptophyta,Magnoliopsida,Lamiales,Plantaginaceae,Veronica,Veronica_topiaria
ASV_2594,Fungi,Chytridiomycota,NA,NA,NA,NA,NA
ASV_2595,Fungi,Mucoromycota,Mucoromycetes,Mucorales,Phycomycetaceae,Phycomyces,Phycomyces_nitens
ASV_2596,Fungi,Ascomycota,Dothideomycetes,Pleosporales,Torulaceae,Torula,Torula_herbarum
ASV_2597,Fungi,Streptophyta,Magnoliopsida,Asterales,Asteraceae,Hieracium,Hieracium_stoloniflorum
ASV_2598,Fungi,Ascomycota,Saccharomycetes,Saccharomycetales,Saccharomycetaceae,Zygosaccharomyces,Zygosaccharomyces_microellipsoides
ASV_2599,Fungi,Streptophyta,Magnoliopsida,Lamiales,Plantaginaceae,Plantago,Plantago_lanceolata
ASV_2600,Fungi,Ascomycota,Pichiomycetes,Pichiales,Pichiaceae,Pichia,Pichia_norvegensis
ASV_2601,Fungi,Basidiomycota,Microbotryomycetes,Sporidiobolales,Sporidiobolaceae,Rhodotorula,Rhodotorula_taiwanensis
ASV_2602,Fungi,Basidiomycota,Tremellomycetes,Cystofilobasidiales,Cystofilobasidiaceae,Cystofilobasidium,Cystofilobasidium_macerans
ASV_2603,Fungi,Streptophyta,Magnoliopsida,Apiales,Araliaceae,Pseudopanax,Pseudopanax_ferox
ASV_2604,Fungi,Chytridiomycota,Chytridiomycota_cls_Incertae_sedis,Chytridiomycota_ord_Incertae_sedis,Chytridiomycota_fam_Incertae_sedis,Chytridiomycota_gen_Incertae_sedis,NA
ASV_2605,Fungi,Streptophyta,Magnoliopsida,Poales,Poaceae,Paspalum,Paspalum_juergensii
ASV_2606,Fungi,Ascomycota,Dothideomycetes,Pleosporales,Phaeosphaeriaceae,Leptospora,NA
ASV_2607,Fungi,Chlorophyta,Trebouxiophyceae,Watanabeales,NA,Chloroidium,Chloroidium_sp._NN-2-O
ASV_2608,Fungi,Streptophyta,Magnoliopsida,Apiales,Araliaceae,Schefflera,Schefflera_digitata
ASV_2609,Fungi,Ascomycota,Dothideomycetes,Pleosporales,Phaeosphaeriaceae,Septoriella,NA
ASV_2610,Fungi,Chlorophyta,Trebouxiophyceae,Watanabeales,NA,Chloroidium,Chloroidium_saccharophilum
ASV_2611,Fungi,Streptophyta,Magnoliopsida,Asterales,Asteraceae,Bellis,Bellis_perennis
ASV_2612,Fungi,Streptophyta,Magnoliopsida,Solanales,Solanaceae,Solanum,Solanum_lycopersicum
ASV_2613,Fungi,Chytridiomycota,Chytridiomycota_cls_Incertae_sedis,Chytridiomycota_ord_Incertae_sedis,Chytridiomycota_fam_Incertae_sedis,Chytridiomycota_gen_Incertae_sedis,NA
ASV_2614,Fungi,Ascomycota,Dothideomycetes,Pleosporales,Phaeosphaeriaceae,Didymocyrtis,Didymocyrtis_pini
ASV_2615,Fungi,Ascomycota,Dothideomycetes,Pleosporales,Lentitheciaceae,Lentitheciaceae_gen_Incertae_sedis,NA
ASV_2616,Fungi,Basidiomycota,Tremellomycetes,Tremellales,Rhynchogastremaceae,Papiliotrema,Papiliotrema_nemorosa
ASV_2617,Fungi,Streptophyta,Magnoliopsida,Lamiales,Plantaginaceae,Veronica,Veronica_polita
ASV_2618,Fungi,Streptophyta,Magnoliopsida,Fabales,Fabaceae,Lotus,Lotus_pedunculatus
ASV_2619,Fungi,Ascomycota,Dothideomycetes,Myriangiales,Elsinoaceae,Sphaceloma,Sphaceloma_murrayae
ASV_2620,Fungi,Streptophyta,Magnoliopsida,Asterales,Asteraceae,Crepis,Crepis_capillaris
ASV_2621,Fungi,NA,NA,NA,NA,NA,NA
ASV_2622,Fungi,Basidiomycota,Tremellomycetes,Tremellales,Rhynchogastremaceae,Papiliotrema,Papiliotrema_flavescens
ASV_2623,Fungi,Streptophyta,Magnoliopsida,Asterales,Asteraceae,Taraxacum,Taraxacum_officinale
ASV_2624,Fungi,Streptophyta,Magnoliopsida,Asterales,Asteraceae,Bellis,Bellis_perennis
ASV_2625,Fungi,Ascomycota,Dothideomycetes,Pleosporales,Phaeosphaeriaceae,Phaeosphaeria,Phaeosphaeria_poagena
ASV_2626,Fungi,Ascomycota,Eurotiomycetes,Eurotiales,Aspergillaceae,Aspergillus,Aspergillus_niger
ASV_2627,Fungi,NA,NA,NA,NA,NA,NA
ASV_2628,Fungi,Basidiomycota,Tremellomycetes,Tremellales,Rhynchogastremaceae,Papiliotrema,Papiliotrema_flavescens
ASV_2629,Fungi,Streptophyta,Magnoliopsida,Apiales,Apiaceae,Daucus,Daucus_crinitus
ASV_2630,Fungi,Streptophyta,Magnoliopsida,Myrtales,Myrtaceae,Leptospermum,Leptospermum_scoparium
ASV_2631,Fungi,Basidiomycota,Cystobasidiomycetes,Erythrobasidiales,Erythrobasidiaceae,Bannoa,Bannoa_syzygii
ASV_2632,Fungi,NA,NA,NA,NA,NA,NA
ASV_2633,Fungi,Basidiomycota,Tremellomycetes,Tremellales,Bulleribasidiaceae,Vishniacozyma,NA
ASV_2634,Fungi,Ascomycota,Dothideomycetes,Pleosporales,Phaeosphaeriaceae,Phaeosphaeria,Phaeosphaeria_poagena
ASV_2635,Fungi,Chlorophyta,Trebouxiophyceae,Watanabeales,NA,Chloroidium,Chloroidium_lichenum
ASV_2636,Fungi,Ascomycota,Dothideomycetes,Pleosporales,Didymosphaeriaceae,Pseudopithomyces,Pseudopithomyces_chartarum
ASV_2637,Fungi,NA,NA,NA,NA,NA,NA
ASV_2638,Fungi,Streptophyta,Magnoliopsida,Fabales,Fabaceae,Trifolium,Trifolium_repens
ASV_2639,Fungi,Streptophyta,Magnoliopsida,Asterales,Asteraceae,Crepis,Crepis_capillaris
ASV_2640,Fungi,Streptophyta,Magnoliopsida,Myrtales,Myrtaceae,Callistemon,Callistemon_viminalis
ASV_2641,Fungi,Ascomycota,Taphrinomycetes,Taphrinales,Taphrinaceae,Taphrina,Taphrina_inositophila
ASV_2642,Fungi,Ascomycota,Eurotiomycetes,Eurotiales,Aspergillaceae,Aspergillus,Aspergillus_ruber
ASV_2643,Fungi,Basidiomycota,Cystobasidiomycetes,NA,Symmetrosporaceae,Symmetrospora,Symmetrospora_oryzicola
ASV_2644,Fungi,Streptophyta,Magnoliopsida,Asterales,Asteraceae,Leontodon,Leontodon_hispidus
ASV_2645,Fungi,Ascomycota,Dothideomycetes,Mycosphaerellales,Dissoconiaceae,Dissoconium,Dissoconium_aciculare
ASV_2646,Fungi,Ascomycota,NA,NA,NA,NA,NA
ASV_2647,Fungi,Ascomycota,Dothideomycetes,Pleosporales,NA,NA,NA
ASV_2648,Fungi,Streptophyta,Magnoliopsida,Lamiales,Plantaginaceae,Veronica,Veronica_strictissima
ASV_2649,Fungi,Streptophyta,Magnoliopsida,Poales,Poaceae,Triticum,Triticum_turgidum
ASV_2650,Fungi,Ascomycota,Dothideomycetes,Pleosporales,Phaeosphaeriaceae,Didymocyrtis,Didymocyrtis_pini
ASV_2651,Fungi,Olpidiomycota,Olpidiomycota_cls_Incertae_sedis,Olpidiomycota_ord_Incertae_sedis,Olpidiomycota_fam_Incertae_sedis,Olpidiomycota_gen_Incertae_sedis,NA
ASV_2652,Fungi,Ascomycota,Sordariomycetes,Sordariales,Podosporaceae,Podospora,Podospora_austrohemisphaerica
ASV_2653,Fungi,Ascomycota,Sordariomycetes,Glomerellales,Plectosphaerellaceae,Plectosphaerella,Plectosphaerella_sp.
ASV_2654,Fungi,Ascomycota,Dothideomycetes,Pleosporales,Didymosphaeriaceae,Bimuria,Bimuria_novae-zelandiae
ASV_2655,Fungi,Ascomycota,Pezizomycetes,Pezizales,Pezizaceae,NA,uncultured_Pezizaceae
ASV_2656,Fungi,Chlorophyta,Trebouxiophyceae,Watanabeales,NA,Jaagichlorella,Jaagichlorella_roystonensis
ASV_2657,Fungi,Streptophyta,Magnoliopsida,Lamiales,Plantaginaceae,Veronica,Veronica_chathamica
ASV_2658,Fungi,Streptophyta,Magnoliopsida,Asterales,Asteraceae,Pilosella,Pilosella_officinarum
ASV_2659,Fungi,Streptophyta,Magnoliopsida,Asterales,Asteraceae,Cirsium,Cirsium_arvense
ASV_2660,Fungi,Basidiomycota,Cystobasidiomycetes,Erythrobasidiales,Erythrobasidiaceae,Erythrobasidium,Erythrobasidium_sp.
ASV_2661,Fungi,Ascomycota,Dothideomycetes,Pleosporales,Phaeosphaeriaceae,Neosetophoma,Neosetophoma_guiyangensis
ASV_2662,Fungi,Ascomycota,Dothideomycetes,Pleosporales,Periconiaceae,Periconia,Periconia_celtidis
ASV_2663,Fungi,Ascomycota,Dothideomycetes,Dothideomycetes_ord_Incertae_sedis,Dothideomycetes_fam_Incertae_sedis,Peltaster,Peltaster_cerophilus
ASV_2664,Fungi,NA,NA,NA,NA,NA,NA
ASV_2665,Fungi,Mucoromycota,Mucoromycetes,Mucorales,Mucoraceae,Mucor,Mucor_fragilis
ASV_2666,Fungi,Chlorophyta,Trebouxiophyceae,NA,NA,Elliptochloris,Elliptochloris_antarctica
ASV_2667,Fungi,Streptophyta,Pinopsida,Pinales,Pinaceae,Pinus,Pinus_clausa
ASV_2668,Fungi,Streptophyta,Magnoliopsida,Malvales,Malvaceae,Tilia,Tilia_americana
ASV_2669,Fungi,Ascomycota,Dothideomycetes,Pleosporales,Periconiaceae,Periconia,Periconia_celtidis
ASV_2670,Fungi,Streptophyta,Magnoliopsida,Caryophyllales,Polygonaceae,Persicaria,Persicaria_hydropiper
ASV_2671,Fungi,Ascomycota,Dothideomycetes,Pleosporales,Didymellaceae,Didymella,Didymella_glomerata
ASV_2672,Fungi,Basidiomycota,Tremellomycetes,Tremellales,Rhynchogastremaceae,Papiliotrema,NA
ASV_2673,Fungi,Streptophyta,Magnoliopsida,Ericales,Actinidiaceae,Actinidia,Actinidia_chinensis
ASV_2674,Fungi,Basidiomycota,Agaricomycetes,Polyporales,Hyphodermataceae,Hyphoderma,Hyphoderma_mutatum
ASV_2675,Fungi,Streptophyta,Magnoliopsida,Poales,Poaceae,Danthonia,Danthonia_decumbens
ASV_2676,Fungi,NA,NA,NA,NA,NA,NA
ASV_2677,Fungi,Ascomycota,Dothideomycetes,Pleosporales,Periconiaceae,Periconia,Periconia_celtidis
ASV_2678,Fungi,Blastocladiomycota,Blastocladiomycetes,Blastocladiales,Blastocladiales_fam_Incertae_sedis,Blastocladiales_gen_Incertae_sedis,NA
ASV_2679,Fungi,Blastocladiomycota,Physodermatomycetes,Physodermatales,Physodermatales_fam_Incertae_sedis,Physodermatales_gen_Incertae_sedis,NA
ASV_2680,Fungi,NA,NA,NA,NA,NA,NA
ASV_2681,Fungi,Ascomycota,Dothideomycetes,Pleosporales,Lophiostomataceae,Neovaginatispora,Neovaginatispora_clematidis
ASV_2682,Fungi,Ascomycota,Dothideomycetes,Pleosporales,Pleosporaceae,Pyrenophora,Pyrenophora_poae
ASV_2683,Fungi,Chlorophyta,Chlorophyceae,Sphaeropleales,Scenedesmaceae,Desmodesmus,Desmodesmus_arthrodesmiformis
ASV_2684,Fungi,Chlorophyta,Trebouxiophyceae,Trebouxiales,Trebouxiaceae,Trebouxia,Trebouxia_sp._C09
ASV_2685,Fungi,Ascomycota,Dothideomycetes,Pleosporales,Phaeosphaeriaceae,Neosetophoma,Neosetophoma_guiyangensis
ASV_2686,Fungi,Streptophyta,Magnoliopsida,Ranunculales,Ranunculaceae,Ranunculus,Ranunculus_sardous
ASV_2687,Fungi,Ascomycota,NA,NA,NA,NA,NA
ASV_2688,Fungi,Chlorophyta,Trebouxiophyceae,Watanabeales,NA,Jaagichlorella,Jaagichlorella_adherens
ASV_2689,Fungi,Ascomycota,Sordariomycetes,Coronophorales,Ceratostomataceae,Harzia,Harzia_acremonioides
ASV_2690,Fungi,Ascomycota,Dothideomycetes,Pleosporales,Pleosporaceae,Pyrenophora,Pyrenophora_poae
ASV_2691,Fungi,Mucoromycota,Mucoromycetes,Mucorales,Mucoraceae,Mucor,Mucor_plasmaticus
ASV_2692,Fungi,Streptophyta,Magnoliopsida,Solanales,Solanaceae,Solanum,Solanum_lycopersicum
ASV_2693,Fungi,Ascomycota,Dothideomycetes,Pleosporales,Didymosphaeriaceae,Paraphaeosphaeria,michotii
ASV_2694,Fungi,Ascomycota,Eurotiomycetes,Eurotiales,Aspergillaceae,Aspergillus,Aspergillus_tsunodae
ASV_2695,Fungi,Basidiomycota,Tremellomycetes,Tremellales,Bulleribasidiaceae,Dioszegia,Dioszegia_hungarica
ASV_2696,Fungi,Ascomycota,Dothideomycetes,Pleosporales,Leptosphaeriaceae,Alloleptosphaeria,Alloleptosphaeria_iridicola
ASV_2697,Fungi,Streptophyta,Magnoliopsida,Asterales,Asteraceae,Crepis,Crepis_apargioides
ASV_2698,Fungi,Streptophyta,Magnoliopsida,Asterales,Asteraceae,Crepis,Crepis_capillaris
ASV_2699,Fungi,Ascomycota,Dothideomycetes,Pleosporales,Dictyosporiaceae,Pseudocoleophoma,Pseudocoleophoma_yunnanensis
ASV_2700,Fungi,Chlorophyta,Trebouxiophyceae,Watanabeales,NA,Chloroidium,Chloroidium_sp._OD-1-1-K
ASV_2701,Fungi,Ascomycota,Dothideomycetes,Pleosporales,Phaeosphaeriaceae,Neosetophoma,Neosetophoma_rosigena
ASV_2702,Fungi,Ascomycota,Dothideomycetes,Pleosporales,Pyrenochaetopsidaceae,Xenopyrenochaetopsis,Xenopyrenochaetopsis_pratorum
ASV_2703,Fungi,Chlorophyta,Trebouxiophyceae,Chlorellales,Chlorellaceae,Chlorella,Chlorella_vulgaris
ASV_2704,Fungi,Mucoromycota,Mucoromycetes,Mucorales,Mucoraceae,Mucor,Mucor_circinelloides
ASV_2705,Fungi,Ascomycota,Dothideomycetes,Pleosporales,Pleosporaceae,Alternaria,Alternaria_sp.
ASV_2706,Fungi,Basidiomycota,Agaricostilbomycetes,Agaricostilbales,Kondoaceae,Kondoa,NA
ASV_2707,Fungi,Ascomycota,Dothideomycetes,Mycosphaerellales,Mycosphaerellaceae,Zymoseptoria,Zymoseptoria_crescenta
ASV_2708,Fungi,Ascomycota,Dothideomycetes,Acrospermales,Acrospermaceae,Acrospermum,NA
ASV_2709,Fungi,Ascomycota,Dothideomycetes,Pleosporales,Pleosporaceae,Bipolaris,Bipolaris_drechsleri
ASV_2710,Fungi,Basidiomycota,Microbotryomycetes,Sporidiobolales,Sporidiobolaceae,Sporobolomyces,Sporobolomyces_roseus
ASV_2711,Fungi,Ascomycota,NA,NA,NA,NA,Ascomycota_sp.
ASV_2712,Fungi,Ascomycota,Dothideomycetes,Pleosporales,Phaeosphaeriaceae,Didymocyrtis,Didymocyrtis_septata
ASV_2713,Fungi,Ascomycota,Leotiomycetes,Helotiales,Sclerotiniaceae,Botrytis,Botrytis_caroliniana
ASV_2714,Fungi,Basidiomycota,Agaricostilbomycetes,Agaricostilbales,Kondoaceae,Bensingtonia,Bensingtonia_rectispora
ASV_2715,Fungi,Ascomycota,Eurotiomycetes,Eurotiales,Aspergillaceae,Aspergillus,Aspergillus_flavus
ASV_2716,Fungi,Streptophyta,Magnoliopsida,Asterales,Asteraceae,Crepis,Crepis_capillaris
ASV_2717,Fungi,Streptophyta,Magnoliopsida,Ranunculales,Ranunculaceae,Ranunculus,Ranunculus_bulbosus
ASV_2718,Fungi,Streptophyta,Magnoliopsida,Asterales,Asteraceae,Crepis,Crepis_capillaris
ASV_2719,Fungi,NA,NA,NA,NA,NA,NA
ASV_2720,Fungi,Streptophyta,Magnoliopsida,Ranunculales,Ranunculaceae,Clematis,Clematis_vitalba
ASV_2721,Fungi,Streptophyta,Magnoliopsida,Malvales,Malvaceae,Plagianthus,Plagianthus_regius
ASV_2722,Fungi,Streptophyta,Magnoliopsida,Caryophyllales,Polygonaceae,Muehlenbeckia,Muehlenbeckia_gracillima
ASV_2723,Fungi,Streptophyta,Magnoliopsida,Brassicales,Brassicaceae,Brassica,Brassica_rapa
ASV_2724,Fungi,Streptophyta,Magnoliopsida,Myrtales,Myrtaceae,Leptospermum,Leptospermum_scoparium
ASV_2725,Fungi,Basidiomycota,Tremellomycetes,Tremellales,Rhynchogastremaceae,Papiliotrema,Papiliotrema_flavescens
ASV_2726,Fungi,Basidiomycota,Cystobasidiomycetes,NA,NA,NA,NA
ASV_2727,Fungi,Ascomycota,Dothideomycetes,Mycosphaerellales,Neodevriesiaceae,Neodevriesia,Neodevriesia_fraserae
ASV_2728,Fungi,Chlorophyta,Trebouxiophyceae,NA,NA,NA,uncultured_Coccomyxa
ASV_2729,Fungi,Basidiomycota,Tremellomycetes,Filobasidiales,Filobasidiaceae,Filobasidium,Filobasidium_globosum
ASV_2730,Fungi,NA,NA,NA,NA,NA,NA
ASV_2731,Fungi,Ascomycota,Dothideomycetes,Pleosporales,Phaeosphaeriaceae,NA,NA
ASV_2732,Fungi,Fungi_phy_Incertae_sedis,Fungi_cls_Incertae_sedis,Fungi_ord_Incertae_sedis,Fungi_fam_Incertae_sedis,Fungi_gen_Incertae_sedis,NA
ASV_2733,Fungi,Ascomycota,Sordariomycetes,Hypocreales,Nectriaceae,Fusarium,Fusarium_tricinctum
ASV_2734,Fungi,Ascomycota,Dothideomycetes,Pleosporales,Didymosphaeriaceae,Neptunomyces,Neptunomyces_litoralis
ASV_2735,Fungi,Basidiomycota,Tremellomycetes,Tremellales,Trimorphomycetaceae,Saitozyma,Saitozyma_paraflava
ASV_2736,Fungi,Streptophyta,Magnoliopsida,Caryophyllales,Polygonaceae,Polygonum,Polygonum_aviculare
ASV_2737,Fungi,Ascomycota,Dothideomycetes,Pleosporales,Lentitheciaceae,Poaceascoma,Poaceascoma_helicoides
ASV_2738,Fungi,NA,NA,NA,NA,NA,NA
ASV_2739,Fungi,Streptophyta,Magnoliopsida,Myrtales,Myrtaceae,Leptospermum,Leptospermum_obovatum
ASV_2740,Fungi,Ascomycota,Ascomycota_cls_Incertae_sedis,Ascomycota_ord_Incertae_sedis,Ascomycota_fam_Incertae_sedis,Phaeodactylium,NA
ASV_2741,Fungi,Streptophyta,Bryopsida,Pottiales,Pottiaceae,Tortula,Tortula_muralis
ASV_2742,Fungi,Ascomycota,Dothideomycetes,Pleosporales,Didymosphaeriaceae,Neptunomyces,Neptunomyces_litoralis
ASV_2743,Fungi,Ascomycota,Dothideomycetes,Pleosporales,Leptosphaeriaceae,Leptosphaeria,Leptosphaeria_proteicola
ASV_2744,Fungi,Chytridiomycota,Chytridiomycota_cls_Incertae_sedis,Chytridiomycota_ord_Incertae_sedis,Chytridiomycota_fam_Incertae_sedis,Chytridiomycota_gen_Incertae_sedis,NA
ASV_2745,Fungi,Streptophyta,Magnoliopsida,Poales,Poaceae,Triticum,Triticum_turgidum
ASV_2746,Fungi,Ascomycota,Dothideomycetes,Pleosporales,Pleosporaceae,Curvularia,Curvularia_coatesiae
ASV_2747,Fungi,Mucoromycota,Mucoromycetes,Mucorales,Mucoraceae,Mucor,Mucor_fragilis
ASV_2748,Fungi,Ascomycota,Dothideomycetes,Pleosporales,Didymosphaeriaceae,Spegazzinia,Spegazzinia_radermacherae
ASV_2749,Fungi,Basidiomycota,Tremellomycetes,Tremellales,Rhynchogastremaceae,Papiliotrema,Papiliotrema_frias
ASV_2750,Fungi,Ascomycota,Saccharomycetes,Saccharomycetales,Saccharomycetaceae,Monosporozyma,Monosporozyma_servazzii
ASV_2751,Fungi,Ascomycota,Dothideomycetes,Dothideales,Dothideales_fam_Incertae_sedis,Hormonema,NA
ASV_2752,Fungi,Ascomycota,Dothideomycetes,Pleosporales,Periconiaceae,Periconia,NA
ASV_2753,Fungi,Ascomycota,Saccharomycetes,Saccharomycetales,Saccharomycetaceae,Saccharomyces,Saccharomyces_cerevisiae
ASV_2754,Fungi,Ascomycota,Pichiomycetes,Pichiales,Pichiaceae,Pichia,Pichia_kudriavzevii
ASV_2755,Fungi,Ascomycota,Dothideomycetes,Pleosporales,Cryptocoryneaceae,Cryptocoryneum,NA
ASV_2756,Fungi,Basidiomycota,Cystobasidiomycetes,Cystobasidiomycetes_ord_Incertae_sedis,Symmetrosporaceae,Symmetrospora,Symmetrospora_coprosmae
ASV_2757,Fungi,Ascomycota,Dothideomycetes,Pleosporales,Phaeosphaeriaceae,Septoriella,Septoriella_subcylindrospora
ASV_2758,Fungi,Ascomycota,Dothideomycetes,Pleosporales,Melanommataceae,Herpotrichia,Herpotrichia_australis
ASV_2759,Fungi,Ascomycota,Lecanoromycetes,Lecanorales,Scoliciosporaceae,Scoliciosporum,Scoliciosporum_fabisporum
ASV_2760,Fungi,Ascomycota,Sordariomycetes,Hypocreales,NA,NA,NA
ASV_2761,Fungi,NA,NA,NA,NA,NA,NA
ASV_2762,Fungi,Ascomycota,Pezizomycetes,Pezizales,Pezizaceae,NA,uncultured_Pezizaceae
ASV_2763,Fungi,Ascomycota,Sordariomycetes,Glomerellales,Plectosphaerellaceae,Plectosphaerella,Plectosphaerella_sp.
ASV_2764,Fungi,Basidiomycota,Tremellomycetes,Tremellales,Bulleribasidiaceae,Hannaella,Hannaella_zeae
ASV_2765,Fungi,NA,NA,NA,NA,NA,NA
ASV_2766,Fungi,Basidiomycota,Cystobasidiomycetes,Cystobasidiomycetes_ord_Incertae_sedis,Symmetrosporaceae,Symmetrospora,Symmetrospora_coprosmae
ASV_2767,Fungi,Ascomycota,Dothideomycetes,Pleosporales,NA,NA,NA
ASV_2768,Fungi,Ascomycota,Dothideomycetes,Pleosporales,Periconiaceae,Periconia,Periconia_artemisiae
ASV_2769,Fungi,Ascomycota,Dothideomycetes,Pleosporales,Pleosporaceae,Alternaria,NA
ASV_2770,Fungi,Streptophyta,Magnoliopsida,Poales,Poaceae,Eleusine,Eleusine_indica
ASV_2771,Fungi,Ascomycota,Sordariomycetes,Glomerellales,Plectosphaerellaceae,Verticillium,Verticillium_dahliae
ASV_2772,Fungi,NA,NA,NA,NA,NA,NA
ASV_2773,Fungi,Streptophyta,Magnoliopsida,Caryophyllales,Polygonaceae,Persicaria,Persicaria_hydropiper
ASV_2774,Fungi,Ascomycota,Sordariomycetes,Hypocreales,Nectriaceae,Fusarium,Fusarium_heterosporum
ASV_2775,Fungi,Streptophyta,Magnoliopsida,Asterales,Asteraceae,Crepis,Crepis_capillaris
ASV_2776,Fungi,NA,NA,NA,NA,NA,NA
ASV_2777,Fungi,Streptophyta,Magnoliopsida,Caryophyllales,Basellaceae,Anredera,Anredera_cordifolia
ASV_2778,Fungi,Ascomycota,Saccharomycetes,Phaffomycetales,Phaffomycetaceae,Cyberlindnera,Candida_vartiovaarae
ASV_2779,Fungi,Basidiomycota,Cystobasidiomycetes,Naohideales,Naohideaceae,Naohidea,NA
ASV_2780,Fungi,Ascomycota,Saccharomycetes,Saccharomycetales,Saccharomycetaceae,Monosporozyma,Monosporozyma_servazzii
ASV_2781,Fungi,Ascomycota,Dothideomycetes,Pleosporales,Didymosphaeriaceae,Pseudopithomyces,Pseudopithomyces_chartarum
ASV_2782,Fungi,Ascomycota,Sordariomycetes,Sordariales,Schizotheciaceae,Pseudoechria,Pseudoechria_longicollis
ASV_2783,Fungi,Ascomycota,Dothideomycetes,Pleosporales,NA,NA,NA
ASV_2784,Fungi,Streptophyta,Magnoliopsida,Malvales,Malvaceae,Plagianthus,Plagianthus_regius
ASV_2785,Fungi,Streptophyta,Magnoliopsida,Asterales,Asteraceae,NA,Hypochaeris_environmental_sample
ASV_2786,Fungi,Ascomycota,Dothideomycetes,Pleosporales,Pleosporaceae,Alternaria,Alternaria_inflata
ASV_2787,Fungi,Basidiomycota,Tremellomycetes,Filobasidiales,Filobasidiaceae,Filobasidium,Filobasidium_chernovii
ASV_2788,Fungi,NA,NA,NA,NA,NA,NA
ASV_2789,Fungi,Chytridiomycota,Chytridiomycota_cls_Incertae_sedis,Chytridiomycota_ord_Incertae_sedis,Chytridiomycota_fam_Incertae_sedis,Chytridiomycota_gen_Incertae_sedis,NA
ASV_2790,Fungi,Ascomycota,Leotiomycetes,Helotiales,NA,NA,NA
ASV_2791,Fungi,Basidiomycota,Tremellomycetes,Tremellales,Bulleribasidiaceae,Dioszegia,NA
ASV_2792,Fungi,Basidiomycota,Agaricomycetes,Agaricales,Pleurotaceae,Pleurotus,Pleurotus_purpureo-olivaceus
ASV_2793,Fungi,Streptophyta,Magnoliopsida,Poales,Poaceae,Digitaria,Digitaria_sanguinalis
ASV_2794,Fungi,NA,NA,NA,NA,NA,NA
ASV_2795,Fungi,NA,NA,NA,NA,NA,NA
ASV_2796,Fungi,Streptophyta,Magnoliopsida,Asterales,Asteraceae,Crepis,Crepis_capillaris
ASV_2797,Fungi,Streptophyta,Magnoliopsida,Poales,Poaceae,Paspalum,Paspalum_dilatatum
ASV_2798,Fungi,Ascomycota,Saccharomycetes,Saccharomycetales,Saccharomycetaceae,Arxiozyma,Arxiozyma_pintolopesii
ASV_2799,Fungi,Streptophyta,Magnoliopsida,Asterales,Asteraceae,Bellis,Bellis_perennis
ASV_2800,Fungi,Chytridiomycota,Chytridiomycota_cls_Incertae_sedis,Chytridiomycota_ord_Incertae_sedis,Chytridiomycota_fam_Incertae_sedis,Chytridiomycota_gen_Incertae_sedis,NA
ASV_2801,Fungi,Streptophyta,Magnoliopsida,Asterales,Asteraceae,Bellis,Bellis_perennis
ASV_2802,Fungi,Ascomycota,Dothideomycetes,Pleosporales,Sporormiaceae,Preussia,Preussia_persica
ASV_2803,Fungi,Basidiomycota,Cystobasidiomycetes,Buckleyzymales,Buckleyzymaceae,Buckleyzyma,Buckleyzyma_armeniaca
ASV_2804,Fungi,Chytridiomycota,Chytridiomycota_cls_Incertae_sedis,Chytridiomycota_ord_Incertae_sedis,Chytridiomycota_fam_Incertae_sedis,Chytridiomycota_gen_Incertae_sedis,NA
ASV_2805,Fungi,Basidiomycota,Tremellomycetes,Tremellales,Rhynchogastremaceae,Papiliotrema,NA
ASV_2806,Fungi,Chlorophyta,Trebouxiophyceae,Watanabeales,NA,Chloroidium,Chloroidium_sp._Ru-6-6
ASV_2807,Fungi,Streptophyta,Magnoliopsida,Asterales,Asteraceae,Taraxacum,Taraxacum_officinale
ASV_2808,Fungi,NA,NA,NA,NA,NA,NA
ASV_2809,Fungi,Streptophyta,Magnoliopsida,Rosales,Rosaceae,Rosa,Rosa_agrestis
ASV_2810,Fungi,Streptophyta,Magnoliopsida,Asterales,Asteraceae,Taraxacum,Taraxacum_officinale
ASV_2811,Fungi,Chlorophyta,Trebouxiophyceae,Watanabeales,NA,Chloroidium,Chloroidium_ellipsoideum
ASV_2812,Fungi,Chlorophyta,Trebouxiophyceae,Watanabeales,NA,Chloroidium,Chloroidium_sp._NN-2-O
ASV_2813,Fungi,Basidiomycota,Cystobasidiomycetes,Cystobasidiomycetes_ord_Incertae_sedis,Symmetrosporaceae,Symmetrospora,Symmetrospora_gracilis
ASV_2814,Fungi,NA,NA,NA,NA,NA,NA
ASV_2815,Fungi,Streptophyta,Magnoliopsida,Myrtales,Myrtaceae,Leptospermum,Leptospermum_scoparium
ASV_2816,Fungi,NA,NA,NA,NA,NA,NA
ASV_2817,Fungi,Streptophyta,Magnoliopsida,Asterales,Asteraceae,Crepis,Crepis_capillaris
ASV_2818,Fungi,Ascomycota,Dothideomycetes,Pleosporales,Periconiaceae,Periconia,Periconia_verrucosa
ASV_2819,Fungi,Ascomycota,Leotiomycetes,Chaetomellales,Chaetomellaceae,Pilidium,Pilidium_lythri
ASV_2820,Fungi,Basidiomycota,Tremellomycetes,Tremellales,Rhynchogastremaceae,Papiliotrema,Papiliotrema_flavescens
ASV_2821,Fungi,Ascomycota,Pichiomycetes,Pichiales,Pichiaceae,Pichia,Pichia_bruneiensis
ASV_2822,Fungi,Ascomycota,Dothideomycetes,Acrospermales,Acrospermales_fam_Incertae_sedis,Pseudovirgaria,Pseudovirgaria_grisea
ASV_2823,Fungi,Streptophyta,Magnoliopsida,Asterales,Asteraceae,Cirsium,Cirsium_heterophyllum
ASV_2824,Fungi,Ascomycota,Dothideomycetes,Pleosporales,Dictyosporiaceae,Dictyosporiaceae_gen_Incertae_sedis,NA
ASV_2825,Fungi,Streptophyta,Magnoliopsida,Poales,Poaceae,Triticum,Triticum_turgidum
ASV_2826,Fungi,Chlorophyta,Trebouxiophyceae,Watanabeales,NA,Chloroidium,Chloroidium_orientale
ASV_2827,Fungi,Chlorophyta,Chlorophyceae,Sphaeropleales,Radiococcaceae,Gloeocystis,Gloeocystis_sp._PA-1-4
ASV_2828,Fungi,Basidiomycota,Cystobasidiomycetes,Erythrobasidiales,Erythrobasidiaceae,Erythrobasidium,Erythrobasidium_yunnanense
ASV_2829,Fungi,Ascomycota,Lecanoromycetes,Lecanorales,Parmeliaceae,Punctelia,Punctelia_borreri
ASV_2830,Fungi,Ascomycota,Dothideomycetes,Pleosporales,Pleosporaceae,Curvularia,Curvularia_nodulosa
ASV_2831,Fungi,Ascomycota,Sordariomycetes,Hypocreales,Clavicipitaceae,Claviceps,Claviceps_monticola
ASV_2832,Fungi,Streptophyta,Magnoliopsida,Ranunculales,Ranunculaceae,Ranunculus,Ranunculus_grandiflorus
ASV_2833,Fungi,Ascomycota,Dothideomycetes,Pleosporales,Lentitheciaceae,Phragmocamarosporium,Phragmocamarosporium_qujingensis
ASV_2834,Fungi,Ascomycota,Dothideomycetes,Pleosporales,Leptosphaeriaceae,Alloleptosphaeria,Alloleptosphaeria_iridicola
ASV_2835,Fungi,Streptophyta,Magnoliopsida,Poales,Poaceae,Agrostis,Agrostis_gigantea
ASV_2836,Fungi,Ascomycota,Dothideomycetes,Pleosporales,Phaeosphaeriaceae,Parastagonospora,Parastagonospora_forlicesenica
ASV_2837,Fungi,Ascomycota,Dothideomycetes,Pleosporales,Phaeosphaeriaceae,Didymocyrtis,Didymocyrtis_pini
ASV_2838,Fungi,Streptophyta,Magnoliopsida,Asterales,Asteraceae,Pilosella,Pilosella_officinarum
ASV_2839,Fungi,Ascomycota,Saccharomycetes,Saccharomycetales,Saccharomycetaceae,Saccharomyces,Saccharomyces_bayanus
ASV_2840,Fungi,Basidiomycota,Agaricomycetes,Russulales,Peniophoraceae,Peniophora,Peniophora_lycii
ASV_2841,Fungi,Chytridiomycota,NA,NA,NA,NA,NA
ASV_2842,Fungi,Ascomycota,Eurotiomycetes,Eurotiales,Aspergillaceae,Penicillium,Penicillium_paradoxum
ASV_2843,Fungi,Basidiomycota,Tremellomycetes,Tremellales,Bulleribasidiaceae,Hannaella,Hannaella_sp.
ASV_2844,Fungi,Basidiomycota,Tremellomycetes,Tremellales,Rhynchogastremaceae,Papiliotrema,Papiliotrema_flavescens
ASV_2845,Fungi,Streptophyta,Magnoliopsida,Asterales,Asteraceae,Crepis,Crepis_capillaris
ASV_2846,Fungi,NA,NA,NA,NA,NA,NA
ASV_2847,Fungi,Mucoromycota,Mucoromycetes,Mucorales,Mucoraceae,Mucor,Mucor_plasmaticus
ASV_2848,Fungi,NA,NA,NA,NA,NA,NA
ASV_2849,Fungi,Basidiomycota,Cystobasidiomycetes,Erythrobasidiales,NA,NA,NA
ASV_2850,Fungi,Ascomycota,Dothideomycetes,Pleosporales,Phaeosphaeriaceae,Paraophiobolus,Paraophiobolus_torilicola
ASV_2851,Fungi,Mucoromycota,Mucoromycetes,Mucorales,Mucoraceae,Mucor,Mucor_plasmaticus
ASV_2852,Fungi,Ascomycota,Dothideomycetes,Pleosporales,Phaeosphaeriaceae,Didymocyrtis,Didymocyrtis_septata
ASV_2853,Fungi,Basidiomycota,Tremellomycetes,Tremellales,Bulleribasidiaceae,Vishniacozyma,Vishniacozyma_victoriae
ASV_2854,Fungi,NA,NA,NA,NA,NA,NA
ASV_2855,Fungi,Basidiomycota,Microbotryomycetes,Sporidiobolales,Sporidiobolaceae,Rhodotorula,Rhodotorula_ngohengohe
ASV_2856,Fungi,Streptophyta,Magnoliopsida,Malvales,Malvaceae,Plagianthus,Plagianthus_regius
ASV_2857,Fungi,Basidiomycota,Cystobasidiomycetes,NA,Symmetrosporaceae,Symmetrospora,Symmetrospora_symmetrica
ASV_2858,Fungi,Ascomycota,Leotiomycetes,Chaetomellales,Chaetomellaceae,Zoellneria,Zoellneria_rosarum
ASV_2859,Fungi,Basidiomycota,Microbotryomycetes,Sporidiobolales,Sporidiobolaceae,Sporobolomyces,Sporobolomyces_ruberrimus
ASV_2860,Fungi,Streptophyta,Magnoliopsida,Poales,Poaceae,Triticum,Triticum_turgidum
ASV_2861,Fungi,Ascomycota,Dothideomycetes,Pleosporales,Pleosporaceae,Exserohilum,Exserohilum_turcicum
ASV_2862,Fungi,Ascomycota,Sordariomycetes,Sordariales,Schizotheciaceae,Pseudoechria,Pseudoechria_longicollis
ASV_2863,Fungi,Basidiomycota,Agaricostilbomycetes,Agaricostilbales,Kondoaceae,NA,NA
ASV_2864,Fungi,Streptophyta,Magnoliopsida,Myrtales,Myrtaceae,Eucalyptus,Eucalyptus_pulverulenta
ASV_2865,Fungi,Ascomycota,Sordariomycetes,Hypocreales,Sarocladiaceae,Sarocladium,Sarocladium_strictum
ASV_2866,Fungi,Ascomycota,Dothideomycetes,Pleosporales,Sporormiaceae,Preussia,Preussia_persica
ASV_2867,Fungi,NA,NA,NA,NA,NA,NA
ASV_2868,Fungi,Ascomycota,Sordariomycetes,Hypocreales,Cordycipitaceae,Beauveria,Beauveria_pseudobassiana
ASV_2869,Fungi,Basidiomycota,Agaricomycetes,Agaricales,Pleurotaceae,Pleurotus,Pleurotus_purpureo-olivaceus
ASV_2870,Fungi,Basidiomycota,Microbotryomycetes,Sporidiobolales,Sporidiobolaceae,Rhodotorula,NA
ASV_2871,Fungi,Ascomycota,Dothideomycetes,Pleosporales,Phaeosphaeriaceae,Paraophiobolus,Paraophiobolus_arundinis
ASV_2872,Fungi,Streptophyta,Magnoliopsida,Asterales,Asteraceae,Arctotheca,Arctotheca_calendula
ASV_2873,Fungi,NA,NA,NA,NA,NA,NA
ASV_2874,Fungi,Ascomycota,Saccharomycetes,Saccharomycetales,Saccharomycetaceae,Saccharomyces,Saccharomyces_bayanus
ASV_2875,Fungi,Chlorophyta,Trebouxiophyceae,Trebouxiales,Trebouxiaceae,Trebouxia,uncultured_Trebouxia_photobiont
ASV_2876,Fungi,Streptophyta,Magnoliopsida,Poales,Poaceae,Paspalum,Paspalum_dilatatum
ASV_2877,Fungi,Ascomycota,Dothideomycetes,Pleosporales,Torulaceae,Torula,Torula_herbarum
ASV_2878,Fungi,Basidiomycota,Cystobasidiomycetes,Naohideales,Naohideaceae,Naohidea,NA
ASV_2879,Fungi,Ascomycota,Dothideomycetes,Pleosporales,Phaeosphaeriaceae,Didymocyrtis,Didymocyrtis_pini
ASV_2880,Fungi,Basidiomycota,Cystobasidiomycetes,Erythrobasidiales,Erythrobasidiaceae,Erythrobasidium,Erythrobasidium_yunnanense
ASV_2881,Fungi,Basidiomycota,Tremellomycetes,Tremellales,Bulleribasidiaceae,Vishniacozyma,Vishniacozyma_victoriae
ASV_2882,Fungi,Ascomycota,Dothideomycetes,Pleosporales,Pleosporaceae,Bipolaris,Bipolaris_cynodontis
ASV_2883,Fungi,Ascomycota,Sordariomycetes,Microascales,Ceratocystidaceae,Berkeleyomyces,Berkeleyomyces_rouxiae
ASV_2884,Fungi,Chlorophyta,Trebouxiophyceae,Trebouxiales,Trebouxiaceae,Trebouxia,Trebouxia_sp.
ASV_2885,Fungi,Ascomycota,Leotiomycetes,Helotiales,Sclerotiniaceae,Botrytis,Botrytis_caroliniana
ASV_2886,Fungi,Ascomycota,Dothideomycetes,Pleosporales,Pleosporaceae,Alternaria,Alternaria_sp.
ASV_2887,Fungi,Ascomycota,Dothideomycetes,Pleosporales,Pleosporaceae,Pyrenophora,Pyrenophora_biseptata
ASV_2888,Fungi,Ascomycota,Dothideomycetes,Pleosporales,Didymellaceae,Neoascochyta,NA
ASV_2889,Fungi,Chytridiomycota,NA,NA,NA,NA,NA
ASV_2890,Fungi,Streptophyta,Magnoliopsida,Fabales,Fabaceae,Glycine,Glycine_max
ASV_2891,Fungi,Basidiomycota,Cystobasidiomycetes,Sakaguchiales,Sakaguchiaceae,Sakaguchia,Sakaguchia_dacryoidea
ASV_2892,Fungi,NA,NA,NA,NA,NA,NA
ASV_2893,Fungi,Streptophyta,Magnoliopsida,Cornales,Hydrangeaceae,Hydrangea,Hydrangea_macrophylla
ASV_2894,Fungi,Ascomycota,Saccharomycetes,Saccharomycetales,Pichiaceae,Saturnispora,Saturnispora_silvae
ASV_2895,Fungi,Ascomycota,Eurotiomycetes,Eurotiales,Aspergillaceae,Penicillium,Penicillium_atramentosum
ASV_2896,Fungi,Streptophyta,Magnoliopsida,Asterales,Asteraceae,Hieracium,Hieracium_stoloniflorum
ASV_2897,Fungi,Ascomycota,Dothideomycetes,Pleosporales,Pleosporaceae,Alternaria,Alternaria_alternata
ASV_2898,Fungi,Basidiomycota,Tremellomycetes,Filobasidiales,Filobasidiaceae,Filobasidium,Filobasidium_chernovii
ASV_2899,Fungi,Ascomycota,Dothideomycetes,Pleosporales,Phaeosphaeriaceae,NA,NA
ASV_2900,Fungi,Ascomycota,Dothideomycetes,Pleosporales,Didymosphaeriaceae,Paraphaeosphaeria,Paraphaeosphaeria_sporulosa
ASV_2901,Fungi,Streptophyta,Magnoliopsida,Poales,Poaceae,Poa,Poa_infirma
ASV_2902,Fungi,Ascomycota,Sordariomycetes,Hypocreales,Nectriaceae,Microcera,Microcera_larvarum
ASV_2903,Fungi,Basidiomycota,Microbotryomycetes,Sporidiobolales,Sporidiobolaceae,Sporobolomyces,Sporobolomyces_ruberrimus
ASV_2904,Fungi,NA,NA,NA,NA,NA,NA
ASV_2905,Fungi,Chlorophyta,Trebouxiophyceae,Watanabeales,NA,Chloroidium,Chloroidium_lichenum
ASV_2906,Fungi,NA,NA,NA,NA,NA,NA
ASV_2907,Fungi,Streptophyta,Magnoliopsida,Myrtales,Myrtaceae,Leptospermum,Leptospermum_scoparium
ASV_2908,Fungi,Basidiomycota,Cystobasidiomycetes,Erythrobasidiales,Erythrobasidiaceae,Erythrobasidium,Erythrobasidium_yunnanense
ASV_2909,Fungi,NA,NA,NA,NA,NA,NA
ASV_2910,Fungi,Ascomycota,Dothideomycetes,Pleosporales,Didymosphaeriaceae,Tremateia,Tremateia_guiyangensis
ASV_2911,Fungi,NA,NA,NA,NA,NA,NA
ASV_2912,Fungi,Mucoromycota,Mucoromycetes,Mucorales,Mucoraceae,Mucor,Mucor_flavus
ASV_2913,Fungi,Chytridiomycota,Chytridiomycota_cls_Incertae_sedis,Chytridiomycota_ord_Incertae_sedis,Chytridiomycota_fam_Incertae_sedis,Chytridiomycota_gen_Incertae_sedis,NA
ASV_2914,Fungi,Ascomycota,Sordariomycetes,Sordariales,Schizotheciaceae,Pseudoechria,Pseudoechria_longicollis
ASV_2915,Fungi,NA,NA,NA,NA,NA,NA
ASV_2916,Fungi,Streptophyta,Magnoliopsida,Asterales,Asteraceae,Taraxacum,Taraxacum_alaskanum
ASV_2917,Fungi,Streptophyta,Magnoliopsida,Asterales,Asteraceae,Bellis,Bellis_perennis
ASV_2918,Fungi,Ascomycota,Dothideomycetes,Pleosporales,Pleosporaceae,Alternaria,Alternaria_inflata
ASV_2919,Fungi,Streptophyta,Magnoliopsida,Asterales,Asteraceae,Taraxacum,Taraxacum_officinale
ASV_2920,Fungi,Ascomycota,Dothideomycetes,Pleosporales,Dictyosporiaceae,Pseudocoleophoma,Pseudocoleophoma_yunnanensis
ASV_2921,Fungi,Basidiomycota,Tremellomycetes,Tremellales,Rhynchogastremaceae,Papiliotrema,Papiliotrema_nemorosa
ASV_2922,Fungi,Ascomycota,Dothideomycetes,Pleosporales,Phaeosphaeriaceae,NA,NA
ASV_2923,Fungi,Ascomycota,Sordariomycetes,Hypocreales,Sarocladiaceae,Sarocladium,Sarocladium_strictum
ASV_2924,Fungi,Ascomycota,Dothideomycetes,Pleosporales,Phaeosphaeriaceae,Didymocyrtis,Didymocyrtis_pini
ASV_2925,Fungi,Ascomycota,Dothideomycetes,Pleosporales,Dictyosporiaceae,Dictyosporiaceae_gen_Incertae_sedis,NA
ASV_2926,Fungi,Ascomycota,NA,NA,NA,NA,NA
ASV_2927,Fungi,Ascomycota,Dothideomycetes,Mycosphaerellales,Mycosphaerellaceae,Sphaerulina,Sphaerulina_westendorpii
ASV_2928,Fungi,Streptophyta,Magnoliopsida,Asterales,Asteraceae,Pilosella,Pilosella_officinarum
ASV_2929,Fungi,Ascomycota,Dothideomycetes,Zeloasperisporiales,Zeloasperisporiaceae,Zeloasperisporium,Zeloasperisporium_sp._G.13Ed
ASV_2930,Fungi,Basidiomycota,Agaricomycetes,Hymenochaetales,Schizoporaceae,Xylodon,Xylodon_subserpentiformis
ASV_2931,Fungi,Basidiomycota,Cystobasidiomycetes,Sakaguchiales,Sakaguchiaceae,Sakaguchia,Sakaguchia_sp.
ASV_2932,Fungi,Streptophyta,Magnoliopsida,Myrtales,Myrtaceae,Eucalyptus,Eucalyptus_botryoides
ASV_2933,Fungi,Basidiomycota,Agaricomycetes,Agaricales,Lycoperdaceae,Vascellum,Vascellum_pratense
ASV_2934,Fungi,Ascomycota,Dothideomycetes,Pleosporales,Torulaceae,Torula,Torula_herbarum
ASV_2935,Fungi,Basidiomycota,Tremellomycetes,Tremellales,Bulleribasidiaceae,Hannaella,Hannaella_dianchiensis_(nom._inval.)
ASV_2936,Fungi,Ascomycota,Dothideomycetes,Pleosporales,Phaeosphaeriaceae,Sclerostagonospora,Sclerostagonospora_sulcata
ASV_2937,Fungi,Streptophyta,Magnoliopsida,Asterales,Asteraceae,Chamaemelum,Chamaemelum_fuscatum
ASV_2938,Fungi,Streptophyta,Magnoliopsida,Rosales,Rosaceae,Rosa,Rosa_agrestis
ASV_2939,Fungi,Ascomycota,Dothideomycetes,Acrospermales,Acrospermaceae,Acrospermum,NA
ASV_2940,Fungi,Ascomycota,Dothideomycetes,Pleosporales,Phaeosphaeriaceae,Didymocyrtis,Didymocyrtis_pini
ASV_2941,Fungi,Streptophyta,Polypodiopsida,Equisetales,Equisetaceae,Equisetum,Equisetum_arvense
ASV_2942,Fungi,Ascomycota,Dothideomycetes,Pleosporales,Tetraplosphaeriaceae,Tetraploa,Tetraploa_yunnanensis
ASV_2943,Fungi,Streptophyta,Magnoliopsida,Apiales,Araliaceae,Aralia,Aralia_vietnamensis
ASV_2944,Fungi,Streptophyta,Magnoliopsida,Myrtales,Myrtaceae,Leptospermum,Leptospermum_scoparium
ASV_2945,Fungi,Basidiomycota,Agaricomycetes,Polyporales,Cerrenaceae,Cerrena,Cerrena_zonata
ASV_2946,Fungi,Basidiomycota,Cystobasidiomycetes,Erythrobasidiales,Erythrobasidiaceae,Erythrobasidium,NA
ASV_2947,Fungi,NA,NA,NA,NA,NA,NA
ASV_2948,Fungi,Ascomycota,Dothideomycetes,Pleosporales,Didymosphaeriaceae,Pseudopithomyces,Pseudopithomyces_chartarum
ASV_2949,Fungi,Streptophyta,Magnoliopsida,Myrtales,Myrtaceae,Leptospermum,Leptospermum_scoparium
ASV_2950,Fungi,NA,NA,NA,NA,NA,NA
ASV_2951,Fungi,Streptophyta,Magnoliopsida,Asterales,Asteraceae,Leucanthemum,Leucanthemum_pyrenaicum
ASV_2952,Fungi,Ascomycota,Dothideomycetes,Pleosporales,Pleosporaceae,Bipolaris,Bipolaris_zeicola
ASV_2953,Fungi,Ascomycota,Dothideomycetes,Pleosporales,Libertasomycetaceae,Libertasomyces,Libertasomyces_platani
ASV_2954,Fungi,NA,NA,NA,NA,NA,NA
ASV_2955,Fungi,Ascomycota,Saccharomycetes,Saccharomycetales,Saccharomycetaceae,Maudiozyma,Maudiozyma_humilis
ASV_2956,Fungi,Streptophyta,Magnoliopsida,Poales,Poaceae,Cynodon,Cynodon_dactylon
ASV_2957,Fungi,Olpidiomycota,Olpidiomycota_cls_Incertae_sedis,Olpidiomycota_ord_Incertae_sedis,Olpidiomycota_fam_Incertae_sedis,Olpidiomycota_gen_Incertae_sedis,NA
ASV_2958,Fungi,Basidiomycota,Tremellomycetes,Tremellales,Bulleribasidiaceae,Dioszegia,Dioszegia_fristingensis
ASV_2959,Fungi,Ascomycota,Dothideomycetes,Pleosporales,Phaeosphaeriaceae,Phaeosphaeria,Phaeosphaeria_sp.
ASV_2960,Fungi,Ascomycota,Dothideomycetes,Dothideales,Dothideaceae,Dothidea,Dothidea_sambuci
ASV_2961,Fungi,Ascomycota,Sordariomycetes,Myrmecridiales,Myrmecridiaceae,Myrmecridium,Myrmecridium_dactylidis
ASV_2962,Fungi,Basidiomycota,Pucciniomycetes,Pucciniales,Melampsoraceae,Melampsora,Melampsora_euphorbiae
ASV_2963,Fungi,Basidiomycota,Cystobasidiomycetes,NA,Symmetrosporaceae,Symmetrospora,Symmetrospora_symmetrica
ASV_2964,Fungi,Ascomycota,Dothideomycetes,Pleosporales,Phaeosphaeriaceae,Neosetophoma,Neosetophoma_xingrenensis
ASV_2965,Fungi,Chytridiomycota,Chytridiomycota_cls_Incertae_sedis,Chytridiomycota_ord_Incertae_sedis,Chytridiomycota_fam_Incertae_sedis,Chytridiomycota_gen_Incertae_sedis,NA
ASV_2966,Fungi,NA,NA,NA,NA,NA,NA
ASV_2967,Fungi,Streptophyta,Magnoliopsida,Rosales,Ulmaceae,Ulmus,Ulmus_davidiana
ASV_2968,Fungi,Basidiomycota,Tremellomycetes,Tremellales,Bulleribasidiaceae,Vishniacozyma,Vishniacozyma_foliicola
ASV_2969,Fungi,Ascomycota,Dothideomycetes,Pleosporales,Sporormiaceae,Preussia,Preussia_africana
ASV_2970,Fungi,Ascomycota,Dothideomycetes,Pleosporales,Phaeosphaeriaceae,NA,NA
ASV_2971,Fungi,Chlorophyta,Trebouxiophyceae,Watanabeales,NA,Chloroidium,Chloroidium_sp._LV-2018
ASV_2972,Fungi,Ascomycota,Dothideomycetes,Pleosporales,NA,NA,NA
ASV_2973,Fungi,NA,Chlorophyta,Trebouxiophyceae,Watanabeales,Watanabea,Watanabea_borysthenica
ASV_2974,Fungi,Ascomycota,Leotiomycetes,Helotiales,Dermateaceae,Neofabraea,Neofabraea_actinidiae
ASV_2975,Fungi,Basidiomycota,Cystobasidiomycetes,Buckleyzymales,Buckleyzymaceae,Buckleyzyma,Buckleyzyma_armeniaca
ASV_2976,Fungi,Ascomycota,Dothideomycetes,Pleosporales,Didymellaceae,Neoascochyta,Neoascochyta_rosicola
ASV_2977,Fungi,Streptophyta,Magnoliopsida,Myrtales,Myrtaceae,Leptospermum,Leptospermum_scoparium
ASV_2978,Fungi,Ascomycota,Eurotiomycetes,Eurotiales,Aspergillaceae,Penicillium,Penicillium_paneum
ASV_2979,Fungi,NA,NA,NA,NA,NA,NA
ASV_2980,Fungi,Basidiomycota,Cystobasidiomycetes,Buckleyzymales,Buckleyzymaceae,Buckleyzyma,Buckleyzyma_armeniaca
ASV_2981,Fungi,Basidiomycota,Cystobasidiomycetes,Cystobasidiomycetes_ord_Incertae_sedis,Symmetrosporaceae,Symmetrospora,Symmetrospora_coprosmae
ASV_2982,Fungi,Chlorophyta,Trebouxiophyceae,Watanabeales,NA,Jaagichlorella,Jaagichlorella_roystonensis
ASV_2983,Fungi,Chlorophyta,Chlorophyceae,Sphaeropleales,Scenedesmaceae,Desmodesmus,Desmodesmus_abundans
ASV_2984,Fungi,Ascomycota,Dothideomycetes,Pleosporales,Didymosphaeriaceae,Paraphaeosphaeria,michotii
ASV_2985,Fungi,Mucoromycota,Mucoromycetes,Mucorales,Mucoraceae,Mucor,Mucor_irregularis
ASV_2986,Fungi,Basidiomycota,Agaricostilbomycetes,Agaricostilbales,Kondoaceae,Bensingtonia,NA
ASV_2987,Fungi,Basidiomycota,Cystobasidiomycetes,Buckleyzymales,Buckleyzymaceae,Buckleyzyma,Buckleyzyma_armeniaca
ASV_2988,Fungi,Basidiomycota,Cystobasidiomycetes,Erythrobasidiales,Erythrobasidiaceae,Bannoa,Bannoa_sp.
ASV_2989,Fungi,Ascomycota,Dothideomycetes,Acrospermales,Acrospermaceae,Acrospermum,NA
ASV_2990,Fungi,Streptophyta,Magnoliopsida,Cucurbitales,Cucurbitaceae,Cucumis,Cucumis_sativus
ASV_2991,Fungi,Ascomycota,Dothideomycetes,Pleosporales,Lophiostomataceae,Lophiostoma,NA
ASV_2992,Fungi,Streptophyta,Magnoliopsida,Rosales,Ulmaceae,Ulmus,Ulmus_parvifolia
ASV_2993,Fungi,Streptophyta,Magnoliopsida,Apiales,Apiaceae,Daucus,Daucus_carota
ASV_2994,Fungi,Chlorophyta,Trebouxiophyceae,Watanabeales,NA,Chloroidium,Chloroidium_sp._Ru-6-6
ASV_2995,Fungi,NA,NA,NA,NA,NA,NA
ASV_2996,Fungi,Basidiomycota,Cystobasidiomycetes,Naohideales,Naohideaceae,Naohidea,NA
ASV_2997,Fungi,Streptophyta,Magnoliopsida,Caryophyllales,Montiaceae,Montia,Montia_fontana
ASV_2998,Fungi,Ascomycota,Dothideomycetes,Pleosporales,Didymellaceae,Phoma,Phoma_sp.
ASV_2999,Fungi,Basidiomycota,Cystobasidiomycetes,Erythrobasidiales,Erythrobasidiaceae,Erythrobasidium,NA
ASV_3000,Fungi,Basidiomycota,Agaricostilbomycetes,Agaricostilbales,Kondoaceae,Kondoa,Kondoa_malvinella
ASV_3001,Fungi,Streptophyta,Magnoliopsida,Lamiales,Plantaginaceae,Plantago,Plantago_lanceolata
ASV_3002,Fungi,Ascomycota,Pichiomycetes,Pichiales,Pichiaceae,Pichia,Pichia_kudriavzevii
ASV_3003,Fungi,Streptophyta,Magnoliopsida,Malvales,Malvaceae,Plagianthus,Plagianthus_regius
ASV_3004,Fungi,Streptophyta,Magnoliopsida,Caryophyllales,Polygonaceae,Muehlenbeckia,Muehlenbeckia_gracillima
ASV_3005,Fungi,Basidiomycota,Agaricostilbomycetes,Agaricostilbales,Kondoaceae,Kondoa,Kondoa_gutianensis
ASV_3006,Fungi,Ascomycota,Pezizomycotina_cls_Incertae_sedis,Pezizomycotina_ord_Incertae_sedis,Pezizomycotina_fam_Incertae_sedis,Tricellula,NA
ASV_3007,Fungi,Streptophyta,Magnoliopsida,Apiales,Araliaceae,Aralia,Aralia_racemosa
ASV_3008,Fungi,Ascomycota,Saccharomycetes,Saccharomycetales,NA,NA,NA
ASV_3009,Fungi,Ascomycota,Dothideomycetes,Pleosporales,Didymellaceae,Neoascochyta,Neoascochyta_desmazieri
ASV_3010,Fungi,Chlorophyta,Trebouxiophyceae,Watanabeales,NA,Chloroidium,Chloroidium_sp._LV-2018
ASV_3011,Fungi,Ascomycota,Sordariomycetes,Amphisphaeriales,Sporocadaceae,Diploceras,Diploceras_hypericinum
ASV_3012,Fungi,Basidiomycota,Tremellomycetes,Tremellales,Bulleribasidiaceae,Hannaella,Hannaella_xanthorrhoeae
ASV_3013,Fungi,Chytridiomycota,Chytridiomycota_cls_Incertae_sedis,Chytridiomycota_ord_Incertae_sedis,Chytridiomycota_fam_Incertae_sedis,Chytridiomycota_gen_Incertae_sedis,NA
ASV_3014,Fungi,Streptophyta,Magnoliopsida,Apiales,Araliaceae,Pseudopanax,Pseudopanax_lessonii
ASV_3015,Fungi,Ascomycota,Dothideomycetes,Pleosporales,Didymosphaeriaceae,Spegazzinia,Spegazzinia_radermacherae
ASV_3016,Fungi,Ascomycota,Sordariomycetes,Diaporthales,Diaporthaceae,Diaporthe,Diaporthe_longicolla
ASV_3017,Fungi,Streptophyta,Pinopsida,Cupressales,Cupressaceae,Metasequoia,Metasequoia_glyptostroboides
ASV_3018,Fungi,Ascomycota,Dothideomycetes,Pleosporales,Periconiaceae,Periconia,Periconia_sp.
ASV_3019,Fungi,Ascomycota,Dothideomycetes,Cladosporiales,Cladosporiaceae,Cladosporium,Cladosporium_herbarum
ASV_3020,Fungi,Olpidiomycota,Olpidiomycota_cls_Incertae_sedis,Olpidiomycota_ord_Incertae_sedis,Olpidiomycota_fam_Incertae_sedis,Olpidiomycota_gen_Incertae_sedis,NA
ASV_3021,Fungi,NA,NA,NA,NA,NA,NA
ASV_3022,Fungi,Ascomycota,Dothideomycetes,Pleosporales,Phaeosphaeriaceae,Phaeosphaeria,Phaeosphaeria_podocarpi
ASV_3023,Fungi,Ascomycota,Dothideomycetes,Pleosporales,Pleosporaceae,Alternaria,NA
ASV_3024,Fungi,Chlorophyta,Trebouxiophyceae,Chlorellales,Chlorellaceae,Chlorella,Chlorella_vulgaris
ASV_3025,Fungi,NA,NA,NA,NA,NA,NA
ASV_3026,Fungi,Basidiomycota,Tremellomycetes,Filobasidiales,Filobasidiaceae,Filobasidium,Filobasidium_wieringae
ASV_3027,Fungi,Chlorophyta,Chlorophyceae,Sphaeropleales,Radiococcaceae,Gloeocystis,Gloeocystis_sp._PA-1-4
ASV_3028,Fungi,Basidiomycota,Cystobasidiomycetes,Erythrobasidiales,Erythrobasidiaceae,Bannoa,Bannoa_bischofiae
ASV_3029,Fungi,Ascomycota,Dothideomycetes,Pleosporales,Phaeosphaeriaceae,Phaeosphaeria,Phaeosphaeria_culmorum
ASV_3030,Fungi,Ascomycota,Sordariomycetes,Xylariales,Xylariales_fam_Incertae_sedis,NA,NA
ASV_3031,Fungi,Streptophyta,Magnoliopsida,Fagales,Betulaceae,Alnus,Alnus_cordata
ASV_3032,Fungi,Ascomycota,Taphrinomycetes,Taphrinales,Taphrinaceae,Taphrina,Taphrina_inositophila
ASV_3033,Fungi,Ascomycota,Dothideomycetes,Pleosporales,Pleosporaceae,Curvularia,Curvularia_nodulosa
ASV_3034,Fungi,Basidiomycota,Cystobasidiomycetes,Naohideales,Naohideaceae,Naohidea,NA
ASV_3035,Fungi,Streptophyta,Magnoliopsida,Asterales,Asteraceae,Craspedia,Craspedia_variabilis
ASV_3036,Fungi,Ascomycota,Dothideomycetes,Pleosporales,Phaeosphaeriaceae,Wojnowiciella,Wojnowiciella_dactylidis
ASV_3037,Fungi,Ascomycota,Dothideomycetes,Pleosporales,Torulaceae,Torula,Torula_acaciae
ASV_3038,Fungi,Olpidiomycota,Olpidiomycota_cls_Incertae_sedis,Olpidiomycota_ord_Incertae_sedis,Olpidiomycota_fam_Incertae_sedis,Olpidiomycota_gen_Incertae_sedis,NA
ASV_3039,Fungi,Ascomycota,Dothideomycetes,Pleosporales,Phaeosphaeriaceae,NA,NA
ASV_3040,Fungi,Basidiomycota,Tremellomycetes,Tremellales,Rhynchogastremaceae,Papiliotrema,Papiliotrema_flavescens
ASV_3041,Fungi,Streptophyta,Magnoliopsida,Asterales,Asteraceae,Cicerbita,Cicerbita_muralis
ASV_3042,Fungi,NA,NA,NA,NA,NA,NA
ASV_3043,Fungi,Streptophyta,Magnoliopsida,Asterales,Asteraceae,Achillea,Achillea_setacea
ASV_3044,Fungi,Ascomycota,Pichiomycetes,Pichiales,Pichiaceae,Pichia,Pichia_fermentans
ASV_3045,Fungi,Ascomycota,Sordariomycetes,Hypocreales,Bionectriaceae,Nectriopsis,Nectriopsis_didymii
ASV_3046,Fungi,NA,NA,NA,NA,NA,NA
ASV_3047,Fungi,Ascomycota,Dothideomycetes,Pleosporales,Sporormiaceae,Preussia,Preussia_persica
ASV_3048,Fungi,Ascomycota,Sordariomycetes,Hypocreales,Ophiocordycipitaceae,Tolypocladium,Tolypocladium_sp._ENF7
ASV_3049,Fungi,NA,NA,NA,NA,NA,NA
ASV_3050,Fungi,NA,NA,NA,NA,NA,NA
ASV_3051,Fungi,Ascomycota,Sordariomycetes,Diaporthales,Gnomoniaceae,Apiognomonia,Apiognomonia_lasiopetali
ASV_3052,Fungi,Streptophyta,Magnoliopsida,Rosales,Rosaceae,Prunus,Prunus_jamasakura
ASV_3053,Fungi,Ascomycota,Dothideomycetes,Pleosporales,Libertasomycetaceae,Libertasomyces,Libertasomyces_platani
ASV_3054,Fungi,Ascomycota,Eurotiomycetes,Eurotiales,Aspergillaceae,Penicillium,Penicillium_bialowiezense
ASV_3055,Fungi,Streptophyta,Magnoliopsida,Asterales,Asteraceae,Bellis,Bellis_perennis
ASV_3056,Fungi,Mucoromycota,Mucoromycetes,Mucorales,Mucoraceae,Mucor,Mucor_circinelloides
ASV_3057,Fungi,Basidiomycota,Exobasidiomycetes,Exobasidiales,Graphiolaceae,Graphiola,Graphiola_phoenicis
ASV_3058,Fungi,Streptophyta,Magnoliopsida,Lamiales,Plantaginaceae,Veronica,Veronica_brachysiphon
ASV_3059,Fungi,Chlorophyta,Trebouxiophyceae,Watanabeales,NA,Chloroidium,Chloroidium_ellipsoideum
ASV_3060,Fungi,Streptophyta,Magnoliopsida,Asterales,Asteraceae,NA,Hypochaeris_environmental_sample
ASV_3061,Fungi,NA,NA,NA,NA,NA,NA
ASV_3062,Fungi,Basidiomycota,Cystobasidiomycetes,NA,Symmetrosporaceae,Symmetrospora,Symmetrospora_symmetrica
ASV_3063,Fungi,Chlorophyta,Trebouxiophyceae,Watanabeales,NA,Jaagichlorella,Jaagichlorella_adherens
ASV_3064,Fungi,Chlorophyta,Chlorophyceae,Sphaeropleales,Scenedesmaceae,Desmodesmus,Desmodesmus_komarekii
ASV_3065,Fungi,Ascomycota,Sordariomycetes,Hypocreales,Nectriaceae,Fusarium,Fusarium_heterosporum
ASV_3066,Fungi,Streptophyta,Magnoliopsida,Apiales,Araliaceae,Aralia,Aralia_nudicaulis
ASV_3067,Fungi,Ascomycota,Dothideomycetes,Pleosporales,Pleosporaceae,Stemphylium,Stemphylium_trifolii
ASV_3068,Fungi,Ascomycota,Dothideomycetes,Pleosporales,Phaeosphaeriaceae,Didymocyrtis,Didymocyrtis_septata
ASV_3069,Fungi,Streptophyta,Magnoliopsida,Malvales,Thymelaeaceae,Pimelea,Pimelea_oreophila
ASV_3070,Fungi,Mucoromycota,Mucoromycetes,Mucorales,Mucoraceae,Mucor,Mucor_irregularis
ASV_3071,Fungi,Chlorophyta,Trebouxiophyceae,Watanabeales,NA,Chloroidium,Chloroidium_sp._NN-2-O
ASV_3072,Fungi,Ascomycota,Dothideomycetes,Pleosporales,Pleosporaceae,Alternaria,Alternaria_longipes
ASV_3073,Fungi,Streptophyta,Magnoliopsida,Apiales,Araliaceae,Aralia,Aralia_vietnamensis
ASV_3074,Fungi,Streptophyta,Magnoliopsida,Asterales,Asteraceae,Crepis,Crepis_capillaris
ASV_3075,Fungi,Ascomycota,Eurotiomycetes,Eurotiales,Aspergillaceae,Penicillium,Penicillium_paneum
ASV_3076,Fungi,Ascomycota,Dothideomycetes,Pleosporales,Phaeosphaeriaceae,NA,NA
ASV_3077,Fungi,Ascomycota,Sordariomycetes,Xylariales,Hypoxylaceae,Daldinia,Daldinia_childiae
ASV_3078,Fungi,Streptophyta,Magnoliopsida,Caryophyllales,Polygonaceae,Rumex,Rumex_ephedroides
ASV_3079,Fungi,Streptophyta,Magnoliopsida,Myrtales,Myrtaceae,Eucalyptus,Eucalyptus_robusta
ASV_3080,Fungi,Basidiomycota,Tremellomycetes,Tremellales,Bulleribasidiaceae,Hannaella,NA
ASV_3081,Fungi,NA,NA,NA,NA,NA,NA
ASV_3082,Fungi,Ascomycota,Pichiomycetes,Pichiales,Pichiaceae,Pichia,Pichia_fermentans
ASV_3083,Fungi,Ascomycota,Dothideomycetes,Dothideomycetes_ord_Incertae_sedis,Dothideomycetes_fam_Incertae_sedis,Peltaster,Peltaster_cerophilus
ASV_3084,Fungi,Ascomycota,Dothideomycetes,Pleosporales,NA,NA,NA
ASV_3085,Fungi,Streptophyta,Magnoliopsida,Asterales,Campanulaceae,Wahlenbergia,Wahlenbergia_pygmaea
ASV_3086,Fungi,Ascomycota,Dothideomycetes,Mycosphaerellales,Mycosphaerellaceae,Rhachisphaerella,Rhachisphaerella_mozambica
ASV_3087,Fungi,Ascomycota,Dothideomycetes,Pleosporales,Phaeosphaeriaceae,Phaeosphaeria,Phaeosphaeria_lunariae
ASV_3088,Fungi,Ascomycota,Dothideomycetes,Pleosporales,Sporormiaceae,Preussia,Preussia_persica
ASV_3089,Fungi,Entorrhizomycota,Entorrhizomycota_cls_Incertae_sedis,Entorrhizomycota_ord_Incertae_sedis,Entorrhizomycota_fam_Incertae_sedis,Entorrhizomycota_gen_Incertae_sedis,NA
ASV_3090,Fungi,NA,NA,NA,NA,NA,NA
ASV_3091,Fungi,Streptophyta,Magnoliopsida,Solanales,Solanaceae,Solanum,Solanum_lycopersicum
ASV_3092,Fungi,Streptophyta,Magnoliopsida,Brassicales,Brassicaceae,Brassica,Brassica_oleracea
ASV_3093,Fungi,NA,NA,NA,NA,NA,NA
ASV_3094,Fungi,Basidiomycota,Microbotryomycetes,Sporidiobolales,Sporidiobolaceae,Rhodotorula,Rhodotorula_glutinis
ASV_3095,Fungi,Basidiomycota,Agaricostilbomycetes,Agaricostilbales,Kondoaceae,Kondoa,Kondoa_ribitophobia
ASV_3096,Fungi,NA,NA,NA,NA,NA,NA
ASV_3097,Fungi,Ascomycota,Dothideomycetes,Pleosporales,Coniothyriaceae,Coniothyrium,NA
ASV_3098,Fungi,Chlorophyta,Trebouxiophyceae,Watanabeales,NA,Chloroidium,Chloroidium_lichenum
ASV_3099,Fungi,Ascomycota,Dothideomycetes,Pleosporales,Phaeosphaeriaceae,Neosetophoma,Neosetophoma_guiyangensis
ASV_3100,Fungi,Ascomycota,Dothideomycetes,Capnodiales,Capnodiaceae,Chaetocapnodium,Chaetocapnodium_zapotae
ASV_3101,Fungi,Ascomycota,Dothideomycetes,Mycosphaerellales,Extremaceae,Paradevriesia,Paradevriesia_pseudoamericana
ASV_3102,Fungi,Chlorophyta,Trebouxiophyceae,Microthamniales,NA,NA,uncultured_Microthamniales
ASV_3103,Fungi,Ascomycota,Dothideomycetes,Pleosporales,Phaeosphaeriaceae,Neosetophoma,Neosetophoma_poaceicola
ASV_3104,Fungi,Ascomycota,Pezizomycetes,Pezizales,Pezizaceae,NA,uncultured_Pezizaceae
ASV_3105,Fungi,Basidiomycota,Cystobasidiomycetes,Naohideales,Naohideaceae,Naohidea,Naohidea_sebacea
ASV_3106,Fungi,Basidiomycota,Cystobasidiomycetes,Cystobasidiomycetes_ord_Incertae_sedis,Symmetrosporaceae,Symmetrospora,Symmetrospora_coprosmae
ASV_3107,Fungi,Streptophyta,Magnoliopsida,Asterales,Asteraceae,Erigeron,Erigeron_divergens
ASV_3108,Fungi,Chlorophyta,Trebouxiophyceae,Watanabeales,NA,Chloroidium,Chloroidium_sp._LV-2018
ASV_3109,Fungi,NA,NA,NA,NA,NA,NA
ASV_3110,Fungi,Ascomycota,Dothideomycetes,Pleosporales,Pleosporaceae,Pyrenophora,Pyrenophora_biseptata
ASV_3111,Fungi,Ascomycota,Dothideomycetes,Pleosporales,Torulaceae,Torula,Torula_herbarum
ASV_3112,Fungi,Ascomycota,Dothideomycetes,Pleosporales,Pleosporaceae,Pyrenophora,Pyrenophora_dictyoides
ASV_3113,Fungi,Mucoromycota,Mucoromycetes,Mucorales,Mucoraceae,Mucor,Mucor_circinelloides
ASV_3114,Fungi,Ascomycota,Sordariomycetes,Coronophorales,Ceratostomataceae,Harzia,Harzia_patula
ASV_3115,Fungi,Ascomycota,Dothideomycetes,Pleosporales,Didymosphaeriaceae,Neptunomyces,Neptunomyces_litoralis
ASV_3116,Fungi,Streptophyta,Magnoliopsida,Fabales,Fabaceae,Lotus,Lotus_pedunculatus
ASV_3117,Fungi,Ascomycota,Dothideomycetes,Pleosporales,Didymosphaeriaceae,Paraphaeosphaeria,michotii
ASV_3118,Fungi,Streptophyta,Magnoliopsida,Poales,Poaceae,Paspalum,Paspalum_dilatatum
ASV_3119,Fungi,Ascomycota,Dothideomycetes,Pleosporales,Didymosphaeriaceae,Neptunomyces,Neptunomyces_litoralis
ASV_3120,Fungi,Chlorophyta,Trebouxiophyceae,Watanabeales,NA,Chloroidium,Chloroidium_orientale
ASV_3121,Fungi,Streptophyta,Magnoliopsida,Lamiales,Plantaginaceae,Veronica,Veronica_pinguifolia
ASV_3122,Fungi,Streptophyta,Magnoliopsida,Asterales,Asteraceae,Crepis,Crepis_capillaris
ASV_3123,Fungi,Ascomycota,Dothideomycetes,Pleosporales,Didymellaceae,Phoma,Phoma_sp._C2/14
ASV_3124,Fungi,Ascomycota,Eurotiomycetes,Eurotiales,Aspergillaceae,Aspergillus,Aspergillus_fumigatus
ASV_3125,Fungi,NA,NA,NA,NA,NA,NA
ASV_3126,Fungi,Streptophyta,Magnoliopsida,Lamiales,Plantaginaceae,Veronica,Veronica_chathamica
ASV_3127,Fungi,Basidiomycota,Tremellomycetes,Filobasidiales,Filobasidiaceae,Filobasidium,Filobasidium_chernovii
ASV_3128,Fungi,Basidiomycota,Tremellomycetes,Tremellales,Rhynchogastremaceae,Papiliotrema,NA
ASV_3129,Fungi,Chytridiomycota,Chytridiomycota_cls_Incertae_sedis,Chytridiomycota_ord_Incertae_sedis,Chytridiomycota_fam_Incertae_sedis,Chytridiomycota_gen_Incertae_sedis,NA
ASV_3130,Fungi,Basidiomycota,Cystobasidiomycetes,NA,Symmetrosporaceae,Symmetrospora,Symmetrospora_sp.
ASV_3131,Fungi,NA,NA,NA,NA,NA,NA
ASV_3132,Fungi,Streptophyta,Magnoliopsida,Malvales,Malvaceae,Ripariosida,Ripariosida_hermaphrodita
ASV_3133,Fungi,Ascomycota,Eurotiomycetes,Eurotiales,Aspergillaceae,Penicillium,Penicillium_brevicompactum
ASV_3134,Fungi,Streptophyta,Magnoliopsida,Gentianales,Rubiaceae,Coprosma,Coprosma_rigida
ASV_3135,Fungi,Streptophyta,Magnoliopsida,Oxalidales,Elaeocarpaceae,Elaeocarpus,Elaeocarpus_hookerianus
ASV_3136,Fungi,Ascomycota,Dothideomycetes,Pleosporales,Phaeosphaeriaceae,Phaeosphaeriopsis,Phaeosphaeriopsis_sp._PHY-22
ASV_3137,Fungi,Streptophyta,Magnoliopsida,Asterales,Asteraceae,Leontodon,Leontodon_saxatilis
ASV_3138,Fungi,Ascomycota,Dothideomycetes,Pleosporales,Phaeosphaeriaceae,Phaeosphaeria,Phaeosphaeria_tofieldiae
ASV_3139,Fungi,Basidiomycota,Tremellomycetes,Tremellales,Tremellales_fam_Incertae_sedis,Tremellales_gen_Incertae_sedis,NA
ASV_3140,Fungi,Streptophyta,Magnoliopsida,Ranunculales,Ranunculaceae,Ranunculus,Ranunculus_bulbosus
ASV_3141,Fungi,Ascomycota,Sordariomycetes,Hypocreales,Sarocladiaceae,Sarocladium,Sarocladium_spirale
ASV_3142,Fungi,Ascomycota,Dothideomycetes,Pleosporales,Phaeosphaeriaceae,NA,NA
ASV_3143,Fungi,Ascomycota,Dothideomycetes,Mycosphaerellales,Teratosphaeriaceae,Microcyclospora,NA
ASV_3144,Fungi,Basidiomycota,Agaricomycetes,Polyporales,Phanerochaetaceae,Bjerkandera,Bjerkandera_ecuadorensis
ASV_3145,Fungi,Ascomycota,Saccharomycetes,Saccharomycetales,Saccharomycetaceae,Arxiozyma,Arxiozyma_pintolopesii
ASV_3146,Fungi,Ascomycota,Dothideomycetes,Pleosporales,Thyridariaceae,Parathyridaria,Parathyridaria_ellipsoidea
ASV_3147,Fungi,Streptophyta,Magnoliopsida,Poales,Poaceae,Festuca,Festuca_pratensis
ASV_3148,Fungi,Ascomycota,Dothideomycetes,Pleosporales,Periconiaceae,Periconia,Periconia_celtidis
ASV_3149,Fungi,Ascomycota,Taphrinomycetes,Taphrinales,Taphrinaceae,Taphrina,Taphrina_inositophila
ASV_3150,Fungi,Basidiomycota,Cystobasidiomycetes,Buckleyzymales,Buckleyzymaceae,Buckleyzyma,Buckleyzyma_armeniaca
ASV_3151,Fungi,Mucoromycota,Mucoromycetes,Mucorales,Mucoraceae,Mucor,Mucor_hiemalis
ASV_3152,Fungi,Ascomycota,Dothideomycetes,Pleosporales,Phaeosphaeriaceae,Neosetophoma,Neosetophoma_guiyangensis
ASV_3153,Fungi,Chlorophyta,Trebouxiophyceae,Watanabeales,NA,Jaagichlorella,Jaagichlorella_adherens
ASV_3154,Fungi,Streptophyta,Magnoliopsida,Fabales,Fabaceae,Cercis,Cercis_siliquastrum
ASV_3155,Fungi,Streptophyta,Magnoliopsida,Asterales,Asteraceae,Leucanthemum,Leucanthemum_pyrenaicum
ASV_3156,Fungi,Streptophyta,Magnoliopsida,Lamiales,Plantaginaceae,Veronica,Veronica_formosa
ASV_3157,Fungi,Basidiomycota,Tremellomycetes,Cystofilobasidiales,Cystofilobasidiaceae,Cystofilobasidium,Cystofilobasidium_macerans
ASV_3158,Fungi,Ascomycota,Dothideomycetes,Pleosporales,Phaeosphaeriaceae,NA,Phaeosphaeriaceae_sp.
ASV_3159,Fungi,Ascomycota,Sordariomycetes,Amphisphaeriales,Sporocadaceae,Seimatosporium,Seimatosporium_lichenicola
ASV_3160,Fungi,Ascomycota,NA,NA,NA,NA,NA
ASV_3161,Fungi,NA,NA,NA,NA,NA,NA
ASV_3162,Fungi,Chlorophyta,Trebouxiophyceae,Watanabeales,NA,Chloroidium,Chloroidium_saccharophilum
ASV_3163,Fungi,Ascomycota,Eurotiomycetes,Eurotiales,Aspergillaceae,Penicillium,Penicillium_paradoxum
ASV_3164,Fungi,Ascomycota,Dothideomycetes,Acrospermales,Acrospermaceae,Gonatophragmium,Gonatophragmium_epilobii
ASV_3165,Fungi,Ascomycota,Eurotiomycetes,Eurotiales,Aspergillaceae,Penicillium,Penicillium_paneum
ASV_3166,Fungi,Basidiomycota,Agaricostilbomycetes,Agaricostilbales,Kondoaceae,Bensingtonia,Bensingtonia_rectispora
ASV_3167,Fungi,Streptophyta,Magnoliopsida,Cucurbitales,Coriariaceae,Coriaria,Coriaria_lurida
ASV_3168,Fungi,Basidiomycota,Cystobasidiomycetes,Buckleyzymales,Buckleyzymaceae,Buckleyzyma,Buckleyzyma_armeniaca
ASV_3169,Fungi,Chytridiomycota,Chytridiomycota_cls_Incertae_sedis,Chytridiomycota_ord_Incertae_sedis,Chytridiomycota_fam_Incertae_sedis,Chytridiomycota_gen_Incertae_sedis,NA
ASV_3170,Fungi,Ascomycota,Saccharomycetes,Saccharomycetales,Saccharomycetaceae,Monosporozyma,Monosporozyma_servazzii
ASV_3171,Fungi,Basidiomycota,Cystobasidiomycetes,Cystobasidiomycetes_ord_Incertae_sedis,Symmetrosporaceae,Symmetrospora,Symmetrospora_gracilis
ASV_3172,Fungi,Ascomycota,Dothideomycetes,Pleosporales,Periconiaceae,Periconia,Periconia_celtidis
ASV_3173,Fungi,Ascomycota,Dothideomycetes,Pleosporales,Phaeosphaeriaceae,NA,NA
ASV_3174,Fungi,Ascomycota,Sordariomycetes,Sordariales,NA,NA,uncultured_Sordariales
ASV_3175,Fungi,Chlorophyta,Trebouxiophyceae,Watanabeales,NA,Kalinella,Kalinella_aerea
ASV_3176,Fungi,Ascomycota,Dothideomycetes,Pleosporales,Pleosporaceae,Alternaria,Alternaria_abundans
ASV_3177,Fungi,Streptophyta,Magnoliopsida,Poales,Poaceae,Triticum,Triticum_turgidum
ASV_3178,Fungi,Streptophyta,Magnoliopsida,Myrtales,Myrtaceae,Lophomyrtus,Lophomyrtus_bullata_x_Lophomyrtus_orbcordata
ASV_3179,Fungi,Streptophyta,Magnoliopsida,Lamiales,Plantaginaceae,Veronica,Veronica_chathamica
ASV_3180,Fungi,Ascomycota,Dothideomycetes,Pleosporales,Phaeosphaeriaceae,Didymocyrtis,Didymocyrtis_septata
ASV_3181,Fungi,Chlorophyta,Chlorophyceae,Sphaeropleales,Scenedesmaceae,Coelastrella,Coelastrella_sp._SAG_2123
ASV_3182,Fungi,Basidiomycota,Agaricomycetes,Agaricales,Pleurotaceae,Pleurotus,Pleurotus_purpureo-olivaceus
ASV_3183,Fungi,Streptophyta,Magnoliopsida,Asterales,Asteraceae,Taraxacum,Taraxacum_officinale
ASV_3184,Fungi,Ascomycota,Eurotiomycetes,Eurotiales,Aspergillaceae,Penicillium,Penicillium_sp._MV-2018B
ASV_3185,Fungi,Streptophyta,Magnoliopsida,Poales,Poaceae,Danthonia,Danthonia_decumbens
ASV_3186,Fungi,Streptophyta,Magnoliopsida,Fabales,Fabaceae,Lotus,Lotus_angustissimus
ASV_3187,Fungi,Basidiomycota,Microbotryomycetes,Sporidiobolales,Sporidiobolaceae,Sporobolomyces,Sporobolomyces_roseus
ASV_3188,Fungi,Ascomycota,Dothideomycetes,Pleosporales,Didymosphaeriaceae,Paraphaeosphaeria,Paraphaeosphaeria_neglecta
ASV_3189,Fungi,Ascomycota,Dothideomycetes,Pleosporales,Phaeosphaeriaceae,Septoriella,Septoriella_subcylindrospora
ASV_3190,Fungi,Streptophyta,Magnoliopsida,Apiales,Apiaceae,Daucus,Daucus_crinitus
ASV_3191,Fungi,Ascomycota,Dothideomycetes,Pleosporales,Didymellaceae,Epicoccum,Epicoccum_nigrum
ASV_3192,Fungi,Ascomycota,Dothideomycetes,Dothideales,Saccotheciaceae,Banningia,Banningia_maryelizabethiae
ASV_3193,Fungi,Basidiomycota,Agaricomycetes,Polyporales,Polyporaceae,Neofomitella,Neofomitella_rhodophaea
ASV_3194,Fungi,Basidiomycota,Cystobasidiomycetes,Erythrobasidiales,Erythrobasidiaceae,Erythrobasidium,Erythrobasidium_sp.
ASV_3195,Fungi,Ascomycota,Dothideomycetes,Pleosporales,Phaeosphaeriaceae,Didymocyrtis,Didymocyrtis_pini
ASV_3196,Fungi,Basidiomycota,Agaricomycetes,Agaricales,Marasmiaceae,Crinipellis,Crinipellis_substipitaria
ASV_3197,Fungi,Streptophyta,Magnoliopsida,Fagales,Betulaceae,Alnus,Alnus_cordata
ASV_3198,Fungi,Ascomycota,Sordariomycetes,NA,NA,NA,NA
ASV_3199,Fungi,Ascomycota,Saccharomycetes,Saccharomycetales,Saccharomycetaceae,Arxiozyma,Arxiozyma_pintolopesii
ASV_3200,Fungi,Streptophyta,Magnoliopsida,Rosales,Rosaceae,Rosa,Rosa_agrestis
ASV_3201,Fungi,Ascomycota,Dothideomycetes,Pleosporales,Didymellaceae,Calophoma,NA
ASV_3202,Fungi,Streptophyta,Magnoliopsida,Apiales,Apiaceae,Daucus,Daucus_carota
ASV_3203,Fungi,Ascomycota,Saccharomycetes,Saccharomycetales,Pichiaceae,Pichia,Pichia_eremophila
ASV_3204,Fungi,Ascomycota,Dothideomycetes,Pleosporales,Periconiaceae,Periconia,Periconia_chimonanthi
ASV_3205,Fungi,Basidiomycota,Cystobasidiomycetes,Erythrobasidiales,Erythrobasidiaceae,Bannoa,Bannoa_tropicalis
ASV_3206,Fungi,Chlorophyta,Trebouxiophyceae,Watanabeales,NA,Chloroidium,Chloroidium_sp._LV-2018
ASV_3207,Fungi,Chlorophyta,Trebouxiophyceae,Watanabeales,NA,Jaagichlorella,Jaagichlorella_adherens
ASV_3208,Fungi,Ascomycota,Dothideomycetes,Pleosporales,Phaeosphaeriaceae,Septoriella,Septoriella_subcylindrospora
ASV_3209,Fungi,Ascomycota,Dothideomycetes,Pleosporales,Leptosphaeriaceae,NA,NA
ASV_3210,Fungi,Ascomycota,Dothideomycetes,Pleosporales,Dictyosporiaceae,Pseudocoleophoma,Pseudocoleophoma_paraphysoidea
ASV_3211,Fungi,NA,NA,NA,NA,NA,NA
ASV_3212,Fungi,Chlorophyta,Trebouxiophyceae,NA,NA,Pseudostichococcus,Pseudostichococcus_sp.
ASV_3213,Fungi,Streptophyta,Magnoliopsida,Malvales,Thymelaeaceae,Pimelea,Pimelea_oreophila
ASV_3214,Fungi,Mucoromycota,Mucoromycetes,Mucorales,Mucoraceae,Mucor,Mucor_fragilis
ASV_3215,Fungi,Basidiomycota,Tremellomycetes,Cystofilobasidiales,Mrakiaceae,Udeniomyces,Udeniomyces_pyricola
ASV_3216,Fungi,Streptophyta,Magnoliopsida,Asterales,Asteraceae,Crepis,Crepis_capillaris
ASV_3217,Fungi,NA,NA,NA,NA,NA,NA
ASV_3218,Fungi,Ascomycota,Dothideomycetes,Pleosporales,Sporormiaceae,Preussia,Preussia_persica
ASV_3219,Fungi,Basidiomycota,Cystobasidiomycetes,Erythrobasidiales,Erythrobasidiaceae,Erythrobasidium,NA
ASV_3220,Fungi,Streptophyta,Magnoliopsida,Malvales,Malvaceae,Plagianthus,Plagianthus_regius
ASV_3221,Fungi,Ascomycota,Dothideomycetes,Pleosporales,Dictyosporiaceae,Dictyosporiaceae_gen_Incertae_sedis,NA
ASV_3222,Fungi,Basidiomycota,Cystobasidiomycetes,Naohideales,Naohideaceae,Naohidea,Naohidea_sebacea
ASV_3223,Fungi,Basidiomycota,Tremellomycetes,Tremellales,Bulleribasidiaceae,Vishniacozyma,NA
ASV_3224,Fungi,Chlorophyta,Trebouxiophyceae,Prasiolales,Stichococcaceae,Deuterostichococcus,Deuterostichococcus_sp._1_SC-2021
ASV_3225,Fungi,Ascomycota,Sordariomycetes,Coronophorales,Scortechiniaceae,Parasympodiella,Parasympodiella_elongata
ASV_3226,Fungi,Pseudomonadota,Gammaproteobacteria,Enterobacterales,Enterobacteriaceae,Escherichia,Escherichia_coli
ASV_3227,Fungi,Streptophyta,Magnoliopsida,Malpighiales,Salicaceae,Salix,Salix_matsudana
ASV_3228,Fungi,NA,NA,NA,NA,NA,NA
ASV_3229,Fungi,Streptophyta,Magnoliopsida,Malvales,Malvaceae,Ripariosida,Ripariosida_hermaphrodita
ASV_3230,Fungi,Ascomycota,Dothideomycetes,Pleosporales,NA,NA,NA
ASV_3231,Fungi,Streptophyta,Magnoliopsida,Apiales,Apiaceae,Daucus,Daucus_carota
ASV_3232,Fungi,Ascomycota,Dothideomycetes,Pleosporales,Pleosporaceae,Alternaria,Alternaria_inflata
ASV_3233,Fungi,Basidiomycota,Cystobasidiomycetes,Erythrobasidiales,Erythrobasidiaceae,Erythrobasidium,Erythrobasidium_sp.
ASV_3234,Fungi,Streptophyta,Magnoliopsida,Poales,Poaceae,Lolium,Lolium_perenne
ASV_3235,Fungi,Basidiomycota,Tremellomycetes,Tremellales,Bulleribasidiaceae,Dioszegia,NA
ASV_3236,Fungi,Ascomycota,Eurotiomycetes,Eurotiales,Aspergillaceae,Aspergillus,Aspergillus_ruber
ASV_3237,Fungi,Fungi_phy_Incertae_sedis,Fungi_cls_Incertae_sedis,Fungi_ord_Incertae_sedis,Fungi_fam_Incertae_sedis,Fungi_gen_Incertae_sedis,NA
ASV_3238,Fungi,Ascomycota,Dothideomycetes,Pleosporales,Bambusicolaceae,Corylicola,Corylicola_italica
ASV_3239,Fungi,Ascomycota,Sordariomycetes,Myrmecridiales,Myrmecridiaceae,Myrmecridium,Myrmecridium_schulzeri
ASV_3240,Fungi,Ascomycota,Dothideomycetes,Pleosporales,Didymosphaeriaceae,Kalmusia,Kalmusia_araucariae
ASV_3241,Fungi,Ascomycota,Eurotiomycetes,Eurotiales,Aspergillaceae,Penicillium,Penicillium_sp._MV-2018B
ASV_3242,Fungi,Ascomycota,Saccharomycetes,Phaffomycetales,Wickerhamomycetaceae,Wickerhamomyces,Wickerhamomyces_anomalus
ASV_3243,Fungi,Basidiomycota,Tremellomycetes,Filobasidiales,Filobasidiaceae,Filobasidium,Filobasidium_wieringae
ASV_3244,Fungi,Basidiomycota,Tremellomycetes,Tremellales,Bulleribasidiaceae,Dioszegia,Dioszegia_sp.
ASV_3245,Fungi,Basidiomycota,Tremellomycetes,Filobasidiales,Filobasidiaceae,Filobasidium,Filobasidium_wieringae
ASV_3246,Fungi,Uroviricota,Caudoviricetes,NA,NA,NA,Caudoviricetes_sp.
ASV_3247,Fungi,Ascomycota,Dothideomycetes,Pleosporales,Sporormiaceae,Westerdykella,Westerdykella_dispersa
ASV_3248,Fungi,Streptophyta,Magnoliopsida,Fagales,Fagaceae,Quercus,Quercus_palustris
ASV_3249,Fungi,NA,NA,NA,NA,NA,NA
ASV_3250,Fungi,Ascomycota,Dothideomycetes,Mycosphaerellales,Mycosphaerellaceae,Pseudocercospora,Pseudocercospora_platanigena
ASV_3251,Fungi,Olpidiomycota,Olpidiomycota_cls_Incertae_sedis,Olpidiomycota_ord_Incertae_sedis,Olpidiomycota_fam_Incertae_sedis,Olpidiomycota_gen_Incertae_sedis,NA
ASV_3252,Fungi,Basidiomycota,Tremellomycetes,Filobasidiales,Filobasidiaceae,Filobasidium,Filobasidium_globosum
ASV_3253,Fungi,Ascomycota,Dothideomycetes,Pleosporales,Phaeosphaeriaceae,Phaeosphaeria,NA
ASV_3254,Fungi,NA,NA,NA,NA,NA,NA
ASV_3255,Fungi,Streptophyta,Magnoliopsida,Myrtales,Myrtaceae,Eucalyptus,Eucalyptus_pulverulenta
ASV_3256,Fungi,Chlorophyta,Trebouxiophyceae,NA,NA,NA,uncultured_Coccomyxa
ASV_3257,Fungi,Ascomycota,Dothideomycetes,Pleosporales,Teichosporaceae,Pseudocyclothyriella,NA
ASV_3258,Fungi,Chytridiomycota,Chytridiomycota_cls_Incertae_sedis,Chytridiomycota_ord_Incertae_sedis,Chytridiomycota_fam_Incertae_sedis,Chytridiomycota_gen_Incertae_sedis,NA
ASV_3259,Fungi,Ascomycota,Dothideomycetes,Pleosporales,Periconiaceae,Periconia,Periconia_neominutissima
ASV_3260,Fungi,Ascomycota,Eurotiomycetes,Eurotiales,Aspergillaceae,Aspergillus,Aspergillus_ruber
ASV_3261,Fungi,Basidiomycota,Cystobasidiomycetes,NA,NA,NA,NA
ASV_3262,Fungi,Chytridiomycota,Chytridiomycota_cls_Incertae_sedis,Chytridiomycota_ord_Incertae_sedis,Chytridiomycota_fam_Incertae_sedis,Chytridiomycota_gen_Incertae_sedis,NA
ASV_3263,Fungi,Chlorophyta,Trebouxiophyceae,Watanabeales,NA,Jaagichlorella,Jaagichlorella_roystonensis
ASV_3264,Fungi,Ascomycota,Saccharomycetes,Saccharomycetales,Saccharomycetaceae,Nakaseomyces,Nakaseomyces_bracarensis
ASV_3265,Fungi,Basidiomycota,Exobasidiomycetes,Exobasidiales,Graphiolaceae,Graphiola,Graphiola_phoenicis
ASV_3266,Fungi,Ascomycota,Dothideomycetes,Pleosporales,Lentitheciaceae,Phragmocamarosporium,Phragmocamarosporium_qujingensis
ASV_3267,Fungi,Streptophyta,Magnoliopsida,Lamiales,Plantaginaceae,Veronica,Veronica_pinguifolia
ASV_3268,Fungi,Streptophyta,Magnoliopsida,Myrtales,Myrtaceae,Eucalyptus,Eucalyptus_botryoides
ASV_3269,Fungi,Chlorophyta,Trebouxiophyceae,Watanabeales,NA,Jaagichlorella,Jaagichlorella_roystonensis
ASV_3270,Fungi,Chlorophyta,Trebouxiophyceae,Watanabeales,NA,Chloroidium,Chloroidium_ellipsoideum
ASV_3271,Fungi,Chlorophyta,Trebouxiophyceae,Watanabeales,NA,Chloroidium,Chloroidium_sp._NN-2-O
ASV_3272,Fungi,Ascomycota,Dothideomycetes,Pleosporales,Didymellaceae,Neoascochyta,Neoascochyta_paspali
ASV_3273,Fungi,Basidiomycota,Tremellomycetes,Trichosporonales,Trichosporonaceae,Apiotrichum,Apiotrichum_gracile
ASV_3274,Fungi,Ascomycota,Dothideomycetes,Pleosporales,Periconiaceae,Periconia,Periconia_sp.
ASV_3275,Fungi,Mucoromycota,Mucoromycetes,Mucorales,Mucoraceae,Mucor,Mucor_harpali
ASV_3276,Fungi,Basidiomycota,Tremellomycetes,Tremellales,Rhynchogastremaceae,Papiliotrema,Papiliotrema_nemorosa
ASV_3277,Fungi,Ascomycota,Dothideomycetes,Pleosporales,Torulaceae,Torula,Torula_fici
ASV_3278,Fungi,Ascomycota,Dothideomycetes,Pleosporales,Amorosiaceae,Angustimassarina,Angustimassarina_acerina
ASV_3279,Fungi,Mucoromycota,Mucoromycetes,Mucorales,Mucoraceae,Mucor,Mucor_circinelloides
ASV_3280,Fungi,Ascomycota,Dothideomycetes,Pleosporales,Sporormiaceae,Preussia,Preussia_persica
ASV_3281,Fungi,Chlorophyta,Trebouxiophyceae,Trebouxiales,Trebouxiaceae,Trebouxia,uncultured_Trebouxia_photobiont
ASV_3282,Fungi,Chlorophyta,Trebouxiophyceae,Trebouxiales,Trebouxiaceae,Trebouxia,Trebouxia_sp._TPP1
ASV_3283,Fungi,Ascomycota,Eurotiomycetes,Eurotiales,Aspergillaceae,Penicillium,Penicillium_paneum
ASV_3284,Fungi,Chlorophyta,Trebouxiophyceae,Watanabeales,NA,Chloroidium,Chloroidium_ellipsoideum
ASV_3285,Fungi,Chytridiomycota,Chytridiomycota_cls_Incertae_sedis,Chytridiomycota_ord_Incertae_sedis,Chytridiomycota_fam_Incertae_sedis,Chytridiomycota_gen_Incertae_sedis,NA
ASV_3286,Fungi,Mucoromycota,Mucoromycetes,Mucorales,Mucoraceae,Mucor,Mucor_racemosus
ASV_3287,Fungi,Basidiomycota,Tremellomycetes,Tremellales,Trimorphomycetaceae,Saitozyma,Saitozyma_paraflava
ASV_3288,Fungi,Streptophyta,Magnoliopsida,Rosales,Rosaceae,Rosa,Rosa_omeiensis
ASV_3289,Fungi,Streptophyta,Magnoliopsida,Lamiales,Plantaginaceae,Plantago,Plantago_lanceolata
ASV_3290,Fungi,Basidiomycota,Microbotryomycetes,Sporidiobolales,Sporidiobolaceae,Rhodotorula,Rhodotorula_ngohengohe
ASV_3291,Fungi,Chytridiomycota,Chytridiomycota_cls_Incertae_sedis,Chytridiomycota_ord_Incertae_sedis,Chytridiomycota_fam_Incertae_sedis,Chytridiomycota_gen_Incertae_sedis,NA
ASV_3292,Fungi,Ascomycota,Dothideomycetes,Pleosporales,NA,NA,NA
ASV_3293,Fungi,Streptophyta,Magnoliopsida,Malvales,Malvaceae,Ripariosida,Ripariosida_hermaphrodita
ASV_3294,Fungi,Ascomycota,Dothideomycetes,Pleosporales,Periconiaceae,Periconia,NA
ASV_3295,Fungi,Ascomycota,Dothideomycetes,Pleosporales,Pleosporaceae,Pyrenophora,NA
ASV_3296,Fungi,Streptophyta,Magnoliopsida,Apiales,Araliaceae,Hedera,Hedera_helix
ASV_3297,Fungi,Streptophyta,Magnoliopsida,Asterales,Asteraceae,Craspedia,Craspedia_sp._CHR514290
ASV_3298,Fungi,NA,NA,NA,NA,NA,NA
ASV_3299,Fungi,Ascomycota,Dothideomycetes,Dothideomycetes_ord_Incertae_sedis,Dothideomycetes_fam_Incertae_sedis,Radulidium,Radulidium_subulatum
ASV_3300,Fungi,Basidiomycota,Cystobasidiomycetes,Buckleyzymales,Buckleyzymaceae,Buckleyzyma,Buckleyzyma_armeniaca
ASV_3301,Fungi,Streptophyta,Magnoliopsida,Asterales,Asteraceae,Bellis,Bellis_perennis
ASV_3302,Fungi,Streptophyta,Magnoliopsida,Malvales,Malvaceae,Hoheria,Hoheria_angustifolia
ASV_3303,Fungi,Ascomycota,Dothideomycetes,Pleosporales,Didymosphaeriaceae,Kalmusia,Kalmusia_araucariae
ASV_3304,Fungi,Basidiomycota,Microbotryomycetes,Sporidiobolales,Sporidiobolaceae,Sporobolomyces,Sporobolomyces_ruberrimus
ASV_3305,Fungi,Ascomycota,Sordariomycetes,Hypocreales,Cordycipitaceae,Beauveria,Beauveria_pseudobassiana
ASV_3306,Fungi,Chlorophyta,Trebouxiophyceae,Watanabeales,NA,Chloroidium,Chloroidium_lichenum
ASV_3307,Fungi,Ascomycota,Dothideomycetes,Pleosporales,Amniculicolaceae,Fusiformispora,Fusiformispora_clematidis
ASV_3308,Fungi,Ascomycota,Dothideomycetes,Mycosphaerellales,Mycosphaerellaceae,Zymoseptoria,NA
ASV_3309,Fungi,Basidiomycota,Tremellomycetes,Tremellales,Bulleribasidiaceae,Vishniacozyma,Vishniacozyma_dimennae
ASV_3310,Fungi,NA,NA,NA,NA,NA,NA
ASV_3311,Fungi,Basidiomycota,Exobasidiomycetes,Exobasidiales,Exobasidiaceae,Exobasidium,Exobasidium_camelliae
ASV_3312,Fungi,Ascomycota,Saccharomycetes,Saccharomycetales,Pichiaceae,Pichia,Pichia_garciniae
ASV_3313,Fungi,Ascomycota,Saccharomycetes,Saccharomycetales,Saccharomycetaceae,Torulaspora,Torulaspora_sp.
ASV_3314,Fungi,NA,NA,NA,NA,NA,NA
ASV_3315,Fungi,Chlorophyta,Trebouxiophyceae,Trebouxiales,Trebouxiaceae,Trebouxia,Trebouxia_sp._AM-2018
ASV_3316,Fungi,Ascomycota,Sordariomycetes,Xylariales,Hypoxylaceae,Daldinia,Daldinia_sp.
ASV_3317,Fungi,Basidiomycota,Tremellomycetes,Tremellales,Bulleribasidiaceae,Vishniacozyma,Vishniacozyma_heimaeyensis
ASV_3318,Fungi,Basidiomycota,Exobasidiomycetes,Microstromatales,Microstromataceae,Microstroma,Microstroma_bacarum
ASV_3319,Fungi,Uroviricota,Caudoviricetes,NA,NA,NA,Caudoviricetes_sp.
ASV_3320,Fungi,Basidiomycota,Cystobasidiomycetes,Cystobasidiomycetes_ord_Incertae_sedis,NA,NA,NA
ASV_3321,Fungi,Streptophyta,Magnoliopsida,Asterales,Asteraceae,Erigeron,Erigeron_sp._MIB:SASS:0442
ASV_3322,Fungi,Ascomycota,Dothideomycetes,Pleosporales,Phaeosphaeriaceae,Didymocyrtis,Didymocyrtis_pini
ASV_3323,Fungi,Ascomycota,Dothideomycetes,Pleosporales,Pleosporaceae,Pyrenophora,Pyrenophora_poae
ASV_3324,Fungi,Chytridiomycota,Chytridiomycota_cls_Incertae_sedis,Chytridiomycota_ord_Incertae_sedis,Chytridiomycota_fam_Incertae_sedis,Chytridiomycota_gen_Incertae_sedis,NA
ASV_3325,Fungi,Basidiomycota,Microbotryomycetes,Sporidiobolales,Sporidiobolaceae,Rhodotorula,Rhodotorula_taiwanensis
ASV_3326,Fungi,Basidiomycota,Tremellomycetes,Tremellales,Cryptococcaceae,Cryptococcus,Cryptococcus_nyarrowii
ASV_3327,Fungi,Blastocladiomycota,Blastocladiomycetes,Blastocladiales,Blastocladiales_fam_Incertae_sedis,Myrmicinosporidium,Myrmicinosporidium_durum
ASV_3328,Fungi,Streptophyta,Magnoliopsida,Poales,Poaceae,Triticum,Triticum_turgidum
ASV_3329,Fungi,Streptophyta,Magnoliopsida,Poales,Poaceae,Lolium,Lolium_perenne
ASV_3330,Fungi,NA,NA,NA,NA,NA,NA
ASV_3331,Fungi,Chlorophyta,Trebouxiophyceae,Watanabeales,NA,Jaagichlorella,Jaagichlorella_adherens
ASV_3332,Fungi,NA,NA,NA,NA,NA,NA
ASV_3333,Fungi,Ascomycota,Dothideomycetes,Acrospermales,Acrospermaceae,Gonatophragmium,Gonatophragmium_epilobii
ASV_3334,Fungi,NA,NA,NA,NA,NA,NA
ASV_3335,Fungi,Ascomycota,Eurotiomycetes,Eurotiales,Aspergillaceae,Penicillium,Penicillium_brevicompactum
ASV_3336,Fungi,Ascomycota,Dothideomycetes,Pleosporales,Leptosphaeriaceae,Sphaerellopsis,Sphaerellopsis_macroconidialis
ASV_3337,Fungi,Ascomycota,Dothideomycetes,Pleosporales,Phaeosphaeriaceae,Ampelomyces,Ampelomyces_quisqualis
ASV_3338,Fungi,Ascomycota,Dothideomycetes,Pleosporales,Phaeosphaeriaceae,Paraphoma,Paraphoma_rhaphiolepidis
ASV_3339,Fungi,Streptophyta,Magnoliopsida,Asterales,Asteraceae,NA,Hypochaeris_environmental_sample
ASV_3340,Fungi,Streptophyta,Magnoliopsida,Myrtales,Myrtaceae,Lophomyrtus,Lophomyrtus_bullata_x_Lophomyrtus_orbcordata
ASV_3341,Fungi,Streptophyta,Magnoliopsida,Caryophyllales,Montiaceae,Montia,Montia_fontana
ASV_3342,Fungi,Ascomycota,Dothideomycetes,Dothideales,Saccotheciaceae,Aureobasidium,Aureobasidium_sp._D160
ASV_3343,Fungi,Chlorophyta,Trebouxiophyceae,Watanabeales,NA,Chloroidium,Chloroidium_sp._OD-1-1-K
ASV_3344,Fungi,Ascomycota,Dothideomycetes,Pleosporales,Pleosporaceae,Bipolaris,NA
ASV_3345,Fungi,Ascomycota,Dothideomycetes,Venturiales,Venturiaceae,Venturia,Venturia_cerasi
ASV_3346,Fungi,Mucoromycota,Mucoromycetes,Mucorales,Mucoraceae,Mucor,Mucor_ramosissimus
ASV_3347,Fungi,Streptophyta,Magnoliopsida,Malvales,Malvaceae,Plagianthus,Plagianthus_regius
ASV_3348,Fungi,Streptophyta,Magnoliopsida,Poales,Poaceae,Elymus,Elymus_virginicus
ASV_3349,Fungi,Ascomycota,Dothideomycetes,NA,NA,Leptospora,Leptospora_rubella
ASV_3350,Fungi,NA,NA,NA,NA,NA,NA
ASV_3351,Fungi,Ascomycota,Dothideomycetes,Pleosporales,Phaeosphaeriaceae,Didymocyrtis,Didymocyrtis_septata
ASV_3352,Fungi,Basidiomycota,Tremellomycetes,Tremellales,Rhynchogastremaceae,Papiliotrema,Papiliotrema_nemorosa
ASV_3353,Fungi,Basidiomycota,Tremellomycetes,Tremellales,Bulleribasidiaceae,Hannaella,Hannaella_zeae
ASV_3354,Fungi,Basidiomycota,Tremellomycetes,Tremellales,Bulleribasidiaceae,Dioszegia,Dioszegia_zsoltii_var._yunnanensis_(nom._inval.)
ASV_3355,Fungi,Basidiomycota,Tremellomycetes,Tremellales,Bulleraceae,Bullera,Bullera_alba
ASV_3356,Fungi,Ascomycota,Dothideomycetes,Pleosporales,Pleosporaceae,Stemphylium,Stemphylium_trifolii
ASV_3357,Fungi,Ascomycota,Dothideomycetes,Dothideales,Dothideaceae,Dothiora,NA
ASV_3358,Fungi,Ascomycota,Dothideomycetes,Dothideales,Saccotheciaceae,Pseudosydowia,Pseudosydowia_indooroopillyensis
ASV_3359,Fungi,Ascomycota,NA,NA,NA,NA,NA
ASV_3360,Fungi,NA,NA,NA,NA,NA,NA
ASV_3361,Fungi,Streptophyta,Magnoliopsida,Apiales,Araliaceae,Hedera,Hedera_helix
ASV_3362,Fungi,Chytridiomycota,Chytridiomycota_cls_Incertae_sedis,Chytridiomycota_ord_Incertae_sedis,Chytridiomycota_fam_Incertae_sedis,Chytridiomycota_gen_Incertae_sedis,NA
ASV_3363,Fungi,Streptophyta,Magnoliopsida,Lamiales,Plantaginaceae,Veronica,Veronica_pinguifolia
ASV_3364,Fungi,Basidiomycota,NA,NA,NA,NA,NA
ASV_3365,Fungi,Basidiomycota,Cystobasidiomycetes,Cystobasidiales,Cystobasidiaceae,Occultifur,NA
ASV_3366,Fungi,NA,NA,NA,NA,NA,NA
ASV_3367,Fungi,Streptophyta,Magnoliopsida,Apiales,Apiaceae,Daucus,Daucus_carota
ASV_3368,Fungi,Basidiomycota,Tremellomycetes,Cystofilobasidiales,Cystofilobasidiaceae,Cystofilobasidium,Cystofilobasidium_macerans
ASV_3369,Fungi,Ascomycota,Pezizomycotina_cls_Incertae_sedis,Pezizomycotina_ord_Incertae_sedis,Pezizomycotina_fam_Incertae_sedis,Tricellula,NA
ASV_3370,Fungi,Ascomycota,Dothideomycetes,Myriangiales,Myriangiaceae,Myriangiaceae_gen_Incertae_sedis,NA
ASV_3371,Fungi,Streptophyta,Magnoliopsida,Myrtales,Myrtaceae,Leptospermum,Leptospermum_scoparium
ASV_3372,Fungi,Basidiomycota,Tremellomycetes,Tremellales,Bulleribasidiaceae,Vishniacozyma,Vishniacozyma_foliicola
ASV_3373,Fungi,NA,NA,NA,NA,NA,NA
ASV_3374,Fungi,NA,NA,NA,NA,NA,NA
ASV_3375,Fungi,Chytridiomycota,Chytridiomycota_cls_Incertae_sedis,Chytridiomycota_ord_Incertae_sedis,Chytridiomycota_fam_Incertae_sedis,Chytridiomycota_gen_Incertae_sedis,NA
ASV_3376,Fungi,Chytridiomycota,Chytridiomycota_cls_Incertae_sedis,Chytridiomycota_ord_Incertae_sedis,Chytridiomycota_fam_Incertae_sedis,Chytridiomycota_gen_Incertae_sedis,NA
ASV_3377,Fungi,Basidiomycota,Tremellomycetes,Tremellales,Trimorphomycetaceae,Saitozyma,Saitozyma_flava
ASV_3378,Fungi,Ascomycota,Dothideomycetes,Pleosporales,Pleosporaceae,Alternaria,Alternaria_longipes
ASV_3379,Fungi,Chlorophyta,Trebouxiophyceae,Watanabeales,NA,Chloroidium,Chloroidium_lobatum
ASV_3380,Fungi,Ascomycota,Sordariomycetes,Hypocreales,Nectriaceae,Fusarium,Fusarium_sarcochroum
ASV_3381,Fungi,Ascomycota,Dothideomycetes,Pleosporales,Phaeosphaeriaceae,Septoriella,Septoriella_subcylindrospora
ASV_3382,Fungi,Streptophyta,Magnoliopsida,Malvales,Malvaceae,Hoheria,Hoheria_aff._sexstylosa_SJW-2009
ASV_3383,Fungi,Ascomycota,Dothideomycetes,Mycosphaerellales,Extremaceae,NA,NA
ASV_3384,Fungi,Basidiomycota,Tremellomycetes,Tremellales,Bulleribasidiaceae,Vishniacozyma,Vishniacozyma_victoriae
ASV_3385,Fungi,Basidiomycota,Cystobasidiomycetes,Erythrobasidiales,Erythrobasidiaceae,Erythrobasidium,Erythrobasidium_sp.
ASV_3386,Fungi,Basidiomycota,Agaricostilbomycetes,Agaricostilbales,Kondoaceae,Kondoa,Kondoa_gutianensis
ASV_3387,Fungi,Streptophyta,Magnoliopsida,Apiales,Araliaceae,Hedera,Hedera_hibernica
ASV_3388,Fungi,Basidiomycota,Tremellomycetes,Tremellales,Rhynchogastremaceae,Papiliotrema,Papiliotrema_horticola
ASV_3389,Fungi,Streptophyta,Magnoliopsida,Asterales,Asteraceae,Taraxacum,Taraxacum_officinale
ASV_3390,Fungi,Basidiomycota,Tremellomycetes,Tremellales,Bulleribasidiaceae,Vishniacozyma,Vishniacozyma_victoriae
ASV_3391,Fungi,Ascomycota,Dothideomycetes,Mycosphaerellales,Teratosphaeriaceae,Acrodontium,Acrodontium_crateriforme
ASV_3392,Fungi,Streptophyta,Magnoliopsida,Asterales,Asteraceae,NA,Hypochaeris_environmental_sample
ASV_3393,Fungi,Ascomycota,Saccharomycetes,Phaffomycetales,Phaffomycetaceae,Cyberlindnera,Cyberlindnera_jadinii
ASV_3394,Fungi,Basidiomycota,Cystobasidiomycetes,Buckleyzymales,Buckleyzymaceae,Buckleyzyma,Buckleyzyma_armeniaca
ASV_3395,Fungi,NA,NA,NA,NA,NA,NA
ASV_3396,Fungi,Streptophyta,Magnoliopsida,Malvales,Thymelaeaceae,Pimelea,Pimelea_oreophila
ASV_3397,Fungi,Ascomycota,Dothideomycetes,Pleosporales,Phaeosphaeriaceae,Parastagonospora,Parastagonospora_nodorum
ASV_3398,Fungi,Ascomycota,Dothideomycetes,Pleosporales,Neopyrenochaetaceae,Neopyrenochaeta,Neopyrenochaeta_acicola
ASV_3399,Fungi,Chlorophyta,Trebouxiophyceae,Watanabeales,NA,Jaagichlorella,Jaagichlorella_roystonensis
ASV_3400,Fungi,Basidiomycota,Agaricomycetes,Agaricales,Physalacriaceae,Cylindrobasidium,Cylindrobasidium_torrendii
ASV_3401,Fungi,Streptophyta,Magnoliopsida,Apiales,Araliaceae,Fatsia,Fatsia_japonica
ASV_3402,Fungi,Ascomycota,Eurotiomycetes,Eurotiales,Aspergillaceae,Aspergillus,Aspergillus_flavus
ASV_3403,Fungi,Streptophyta,Magnoliopsida,Apiales,Araliaceae,Hedera,Hedera_hibernica
ASV_3404,Fungi,Ascomycota,Leotiomycetes,Chaetomellales,Chaetomellaceae,Zoellneria,Zoellneria_rosarum
ASV_3405,Fungi,Streptophyta,Magnoliopsida,Apiales,Apiaceae,Daucus,Daucus_carota
ASV_3406,Fungi,Basidiomycota,Tremellomycetes,Tremellales,Rhynchogastremaceae,Papiliotrema,Papiliotrema_flavescens
ASV_3407,Fungi,Streptophyta,Magnoliopsida,Asterales,Asteraceae,Taraxacum,Taraxacum_(sect._Naevosa)_sp._265-2
ASV_3408,Fungi,Basidiomycota,Agaricomycetes,Agaricales,Pleurotaceae,Pleurotus,Pleurotus_purpureo-olivaceus
ASV_3409,Fungi,Ascomycota,Dothideomycetes,Pleosporales,Periconiaceae,Periconia,Periconia_elaeidis
ASV_3410,Fungi,Streptophyta,Magnoliopsida,Fabales,Fabaceae,Trifolium,Trifolium_repens
ASV_3411,Fungi,Streptophyta,Magnoliopsida,Ranunculales,Ranunculaceae,Ranunculus,Ranunculus_sp._YX-2018
ASV_3412,Fungi,Ascomycota,Saccharomycetes,Saccharomycetales,Pichiaceae,Pichia,Pichia_nakasei
ASV_3413,Fungi,Streptophyta,Magnoliopsida,Fabales,Fabaceae,Trifolium,Trifolium_repens
ASV_3414,Fungi,Basidiomycota,Cystobasidiomycetes,Cystobasidiales,Cystobasidiaceae,Occultifur,Occultifur_kilbournensis
ASV_3415,Fungi,Ascomycota,Sordariomycetes,Xylariales,Zygosporiaceae,Zygosporium,Zygosporium_oscheoides
ASV_3416,Fungi,Ascomycota,Dothideomycetes,Pleosporales,Pleosporaceae,Pyrenophora,Pyrenophora_biseptata
ASV_3417,Fungi,Ascomycota,Pichiomycetes,Pichiales,Pichiaceae,Pichia,Pichia_kudriavzevii
ASV_3418,Fungi,Ascomycota,Dothideomycetes,Pleosporales,Tetraplosphaeriaceae,Tetraploa,Tetraploa_bambusae
ASV_3419,Fungi,Basidiomycota,Tremellomycetes,Filobasidiales,Filobasidiaceae,Filobasidium,Filobasidium_sp.
ASV_3420,Fungi,Basidiomycota,Tremellomycetes,Tremellales,Bulleribasidiaceae,Hannaella,Hannaella_kunmingensis
ASV_3421,Fungi,Ascomycota,Saccharomycetes,Saccharomycetales,Saccharomycetaceae,Torulaspora,Torulaspora_sp.
ASV_3422,Fungi,Streptophyta,Magnoliopsida,Lamiales,Plantaginaceae,Veronica,Veronica_pinguifolia
ASV_3423,Fungi,Mucoromycota,Mucoromycetes,Mucorales,Mucoraceae,Mucor,Mucor_ramosissimus
ASV_3424,Fungi,Ascomycota,Dothideomycetes,Dothideales,Saccotheciaceae,Aureobasidium,Aureobasidium_pullulans
ASV_3425,Fungi,Basidiomycota,Cystobasidiomycetes,Buckleyzymales,Buckleyzymaceae,Buckleyzyma,Buckleyzyma_armeniaca
ASV_3426,Fungi,Ascomycota,Dothideomycetes,Pleosporales,Leptosphaeriaceae,Sphaerellopsis,Sphaerellopsis_macroconidialis
ASV_3427,Fungi,Ascomycota,Dothideomycetes,Pleosporales,Phaeosphaeriaceae,Septoriella,Septoriella_subcylindrospora
ASV_3428,Fungi,Streptophyta,Magnoliopsida,Asterales,Asteraceae,Bellis,Bellis_perennis
ASV_3429,Fungi,Ascomycota,Dothideomycetes,Pleosporales,NA,NA,NA
ASV_3430,Fungi,Streptophyta,Magnoliopsida,Lamiales,Plantaginaceae,Plantago,Plantago_lanceolata
ASV_3431,Fungi,Chytridiomycota,Chytridiomycota_cls_Incertae_sedis,Chytridiomycota_ord_Incertae_sedis,Chytridiomycota_fam_Incertae_sedis,Chytridiomycota_gen_Incertae_sedis,NA
ASV_3432,Fungi,Ascomycota,Eurotiomycetes,Chaetothyriales,Herpotrichiellaceae,Heteroconium,Heteroconium_sp._115
ASV_3433,Fungi,Mucoromycota,Mucoromycetes,Mucorales,Mucoraceae,Mucor,Mucor_flavus
ASV_3434,Fungi,Streptophyta,Magnoliopsida,Brassicales,Brassicaceae,Lobularia,Lobularia_maritima
ASV_3435,Fungi,Basidiomycota,Cystobasidiomycetes,Erythrobasidiales,Erythrobasidiaceae,Erythrobasidium,Erythrobasidium_sp.
ASV_3436,Fungi,Ascomycota,Dothideomycetes,Acrospermales,Acrospermales_fam_Incertae_sedis,Pseudovirgaria,Pseudovirgaria_grisea
ASV_3437,Fungi,Ascomycota,Dothideomycetes,Pleosporales,Pleosporaceae,Bipolaris,Bipolaris_cynodontis
ASV_3438,Fungi,Streptophyta,Magnoliopsida,Lamiales,Plantaginaceae,Veronica,Veronica_arvensis
ASV_3439,Fungi,Streptophyta,Magnoliopsida,Asterales,Asteraceae,Pilosella,Pilosella_officinarum
ASV_3440,Fungi,Basidiomycota,Cystobasidiomycetes,Cystobasidiomycetes_ord_Incertae_sedis,Symmetrosporaceae,Symmetrospora,Symmetrospora_pseudomarina
ASV_3441,Fungi,Ascomycota,Saccharomycetes,Saccharomycetales,Saccharomycetales_fam_Incertae_sedis,Saccharomycetales_gen_Incertae_sedis,NA
ASV_3442,Fungi,Fungi_phy_Incertae_sedis,Fungi_cls_Incertae_sedis,Fungi_ord_Incertae_sedis,Fungi_fam_Incertae_sedis,Fungi_gen_Incertae_sedis,NA
ASV_3443,Fungi,Ascomycota,Dothideomycetes,Pleosporales,Torulaceae,Torula,Torula_fici
ASV_3444,Fungi,Chytridiomycota,NA,NA,NA,NA,NA
ASV_3445,Fungi,Ascomycota,Dothideomycetes,Pleosporales,Phaeosphaeriaceae,Neosetophoma,Neosetophoma_rosigena
ASV_3446,Fungi,Ascomycota,Sordariomycetes,Hypocreales,Nectriaceae,NA,NA
ASV_3447,Fungi,Ascomycota,Eurotiomycetes,Phaeomoniellales,Celotheliaceae,Celerioriella,NA
ASV_3448,Fungi,NA,NA,NA,NA,NA,NA
ASV_3449,Fungi,NA,NA,NA,NA,NA,NA
ASV_3450,Fungi,Ascomycota,Eurotiomycetes,Eurotiales,Aspergillaceae,Penicillium,Penicillium_griseoroseum
ASV_3451,Fungi,Ascomycota,Dothideomycetes,Pleosporales,Phaeosphaeriaceae,Neosetophoma,Neosetophoma_poaceicola
ASV_3452,Fungi,Streptophyta,Magnoliopsida,Fabales,Fabaceae,Trifolium,Trifolium_repens
ASV_3453,Fungi,Basidiomycota,Tremellomycetes,Tremellales,Bulleribasidiaceae,Hannaella,Hannaella_dianchiensis_(nom._inval.)
ASV_3454,Fungi,Ascomycota,Eurotiomycetes,Eurotiales,Aspergillaceae,Aspergillus,Aspergillus_flavus
ASV_3455,Fungi,Ascomycota,Saccharomycetes,Saccharomycetales,Saccharomycetaceae,Maudiozyma,Maudiozyma_humilis
ASV_3456,Fungi,Chlorophyta,Trebouxiophyceae,Trebouxiales,Trebouxiaceae,Trebouxia,uncultured_Trebouxia_photobiont
ASV_3457,Fungi,NA,NA,NA,NA,NA,NA
ASV_3458,Fungi,Streptophyta,Magnoliopsida,Fabales,Fabaceae,Lotus,Lotus_subbiflorus
ASV_3459,Fungi,Ascomycota,Dothideomycetes,Cladosporiales,Cladosporiaceae,Rachicladosporium,Rachicladosporium_cboliae
ASV_3460,Fungi,Olpidiomycota,Olpidiomycota_cls_Incertae_sedis,Olpidiomycota_ord_Incertae_sedis,Olpidiomycota_fam_Incertae_sedis,Olpidiomycota_gen_Incertae_sedis,NA
ASV_3461,Fungi,Chlorophyta,Trebouxiophyceae,NA,NA,Choricystis,Choricystis_sp._odSpoLacu1
ASV_3462,Fungi,Ascomycota,Dothideomycetes,Dothideales,Saccotheciaceae,Aureobasidium,Aureobasidium_melanogenum
ASV_3463,Fungi,Streptophyta,Pinopsida,Pinales,Pinaceae,Pinus,Pinus_clausa
ASV_3464,Fungi,Basidiomycota,Cystobasidiomycetes,Erythrobasidiales,Erythrobasidiaceae,Bannoa,Bannoa_syzygii
ASV_3465,Fungi,Ascomycota,Dothideomycetes,Pleosporales,Phaeosphaeriaceae,NA,Pleosporales_sp._RKDO846
ASV_3466,Fungi,Ascomycota,Dothideomycetes,Pleosporales,Pleosporaceae,Pyrenophora,Pyrenophora_erythrospila
ASV_3467,Fungi,NA,NA,NA,NA,NA,NA
ASV_3468,Fungi,Ascomycota,Pichiomycetes,Pichiales,Pichiaceae,Pichia,Pichia_kudriavzevii
ASV_3469,Fungi,Ascomycota,Dothideomycetes,Pleosporales,Thyridariaceae,Parathyridaria,Parathyridaria_ellipsoidea
ASV_3470,Fungi,NA,NA,NA,NA,NA,NA
ASV_3471,Fungi,Basidiomycota,Microbotryomycetes,Sporidiobolales,Sporidiobolaceae,Rhodotorula,Rhodotorula_mucilaginosa
ASV_3472,Fungi,Ascomycota,Dothideomycetes,Pleosporales,Phaeosphaeriaceae,Parastagonospora,Parastagonospora_nodorum
ASV_3473,Fungi,Ascomycota,Dothideomycetes,Pleosporales,Pleosporaceae,Pyrenophora,Pyrenophora_biseptata
ASV_3474,Fungi,Basidiomycota,Tremellomycetes,Cystofilobasidiales,Cystofilobasidiaceae,Cystofilobasidium,Cystofilobasidium_macerans
ASV_3475,Fungi,Basidiomycota,Tremellomycetes,Tremellales,Rhynchogastremaceae,Papiliotrema,Papiliotrema_nemorosa
ASV_3476,Fungi,Basidiomycota,Cystobasidiomycetes,Buckleyzymales,Buckleyzymaceae,Buckleyzyma,Buckleyzyma_armeniaca
ASV_3477,Fungi,Ascomycota,Dothideomycetes,Pleosporales,Phaeosphaeriaceae,NA,NA
ASV_3478,Fungi,Chlorophyta,Trebouxiophyceae,Trebouxiales,Trebouxiaceae,Trebouxia,Trebouxia_sp.
ASV_3479,Fungi,Streptophyta,Magnoliopsida,Apiales,Apiaceae,Coriandrum,Coriandrum_sativum
ASV_3480,Fungi,Basidiomycota,Cystobasidiomycetes,Sakaguchiales,Sakaguchiaceae,Sakaguchia,Sakaguchia_dacryoidea
ASV_3481,Fungi,Ascomycota,Dothideomycetes,Acrospermales,Acrospermaceae,Acrospermum,NA
ASV_3482,Fungi,Ascomycota,Dothideomycetes,Pleosporales,Phaeosphaeriaceae,Jeremyomyces,Jeremyomyces_labinae
ASV_3483,Fungi,Chlorophyta,Trebouxiophyceae,Chlorellales,NA,NA,uncultured_Chloroidium
ASV_3484,Fungi,Ascomycota,Dothideomycetes,Pleosporales,Phaeosphaeriaceae,NA,Phaeosphaeriaceae_sp._IHEM_28149
ASV_3485,Fungi,Streptophyta,Magnoliopsida,Fabales,Fabaceae,Trifolium,Trifolium_repens
ASV_3486,Fungi,Ascomycota,Dothideomycetes,Mycosphaerellales,Mycosphaerellaceae,Ramularia,Ramularia_collo-cygni
ASV_3487,Fungi,Ascomycota,NA,NA,NA,NA,NA
ASV_3488,Fungi,Ascomycota,Dothideomycetes,Pleosporales,Pleosporaceae,Curvularia,Curvularia_tsudae
ASV_3489,Fungi,Endomyxa,Phytomyxea,Plasmodiophorida,Plasmodiophoridae,Sorosphaerula,Sorosphaerula_veronicae
ASV_3490,Fungi,Ascomycota,Saccharomycetes,Saccharomycetales,Saccharomycetaceae,Lachancea,Lachancea_kluyveri
ASV_3491,Fungi,Fungi_phy_Incertae_sedis,Fungi_cls_Incertae_sedis,Fungi_ord_Incertae_sedis,Fungi_fam_Incertae_sedis,Fungi_gen_Incertae_sedis,NA
ASV_3492,Fungi,Ascomycota,Taphrinomycetes,Taphrinales,Taphrinaceae,Taphrina,Taphrina_inositophila
ASV_3493,Fungi,Basidiomycota,Tremellomycetes,Tremellales,Cryptococcaceae,Cryptococcus,Cryptococcus_nyarrowii
ASV_3494,Fungi,Basidiomycota,Cystobasidiomycetes,Cystobasidiomycetes_ord_Incertae_sedis,Symmetrosporaceae,Symmetrospora,Symmetrospora_coprosmae
ASV_3495,Fungi,Basidiomycota,Cystobasidiomycetes,Sakaguchiales,Sakaguchiaceae,Sakaguchia,Sakaguchia_dacryoidea
ASV_3496,Fungi,Basidiomycota,Exobasidiomycetes,Georgefischeriales,Georgefischeriaceae,Jamesdicksonia,Jamesdicksonia_sp.
ASV_3497,Fungi,Ascomycota,Dothideomycetes,NA,NA,Leptospora,Leptospora_rubella
ASV_3498,Fungi,Chlorophyta,Trebouxiophyceae,Chlorellales,Chlorellaceae,Chlorella,Chlorella_vulgaris
ASV_3499,Fungi,Streptophyta,Magnoliopsida,Myrtales,Myrtaceae,Leptospermum,Leptospermum_obovatum
ASV_3500,Fungi,Streptophyta,Magnoliopsida,Myrtales,Myrtaceae,Leptospermum,Leptospermum_grandifolium
ASV_3501,Fungi,NA,NA,NA,NA,NA,NA
ASV_3502,Fungi,Ascomycota,Sordariomycetes,Hypocreales,Cordycipitaceae,Akanthomyces,Akanthomyces_muscarius
ASV_3503,Fungi,Basidiomycota,Cystobasidiomycetes,Erythrobasidiales,Erythrobasidiaceae,Erythrobasidium,Erythrobasidium_proteacearum
ASV_3504,Fungi,Streptophyta,Magnoliopsida,Poales,Poaceae,Danthonia,Danthonia_decumbens
ASV_3505,Fungi,Ascomycota,Dothideomycetes,Pleosporales,Periconiaceae,Periconia,Periconia_celtidis
ASV_3506,Fungi,Streptophyta,Magnoliopsida,Malvales,Thymelaeaceae,Pimelea,Pimelea_cf._gnidia_Burrows_10864
ASV_3507,Fungi,Chlorophyta,Trebouxiophyceae,Watanabeales,NA,Chloroidium,Chloroidium_orientale
ASV_3508,Fungi,Ascomycota,Eurotiomycetes,Eurotiales,Aspergillaceae,Penicillium,Penicillium_zhuangii
ASV_3509,Fungi,Streptophyta,Magnoliopsida,NA,NA,NA,Magnoliophyta_environmental_sample
ASV_3510,Fungi,Ascomycota,Dothideomycetes,Pleosporales,Phaeosphaeriaceae,Neosetophoma,Neosetophoma_guiyangensis
ASV_3511,Fungi,Ascomycota,Dothideomycetes,Pleosporales,Phaeosphaeriaceae,Septoriella,Septoriella_subcylindrospora
ASV_3512,Fungi,Ascomycota,Saccharomycetes,Saccharomycetales,Saccharomycetaceae,Zygotorulaspora,Zygotorulaspora_dagestanica
ASV_3513,Fungi,Streptophyta,Magnoliopsida,Myrtales,Myrtaceae,Leptospermum,Leptospermum_scoparium
ASV_3514,Fungi,Ascomycota,Dothideomycetes,Pleosporales,Phaeosphaeriaceae,Phaeosphaeria,Phaeosphaeria_podocarpi
ASV_3515,Fungi,Basidiomycota,Tremellomycetes,Filobasidiales,Filobasidiaceae,Filobasidium,Filobasidium_uniguttulatum
ASV_3516,Fungi,Streptophyta,Magnoliopsida,Myrtales,Myrtaceae,Lophomyrtus,Lophomyrtus_bullata_x_Lophomyrtus_orbcordata
ASV_3517,Fungi,Ascomycota,Dothideomycetes,Pleosporales,Phaeosphaeriaceae,Paraophiobolus,Paraophiobolus_torilicola
ASV_3518,Fungi,Ascomycota,Dothideomycetes,Pleosporales,Periconiaceae,Periconia,Periconia_banksiae
ASV_3519,Fungi,Ascomycota,Sordariomycetes,Sordariales,Schizotheciaceae,Pseudoechria,Pseudoechria_longicollis
ASV_3520,Fungi,Chlorophyta,Trebouxiophyceae,NA,NA,Elliptochloris,Elliptochloris_perforata
ASV_3521,Fungi,Basidiomycota,Cystobasidiomycetes,Cystobasidiomycetes_ord_Incertae_sedis,Symmetrosporaceae,Symmetrospora,Symmetrospora_pseudomarina
ASV_3522,Fungi,Basidiomycota,Cystobasidiomycetes,Cystobasidiomycetes_ord_Incertae_sedis,Symmetrosporaceae,Symmetrospora,Symmetrospora_coprosmae
ASV_3523,Fungi,Ascomycota,Dothideomycetes,Pleosporales,Phaeosphaeriaceae,Didymocyrtis,Didymocyrtis_pini
ASV_3524,Fungi,Streptophyta,Magnoliopsida,Asterales,Asteraceae,Tragopogon,Tragopogon_pratensis
ASV_3525,Fungi,Basidiomycota,Agaricostilbomycetes,Agaricostilbales,Kondoaceae,Kondoa,Kondoa_myxariophila
ASV_3526,Fungi,Ascomycota,Saccharomycetes,Phaffomycetales,Wickerhamomycetaceae,Wickerhamomyces,Wickerhamomyces_anomalus
ASV_3527,Fungi,Basidiomycota,Agaricostilbomycetes,Agaricostilbales,Kondoaceae,Kondoa,NA
ASV_3528,Fungi,Streptophyta,Magnoliopsida,Poales,Poaceae,Axonopus,Axonopus_marginatus
ASV_3529,Fungi,Basidiomycota,Agaricostilbomycetes,Agaricostilbales,Kondoaceae,Kondoa,Kondoa_myxariophila
ASV_3530,Fungi,Ascomycota,Sordariomycetes,Hypocreales,Nectriaceae,Pseudocosmospora,Pseudocosmospora_rogersonii
ASV_3531,Fungi,Ascomycota,Dothideomycetes,Pleosporales,Phaeosphaeriaceae,Paraophiobolus,Paraophiobolus_arundinis
ASV_3532,Fungi,Chytridiomycota,Chytridiomycota_cls_Incertae_sedis,Chytridiomycota_ord_Incertae_sedis,Chytridiomycota_fam_Incertae_sedis,Chytridiomycota_gen_Incertae_sedis,NA
ASV_3533,Fungi,Basidiomycota,Exobasidiomycetes,Exobasidiales,Exobasidiaceae,Exobasidium,NA
ASV_3534,Fungi,Basidiomycota,Agaricostilbomycetes,Agaricostilbales,Kondoaceae,Bensingtonia,NA
ASV_3535,Fungi,Streptophyta,Magnoliopsida,Asterales,Asteraceae,Bellis,Bellis_perennis
ASV_3536,Fungi,Basidiomycota,Tremellomycetes,Tremellales,Cuniculitremaceae,Kockovaella,NA
ASV_3537,Fungi,Basidiomycota,Agaricomycetes,Hymenochaetales,Schizoporaceae,Hyphodontia,Hyphodontia_arguta
ASV_3538,Fungi,Basidiomycota,Agaricostilbomycetes,Agaricostilbales,Kondoaceae,Bensingtonia,Bensingtonia_rectispora
ASV_3539,Fungi,Ascomycota,Eurotiomycetes,Eurotiales,Aspergillaceae,Penicillium,Penicillium_brevicompactum
ASV_3540,Fungi,Chlorophyta,Trebouxiophyceae,NA,NA,Coccomyxa,Coccomyxa_sp._KN-2011-C8
ASV_3541,Fungi,Ascomycota,Dothideomycetes,Pleosporales,Lophiostomataceae,Lophiostoma,Lophiostoma_corticola
ASV_3542,Fungi,Ascomycota,Dothideomycetes,Pleosporales,Nigrogranaceae,Nigrograna,Nigrograna_mackinnonii
ASV_3543,Fungi,Ascomycota,Dothideomycetes,Pleosporales,Torulaceae,Torula,Torula_herbarum
ASV_3544,Fungi,Streptophyta,Magnoliopsida,Caryophyllales,Amaranthaceae,Amaranthus,Amaranthus_blitum
ASV_3545,Fungi,Basidiomycota,Cystobasidiomycetes,Buckleyzymales,Buckleyzymaceae,Buckleyzyma,Buckleyzyma_armeniaca
ASV_3546,Fungi,Streptophyta,Magnoliopsida,Poales,Poaceae,Danthonia,Danthonia_decumbens
ASV_3547,Fungi,Ascomycota,Dothideomycetes,Pleosporales,Pyrenochaetopsidaceae,Pyrenochaetopsis,Pyrenochaetopsis_leptospora
ASV_3548,Fungi,Basidiomycota,Tremellomycetes,Tremellales,Rhynchogastremaceae,Papiliotrema,Papiliotrema_flavescens
ASV_3549,Fungi,Chytridiomycota,Chytridiomycota_cls_Incertae_sedis,Chytridiomycota_ord_Incertae_sedis,Chytridiomycota_fam_Incertae_sedis,Chytridiomycota_gen_Incertae_sedis,NA
ASV_3550,Fungi,Ascomycota,Pichiomycetes,Serinales,Debaryomycetaceae,Candida,Candida_albicans
ASV_3551,Fungi,Ascomycota,Eurotiomycetes,Eurotiales,Aspergillaceae,Penicillium,Penicillium_camemberti
ASV_3552,Fungi,Streptophyta,Magnoliopsida,Asterales,Asteraceae,NA,Hypochaeris_environmental_sample
ASV_3553,Fungi,Chytridiomycota,Chytridiomycota_cls_Incertae_sedis,Chytridiomycota_ord_Incertae_sedis,Chytridiomycota_fam_Incertae_sedis,Chytridiomycota_gen_Incertae_sedis,NA
ASV_3554,Fungi,NA,NA,NA,NA,NA,NA
ASV_3555,Fungi,Streptophyta,Magnoliopsida,Fagales,Fagaceae,Castanopsis,Castanopsis_hystrix
ASV_3556,Fungi,Ascomycota,Dothideomycetes,Pleosporales,Didymosphaeriaceae,Paraphaeosphaeria,michotii
ASV_3557,Fungi,Chlorophyta,Chlorophyceae,Sphaeropleales,Scenedesmaceae,Desmodesmus,Desmodesmus_sp._TAU-MAC_2617
ASV_3558,Fungi,Ascomycota,Dothideomycetes,NA,NA,NA,Dothideomycetes_sp._PC-2023a
ASV_3559,Fungi,Streptophyta,Magnoliopsida,Caryophyllales,Basellaceae,Anredera,Anredera_cordifolia
ASV_3560,Fungi,Chlorophyta,Trebouxiophyceae,NA,NA,Elliptochloris,Elliptochloris_antarctica
ASV_3561,Fungi,Fungi_phy_Incertae_sedis,Fungi_cls_Incertae_sedis,Fungi_ord_Incertae_sedis,Fungi_fam_Incertae_sedis,Fungi_gen_Incertae_sedis,NA
ASV_3562,Fungi,Streptophyta,Magnoliopsida,Asterales,Asteraceae,Achillea,Achillea_millefolium
ASV_3563,Fungi,Streptophyta,Magnoliopsida,Lamiales,Plantaginaceae,Veronica,Veronica_topiaria
ASV_3564,Fungi,Streptophyta,Magnoliopsida,Asterales,Asteraceae,Pilosella,Pilosella_officinarum
ASV_3565,Fungi,Streptophyta,Magnoliopsida,Myrtales,Myrtaceae,Leptospermum,Leptospermum_scoparium
ASV_3566,Fungi,Chlorophyta,Trebouxiophyceae,Watanabeales,NA,Chloroidium,Chloroidium_lobatum
ASV_3567,Fungi,Chlorophyta,Chlorophyceae,Sphaeropleales,Scenedesmaceae,Coelastrella,Coelastrella_sp._IN-2019
ASV_3568,Fungi,Streptophyta,Magnoliopsida,Poales,Poaceae,Poa,Poa_annua
ASV_3569,Fungi,Chlorophyta,Trebouxiophyceae,Watanabeales,NA,Jaagichlorella,Jaagichlorella_roystonensis
ASV_3570,Fungi,Ascomycota,Dothideomycetes,Pleosporales,Phaeosphaeriaceae,Sclerostagonospora,Sclerostagonospora_lathyri
ASV_3571,Fungi,Streptophyta,Magnoliopsida,Fabales,Fabaceae,Lotus,Lotus_pedunculatus
ASV_3572,Fungi,Chytridiomycota,Chytridiomycota_cls_Incertae_sedis,Chytridiomycota_ord_Incertae_sedis,Chytridiomycota_fam_Incertae_sedis,Chytridiomycota_gen_Incertae_sedis,NA
ASV_3573,Fungi,Streptophyta,Magnoliopsida,Myrtales,Myrtaceae,Eucalyptus,Eucalyptus_pulverulenta
ASV_3574,Fungi,Ascomycota,Dothideomycetes,Pleosporales,Didymellaceae,Didymella,Didymella_longicolla
ASV_3575,Fungi,Ascomycota,Dothideomycetes,Dothideomycetes_ord_Incertae_sedis,Dothideomycetes_fam_Incertae_sedis,Peltaster,Peltaster_cerophilus
ASV_3576,Fungi,Streptophyta,Magnoliopsida,Asterales,Asteraceae,Taraxacum,Taraxacum_officinale
ASV_3577,Fungi,Basidiomycota,Cystobasidiomycetes,NA,Symmetrosporaceae,Symmetrospora,Symmetrospora_oryzicola
ASV_3578,Fungi,Ascomycota,NA,NA,NA,NA,NA
ASV_3579,Fungi,Basidiomycota,Cystobasidiomycetes,Buckleyzymales,Buckleyzymaceae,Buckleyzyma,Buckleyzyma_armeniaca
ASV_3580,Fungi,Streptophyta,Magnoliopsida,Lamiales,Plantaginaceae,Veronica,Veronica_speciosa
ASV_3581,Fungi,Mucoromycota,Mucoromycetes,Mucorales,Mucoraceae,Mucor,Mucor_harpali
ASV_3582,Fungi,Chlorophyta,Trebouxiophyceae,Watanabeales,NA,Chloroidium,Chloroidium_orientale
ASV_3583,Fungi,Mucoromycota,Mucoromycetes,Mucorales,Mucoraceae,Mucor,Mucor_irregularis
ASV_3584,Fungi,Streptophyta,Magnoliopsida,Poales,Poaceae,Triticum,Triticum_turgidum
ASV_3585,Fungi,Ascomycota,Dothideomycetes,Pleosporales,Phaeosphaeriaceae,NA,NA
ASV_3586,Fungi,Mucoromycota,Mucoromycetes,Mucorales,Mucoraceae,Mucor,Mucor_hiemalis
ASV_3587,Fungi,Ascomycota,Eurotiomycetes,Eurotiales,Aspergillaceae,Aspergillus,Aspergillus_ruber
ASV_3588,Fungi,Ascomycota,Eurotiomycetes,Eurotiales,Aspergillaceae,Penicillium,Penicillium_spathulatum
ASV_3589,Fungi,Mucoromycota,Mucoromycetes,Mucorales,Mucoraceae,Mucor,Mucor_racemosus
ASV_3590,Fungi,NA,NA,NA,NA,NA,NA
ASV_3591,Fungi,Ascomycota,Dothideomycetes,Pleosporales,Phaeosphaeriaceae,NA,NA
ASV_3592,Fungi,Basidiomycota,Agaricostilbomycetes,Agaricostilbales,Kondoaceae,Bensingtonia,NA
ASV_3593,Fungi,Ascomycota,Dothideomycetes,Pleosporales,Amorosiaceae,Angustimassarina,Angustimassarina_acerina
ASV_3594,Fungi,Ascomycota,Dothideomycetes,Mycosphaerellales,Mycosphaerellaceae,Septoria,Septoria_eclipticola
ASV_3595,Fungi,Streptophyta,Magnoliopsida,Asterales,Asteraceae,Pilosella,Pilosella_officinarum
ASV_3596,Fungi,NA,NA,NA,NA,NA,NA
ASV_3597,Fungi,Ascomycota,Taphrinomycetes,Taphrinales,Taphrinaceae,Taphrina,Taphrina_inositophila
ASV_3598,Fungi,Streptophyta,Magnoliopsida,Lamiales,Plantaginaceae,Veronica,Veronica_speciosa
ASV_3599,Fungi,Basidiomycota,Cystobasidiomycetes,Buckleyzymales,Buckleyzymaceae,Buckleyzyma,Buckleyzyma_armeniaca
ASV_3600,Fungi,Basidiomycota,Cystobasidiomycetes,Erythrobasidiales,Erythrobasidiaceae,Erythrobasidium,Erythrobasidium_primogenitum
ASV_3601,Fungi,Ascomycota,Dothideomycetes,Dothideales,Saccotheciaceae,Aureobasidium,Aureobasidium_sp._D160
ASV_3602,Fungi,Ascomycota,NA,NA,NA,NA,NA
ASV_3603,Fungi,Chlorophyta,Trebouxiophyceae,Watanabeales,NA,Chloroidium,Chloroidium_sp._LV-2018
ASV_3604,Fungi,Ascomycota,Dothideomycetes,Pleosporales,Torulaceae,Torula,Torula_hollandica
ASV_3605,Fungi,Chlorophyta,Chlorophyceae,Sphaeropleales,Scenedesmaceae,Coelastropsis,Coelastropsis_costata
ASV_3606,Fungi,Streptophyta,Magnoliopsida,Apiales,Araliaceae,Aralia,Aralia_vietnamensis
ASV_3607,Fungi,Ascomycota,Dothideomycetes,Pleosporales,Didymosphaeriaceae,Kalmusia,Kalmusia_araucariae
ASV_3608,Fungi,Ascomycota,Dothideomycetes,Pleosporales,Leptosphaeriaceae,Leptosphaeria,NA
ASV_3609,Fungi,Ascomycota,Dothideomycetes,Pleosporales,Periconiaceae,Periconia,Periconia_sp.
ASV_3610,Fungi,Basidiomycota,Agaricomycetes,Russulales,Peniophoraceae,Peniophora,Peniophora_lycii
ASV_3611,Fungi,NA,NA,NA,NA,NA,NA
ASV_3612,Fungi,Streptophyta,Magnoliopsida,Malvales,Thymelaeaceae,Pimelea,Pimelea_oreophila
ASV_3613,Fungi,Streptophyta,Magnoliopsida,Poales,Poaceae,Poa,Poa_annua
ASV_3614,Fungi,Ascomycota,Taphrinomycetes,Taphrinales,Taphrinaceae,Taphrina,Taphrina_sp._JS-42
ASV_3615,Fungi,Chlorophyta,Trebouxiophyceae,Trebouxiales,Trebouxiaceae,Trebouxia,Trebouxia_sp._P-350a-III
ASV_3616,Fungi,Basidiomycota,Exobasidiomycetes,Microstromatales,Microstromataceae,Microstroma,Microstroma_bacarum
ASV_3617,Fungi,Ascomycota,Lecanoromycetes,Lecanorales,Parmeliaceae,Parmotrema,Parmotrema_reticulatum
ASV_3618,Fungi,Ascomycota,Eurotiomycetes,Eurotiales,Aspergillaceae,Penicillium,Penicillium_sp._MV-2018B
ASV_3619,Fungi,Basidiomycota,Tremellomycetes,Tremellales,Rhynchogastremaceae,Papiliotrema,Papiliotrema_miconiae
ASV_3620,Fungi,Basidiomycota,Agaricostilbomycetes,Agaricostilbales,Kondoaceae,Kondoa,Kondoa_sp.
ASV_3621,Fungi,Streptophyta,Magnoliopsida,Lamiales,Plantaginaceae,Plantago,Plantago_lanceolata
ASV_3622,Fungi,Basidiomycota,Cystobasidiomycetes,Cystobasidiomycetes_ord_Incertae_sedis,Symmetrosporaceae,Symmetrospora,Symmetrospora_pseudomarina
ASV_3623,Fungi,Ascomycota,Dothideomycetes,Pleosporales,Periconiaceae,Periconia,Periconia_verrucosa
ASV_3624,Fungi,Ascomycota,Sordariomycetes,Hypocreales,Nectriaceae,Fusarium,Fusarium_tricinctum
ASV_3625,Fungi,Ascomycota,Dothideomycetes,Pleosporales,Pyrenochaetopsidaceae,Xenopyrenochaetopsis,Xenopyrenochaetopsis_pratorum
ASV_3626,Fungi,Ascomycota,Dothideomycetes,Pleosporales,Phaeosphaeriaceae,Parastagonospora,Parastagonospora_forlicesenica
ASV_3627,Fungi,Ascomycota,Eurotiomycetes,Eurotiales,Aspergillaceae,Aspergillus,Aspergillus_ruber
ASV_3628,Fungi,Pseudomonadota,Betaproteobacteria,Burkholderiales,Alcaligenaceae,Alcaligenes,Alcaligenes_faecalis
ASV_3629,Fungi,Ascomycota,Dothideomycetes,Pleosporales,Phaeosphaeriaceae,Phaeosphaeria,NA
ASV_3630,Fungi,Ascomycota,Dothideomycetes,Dothideales,Saccotheciaceae,Aureobasidium,Aureobasidium_pullulans
ASV_3631,Fungi,Basidiomycota,Tremellomycetes,Tremellales,Bulleraceae,Genolevuria,Genolevuria_amylolytica
ASV_3632,Fungi,Ascomycota,Dothideomycetes,Dothideales,Dothideales_fam_Incertae_sedis,Hormonema,NA
ASV_3633,Fungi,Chytridiomycota,Chytridiomycota_cls_Incertae_sedis,Chytridiomycota_ord_Incertae_sedis,Chytridiomycota_fam_Incertae_sedis,Chytridiomycota_gen_Incertae_sedis,NA
ASV_3634,Fungi,Chlorophyta,Chlorophyceae,Chlamydomonadales,NA,NA,uncultured_Chlamydomonadales
ASV_3635,Fungi,Ascomycota,Leotiomycetes,Chaetomellales,Chaetomellaceae,Chaetomella,Chaetomella_raphigera
ASV_3636,Fungi,Ascomycota,Dothideomycetes,Pleosporales,NA,NA,Pleosporales_sp.
ASV_3637,Fungi,Chlorophyta,Trebouxiophyceae,Watanabeales,NA,Chloroidium,Chloroidium_sp._OD-1-1-K
ASV_3638,Fungi,Basidiomycota,Microbotryomycetes,Sporidiobolales,Sporidiobolaceae,Sporobolomyces,Sporobolomyces_ruberrimus
ASV_3639,Fungi,Streptophyta,Magnoliopsida,Asterales,Asteraceae,Taraxacum,Taraxacum_officinale
ASV_3640,Fungi,Streptophyta,Magnoliopsida,Asterales,Asteraceae,Pilosella,Pilosella_officinarum
ASV_3641,Fungi,NA,NA,NA,NA,NA,NA
ASV_3642,Fungi,Basidiomycota,Cystobasidiomycetes,Buckleyzymales,Buckleyzymaceae,Buckleyzyma,Buckleyzyma_armeniaca
ASV_3643,Fungi,NA,NA,NA,NA,NA,NA
ASV_3644,Fungi,Ascomycota,Pezizomycetes,Pezizales,Pezizaceae,NA,uncultured_Pezizaceae
ASV_3645,Fungi,Ascomycota,Dothideomycetes,Pleosporales,Leptosphaeriaceae,Plenodomus,Plenodomus_dezfulensis
ASV_3646,Fungi,Mucoromycota,Mucoromycetes,Mucorales,Mucoraceae,Mucor,Mucor_ramosissimus
ASV_3647,Fungi,Basidiomycota,Tremellomycetes,Filobasidiales,Filobasidiaceae,Filobasidium,Filobasidium_oeirense
ASV_3648,Fungi,Streptophyta,Magnoliopsida,Myrtales,Myrtaceae,Leptospermum,Leptospermum_scoparium
ASV_3649,Fungi,Streptophyta,Magnoliopsida,Lamiales,Plantaginaceae,Plantago,Plantago_lanceolata
ASV_3650,Fungi,Chlorophyta,Trebouxiophyceae,Watanabeales,NA,Chloroidium,Chloroidium_sp._OD-1-1-K
ASV_3651,Fungi,Ascomycota,Sordariomycetes,Hypocreales,Nectriaceae,Fusarium,Fusarium_heterosporum
ASV_3652,Fungi,Ascomycota,Sordariomycetes,Glomerellales,Plectosphaerellaceae,Plectosphaerella,Plectosphaerella_sp.
ASV_3653,Fungi,Ascomycota,Sordariomycetes,Hypocreales,Nectriaceae,Microcera,Microcera_larvarum
ASV_3654,Fungi,Basidiomycota,Cystobasidiomycetes,NA,NA,NA,NA
ASV_3655,Fungi,Ascomycota,Leotiomycetes,Chaetomellales,Chaetomellaceae,Zoellneria,Zoellneria_rosarum
ASV_3656,Fungi,Ascomycota,Dothideomycetes,Pleosporales,Pleosporaceae,Alternaria,Alternaria_oregonensis
ASV_3657,Fungi,Ascomycota,Dothideomycetes,Pleosporales,Didymellaceae,Neoascochyta,Neoascochyta_rosicola
ASV_3658,Fungi,Basidiomycota,Cystobasidiomycetes,Erythrobasidiales,Erythrobasidiaceae,Erythrobasidium,Erythrobasidium_yunnanense
ASV_3659,Fungi,Ascomycota,Dothideomycetes,Pleosporales,Leptosphaeriaceae,Sphaerellopsis,Sphaerellopsis_filum
ASV_3660,Fungi,Chlorophyta,Trebouxiophyceae,Watanabeales,NA,Chloroidium,Chloroidium_orientale
ASV_3661,Fungi,Chlorophyta,Trebouxiophyceae,NA,NA,NA,Trebouxiophyceae_sp._YN21-20
ASV_3662,Fungi,Streptophyta,Magnoliopsida,Myrtales,Myrtaceae,Metrosideros,Metrosideros_fulgens
ASV_3663,Fungi,Streptophyta,Magnoliopsida,Poales,Poaceae,Poa,Poa_annua
ASV_3664,Fungi,Streptophyta,Magnoliopsida,Asterales,Asteraceae,Pilosella,Pilosella_officinarum
ASV_3665,Fungi,Ascomycota,Dothideomycetes,Mycosphaerellales,Mycosphaerellaceae,Cercospora,NA
ASV_3666,Fungi,Ascomycota,Dothideomycetes,Pleosporales,Dictyosporiaceae,Pseudocoleophoma,Pseudocoleophoma_yunnanensis
ASV_3667,Fungi,Ascomycota,Sordariomycetes,Xylariales,Microdochiaceae,Microdochium,Microdochium_novae-zelandiae
ASV_3668,Fungi,Ascomycota,Dothideomycetes,Pleosporales,Periconiaceae,Periconia,Periconia_celtidis
ASV_3669,Fungi,Basidiomycota,Cystobasidiomycetes,Buckleyzymales,Buckleyzymaceae,Buckleyzyma,Buckleyzyma_armeniaca
ASV_3670,Fungi,Chlorophyta,Trebouxiophyceae,NA,NA,Elliptochloris,Elliptochloris_antarctica
ASV_3671,Fungi,Chytridiomycota,Chytridiomycota_cls_Incertae_sedis,Chytridiomycota_ord_Incertae_sedis,Chytridiomycota_fam_Incertae_sedis,Chytridiomycota_gen_Incertae_sedis,NA
ASV_3672,Fungi,Basidiomycota,Tremellomycetes,Tremellales,Cryptococcaceae,Cryptococcus,Cryptococcus_nyarrowii
ASV_3673,Fungi,Chytridiomycota,Chytridiomycota_cls_Incertae_sedis,Chytridiomycota_ord_Incertae_sedis,Chytridiomycota_fam_Incertae_sedis,Chytridiomycota_gen_Incertae_sedis,NA
ASV_3674,Fungi,Ascomycota,Dothideomycetes,Cladosporiales,Cladosporiaceae,Neocladosporium,Neocladosporium_syringae
ASV_3675,Fungi,Ascomycota,Dothideomycetes,Pleosporales,NA,NA,NA
ASV_3676,Fungi,Ascomycota,Dothideomycetes,Pleosporales,Didymellaceae,Neoascochyta,Neoascochyta_paspali
ASV_3677,Fungi,Fungi_phy_Incertae_sedis,Fungi_cls_Incertae_sedis,Fungi_ord_Incertae_sedis,Fungi_fam_Incertae_sedis,Fungi_gen_Incertae_sedis,NA
ASV_3678,Fungi,Basidiomycota,Agaricomycetes,Trechisporales,Hydnodontaceae,Trechispora,NA
ASV_3679,Fungi,NA,NA,NA,NA,NA,NA
ASV_3680,Fungi,Basidiomycota,Tremellomycetes,Tremellales,Cryptococcaceae,Cryptococcus,Cryptococcus_nyarrowii
ASV_3681,Fungi,Basidiomycota,Tremellomycetes,Tremellales,Bulleribasidiaceae,Vishniacozyma,Vishniacozyma_victoriae
ASV_3682,Fungi,Basidiomycota,Cystobasidiomycetes,NA,NA,NA,NA
ASV_3683,Fungi,Chlorophyta,Trebouxiophyceae,Watanabeales,NA,Chloroidium,Chloroidium_sp._Ru-6-6
ASV_3684,Fungi,Chlorophyta,Trebouxiophyceae,Watanabeales,NA,Chloroidium,Chloroidium_lobatum
ASV_3685,Fungi,Ascomycota,Dothideomycetes,NA,NA,NA,NA
ASV_3686,Fungi,Ascomycota,Dothideomycetes,Dothideomycetes_ord_Incertae_sedis,Dothideomycetes_fam_Incertae_sedis,Peltaster,Peltaster_cerophilus
ASV_3687,Fungi,Chlorophyta,Trebouxiophyceae,Watanabeales,NA,Chloroidium,Chloroidium_lobatum
ASV_3688,Fungi,Ascomycota,Dothideomycetes,Pleosporales,Phaeosphaeriaceae,Didymocyrtis,Didymocyrtis_brachylaenae
ASV_3689,Fungi,NA,NA,NA,NA,NA,NA
ASV_3690,Fungi,NA,NA,NA,NA,NA,NA
ASV_3691,Fungi,Ascomycota,Dothideomycetes,Pleosporales,Phaeosphaeriaceae,Didymocyrtis,Didymocyrtis_pini
ASV_3692,Fungi,Chytridiomycota,Chytridiomycota_cls_Incertae_sedis,Chytridiomycota_ord_Incertae_sedis,Chytridiomycota_fam_Incertae_sedis,Chytridiomycota_gen_Incertae_sedis,NA
ASV_3693,Fungi,Basidiomycota,Cystobasidiomycetes,Erythrobasidiales,Erythrobasidiaceae,Erythrobasidium,Erythrobasidium_elongatum
ASV_3694,Fungi,Basidiomycota,Exobasidiomycetes,Georgefischeriales,Gjaerumiaceae,Gjaerumia,Gjaerumia_minor
ASV_3695,Fungi,Basidiomycota,Agaricomycetes,Agaricales,Entolomataceae,Entoloma,Entoloma_quellarense
ASV_3696,Fungi,Ascomycota,Dothideomycetes,Pleosporales,Pyrenochaetopsidaceae,Pyrenochaetopsis,Pyrenochaetopsis_leptospora
ASV_3697,Fungi,Ascomycota,Dothideomycetes,Pleosporales,Phaeosphaeriaceae,Neosetophoma,Neosetophoma_sp.
ASV_3698,Fungi,Streptophyta,Magnoliopsida,Myrtales,Myrtaceae,Leptospermum,Leptospermum_scoparium
ASV_3699,Fungi,Chlorophyta,Trebouxiophyceae,Watanabeales,NA,Chloroidium,Chloroidium_sp._LV-2018
ASV_3700,Fungi,Mortierellomycota,Mortierellomycetes,Mortierellales,Mortierellaceae,Mortierella,Mortierella_simplex
ASV_3701,Fungi,Basidiomycota,Agaricostilbomycetes,Agaricostilbales,Kondoaceae,Kondoa,Kondoa_yuccicola
ASV_3702,Fungi,Streptophyta,Magnoliopsida,Lamiales,Verbenaceae,Aloysia,Aloysia_citrodora
ASV_3703,Fungi,Basidiomycota,Agaricomycetes,Agaricales,Pleurotaceae,Pleurotus,Pleurotus_purpureo-olivaceus
ASV_3704,Fungi,Basidiomycota,Agaricostilbomycetes,Agaricostilbales,Kondoaceae,Bensingtonia,NA
ASV_3705,Fungi,Basidiomycota,Tremellomycetes,Tremellales,Bulleribasidiaceae,Vishniacozyma,Vishniacozyma_dimennae
ASV_3706,Fungi,Ascomycota,Dothideomycetes,Pleosporales,Phaeosphaeriaceae,Paraloratospora,Paraloratospora_gahniae
ASV_3707,Fungi,Ascomycota,Dothideomycetes,Pleosporales,Phaeosphaeriaceae,Paraphoma,Paraphoma_chrysanthemicola
ASV_3708,Fungi,Ascomycota,Sordariomycetes,Hypocreales,Stachybotryaceae,Striaticonidium,Striaticonidium_humicola
ASV_3709,Fungi,Fungi_phy_Incertae_sedis,Fungi_cls_Incertae_sedis,Fungi_ord_Incertae_sedis,Fungi_fam_Incertae_sedis,Fungi_gen_Incertae_sedis,NA
ASV_3710,Fungi,Ascomycota,Sordariomycetes,Sordariales,Schizotheciaceae,Schizochlamydosporiella,Schizochlamydosporiella_marina
ASV_3711,Fungi,Ascomycota,Dothideomycetes,Pleosporales,Amorosiaceae,Angustimassarina,Angustimassarina_acerina
ASV_3712,Fungi,Ascomycota,Dothideomycetes,Pleosporales,Phaeosphaeriaceae,Didymocyrtis,Didymocyrtis_pini
ASV_3713,Fungi,Streptophyta,Magnoliopsida,Asterales,Asteraceae,Tragopogon,Tragopogon_pratensis
ASV_3714,Fungi,Ascomycota,Pichiomycetes,Pichiales,Pichiaceae,Pichia,Pichia_fermentans
ASV_3715,Fungi,Basidiomycota,Cystobasidiomycetes,Erythrobasidiales,Erythrobasidiaceae,Erythrobasidium,Erythrobasidium_sp.
ASV_3716,Fungi,Ascomycota,Saccharomycetes,Saccharomycetales,Pichiaceae,Pichia,Pichia_eremophila
ASV_3717,Fungi,Streptophyta,Magnoliopsida,Asterales,Asteraceae,Pilosella,Pilosella_officinarum
ASV_3718,Fungi,Ascomycota,Leotiomycetes,NA,NA,NA,NA
ASV_3719,Fungi,Ascomycota,Dothideomycetes,Pleosporales,Thyridariaceae,Parathyridaria,Parathyridaria_ellipsoidea
ASV_3720,Fungi,Ascomycota,NA,NA,NA,NA,NA
ASV_3721,Fungi,Ascomycota,Dothideomycetes,Pleosporales,Leptosphaeriaceae,Plenodomus,Plenodomus_biglobosus
ASV_3722,Fungi,Ascomycota,Dothideomycetes,Pleosporales,Phaeosphaeriaceae,Paraophiobolus,Paraophiobolus_arundinis
ASV_3723,Fungi,Mucoromycota,Mucoromycetes,Mucorales,Mucoraceae,Mucor,Mucor_circinelloides
ASV_3724,Fungi,Chlorophyta,Trebouxiophyceae,Watanabeales,NA,Chloroidium,Chloroidium_sp._NN-2-O
ASV_3725,Fungi,Fungi_phy_Incertae_sedis,Fungi_cls_Incertae_sedis,Fungi_ord_Incertae_sedis,Fungi_fam_Incertae_sedis,Fungi_gen_Incertae_sedis,NA
ASV_3726,Fungi,Ascomycota,Dothideomycetes,Mycosphaerellales,Mycosphaerellaceae,Zasmidium,Zasmidium_musae
ASV_3727,Fungi,Chytridiomycota,Chytridiomycota_cls_Incertae_sedis,Chytridiomycota_ord_Incertae_sedis,Chytridiomycota_fam_Incertae_sedis,Chytridiomycota_gen_Incertae_sedis,NA
ASV_3728,Fungi,Chlorophyta,Trebouxiophyceae,Watanabeales,NA,Jaagichlorella,Jaagichlorella_roystonensis
ASV_3729,Fungi,NA,NA,NA,NA,NA,NA
ASV_3730,Fungi,Ascomycota,Dothideomycetes,Pleosporales,Pleosporaceae,Alternaria,NA
ASV_3731,Fungi,Chytridiomycota,Chytridiomycota_cls_Incertae_sedis,Chytridiomycota_ord_Incertae_sedis,Chytridiomycota_fam_Incertae_sedis,Chytridiomycota_gen_Incertae_sedis,NA
ASV_3732,Fungi,Ascomycota,Saccharomycetes,Saccharomycetales,Saccharomycetaceae,Lachancea,Lachancea_kluyveri
ASV_3733,Fungi,Pseudomonadota,Gammaproteobacteria,Enterobacterales,Morganellaceae,Moellerella,Moellerella_wisconsensis
ASV_3734,Fungi,Chytridiomycota,NA,NA,NA,NA,NA
ASV_3735,Fungi,Ascomycota,Leotiomycetes,Chaetomellales,Chaetomellaceae,Zoellneria,Zoellneria_rosarum
ASV_3736,Fungi,Streptophyta,Magnoliopsida,Asterales,Asteraceae,Achillea,Achillea_setacea
ASV_3737,Fungi,Ascomycota,Leotiomycetes,Erysiphales,Erysiphaceae,Erysiphe,Erysiphe_pisi
ASV_3738,Fungi,Ascomycota,Dothideomycetes,Pleosporales,Phaeosphaeriaceae,Phaeosphaeria,Phaeosphaeria_poagena
ASV_3739,Fungi,Ascomycota,Dothideomycetes,Pleosporales,Phaeosphaeriaceae,Didymocyrtis,Didymocyrtis_pini
ASV_3740,Fungi,Ascomycota,Pichiomycetes,Pichiales,Pichiaceae,Pichia,Pichia_membranifaciens
ASV_3741,Fungi,Streptophyta,Magnoliopsida,Malvales,Malvaceae,Plagianthus,Plagianthus_regius
ASV_3742,Fungi,Chlorophyta,Trebouxiophyceae,Watanabeales,NA,Watanabea,Watanabea_borysthenica
ASV_3743,Fungi,Streptophyta,Magnoliopsida,Asterales,Asteraceae,Bellis,Bellis_perennis
ASV_3744,Fungi,Ascomycota,Dothideomycetes,Pleosporales,Pleosporaceae,NA,NA
ASV_3745,Fungi,Ascomycota,Dothideomycetes,Pleosporales,Lentitheciaceae,Keissleriella,NA
ASV_3746,Fungi,Streptophyta,Magnoliopsida,Poales,Poaceae,Paspalum,Paspalum_notatum
ASV_3747,Fungi,Ascomycota,Dothideomycetes,Pleosporales,Phaeosphaeriaceae,Phaeosphaeriopsis,Phaeosphaeriopsis_sp.
ASV_3748,Fungi,Basidiomycota,Microbotryomycetes,Sporidiobolales,Sporidiobolaceae,Sporobolomyces,Sporobolomyces_ruberrimus
ASV_3749,Fungi,Chlorophyta,Trebouxiophyceae,Watanabeales,NA,Chloroidium,Chloroidium_sp._NN-2-O
ASV_3750,Fungi,Basidiomycota,Exobasidiomycetes,Exobasidiales,Exobasidiaceae,Exobasidium,Exobasidium_sp.
ASV_3751,Fungi,Ascomycota,Dothideomycetes,Pleosporales,Phaeosphaeriaceae,Phaeosphaeria,Phaeosphaeria_breonadiae
ASV_3752,Fungi,Ascomycota,Dothideomycetes,Acrospermales,Acrospermaceae,Oomyces,NA
ASV_3753,Fungi,Basidiomycota,Agaricomycetes,Agaricales,Strophariaceae,Hypholoma,Hypholoma_fasciculare
ASV_3754,Fungi,Streptophyta,Magnoliopsida,Asterales,Asteraceae,Bellis,Bellis_perennis
ASV_3755,Fungi,Ascomycota,Dothideomycetes,Pleosporales,Leptosphaeriaceae,Leptosphaeria,Leptosphaeria_bellynckii
ASV_3756,Fungi,Basidiomycota,Agaricomycetes,Polyporales,Meripilaceae,Rigidoporus,Rigidoporus_vinctus
ASV_3757,Fungi,Basidiomycota,Agaricomycetes,Agaricales,Strophariaceae,Deconica,Deconica_phillipsii
ASV_3758,Fungi,Ascomycota,Dothideomycetes,Pleosporales,Phaeosphaeriaceae,Neosetophoma,Neosetophoma_guiyangensis
ASV_3759,Fungi,NA,NA,NA,NA,NA,NA
ASV_3760,Fungi,Mortierellomycota,Mortierellomycetes,Mortierellales,Mortierellaceae,Mortierella,Mortierellomycotina_sp.
ASV_3761,Fungi,Ascomycota,Dothideomycetes,Pleosporales,Dictyosporiaceae,Pseudoconiothyrium,NA
ASV_3762,Fungi,Streptophyta,Magnoliopsida,Poales,Poaceae,Cortaderia,Cortaderia_peruviana
ASV_3763,Fungi,Streptophyta,Magnoliopsida,Apiales,Araliaceae,Hedera,Hedera_hibernica
ASV_3764,Fungi,Uroviricota,Caudoviricetes,NA,NA,NA,Caudoviricetes_sp.
ASV_3765,Fungi,Chytridiomycota,Chytridiomycota_cls_Incertae_sedis,Chytridiomycota_ord_Incertae_sedis,Chytridiomycota_fam_Incertae_sedis,Chytridiomycota_gen_Incertae_sedis,NA
ASV_3766,Fungi,Basidiomycota,Tremellomycetes,Tremellales,Bulleribasidiaceae,Hannaella,Hannaella_kunmingensis
ASV_3767,Fungi,NA,NA,NA,NA,NA,NA
ASV_3768,Fungi,Streptophyta,Magnoliopsida,Solanales,Solanaceae,Solanum,Solanum_lycopersicum
ASV_3769,Fungi,Ascomycota,Sordariomycetes,NA,NA,NA,NA
ASV_3770,Fungi,Ascomycota,Dothideomycetes,Pleosporales,Pyrenochaetopsidaceae,Pyrenochaetopsis,Pyrenochaetopsis_leptospora
ASV_3771,Fungi,Basidiomycota,Tremellomycetes,Tremellales,Phaeotremellaceae,Gelidatrema,Gelidatrema_spencermartinsiae
ASV_3772,Fungi,Ascomycota,Dothideomycetes,Mycosphaerellales,Dissoconiaceae,Uwebraunia,Uwebraunia_dekkeri
ASV_3773,Fungi,Ascomycota,Dothideomycetes,Pleosporales,Sporormiaceae,Westerdykella,Westerdykella_reniformis
ASV_3774,Fungi,Mucoromycota,Mucoromycetes,Mucorales,Mucoraceae,Mucor,Mucor_hiemalis
ASV_3775,Fungi,NA,NA,NA,NA,NA,NA
ASV_3776,Fungi,Ascomycota,Dothideomycetes,Pleosporales,Pleosporaceae,Pyrenophora,Pyrenophora_dictyoides
ASV_3777,Fungi,Ascomycota,Dothideomycetes,Pleosporales,Pyrenochaetopsidaceae,Xenopyrenochaetopsis,Xenopyrenochaetopsis_pratorum
ASV_3778,Fungi,Ascomycota,Dothideomycetes,Dothideales,Saccotheciaceae,Aureobasidium,Aureobasidium_pullulans
ASV_3779,Fungi,Ascomycota,Saccharomycetes,Saccharomycetales,Saccharomycetaceae,Monosporozyma,Monosporozyma_servazzii
ASV_3780,Fungi,NA,NA,NA,NA,NA,NA
ASV_3781,Fungi,Streptophyta,Magnoliopsida,Lamiales,Plantaginaceae,Veronica,Veronica_chathamica
ASV_3782,Fungi,Chytridiomycota,Chytridiomycota_cls_Incertae_sedis,Chytridiomycota_ord_Incertae_sedis,Chytridiomycota_fam_Incertae_sedis,Chytridiomycota_gen_Incertae_sedis,NA
ASV_3783,Fungi,Ascomycota,Dothideomycetes,Pleosporales,Periconiaceae,Periconia,Periconia_celtidis
ASV_3784,Fungi,Streptophyta,Magnoliopsida,Malpighiales,Salicaceae,Populus,Populus_kangdingensis
ASV_3785,Fungi,Mucoromycota,Mucoromycetes,Mucorales,Mucoraceae,Mucor,Mucor_hiemalis
ASV_3786,Fungi,Basidiomycota,Tremellomycetes,Filobasidiales,Filobasidiaceae,Filobasidium,Filobasidium_oeirense
ASV_3787,Fungi,Streptophyta,Magnoliopsida,Lamiales,Plantaginaceae,Veronica,Veronica_pimeleoides
ASV_3788,Fungi,Basidiomycota,Microbotryomycetes,Sporidiobolales,Sporidiobolaceae,Rhodotorula,Rhodotorula_toruloides
ASV_3789,Fungi,Ascomycota,Pezizomycetes,Pezizales,Pezizaceae,NA,uncultured_Pezizaceae
ASV_3790,Fungi,Basidiomycota,Exobasidiomycetes,Microstromatales,Microstromataceae,Microstroma,Microstroma_bacarum
ASV_3791,Fungi,Ascomycota,Dothideomycetes,Capnodiales,Readerielliopsidaceae,Scolecoxyphium,Scolecoxyphium_phylicae
ASV_3792,Fungi,Ascomycota,Sordariomycetes,Hypocreales,Clavicipitaceae,Claviceps,Claviceps_monticola
ASV_3793,Fungi,Chytridiomycota,Chytridiomycota_cls_Incertae_sedis,Chytridiomycota_ord_Incertae_sedis,Chytridiomycota_fam_Incertae_sedis,Chytridiomycota_gen_Incertae_sedis,NA
ASV_3794,Fungi,Ascomycota,Dothideomycetes,Pleosporales,Periconiaceae,Periconia,Periconia_sp.
ASV_3795,Fungi,NA,NA,NA,NA,NA,NA
ASV_3796,Fungi,Ascomycota,Dothideomycetes,Pleosporales,Didymellaceae,Calophoma,NA
ASV_3797,Fungi,Chlorophyta,Trebouxiophyceae,Watanabeales,NA,Jaagichlorella,Jaagichlorella_roystonensis
ASV_3798,Fungi,Chlorophyta,Chlorophyceae,Sphaeropleales,Scenedesmaceae,Coelastrella,Coelastrella_oocystiformis
ASV_3799,Fungi,Chlorophyta,Trebouxiophyceae,Trebouxiales,Trebouxiaceae,Trebouxia,Trebouxia_sp.
ASV_3800,Fungi,Basidiomycota,Tremellomycetes,Tremellales,Bulleribasidiaceae,Hannaella,Hannaella_kunmingensis
ASV_3801,Fungi,Streptophyta,Magnoliopsida,Asterales,Asteraceae,Craspedia,Craspedia_sp._CHR514290
ASV_3802,Fungi,Streptophyta,Magnoliopsida,Solanales,Solanaceae,Solanum,Solanum_lycopersicum
ASV_3803,Fungi,Streptophyta,Magnoliopsida,Caryophyllales,Basellaceae,Anredera,Anredera_cordifolia
ASV_3804,Fungi,Ascomycota,Dothideomycetes,Pleosporales,Pyrenochaetopsidaceae,Xenopyrenochaetopsis,Xenopyrenochaetopsis_pratorum
ASV_3805,Fungi,Ascomycota,Dothideomycetes,Pleosporales,Periconiaceae,Periconia,Periconia_sp.
ASV_3806,Fungi,Ascomycota,Sordariomycetes,Hypocreales,Clavicipitaceae,Claviceps,Claviceps_macroura
ASV_3807,Fungi,Ascomycota,Dothideomycetes,Pleosporales,Phaeosphaeriaceae,Phaeosphaeria,NA
ASV_3808,Fungi,Streptophyta,Magnoliopsida,Apiales,Apiaceae,Daucus,Daucus_elegans
ASV_3809,Fungi,Ascomycota,Sordariomycetes,Microascales,Ceratocystidaceae,Thielaviopsis,Thielaviopsis_populi
ASV_3810,Fungi,Chlorophyta,Trebouxiophyceae,Chlorellales,Chlorellaceae,Prototheca,Prototheca_ciferrii
ASV_3811,Fungi,Basidiomycota,Agaricomycetes,Agaricales,Pleurotaceae,Pleurotus,Pleurotus_purpureo-olivaceus
ASV_3812,Fungi,Ascomycota,Dothideomycetes,Pleosporales,Periconiaceae,Periconia,Periconia_chengduensis
ASV_3813,Fungi,Ascomycota,Dothideomycetes,Pleosporales,Torulaceae,Torula,Torula_gaodangensis
ASV_3814,Fungi,Ascomycota,Eurotiomycetes,Eurotiales,Aspergillaceae,Penicillium,Penicillium_bialowiezense
ASV_3815,Fungi,Basidiomycota,Tremellomycetes,Tremellales,Bulleribasidiaceae,Hannaella,Hannaella_theobromatis
ASV_3816,Fungi,NA,NA,NA,NA,NA,NA
ASV_3817,Fungi,Ascomycota,Dothideomycetes,Cladosporiales,Cladosporiaceae,Cladosporium,Cladosporium_herbarum
ASV_3818,Fungi,Ascomycota,Sordariomycetes,Hypocreales,Nectriaceae,Fusarium,Fusarium_andiyazi
ASV_3819,Fungi,NA,NA,NA,NA,NA,NA
ASV_3820,Fungi,Basidiomycota,Tremellomycetes,Filobasidiales,Filobasidiaceae,Filobasidium,Filobasidium_globosum
ASV_3821,Fungi,Ascomycota,Dothideomycetes,Pleosporales,Torulaceae,Torula,Torula_fici
ASV_3822,Fungi,Ascomycota,Leotiomycetes,Erysiphales,Erysiphaceae,Erysiphe,Erysiphe_aquilegiae
ASV_3823,Fungi,Basidiomycota,Tremellomycetes,Tremellales,Bulleribasidiaceae,Vishniacozyma,Vishniacozyma_victoriae
ASV_3824,Fungi,Basidiomycota,Agaricostilbomycetes,Agaricostilbales,Kondoaceae,Kondoa,Kondoa_yuccicola
ASV_3825,Fungi,Basidiomycota,Microbotryomycetes,NA,NA,Curvibasidium,Curvibasidium_cygneicollum
ASV_3826,Fungi,NA,NA,NA,NA,NA,NA
ASV_3827,Fungi,Ascomycota,Dothideomycetes,Pleosporales,Didymellaceae,Neoascochyta,NA
ASV_3828,Fungi,Basidiomycota,Tremellomycetes,Cystofilobasidiales,Cystofilobasidiaceae,Cystofilobasidium,Cystofilobasidium_macerans
ASV_3829,Fungi,NA,NA,NA,NA,NA,NA
ASV_3830,Fungi,Basidiomycota,Agaricomycetes,Agaricales,Strophariaceae,Pholiota,Pholiota_highlandensis
ASV_3831,Fungi,NA,NA,NA,NA,NA,NA
ASV_3832,Fungi,Ascomycota,Sordariomycetes,Sordariales,Schizotheciaceae,Schizothecium,Schizothecium_dakotense
ASV_3833,Fungi,Ascomycota,Dothideomycetes,Pleosporales,Phaeosphaeriaceae,Phaeosphaeria,Phaeosphaeria_culmorum
ASV_3834,Fungi,Basidiomycota,Exobasidiomycetes,Georgefischeriales,Georgefischeriaceae,Jamesdicksonia,Jamesdicksonia_sp.
ASV_3835,Fungi,Ascomycota,Dothideomycetes,Pleosporales,Phaeosphaeriaceae,Didymocyrtis,Didymocyrtis_pini
ASV_3836,Fungi,Ascomycota,Dothideomycetes,Pleosporales,Leptosphaeriaceae,Neophaeosphaeria,Neophaeosphaeria_livistonae
ASV_3837,Fungi,Chlorophyta,Chlorophyceae,Sphaeropleales,Scenedesmaceae,Coelastrella,Coelastrella_oocystiformis
ASV_3838,Fungi,Streptophyta,Magnoliopsida,Ranunculales,Ranunculaceae,Ranunculus,Ranunculus_grandiflorus
ASV_3839,Fungi,Basidiomycota,Cystobasidiomycetes,NA,NA,NA,NA
ASV_3840,Fungi,NA,NA,NA,NA,NA,NA
ASV_3841,Fungi,Ascomycota,Eurotiomycetes,Eurotiales,Aspergillaceae,Penicillium,Penicillium_bialowiezense
ASV_3842,Fungi,Basidiomycota,NA,NA,NA,NA,NA
ASV_3843,Fungi,Ascomycota,Dothideomycetes,Pleosporales,Teichosporaceae,Magnibotryascoma,Magnibotryascoma_kunmingense
ASV_3844,Fungi,Chlorophyta,Trebouxiophyceae,Chlorellales,Chlorellaceae,Meyerella,Meyerella_sp.
ASV_3845,Fungi,Basidiomycota,Agaricomycetes,Agaricales,Pleurotaceae,Pleurotus,Pleurotus_purpureo-olivaceus
ASV_3846,Fungi,Ascomycota,Saccharomycetes,Saccharomycetales,Saccharomycetaceae,Saccharomyces,Saccharomyces_bayanus
ASV_3847,Fungi,Chlorophyta,Trebouxiophyceae,Watanabeales,NA,Chloroidium,Chloroidium_orientale
ASV_3848,Fungi,Chytridiomycota,Chytridiomycota_cls_Incertae_sedis,Chytridiomycota_ord_Incertae_sedis,Chytridiomycota_fam_Incertae_sedis,Chytridiomycota_gen_Incertae_sedis,NA
ASV_3849,Fungi,Chytridiomycota,NA,NA,NA,NA,NA
ASV_3850,Fungi,Basidiomycota,Cystobasidiomycetes,Cystobasidiomycetes_ord_Incertae_sedis,Symmetrosporaceae,Symmetrospora,Symmetrospora_pseudomarina
ASV_3851,Fungi,Ascomycota,Dothideomycetes,NA,NA,NA,NA
ASV_3852,Fungi,Ascomycota,Dothideomycetes,Pleosporales,Pleosporaceae,Exserohilum,Exserohilum_turcicum
ASV_3853,Fungi,Ascomycota,Eurotiomycetes,Eurotiales,Aspergillaceae,Penicillium,Penicillium_bialowiezense
ASV_3854,Fungi,Mucoromycota,Mucoromycetes,Mucorales,Mucoraceae,Mucor,Mucor_circinelloides
ASV_3855,Fungi,Olpidiomycota,Olpidiomycota_cls_Incertae_sedis,Olpidiomycota_ord_Incertae_sedis,Olpidiomycota_fam_Incertae_sedis,Olpidiomycota_gen_Incertae_sedis,NA
ASV_3856,Fungi,Ascomycota,Sordariomycetes,Myrmecridiales,Myrmecridiaceae,Myrmecridium,NA
ASV_3857,Fungi,Streptophyta,Magnoliopsida,Apiales,Araliaceae,Aralia,Aralia_vietnamensis
ASV_3858,Fungi,Ascomycota,NA,NA,NA,NA,NA
ASV_3859,Fungi,Ascomycota,Sordariomycetes,Hypocreales,Nectriaceae,Fusarium,Fusarium_asiaticum
ASV_3860,Fungi,Streptophyta,Magnoliopsida,Alismatales,Araceae,Colocasia,Colocasia_sp._MIB:SASS:0433
ASV_3861,Fungi,Chlorophyta,Trebouxiophyceae,Watanabeales,NA,Chloroidium,Chloroidium_lobatum
ASV_3862,Fungi,NA,NA,NA,NA,NA,NA
ASV_3863,Fungi,Ascomycota,Sordariomycetes,Hypocreales,Sarocladiaceae,Sarocladium,Sarocladium_spirale
ASV_3864,Fungi,Ascomycota,Saccharomycetes,Saccharomycetales,Saccharomycetaceae,Zygotorulaspora,Zygotorulaspora_florentina
ASV_3865,Fungi,Chlorophyta,Trebouxiophyceae,Prasiolales,Stichococcaceae,Stichococcus,Stichococcus_sp.
ASV_3866,Fungi,Ascomycota,Saccharomycetes,Saccharomycetales,Saccharomycetaceae,Maudiozyma,Maudiozyma_bulderi
ASV_3867,Fungi,Ascomycota,Dothideomycetes,Pleosporales,Didymosphaeriaceae,Spegazzinia,Spegazzinia_radermacherae
ASV_3868,Fungi,Ascomycota,Dothideomycetes,Pleosporales,Thyridariaceae,Parathyridaria,Parathyridaria_ramulicola
ASV_3869,Fungi,Streptophyta,Magnoliopsida,Lamiales,Plantaginaceae,Digitalis,Digitalis_purpurea
ASV_3870,Fungi,Streptophyta,Magnoliopsida,Lamiales,Plantaginaceae,Veronica,Veronica_chathamica
ASV_3871,Fungi,Ascomycota,Dothideomycetes,Pleosporales,Leptosphaeriaceae,Sphaerellopsis,Sphaerellopsis_filum
ASV_3872,Fungi,Streptophyta,Magnoliopsida,Asterales,Asteraceae,Zinnia,Zinnia_leucoglossa
ASV_3873,Fungi,Ascomycota,Dothideomycetes,Pleosporales,Didymellaceae,Neoascochyta,Neoascochyta_paspali
ASV_3874,Fungi,Basidiomycota,Microbotryomycetes,Sporidiobolales,Sporidiobolaceae,Sporobolomyces,Sporobolomyces_ruberrimus
ASV_3875,Fungi,Ascomycota,NA,NA,NA,NA,NA
ASV_3876,Fungi,Basidiomycota,Cystobasidiomycetes,Cystobasidiomycetes_ord_Incertae_sedis,Symmetrosporaceae,Symmetrospora,Symmetrospora_pseudomarina
ASV_3877,Fungi,Basidiomycota,Agaricostilbomycetes,Agaricostilbales,Kondoaceae,Kondoa,Kondoa_yuccicola
ASV_3878,Fungi,Basidiomycota,Cystobasidiomycetes,NA,Symmetrosporaceae,Symmetrospora,Symmetrospora_oryzicola
ASV_3879,Fungi,Streptophyta,Magnoliopsida,Fagales,Casuarinaceae,Casuarina,Casuarina_pauper
ASV_3880,Fungi,Ascomycota,Dothideomycetes,Pleosporales,Leptosphaeriaceae,Plenodomus,Plenodomus_biglobosus
ASV_3881,Fungi,Basidiomycota,Cystobasidiomycetes,Erythrobasidiales,Erythrobasidiaceae,Erythrobasidium,Erythrobasidium_sp.
ASV_3882,Fungi,Streptophyta,Magnoliopsida,Alismatales,Araceae,Colocasia,Colocasia_sp._MIB:SASS:0433
ASV_3883,Fungi,Ascomycota,Dothideomycetes,Pleosporales,Pyrenochaetopsidaceae,Pyrenochaetopsis,Pyrenochaetopsis_leptospora
ASV_3884,Fungi,Streptophyta,Polypodiopsida,Equisetales,Equisetaceae,Equisetum,Equisetum_arvense
ASV_3885,Fungi,Basidiomycota,Tremellomycetes,Tremellales,Trimorphomycetaceae,Saitozyma,Saitozyma_paraflava
ASV_3886,Fungi,Chlorophyta,Trebouxiophyceae,NA,NA,NA,Trebouxiophyceae_sp._S2MWC-11
ASV_3887,Fungi,Ascomycota,Leotiomycetes,Chaetomellales,Chaetomellaceae,Pilidium,Pilidium_anglicum
ASV_3888,Fungi,Basidiomycota,Cystobasidiomycetes,Erythrobasidiales,Erythrobasidiaceae,Erythrobasidium,Erythrobasidium_sp.
ASV_3889,Fungi,Basidiomycota,Microbotryomycetes,Sporidiobolales,Sporidiobolaceae,Sporobolomyces,Sporobolomyces_roseus
ASV_3890,Fungi,Ascomycota,Dothideomycetes,Pleosporales,Phaeosphaeriaceae,Paraophiobolus,Paraophiobolus_torilicola
ASV_3891,Fungi,Mucoromycota,Mucoromycetes,Mucorales,Mucoraceae,Mucor,Mucor_sp.
ASV_3892,Fungi,Streptophyta,Magnoliopsida,Myrtales,Myrtaceae,Lophomyrtus,Lophomyrtus_bullata_x_Lophomyrtus_orbcordata
ASV_3893,Fungi,Streptophyta,Magnoliopsida,Cucurbitales,Cucurbitaceae,Cucumis,Cucumis_sativus
ASV_3894,Fungi,Ascomycota,Dothideomycetes,Dothideomycetes_ord_Incertae_sedis,Dothideomycetes_fam_Incertae_sedis,Peltaster,Peltaster_cerophilus
ASV_3895,Fungi,Basidiomycota,Cystobasidiomycetes,Buckleyzymales,Buckleyzymaceae,Buckleyzyma,Buckleyzyma_armeniaca
ASV_3896,Fungi,Chlorophyta,Trebouxiophyceae,Watanabeales,NA,Chloroidium,Chloroidium_sp._LV-2018
ASV_3897,Fungi,Streptophyta,Magnoliopsida,Myrtales,Myrtaceae,Lophomyrtus,Lophomyrtus_bullata_x_Lophomyrtus_orbcordata
ASV_3898,Fungi,Ascomycota,Dothideomycetes,Pleosporales,Sporormiaceae,Preussia,Preussia_persica
ASV_3899,Fungi,Mucoromycota,Mucoromycetes,Mucorales,Mucoraceae,Mucor,Mucor_hiemalis
ASV_3900,Fungi,Chlorophyta,Trebouxiophyceae,Watanabeales,NA,Chloroidium,Chloroidium_orientale
ASV_3901,Fungi,Streptophyta,Magnoliopsida,Asterales,Asteraceae,Bellis,Bellis_perennis
ASV_3902,Fungi,Streptophyta,Magnoliopsida,Asterales,Asteraceae,Crepis,Crepis_capillaris
ASV_3903,Fungi,Ascomycota,Dothideomycetes,Mycosphaerellales,Mycosphaerellaceae,Rhachisphaerella,Rhachisphaerella_mozambica
ASV_3904,Fungi,Basidiomycota,Exobasidiomycetes,Entylomatales,Entylomataceae,Tilletiopsis,Tilletiopsis_washingtonensis
ASV_3905,Fungi,Ascomycota,Sordariomycetes,Hypocreales,Nectriaceae,Fusarium,Fusarium_heterosporum
ASV_3906,Fungi,Ascomycota,NA,NA,NA,NA,NA
ASV_3907,Fungi,Basidiomycota,Tremellomycetes,Trichosporonales,Trichosporonaceae,Trichosporon,Trichosporon_ovoides
ASV_3908,Fungi,Ascomycota,Dothideomycetes,Pleosporales,Leptosphaeriaceae,NA,NA
ASV_3909,Fungi,NA,NA,NA,NA,NA,NA
ASV_3910,Fungi,Ascomycota,Dothideomycetes,Mycosphaerellales,Mycosphaerellaceae,Sphaerulina,Sphaerulina_westendorpii
ASV_3911,Fungi,Streptophyta,Magnoliopsida,Malvales,Malvaceae,Hoheria,Hoheria_aff._sexstylosa_SJW-2009
ASV_3912,Fungi,Chlorophyta,Trebouxiophyceae,Chlorellales,Chlorellaceae,Chlorella,Chlorella_vulgaris
ASV_3913,Fungi,Ascomycota,Eurotiomycetes,Eurotiales,Aspergillaceae,Penicillium,Penicillium_penicillioides
ASV_3914,Fungi,Ascomycota,Dothideomycetes,Botryosphaeriales,Botryosphaeriaceae,NA,NA
ASV_3915,Fungi,Ascomycota,Pichiomycetes,Pichiales,Pichiaceae,Pichia,Pichia_bruneiensis
ASV_3916,Fungi,Mucoromycota,NA,NA,NA,NA,uncultured_Mortierellomycotina
ASV_3917,Fungi,Streptophyta,Magnoliopsida,Apiales,Apiaceae,Daucus,Daucus_elegans
ASV_3918,Fungi,Mortierellomycota,Mortierellomycetes,Mortierellales,Mortierellaceae,Linnemannia,Linnemannia_fatshederae
ASV_3919,Fungi,Ascomycota,Dothideomycetes,Pleosporales,Phaeosphaeriaceae,Setophoma,Setophoma_sp.
ASV_3920,Fungi,Ascomycota,Dothideomycetes,Pleosporales,Didymellaceae,Calophoma,NA
ASV_3921,Fungi,Mortierellomycota,Mortierellomycetes,Mortierellales,Mortierellaceae,Mortierella,NA
ASV_3922,Fungi,Ascomycota,Dothideomycetes,Pleosporales,Phaeosphaeriaceae,Parastagonospora,Parastagonospora_forlicesenica
ASV_3923,Fungi,Streptophyta,Magnoliopsida,Malvales,Malvaceae,Palaua,Palaua_inconspicua
ASV_3924,Fungi,Streptophyta,Magnoliopsida,Oxalidales,Oxalidaceae,Oxalis,Oxalis_corniculata
ASV_3925,Fungi,Ascomycota,Dothideomycetes,Botryosphaeriales,Botryosphaeriaceae,Neofusicoccum,Neofusicoccum_parvum
ASV_3926,Fungi,Basidiomycota,Cystobasidiomycetes,Cystobasidiomycetes_ord_Incertae_sedis,Symmetrosporaceae,Symmetrospora,Symmetrospora_clarorosea
ASV_3927,Fungi,Basidiomycota,Cystobasidiomycetes,Cystobasidiomycetes_ord_Incertae_sedis,Symmetrosporaceae,Symmetrospora,Symmetrospora_gracilis
ASV_3928,Fungi,Ascomycota,Sordariomycetes,Hypocreales,Clavicipitaceae,Metarhizium,Metarhizium_anisopliae
ASV_3929,Fungi,Ascomycota,Sordariomycetes,Hypocreales,Sarocladiaceae,Parasarocladium,Parasarocladium_tasmanniae
ASV_3930,Fungi,Ascomycota,Taphrinomycetes,Taphrinales,Taphrinaceae,Taphrina,NA
ASV_3931,Fungi,Basidiomycota,Cystobasidiomycetes,Naohideales,Naohideaceae,Naohidea,Naohidea_sebacea
ASV_3932,Fungi,Ascomycota,Dothideomycetes,Dothideales,Saccotheciaceae,Aureobasidium,Aureobasidium_pullulans
ASV_3933,Fungi,Ascomycota,Dothideomycetes,Pleosporales,Leptosphaeriaceae,Sphaerellopsis,Sphaerellopsis_macroconidialis
ASV_3934,Fungi,Streptophyta,Magnoliopsida,Poales,Poaceae,Paspalum,Paspalum_dilatatum
ASV_3935,Fungi,Basidiomycota,Agaricostilbomycetes,Agaricostilbales,Kondoaceae,Kondoa,Kondoa_ribitophobia
ASV_3936,Fungi,Ascomycota,Dothideomycetes,Mycosphaerellales,Neodevriesiaceae,Neodevriesia,Neodevriesia_fraserae
ASV_3937,Fungi,Ascomycota,Dothideomycetes,Mycosphaerellales,Mycosphaerellaceae,Pseudocercospora,Pseudocercospora_cladosporioides
ASV_3938,Fungi,Chytridiomycota,Chytridiomycota_cls_Incertae_sedis,Chytridiomycota_ord_Incertae_sedis,Chytridiomycota_fam_Incertae_sedis,Chytridiomycota_gen_Incertae_sedis,NA
ASV_3939,Fungi,Basidiomycota,Tremellomycetes,Tremellales,Bulleribasidiaceae,Vishniacozyma,Vishniacozyma_victoriae
ASV_3940,Fungi,Basidiomycota,Cystobasidiomycetes,Buckleyzymales,Buckleyzymaceae,Buckleyzyma,Buckleyzyma_armeniaca
ASV_3941,Fungi,Streptophyta,Pinopsida,Pinales,Pinaceae,Keteleeria,Keteleeria_fortunei
ASV_3942,Fungi,Ascomycota,Dothideomycetes,Mycosphaerellales,Mycosphaerellaceae,Septoria,Septoria_eclipticola
ASV_3943,Fungi,Basidiomycota,Tremellomycetes,Tremellales,Rhynchogastremaceae,Papiliotrema,Papiliotrema_nemorosa
ASV_3944,Fungi,Ascomycota,Pezizomycetes,Pezizales,Pezizaceae,NA,uncultured_Pezizaceae
ASV_3945,Fungi,Streptophyta,Magnoliopsida,Lamiales,Plantaginaceae,Veronica,Veronica_topiaria
ASV_3946,Fungi,Mucoromycota,Mucoromycetes,Mucorales,Mucoraceae,Mucor,Mucor_harpali
ASV_3947,Fungi,Ascomycota,Dothideomycetes,Mycosphaerellales,Dissoconiaceae,Ramichloridium,Ramichloridium_cucurbitae
ASV_3948,Fungi,Ascomycota,Trigonopsidomycetes,Trigonopsidales,Trigonopsidaceae,Trigonopsis,Trigonopsis_vinaria
ASV_3949,Fungi,Ascomycota,Dothideomycetes,Acrospermales,Acrospermales_fam_Incertae_sedis,Pseudovirgaria,Pseudovirgaria_grisea
ASV_3950,Fungi,Chlorophyta,Trebouxiophyceae,Watanabeales,NA,Chloroidium,Chloroidium_lichenum
ASV_3951,Fungi,Ascomycota,Dothideomycetes,Mycosphaerellales,Mycosphaerellaceae,Septoria,Septoria_eclipticola
ASV_3952,Fungi,NA,NA,NA,NA,NA,NA
ASV_3953,Fungi,Streptophyta,Magnoliopsida,Myrtales,Myrtaceae,Syzygium,Syzygium_australe
ASV_3954,Fungi,Basidiomycota,Tremellomycetes,Tremellales,Bulleraceae,Bullera,Bullera_alba
ASV_3955,Fungi,Basidiomycota,Cystobasidiomycetes,Buckleyzymales,Buckleyzymaceae,Buckleyzyma,Buckleyzyma_armeniaca
ASV_3956,Fungi,Mucoromycota,Mucoromycetes,Mucorales,Mucoraceae,Mucor,Mucor_sp.
ASV_3957,Fungi,Chytridiomycota,Chytridiomycota_cls_Incertae_sedis,Chytridiomycota_ord_Incertae_sedis,Chytridiomycota_fam_Incertae_sedis,Chytridiomycota_gen_Incertae_sedis,NA
ASV_3958,Fungi,Fungi_phy_Incertae_sedis,Fungi_cls_Incertae_sedis,Fungi_ord_Incertae_sedis,Fungi_fam_Incertae_sedis,Fungi_gen_Incertae_sedis,NA
ASV_3959,Fungi,Basidiomycota,Cystobasidiomycetes,Erythrobasidiales,Erythrobasidiaceae,Bannoa,Bannoa_sp.
ASV_3960,Fungi,Ascomycota,Sordariomycetes,Amphisphaeriales,Sporocadaceae,Pestalotiopsis,Pestalotiopsis_pallidotheae
ASV_3961,Fungi,Streptophyta,Magnoliopsida,Asterales,Asteraceae,Achillea,Achillea_setacea
ASV_3962,Fungi,Mucoromycota,Mucoromycetes,Mucorales,Mucoraceae,Mucor,Mucor_hiemalis
ASV_3963,Fungi,Streptophyta,Magnoliopsida,Rosales,Rosaceae,Rosa,Rosa_agrestis
ASV_3964,Fungi,Chlorophyta,Trebouxiophyceae,Watanabeales,NA,Jaagichlorella,Jaagichlorella_adherens
ASV_3965,Fungi,Ascomycota,NA,NA,NA,NA,NA
ASV_3966,Fungi,Fungi_phy_Incertae_sedis,Fungi_cls_Incertae_sedis,Fungi_ord_Incertae_sedis,Fungi_fam_Incertae_sedis,Fungi_gen_Incertae_sedis,NA
ASV_3967,Fungi,Ascomycota,Dothideomycetes,Pleosporales,Didymellaceae,Calophoma,NA
ASV_3968,Fungi,Ascomycota,Sordariomycetes,Xylariales,Xylariales_fam_Incertae_sedis,NA,NA
ASV_3969,Fungi,Ascomycota,Dothideomycetes,Pleosporales,Leptosphaeriaceae,Plenodomus,Plenodomus_biglobosus
ASV_3970,Fungi,NA,NA,NA,NA,NA,NA
ASV_3971,Fungi,Streptophyta,Magnoliopsida,Caryophyllales,Montiaceae,Montia,Montia_fontana
ASV_3972,Fungi,Streptophyta,Magnoliopsida,Lamiales,Plantaginaceae,Veronica,Veronica_brachysiphon
ASV_3973,Fungi,Basidiomycota,Tremellomycetes,Tremellales,Bulleribasidiaceae,Dioszegia,NA
ASV_3974,Fungi,Streptophyta,Magnoliopsida,Apiales,Apiaceae,Daucus,Daucus_carota
ASV_3975,Fungi,Streptophyta,Magnoliopsida,Asterales,Asteraceae,Bellis,Bellis_perennis
ASV_3976,Fungi,Streptophyta,Magnoliopsida,Myrtales,Myrtaceae,Leptospermum,Leptospermum_scoparium
ASV_3977,Fungi,Streptophyta,Magnoliopsida,Rosales,Rosaceae,Rosa,Rosa_agrestis
ASV_3978,Fungi,Chytridiomycota,Rhizophydiomycetes,Rhizophydiales,Rhizophydiaceae,Rhizophydiaceae_gen_Incertae_sedis,NA
ASV_3979,Fungi,Chlorophyta,Chlorophyceae,Sphaeropleales,Scenedesmaceae,Coelastrella,Coelastrella_sp._SAG_2123
ASV_3980,Fungi,Ascomycota,Dothideomycetes,Pleosporales,Periconiaceae,Periconia,Periconia_sp.
ASV_3981,Fungi,Ascomycota,Dothideomycetes,Pleosporales,Pyrenochaetopsidaceae,Xenopyrenochaetopsis,Xenopyrenochaetopsis_pratorum
ASV_3982,Fungi,Basidiomycota,Cystobasidiomycetes,Cystobasidiomycetes_ord_Incertae_sedis,NA,NA,NA
ASV_3983,Fungi,Chlorophyta,Chlorophyceae,Sphaeropleales,Scenedesmaceae,Coelastrella,Coelastrella_thermophila
ASV_3984,Fungi,Ascomycota,Dothideomycetes,Pleosporales,Phaeosphaeriaceae,Phaeosphaeria,Phaeosphaeria_fructigena
ASV_3985,Fungi,Ascomycota,Dothideomycetes,Pleosporales,Sporormiaceae,Preussia,Preussia_persica
ASV_3986,Fungi,Basidiomycota,Exobasidiomycetes,Exobasidiales,Exobasidiaceae,Exobasidium,NA
ASV_3987,Fungi,Streptophyta,Magnoliopsida,Asterales,Asteraceae,Achillea,Achillea_millefolium
ASV_3988,Fungi,Chlorophyta,Ulvophyceae,Ulotrichales,NA,NA,uncultured_Ulotrichales
ASV_3989,Fungi,Basidiomycota,Agaricostilbomycetes,Agaricostilbales,Kondoaceae,Kondoa,NA
ASV_3990,Fungi,Basidiomycota,Agaricostilbomycetes,Agaricostilbales,Kondoaceae,Bensingtonia,NA
ASV_3991,Fungi,Ascomycota,Dothideomycetes,Pleosporales,Roussoellaceae,Neoroussoella,NA
ASV_3992,Fungi,Chlorophyta,Trebouxiophyceae,Trebouxiales,Trebouxiaceae,Trebouxia,uncultured_Trebouxia_photobiont
ASV_3993,Fungi,Streptophyta,Magnoliopsida,Gentianales,Rubiaceae,Coprosma,Coprosma_rigida
ASV_3994,Fungi,Ascomycota,Leotiomycetes,Leotiales,Tympanidaceae,NA,NA
ASV_3995,Fungi,Ascomycota,Taphrinomycetes,Taphrinales,Taphrinaceae,Taphrina,Taphrina_inositophila
ASV_3996,Fungi,Ascomycota,Dothideomycetes,Pleosporales,Periconiaceae,Periconia,Periconia_celtidis
ASV_3997,Fungi,Basidiomycota,Cystobasidiomycetes,Erythrobasidiales,Erythrobasidiaceae,Erythrobasidium,Erythrobasidium_yunnanense
ASV_3998,Fungi,Ascomycota,Eurotiomycetes,Eurotiales,Aspergillaceae,Penicillium,Penicillium_fluviserpens
ASV_3999,Fungi,Chytridiomycota,Chytridiomycota_cls_Incertae_sedis,Chytridiomycota_ord_Incertae_sedis,Chytridiomycota_fam_Incertae_sedis,Chytridiomycota_gen_Incertae_sedis,NA
ASV_4000,Fungi,Basidiomycota,Agaricomycetes,Polyporales,Steccherinaceae,Antrodiella,Antrodiella_multipileata
ASV_4001,Fungi,Ascomycota,Dothideomycetes,Mycosphaerellales,Mycosphaerellaceae,Ramularia,Ramularia_collo-cygni
ASV_4002,Fungi,Basidiomycota,Cystobasidiomycetes,Cystobasidiales,NA,Begerowomyces,Begerowomyces_foliicola
ASV_4003,Fungi,Streptophyta,Magnoliopsida,Asterales,Asteraceae,Celmisia,Celmisia_gracilenta
ASV_4004,Fungi,Ascomycota,Dothideomycetes,Dothideomycetes_ord_Incertae_sedis,Eremomycetaceae,Arthrographis,NA
ASV_4005,Fungi,Chlorophyta,Trebouxiophyceae,Watanabeales,NA,Chloroidium,Chloroidium_lobatum
ASV_4006,Fungi,Chytridiomycota,Chytridiomycota_cls_Incertae_sedis,Chytridiomycota_ord_Incertae_sedis,Chytridiomycota_fam_Incertae_sedis,Chytridiomycota_gen_Incertae_sedis,NA
ASV_4007,Fungi,Basidiomycota,Agaricostilbomycetes,Agaricostilbales,Kondoaceae,Kondoa,Kondoa_malvinella
ASV_4008,Fungi,Basidiomycota,NA,NA,NA,NA,NA
ASV_4009,Fungi,Chlorophyta,Trebouxiophyceae,Trebouxiales,Trebouxiaceae,Myrmecia,Myrmecia_sp._PA-3-3-2
ASV_4010,Fungi,Basidiomycota,Tremellomycetes,Cystofilobasidiales,Cystofilobasidiaceae,Cystofilobasidium,Cystofilobasidium_alribaticum
ASV_4011,Fungi,Ascomycota,Dothideomycetes,Pleosporales,Periconiaceae,Periconia,Periconia_floridana
ASV_4012,Fungi,Streptophyta,Magnoliopsida,Solanales,Solanaceae,Solanum,Solanum_lycopersicum
ASV_4013,Fungi,Chytridiomycota,NA,NA,NA,NA,NA
ASV_4014,Fungi,Ascomycota,Leotiomycetes,NA,NA,NA,NA
ASV_4015,Fungi,Ascomycota,Saccharomycetes,Saccharomycetales,Saccharomycetaceae,Lachancea,Lachancea_thermotolerans
ASV_4016,Fungi,Streptophyta,Magnoliopsida,Asparagales,Amaryllidaceae,Allium,Allium_sativum
ASV_4017,Fungi,Ascomycota,Dothideomycetes,Pleosporales,Leptosphaeriaceae,Plenodomus,Plenodomus_influorescens
ASV_4018,Fungi,Ascomycota,Lecanoromycetes,Ostropales,Stictidaceae,Cyanodermella,Cyanodermella_viridula
ASV_4019,Fungi,Basidiomycota,Tremellomycetes,Tremellales,Cryptococcaceae,Cryptococcus,Cryptococcus_nyarrowii
ASV_4020,Fungi,Basidiomycota,Cystobasidiomycetes,Erythrobasidiales,Erythrobasidiaceae,Bannoa,NA
ASV_4021,Fungi,Basidiomycota,Agaricostilbomycetes,Agaricostilbales,Kondoaceae,Kondoa,Kondoa_sp.
ASV_4022,Fungi,NA,NA,NA,NA,NA,NA
ASV_4023,Fungi,Mucoromycota,Mortierellomycetes,Mortierellales,Mortierellaceae,Gryganskiella,Gryganskiella_cystojenkinii
ASV_4024,Fungi,Basidiomycota,Basidiomycota_cls_Incertae_sedis,Basidiomycota_ord_Incertae_sedis,Basidiomycota_fam_Incertae_sedis,Basidiomycota_gen_Incertae_sedis,NA
ASV_4025,Fungi,NA,NA,NA,NA,NA,NA
ASV_4026,Fungi,Streptophyta,Magnoliopsida,Fabales,Fabaceae,Trifolium,Trifolium_repens
ASV_4027,Fungi,Streptophyta,Magnoliopsida,Caryophyllales,Phytolaccaceae,Phytolacca,Phytolacca_octandra
ASV_4028,Fungi,Ascomycota,Dothideomycetes,NA,NA,NA,NA
ASV_4029,Fungi,Basidiomycota,Cystobasidiomycetes,Buckleyzymales,Buckleyzymaceae,Buckleyzyma,Buckleyzyma_armeniaca
ASV_4030,Fungi,Streptophyta,Magnoliopsida,Fabales,Fabaceae,Robinia,Robinia_pseudoacacia
ASV_4031,Fungi,Basidiomycota,Cystobasidiomycetes,Erythrobasidiales,Erythrobasidiaceae,Bannoa,Bannoa_sp.
ASV_4032,Fungi,Olpidiomycota,Olpidiomycota_cls_Incertae_sedis,Olpidiomycota_ord_Incertae_sedis,Olpidiomycota_fam_Incertae_sedis,Olpidiomycota_gen_Incertae_sedis,NA
ASV_4033,Fungi,Chlorophyta,Trebouxiophyceae,Watanabeales,NA,Jaagichlorella,Jaagichlorella_roystonensis
ASV_4034,Fungi,Chytridiomycota,Rhizophydiomycetes,Rhizophydiales,NA,NA,NA
ASV_4035,Fungi,Chytridiomycota,Chytridiomycota_cls_Incertae_sedis,Chytridiomycota_ord_Incertae_sedis,Chytridiomycota_fam_Incertae_sedis,Chytridiomycota_gen_Incertae_sedis,NA
ASV_4036,Fungi,NA,NA,NA,NA,NA,NA
ASV_4037,Fungi,Ascomycota,Dothideomycetes,Botryosphaeriales,Botryosphaeriaceae,Cophinforma,Cophinforma_tumefaciens
ASV_4038,Fungi,Ascomycota,Sordariomycetes,Amphisphaeriales,Apiosporaceae,Arthrinium,Arthrinium_sp.
ASV_4039,Fungi,Ascomycota,Dothideomycetes,Pleosporales,Dictyosporiaceae,NA,uncultured_Dictyosporiaceae
ASV_4040,Fungi,Ascomycota,Dothideomycetes,Pleosporales,Phaeosphaeriaceae,Phaeosphaeria,NA
ASV_4041,Fungi,Ascomycota,Leotiomycetes,Leotiales,Tympanidaceae,NA,NA
ASV_4042,Fungi,Basidiomycota,Agaricostilbomycetes,Agaricostilbales,Kondoaceae,Bensingtonia,NA
ASV_4043,Fungi,Ascomycota,Dothideomycetes,Pleosporales,Pleosporaceae,Pyrenophora,Pyrenophora_biseptata
ASV_4044,Fungi,Ascomycota,Dothideomycetes,Dothideales,Dothideaceae,Dothidea,Dothidea_eucalypti
ASV_4045,Fungi,Basidiomycota,Agaricomycetes,Agaricales,Physalacriaceae,Physalacria,Physalacria_stilboidea
ASV_4046,Fungi,Ascomycota,Dothideomycetes,Pleosporales,Pleosporaceae,Alternaria,Alternaria_oregonensis
ASV_4047,Fungi,Ascomycota,Dothideomycetes,Pleosporales,Phaeosphaeriaceae,Setophoma,Setophoma_chromolaenae
ASV_4048,Fungi,Streptophyta,Pinopsida,Pinales,Pinaceae,Pinus,Pinus_clausa
ASV_4049,Fungi,Ascomycota,Dothideomycetes,Dothideales,Saccotheciaceae,Aureobasidium,Aureobasidium_pullulans
ASV_4050,Fungi,Streptophyta,Magnoliopsida,Asterales,Asteraceae,Bellis,Bellis_perennis
ASV_4051,Fungi,Ascomycota,Pichiomycetes,Pichiales,Pichiaceae,Pichia,Pichia_kudriavzevii
ASV_4052,Fungi,Fungi_phy_Incertae_sedis,Fungi_cls_Incertae_sedis,Fungi_ord_Incertae_sedis,Fungi_fam_Incertae_sedis,Fungi_gen_Incertae_sedis,NA
ASV_4053,Fungi,Basidiomycota,Microbotryomycetes,Sporidiobolales,Sporidiobolaceae,Sporobolomyces,Sporobolomyces_roseus
ASV_4054,Fungi,Ascomycota,Dothideomycetes,Pleosporales,Phaeosphaeriaceae,Phaeosphaeriopsis,NA
ASV_4055,Fungi,Ascomycota,Dothideomycetes,Mycosphaerellales,Mycosphaerellaceae,Septoria,Septoria_eclipticola
ASV_4056,Fungi,Basidiomycota,Cystobasidiomycetes,Buckleyzymales,Buckleyzymaceae,Buckleyzyma,NA
ASV_4057,Fungi,Streptophyta,Magnoliopsida,Asterales,Asteraceae,Achillea,Achillea_millefolium
ASV_4058,Fungi,Streptophyta,Magnoliopsida,Apiales,Apiaceae,Petroselinum,Petroselinum_crispum
ASV_4059,Fungi,Ascomycota,Dothideomycetes,Pleosporales,Pleosporaceae,Alternaria,Alternaria_longipes
ASV_4060,Fungi,Ascomycota,Dothideomycetes,Pleosporales,Pleosporaceae,Stemphylium,Stemphylium_trifolii
ASV_4061,Fungi,Ascomycota,Dothideomycetes,Mycosphaerellales,Mycosphaerellaceae,Septoria,Septoria_eclipticola
ASV_4062,Fungi,Chlorophyta,Trebouxiophyceae,Watanabeales,NA,Chloroidium,Chloroidium_sp._NN-2-O
ASV_4063,Fungi,Chlorophyta,Trebouxiophyceae,Chlorellales,Chlorellaceae,Chlorella,Chlorella_vulgaris
ASV_4064,Fungi,Ascomycota,Sordariomycetes,Microascales,Graphiaceae,Graphium,Graphium_laricis
ASV_4065,Fungi,Ascomycota,Saccharomycetes,Saccharomycetales,Pichiaceae,Saturnispora,NA
ASV_4066,Fungi,Streptophyta,Polypodiopsida,Equisetales,Equisetaceae,Equisetum,Equisetum_arvense
ASV_4067,Fungi,Basidiomycota,Microbotryomycetes,NA,Colacogloeaceae,Colacogloea,Colacogloea_subericola
ASV_4068,Fungi,Basidiomycota,Cystobasidiomycetes,Sakaguchiales,Sakaguchiaceae,Sakaguchia,Sakaguchia_sp.
ASV_4069,Fungi,Basidiomycota,Tremellomycetes,Tremellales,Rhynchogastremaceae,Papiliotrema,Papiliotrema_flavescens
ASV_4070,Fungi,Ascomycota,Dothideomycetes,Pleosporales,Cryptocoryneaceae,Cryptocoryneum,NA
ASV_4071,Fungi,Ascomycota,Dothideomycetes,Pleosporales,Phaeosphaeriaceae,Leptospora,Leptospora_rubella
ASV_4072,Fungi,Ascomycota,Dothideomycetes,Pleosporales,NA,NA,NA
ASV_4073,Fungi,Ascomycota,Sordariomycetes,Myrmecridiales,Myrmecridiaceae,Myrmecridium,Myrmecridium_fluviae
ASV_4074,Fungi,Ascomycota,Dothideomycetes,Pleosporales,Sporormiaceae,Preussia,Preussia_flanaganii
ASV_4075,Fungi,Basidiomycota,Microbotryomycetes,Sporidiobolales,Sporidiobolaceae,Rhodotorula,NA
ASV_4076,Fungi,Ascomycota,Dothideomycetes,Pleosporales,Pleosporaceae,Alternaria,Alternaria_penicillata
ASV_4077,Fungi,Basidiomycota,Ustilaginomycetes,Ustilaginales,Anthracoideaceae,Farysia,Farysia_acheniorum
ASV_4078,Fungi,Chytridiomycota,Chytridiomycota_cls_Incertae_sedis,Chytridiomycota_ord_Incertae_sedis,Chytridiomycota_fam_Incertae_sedis,Chytridiomycota_gen_Incertae_sedis,NA
ASV_4079,Fungi,Ascomycota,Dothideomycetes,Pleosporales,Phaeosphaeriaceae,Phaeosphaeria,Phaeosphaeria_breonadiae
ASV_4080,Fungi,Basidiomycota,Cystobasidiomycetes,Sakaguchiales,Sakaguchiaceae,Sakaguchia,Sakaguchia_dacryoidea
ASV_4081,Fungi,Basidiomycota,Cystobasidiomycetes,Erythrobasidiales,Erythrobasidiaceae,Erythrobasidium,Erythrobasidium_sp.
ASV_4082,Fungi,Chlorophyta,Trebouxiophyceae,Trebouxiales,Trebouxiaceae,Trebouxia,Trebouxia_sp.
ASV_4083,Fungi,NA,NA,NA,NA,NA,NA
ASV_4084,Fungi,Basidiomycota,Agaricomycetes,Agaricales,Psathyrellaceae,Coprinellus,Coprinellus_sp._'Mt_Lyford_(PDD_114150)'
ASV_4085,Fungi,NA,NA,NA,NA,NA,NA
ASV_4086,Fungi,Chytridiomycota,NA,NA,NA,NA,NA
ASV_4087,Fungi,Basidiomycota,Tremellomycetes,Tremellales,Bulleribasidiaceae,Dioszegia,Dioszegia_hungarica
ASV_4088,Fungi,Ascomycota,Pichiomycetes,Pichiales,Pichiaceae,Pichia,Pichia_exigua
ASV_4089,Fungi,Chlorophyta,Trebouxiophyceae,NA,NA,NA,uncultured_Coccomyxa
ASV_4090,Fungi,Ascomycota,Dothideomycetes,Pleosporales,Pleosporaceae,Pyrenophora,Pyrenophora_biseptata
ASV_4091,Fungi,Chlorophyta,Trebouxiophyceae,Watanabeales,NA,Jaagichlorella,Jaagichlorella_adherens
ASV_4092,Fungi,Chlorophyta,Trebouxiophyceae,Watanabeales,NA,Jaagichlorella,Jaagichlorella_africana
ASV_4093,Fungi,Streptophyta,Magnoliopsida,Poales,Poaceae,Panicum,Panicum_gilvum
ASV_4094,Fungi,Ascomycota,Dothideomycetes,Acrospermales,Acrospermaceae,Acrospermum,NA
ASV_4095,Fungi,Chytridiomycota,Chytridiomycota_cls_Incertae_sedis,Chytridiomycota_ord_Incertae_sedis,Chytridiomycota_fam_Incertae_sedis,Chytridiomycota_gen_Incertae_sedis,NA
ASV_4096,Fungi,Ascomycota,Eurotiomycetes,Eurotiales,Aspergillaceae,Aspergillus,Aspergillus_citrisporus
ASV_4097,Fungi,Ascomycota,Dothideomycetes,Mycosphaerellales,Mycosphaerellaceae,Xenoramularia,Xenoramularia_neerlandica
ASV_4098,Fungi,Streptophyta,Magnoliopsida,Poales,Poaceae,Dactylis,Dactylis_glomerata
ASV_4099,Fungi,Streptophyta,Magnoliopsida,Malvales,Malvaceae,Lagunaria,Lagunaria_patersonia
ASV_4100,Fungi,Ascomycota,Dothideomycetes,Pleosporales,Leptosphaeriaceae,Alloleptosphaeria,Alloleptosphaeria_iridicola
ASV_4101,Fungi,Ascomycota,Sordariomycetes,Hypocreales,Clavicipitaceae,Claviceps,Claviceps_macroura
ASV_4102,Fungi,NA,NA,NA,NA,NA,NA
ASV_4103,Fungi,Ascomycota,Sordariomycetes,Amphisphaeriales,Apiosporaceae,Nigrospora,Nigrospora_covidalis
ASV_4104,Fungi,Chytridiomycota,Chytridiomycota_cls_Incertae_sedis,Chytridiomycota_ord_Incertae_sedis,Chytridiomycota_fam_Incertae_sedis,Chytridiomycota_gen_Incertae_sedis,NA
ASV_4105,Fungi,Ascomycota,Saccharomycetes,Saccharomycetales,Saccharomycetaceae,Cyniclomyces,Cyniclomyces_guttulatus
ASV_4106,Fungi,Basidiomycota,Tremellomycetes,Tremellales,Rhynchogastremaceae,Papiliotrema,Papiliotrema_frias
ASV_4107,Fungi,Mortierellomycota,Mortierellomycetes,Mortierellales,Mortierellaceae,Linnemannia,Linnemannia_hyalina
ASV_4108,Fungi,Ascomycota,Dothideomycetes,Pleosporales,Pleosporaceae,Pyrenophora,Pyrenophora_poae
ASV_4109,Fungi,Ascomycota,Sordariomycetes,Coronophorales,Ceratostomataceae,Melanospora,Melanospora_damnosa
ASV_4110,Fungi,NA,NA,NA,NA,NA,NA
ASV_4111,Fungi,Basidiomycota,Tremellomycetes,Tremellales,Trimorphomycetaceae,Saitozyma,Saitozyma_flava
ASV_4112,Fungi,Chytridiomycota,Chytridiomycota_cls_Incertae_sedis,Chytridiomycota_ord_Incertae_sedis,Chytridiomycota_fam_Incertae_sedis,Chytridiomycota_gen_Incertae_sedis,NA
ASV_4113,Fungi,Basidiomycota,Agaricomycetes,Thelephorales,Thelephoraceae,Tomentella,NA
ASV_4114,Fungi,Basidiomycota,Cystobasidiomycetes,NA,NA,NA,NA
ASV_4115,Fungi,Ascomycota,Dothideomycetes,Dothideomycetes_ord_Incertae_sedis,Pseudorobillardaceae,Pseudorobillarda,Pseudorobillarda_phragmitis
ASV_4116,Fungi,Basidiomycota,Tremellomycetes,Tremellales,Rhynchogastremaceae,Papiliotrema,Papiliotrema_laurentii
ASV_4117,Fungi,NA,NA,NA,NA,NA,NA
ASV_4118,Fungi,Basidiomycota,Cystobasidiomycetes,Sakaguchiales,Sakaguchiaceae,Sakaguchia,Sakaguchia_dacryoidea
ASV_4119,Fungi,NA,NA,NA,NA,NA,NA
ASV_4120,Fungi,Chlorophyta,Trebouxiophyceae,Watanabeales,NA,Chloroidium,Chloroidium_lobatum
ASV_4121,Fungi,Basidiomycota,Agaricomycetes,Polyporales,Polyporaceae,Neofomitella,Neofomitella_rhodophaea
ASV_4122,Fungi,Chytridiomycota,Chytridiomycota_cls_Incertae_sedis,Chytridiomycota_ord_Incertae_sedis,Chytridiomycota_fam_Incertae_sedis,Chytridiomycota_gen_Incertae_sedis,NA
ASV_4123,Fungi,Streptophyta,Magnoliopsida,Asterales,Asteraceae,Cosmos,Cosmos_bipinnatus
ASV_4124,Fungi,Streptophyta,Magnoliopsida,Malvales,Malvaceae,Hoheria,Hoheria_angustifolia
ASV_4125,Fungi,Ascomycota,Dothideomycetes,Pleosporales,Didymellaceae,Neoascochyta,NA
ASV_4126,Fungi,Ascomycota,Dothideomycetes,Pleosporales,Phaeosphaeriaceae,Paraphoma,Paraphoma_salicis
ASV_4127,Fungi,Chlorophyta,Trebouxiophyceae,Watanabeales,NA,Chloroidium,Chloroidium_orientale
ASV_4128,Fungi,Ascomycota,Dothideomycetes,Pleosporales,Phaeosphaeriaceae,Phaeosphaeria,Phaeosphaeria_poagena
ASV_4129,Fungi,Basidiomycota,Agaricostilbomycetes,Agaricostilbales,Kondoaceae,Kondoa,Kondoa_gutianensis
ASV_4130,Fungi,Basidiomycota,Tremellomycetes,Tremellales,Rhynchogastremaceae,Papiliotrema,Papiliotrema_nemorosa
ASV_4131,Fungi,NA,NA,NA,NA,NA,NA
ASV_4132,Fungi,Chlorophyta,Trebouxiophyceae,Watanabeales,NA,Chloroidium,Chloroidium_saccharophilum
ASV_4133,Fungi,Ascomycota,Dothideomycetes,Capnodiales,Capnodiaceae,Chaetocapnodium,Chaetocapnodium_philippinense
ASV_4134,Fungi,NA,NA,NA,NA,NA,NA
ASV_4135,Fungi,Ascomycota,Dothideomycetes,Pleosporales,Didymellaceae,Calophoma,NA
ASV_4136,Fungi,Chlorophyta,Trebouxiophyceae,Watanabeales,NA,Jaagichlorella,Jaagichlorella_roystonensis
ASV_4137,Fungi,Ascomycota,NA,NA,NA,NA,uncultured_Pezizomycotina
ASV_4138,Fungi,Ascomycota,Dothideomycetes,Pleosporales,Tetraplosphaeriaceae,Tetraploa,Tetraploa_yunnanensis
ASV_4139,Fungi,Basidiomycota,Microbotryomycetes,Sporidiobolales,Sporidiobolaceae,Sporobolomyces,Sporobolomyces_ruberrimus
ASV_4140,Fungi,Basidiomycota,Agaricostilbomycetes,Agaricostilbales,Kondoaceae,Kondoa,NA
ASV_4141,Fungi,Streptophyta,Magnoliopsida,Apiales,Apiaceae,Coriandrum,Coriandrum_sativum
ASV_4142,Fungi,Streptophyta,Pinopsida,Pinales,Pinaceae,Pinus,Pinus_clausa
ASV_4143,Fungi,NA,NA,NA,NA,NA,NA
ASV_4144,Fungi,Streptophyta,Polypodiopsida,Equisetales,Equisetaceae,Equisetum,Equisetum_arvense
ASV_4145,Fungi,Entomophthoromycota,Entomophthoromycetes,Entomophthorales,Entomophthoraceae,Zoophthora,Zoophthora_radicans
ASV_4146,Fungi,Ascomycota,Leotiomycetes,Leotiales,NA,NA,NA
ASV_4147,Fungi,Streptophyta,Magnoliopsida,Asterales,Asteraceae,Craspedia,Craspedia_sp._CHR514290
ASV_4148,Fungi,Ascomycota,Dothideomycetes,Pleosporales,Cucurbitariaceae,Neocucurbitaria,Neocucurbitaria_aetnensis
ASV_4149,Fungi,Chlorophyta,Trebouxiophyceae,Watanabeales,NA,Chloroidium,Chloroidium_orientale
ASV_4150,Fungi,NA,NA,NA,NA,NA,NA
ASV_4151,Fungi,Streptophyta,Magnoliopsida,Rosales,Rosaceae,Rosa,Rosa_agrestis
ASV_4152,Fungi,Basidiomycota,Wallemiomycetes,Wallemiales,Wallemiaceae,Wallemia,Wallemia_mellicola
ASV_4153,Fungi,Chlorophyta,Trebouxiophyceae,NA,NA,NA,Trebouxiophyceae_sp._S2MWC-11
ASV_4154,Fungi,Ascomycota,Sordariomycetes,Amphisphaeriales,Amphisphaeriaceae,Funiliomyces,Funiliomyces_biseptatus
ASV_4155,Fungi,Basidiomycota,Agaricomycetes,Agaricales,Lycoperdaceae,Bovista,Bovista_plumbea
ASV_4156,Fungi,Basidiomycota,Tremellomycetes,Filobasidiales,Filobasidiaceae,Filobasidium,Filobasidium_chernovii
ASV_4157,Fungi,Chlorophyta,Chlorophyceae,Chlamydomonadales,Asteromonadaceae,Halochlorella,Halochlorella_rubescens
ASV_4158,Fungi,Streptophyta,Magnoliopsida,Apiales,Araliaceae,Hedera,Hedera_helix
ASV_4159,Fungi,Basidiomycota,Tremellomycetes,Tremellales,Rhynchogastremaceae,Papiliotrema,Papiliotrema_nemorosa
ASV_4160,Fungi,Ascomycota,Dothideomycetes,Pleosporales,Periconiaceae,Periconia,Periconia_neobrittanica
ASV_4161,Fungi,Basidiomycota,Ustilaginomycetes,Ustilaginales,Ustilaginaceae,Kalmanozyma,Kalmanozyma_fusiformata
ASV_4162,Fungi,Streptophyta,Magnoliopsida,Rosales,Urticaceae,Urtica,Urtica_dioica
ASV_4163,Fungi,Ascomycota,Lecanoromycetes,Lecanorales,Scoliciosporaceae,Scoliciosporum,Scoliciosporum_fabisporum
ASV_4164,Fungi,Streptophyta,Magnoliopsida,Lamiales,Plantaginaceae,Veronica,Veronica_topiaria
ASV_4165,Fungi,Streptophyta,Magnoliopsida,Poales,Poaceae,Triticum,Triticum_turgidum
ASV_4166,Fungi,Chlorophyta,Trebouxiophyceae,Watanabeales,NA,Chloroidium,Chloroidium_ellipsoideum
ASV_4167,Fungi,Ascomycota,Dothideomycetes,Pleosporales,Melanommataceae,NA,NA
ASV_4168,Fungi,Basidiomycota,Cystobasidiomycetes,Erythrobasidiales,Erythrobasidiaceae,Erythrobasidium,Erythrobasidium_sp.
ASV_4169,Fungi,Basidiomycota,Tremellomycetes,Tremellales,Rhynchogastremaceae,Rhynchogastrema,Rhynchogastrema_sp.
ASV_4170,Fungi,Basidiomycota,NA,NA,NA,NA,NA
ASV_4171,Fungi,Basidiomycota,Tremellomycetes,Tremellales,Rhynchogastremaceae,Papiliotrema,Papiliotrema_flavescens
ASV_4172,Fungi,Ascomycota,Dothideomycetes,Pleosporales,Phaeosphaeriaceae,Paraphoma,Paraphoma_ledniceana
ASV_4173,Fungi,Ascomycota,Dothideomycetes,Pleosporales,Sporormiaceae,Preussia,Preussia_persica
ASV_4174,Fungi,Ascomycota,Dothideomycetes,Pleosporales,Pleosporaceae,Pyrenophora,Pyrenophora_erythrospila
ASV_4175,Fungi,Basidiomycota,Cystobasidiomycetes,Erythrobasidiales,Erythrobasidiaceae,Erythrobasidium,Erythrobasidium_primogenitum
ASV_4176,Fungi,NA,NA,NA,NA,NA,NA
ASV_4177,Fungi,Streptophyta,Magnoliopsida,Asterales,Asteraceae,Pilosella,Pilosella_flagellaris
ASV_4178,Fungi,Basidiomycota,Agaricomycetes,Polyporales,Polyporaceae,Trametes,Trametes_pubescens
ASV_4179,Fungi,Ascomycota,Dothideomycetes,Pleosporales,Pyrenochaetopsidaceae,Xenopyrenochaetopsis,Xenopyrenochaetopsis_pratorum
ASV_4180,Fungi,Streptophyta,Magnoliopsida,Asterales,Asteraceae,Bellis,Bellis_perennis
ASV_4181,Fungi,Ascomycota,Dothideomycetes,Microthyriales,Microthyriales_fam_Incertae_sedis,Microthyriales_gen_Incertae_sedis,NA
ASV_4182,Fungi,Ascomycota,Sordariomycetes,Amphisphaeriales,Sporocadaceae,Pestalotiopsis,Pestalotiopsis_inflexa
ASV_4183,Fungi,NA,NA,NA,NA,NA,NA
ASV_4184,Fungi,Streptophyta,Magnoliopsida,Fabales,Fabaceae,Trifolium,Trifolium_repens
ASV_4185,Fungi,Ascomycota,Dothideomycetes,Acrospermales,Acrospermales_fam_Incertae_sedis,Pseudovirgaria,Pseudovirgaria_grisea
ASV_4186,Fungi,Chlorophyta,Trebouxiophyceae,Watanabeales,NA,Chloroidium,Chloroidium_ellipsoideum
ASV_4187,Fungi,Streptophyta,Magnoliopsida,Alismatales,Araceae,Colocasia,Colocasia_sp._MIB:SASS:0433
ASV_4188,Fungi,Streptophyta,Magnoliopsida,Fabales,Fabaceae,Trifolium,Trifolium_subterraneum
ASV_4189,Fungi,Basidiomycota,Cystobasidiomycetes,Erythrobasidiales,Erythrobasidiaceae,Bannoa,Bannoa_sp.
ASV_4190,Fungi,Chlorophyta,Trebouxiophyceae,Trebouxiales,Trebouxiaceae,Trebouxia,uncultured_Trebouxia_photobiont
ASV_4191,Fungi,Basidiomycota,Cystobasidiomycetes,Cystobasidiales,Cystobasidiaceae,Occultifur,NA
ASV_4192,Fungi,Ascomycota,NA,NA,NA,NA,NA
ASV_4193,Fungi,Chytridiomycota,Chytridiomycota_cls_Incertae_sedis,Chytridiomycota_ord_Incertae_sedis,Chytridiomycota_fam_Incertae_sedis,Chytridiomycota_gen_Incertae_sedis,NA
ASV_4194,Fungi,Chytridiomycota,Chytridiomycota_cls_Incertae_sedis,Chytridiomycota_ord_Incertae_sedis,Chytridiomycota_fam_Incertae_sedis,Chytridiomycota_gen_Incertae_sedis,NA
ASV_4195,Fungi,Chytridiomycota,Chytridiomycota_cls_Incertae_sedis,Chytridiomycota_ord_Incertae_sedis,Chytridiomycota_fam_Incertae_sedis,Chytridiomycota_gen_Incertae_sedis,NA
ASV_4196,Fungi,Basidiomycota,Tremellomycetes,Tremellales,Bulleribasidiaceae,Hannaella,Hannaella_xanthorrhoeae
ASV_4197,Fungi,Streptophyta,Polypodiopsida,Equisetales,Equisetaceae,Equisetum,Equisetum_arvense
ASV_4198,Fungi,Mucoromycota,Mucoromycetes,Mucorales,Mucoraceae,Actinomucor,Actinomucor_elegans
ASV_4199,Fungi,Ascomycota,Dothideomycetes,Pleosporales,Dacampiaceae,Aaosphaeria,Aaosphaeria_arxii
ASV_4200,Fungi,Chlorophyta,Trebouxiophyceae,Trebouxiales,Trebouxiaceae,Parietochloris,Parietochloris_bilobata
ASV_4201,Fungi,Chlorophyta,Trebouxiophyceae,Watanabeales,NA,Chloroidium,Chloroidium_saccharophilum
ASV_4202,Fungi,Streptophyta,Magnoliopsida,Asterales,Asteraceae,Achillea,Achillea_millefolium
ASV_4203,Fungi,Streptophyta,Magnoliopsida,Poales,Poaceae,Agrostis,Agrostis_canina
ASV_4204,Fungi,Basidiomycota,Tremellomycetes,Tremellales,Rhynchogastremaceae,Papiliotrema,Papiliotrema_flavescens
ASV_4205,Fungi,Streptophyta,Magnoliopsida,Myrtales,Myrtaceae,Metrosideros,Metrosideros_perforata
ASV_4206,Fungi,Streptophyta,Magnoliopsida,NA,NA,NA,Magnoliophyta_environmental_sample
ASV_4207,Fungi,Ascomycota,Sordariomycetes,Xylariales,Xylariaceae,Nemania,Nemania_diffusa
ASV_4208,Fungi,Basidiomycota,Cystobasidiomycetes,Buckleyzymales,Buckleyzymaceae,Buckleyzyma,NA
ASV_4209,Fungi,NA,NA,NA,NA,NA,NA
ASV_4210,Fungi,Streptophyta,Magnoliopsida,Malvales,Thymelaeaceae,Pimelea,Pimelea_oreophila
ASV_4211,Fungi,Ascomycota,Dothideomycetes,Pleosporales,Dictyosporiaceae,Verrucoccum,Verrucoccum_coppinsii
ASV_4212,Fungi,Mortierellomycota,Mortierellomycetes,Mortierellales,Mortierellaceae,Podila,Podila_humilis
ASV_4213,Fungi,Basidiomycota,Tremellomycetes,Tremellales,Bulleribasidiaceae,Vishniacozyma,Vishniacozyma_pseudopenaeus
ASV_4214,Fungi,Streptophyta,Magnoliopsida,Poales,Poaceae,Cynosurus,Cynosurus_cristatus
ASV_4215,Fungi,Basidiomycota,Agaricomycetes,Hymenochaetales,NA,Skvortzovia,Skvortzovia_furfurella
ASV_4216,Fungi,Basidiomycota,Cystobasidiomycetes,NA,NA,NA,NA
ASV_4217,Fungi,Streptophyta,Magnoliopsida,Poales,Poaceae,Agrostis,Agrostis_gigantea
ASV_4218,Fungi,Basidiomycota,Tremellomycetes,Tremellales,Bulleribasidiaceae,Vishniacozyma,Vishniacozyma_dimennae
ASV_4219,Fungi,Ascomycota,Dothideomycetes,Pleosporales,Leptosphaeriaceae,Alloleptosphaeria,Alloleptosphaeria_iridicola
ASV_4220,Fungi,Ascomycota,Dothideomycetes,Pleosporales,Phaeosphaeriaceae,NA,NA
ASV_4221,Fungi,Basidiomycota,Microbotryomycetes,Sporidiobolales,Sporidiobolaceae,Rhodotorula,Rhodotorula_glutinis
ASV_4222,Fungi,Ascomycota,NA,NA,NA,NA,NA
ASV_4223,Fungi,Basidiomycota,Exobasidiomycetes,Microstromatales,Microstromataceae,Microstroma,Microstroma_bacarum
ASV_4224,Fungi,Ascomycota,Dothideomycetes,Cladosporiales,Cladosporiaceae,Toxicocladosporium,Toxicocladosporium_irritans
ASV_4225,Fungi,Streptophyta,Magnoliopsida,Asterales,Asteraceae,NA,Hypochaeris_environmental_sample
ASV_4226,Fungi,Ascomycota,Dothideomycetes,Pleosporales,Torulaceae,Torula,Torula_gaodangensis
ASV_4227,Fungi,Ascomycota,Leotiomycetes,Chaetomellales,Chaetomellaceae,Zoellneria,Zoellneria_rosarum
ASV_4228,Fungi,Chlorophyta,Trebouxiophyceae,Watanabeales,NA,Jaagichlorella,Jaagichlorella_adherens
ASV_4229,Fungi,Ascomycota,Leotiomycetes,Helotiales,Lachnaceae,Lachnum,Lachnum_sp.
ASV_4230,Fungi,Ascomycota,Dothideomycetes,Pleosporales,Pleosporaceae,Curvularia,Curvularia_coatesiae
ASV_4231,Fungi,Ascomycota,Dothideomycetes,Pleosporales,Tetraplosphaeriaceae,Tetraploa,Tetraploa_yunnanensis
ASV_4232,Fungi,Ascomycota,Leotiomycetes,NA,NA,NA,NA
ASV_4233,Fungi,Chlorophyta,Trebouxiophyceae,Trebouxiales,Trebouxiaceae,Dictyochloropsis,Dictyochloropsis_sp._LMCC-AM02
ASV_4234,Fungi,Ascomycota,Dothideomycetes,Pleosporales,Sporormiaceae,Preussia,Preussia_persica
ASV_4235,Fungi,Basidiomycota,Exobasidiomycetes,Microstromatales,Microstromataceae,Microstroma,Microstroma_bacarum
ASV_4236,Fungi,Basidiomycota,Tremellomycetes,Cystofilobasidiales,Mrakiaceae,Udeniomyces,Udeniomyces_pyricola
ASV_4237,Fungi,NA,NA,NA,NA,NA,NA
ASV_4238,Fungi,Chytridiomycota,Chytridiomycota_cls_Incertae_sedis,Chytridiomycota_ord_Incertae_sedis,Chytridiomycota_fam_Incertae_sedis,Chytridiomycota_gen_Incertae_sedis,NA
ASV_4239,Fungi,Basidiomycota,Agaricostilbomycetes,Agaricostilbales,Kondoaceae,Kondoa,Kondoa_gutianensis
ASV_4240,Fungi,Basidiomycota,Tremellomycetes,Tremellales,Rhynchogastremaceae,Papiliotrema,Papiliotrema_flavescens
ASV_4241,Fungi,NA,NA,NA,NA,NA,NA
ASV_4242,Fungi,Ascomycota,Dothideomycetes,Pleosporales,Pleosporaceae,Pyrenophora,Pyrenophora_dictyoides
ASV_4243,Fungi,Ascomycota,Dothideomycetes,Pleosporales,Phaeosphaeriaceae,Phaeosphaeria,NA
ASV_4244,Fungi,Ascomycota,Dothideomycetes,Pleosporales,Phaeosphaeriaceae,NA,NA
ASV_4245,Fungi,Ascomycota,Dothideomycetes,Pleosporales,Didymellaceae,Neoascochyta,Neoascochyta_sp.
ASV_4246,Fungi,Ascomycota,Dothideomycetes,Pleosporales,Phaeosphaeriaceae,Paraphoma,Paraphoma_chlamydocopiosa
ASV_4247,Fungi,Ascomycota,Sordariomycetes,Sordariales,Chaetomiaceae,Chaetomium,Chaetomium_grande
ASV_4248,Fungi,Pseudomonadota,Gammaproteobacteria,Enterobacterales,Enterobacteriaceae,Klebsiella,Klebsiella_pneumoniae
ASV_4249,Fungi,NA,NA,NA,NA,NA,NA
ASV_4250,Fungi,Mucoromycota,Mucoromycetes,Mucorales,Mucoraceae,Mucor,Mucor_irregularis
ASV_4251,Fungi,Ascomycota,Dothideomycetes,Pleosporales,Phaeosphaeriaceae,Setophoma,NA
ASV_4252,Fungi,Basidiomycota,Cystobasidiomycetes,Buckleyzymales,Buckleyzymaceae,Buckleyzyma,Buckleyzyma_armeniaca
ASV_4253,Fungi,Streptophyta,Magnoliopsida,Asterales,Asteraceae,Pilosella,Pilosella_aurantiaca
ASV_4254,Fungi,Mucoromycota,Umbelopsidomycetes,Umbelopsidales,Umbelopsidaceae,Umbelopsis,Umbelopsis_sp.
ASV_4255,Fungi,NA,NA,NA,NA,NA,NA
ASV_4256,Fungi,Ascomycota,Sordariomycetes,Amphisphaeriales,Sporocadaceae,Pestalotiopsis,Pestalotiopsis_sp.
ASV_4257,Fungi,Chytridiomycota,Chytridiomycota_cls_Incertae_sedis,Chytridiomycota_ord_Incertae_sedis,Chytridiomycota_fam_Incertae_sedis,Chytridiomycota_gen_Incertae_sedis,NA
ASV_4258,Fungi,Chlorophyta,Trebouxiophyceae,Trebouxiales,Trebouxiaceae,Trebouxia,uncultured_Trebouxia_photobiont
ASV_4259,Fungi,Ascomycota,Saccharomycetes,Saccharomycetales,Saccharomycetaceae,Monosporozyma,Monosporozyma_servazzii
ASV_4260,Fungi,Ascomycota,Dothideomycetes,Pleosporales,Pyrenochaetopsidaceae,Pyrenochaetopsis,Pyrenochaetopsis_leptospora
ASV_4261,Fungi,Mucoromycota,Mucoromycetes,Mucorales,Mucoraceae,Pilaira,Pilaira_anomala
ASV_4262,Fungi,Ascomycota,Saccharomycetes,Saccharomycetales,Pichiaceae,Saturnispora,Saturnispora_silvae
ASV_4263,Fungi,Ascomycota,Dothideomycetes,Pleosporales,Pleosporaceae,Alternaria,Alternaria_abundans
ASV_4264,Fungi,Mucoromycota,Mucoromycetes,Mucorales,Mucoraceae,Mucor,Mucor_amphibiorum
ASV_4265,Fungi,Basidiomycota,Exobasidiomycetes,Microstromatales,Microstromataceae,Microstroma,Microstroma_bacarum
ASV_4266,Fungi,Ascomycota,Dothideomycetes,Mycosphaerellales,Mycosphaerellaceae,Ruptoseptoria,Ruptoseptoria_unedonis
ASV_4267,Fungi,Basidiomycota,Cystobasidiomycetes,Cystobasidiomycetes_ord_Incertae_sedis,NA,NA,NA
ASV_4268,Fungi,Ascomycota,Dothideomycetes,Pleosporales,Didymellaceae,Leptosphaerulina,Leptosphaerulina_sp.
ASV_4269,Fungi,Ascomycota,Dothideomycetes,Mycosphaerellales,Mycosphaerellaceae,Ramularia,Ramularia_collo-cygni
ASV_4270,Fungi,Chlorophyta,Chlorophyceae,Sphaeropleales,Scenedesmaceae,Coelastrella,Coelastrella_sp._SAG_2123
ASV_4271,Fungi,Ascomycota,Dothideomycetes,Pleosporales,Phaeosphaeriaceae,Leptospora,Leptospora_macarangae
ASV_4272,Fungi,NA,Chlorophyta,Trebouxiophyceae,Watanabeales,Jaagichlorella,Jaagichlorella_adherens
ASV_4273,Fungi,Ascomycota,Dothideomycetes,Dothideales,Saccotheciaceae,Aureobasidium,Aureobasidium_pullulans
ASV_4274,Fungi,Streptophyta,Magnoliopsida,Myrtales,Myrtaceae,Lophomyrtus,Lophomyrtus_bullata_x_Lophomyrtus_orbcordata
ASV_4275,Fungi,Basidiomycota,Exobasidiomycetes,Exobasidiales,Exobasidiaceae,Exobasidium,Exobasidium_camelliae
ASV_4276,Fungi,Basidiomycota,Microbotryomycetes,Sporidiobolales,Sporidiobolaceae,Rhodotorula,Rhodotorula_glutinis
ASV_4277,Fungi,Ascomycota,Dothideomycetes,Pleosporales,Phaeosphaeriaceae,Phaeosphaeria,NA
ASV_4278,Fungi,Basidiomycota,Microbotryomycetes,Sporidiobolales,Sporidiobolaceae,Rhodotorula,Rhodotorula_dairenensis
ASV_4279,Fungi,Ascomycota,Dothideomycetes,Myriangiales,Myriangiaceae,Anhellia,Anhellia_sp._G249
ASV_4280,Fungi,Ascomycota,Dothideomycetes,Mycosphaerellales,Teratosphaeriaceae,Acrodontium,Acrodontium_crateriforme
ASV_4281,Fungi,Ascomycota,Leotiomycetes,Erysiphales,Erysiphaceae,Golovinomyces,Golovinomyces_ambrosiae
ASV_4282,Fungi,Ascomycota,Dothideomycetes,Cladosporiales,Cladosporiaceae,Neocladosporium,Neocladosporium_syringae
ASV_4283,Fungi,Basidiomycota,Agaricostilbomycetes,Agaricostilbales,Kondoaceae,Kondoa,NA
ASV_4284,Fungi,Basidiomycota,Cystobasidiomycetes,Buckleyzymales,Buckleyzymaceae,Buckleyzyma,Buckleyzyma_armeniaca
ASV_4285,Fungi,Chytridiomycota,Chytridiomycota_cls_Incertae_sedis,Chytridiomycota_ord_Incertae_sedis,Chytridiomycota_fam_Incertae_sedis,Chytridiomycota_gen_Incertae_sedis,NA
ASV_4286,Fungi,Ascomycota,Dothideomycetes,Pleosporales,Phaeosphaeriaceae,Phaeosphaeria,NA
ASV_4287,Fungi,Basidiomycota,Agaricomycetes,Russulales,Peniophoraceae,Vararia,Vararia_minidichophysa
ASV_4288,Fungi,Basidiomycota,Tremellomycetes,Tremellales,Bulleraceae,Bullera,Bullera_alba
ASV_4289,Fungi,NA,NA,NA,NA,NA,NA
ASV_4290,Fungi,Ascomycota,Dothideomycetes,Pleosporales,Periconiaceae,Periconia,Periconia_sp.
ASV_4291,Fungi,Basidiomycota,Agaricomycetes,Russulales,Peniophoraceae,Peniophora,Peniophora_quercina
ASV_4292,Fungi,Ascomycota,Dothideomycetes,Dothideales,Saccotheciaceae,Aureobasidium,Aureobasidium_pullulans
ASV_4293,Fungi,Basidiomycota,Agaricomycetes,Agaricales,Entolomataceae,Entoloma,Entoloma_sulphureum
ASV_4294,Fungi,NA,NA,NA,NA,NA,NA
ASV_4295,Fungi,Streptophyta,Magnoliopsida,Apiales,Apiaceae,Petroselinum,Petroselinum_crispum
ASV_4296,Fungi,Basidiomycota,Agaricostilbomycetes,Agaricostilbales,Kondoaceae,NA,NA
ASV_4297,Fungi,NA,NA,NA,NA,NA,NA
ASV_4298,Fungi,Basidiomycota,Cystobasidiomycetes,Sakaguchiales,Sakaguchiaceae,Sakaguchia,Sakaguchia_dacryoidea
ASV_4299,Fungi,Ascomycota,Pichiomycetes,Pichiales,Pichiaceae,Pichia,Pichia_kudriavzevii
ASV_4300,Fungi,Ascomycota,Eurotiomycetes,Eurotiales,Aspergillaceae,Penicillium,Penicillium_paneum
ASV_4301,Fungi,Streptophyta,Magnoliopsida,Asterales,Asteraceae,Crepis,Crepis_capillaris
ASV_4302,Fungi,Ascomycota,Pezizomycetes,Pezizales,Pyronemataceae,Trichophaeopsis,NA
ASV_4303,Fungi,Ascomycota,Dothideomycetes,Capnodiales,Readerielliopsidaceae,Scolecoxyphium,Scolecoxyphium_phylicae
ASV_4304,Fungi,Chlorophyta,Trebouxiophyceae,Watanabeales,NA,Jaagichlorella,Jaagichlorella_adherens
ASV_4305,Fungi,NA,NA,NA,NA,NA,NA
ASV_4306,Fungi,Ascomycota,Sordariomycetes,Hypocreales,Cordycipitaceae,Cordycipitaceae_gen_Incertae_sedis,NA
ASV_4307,Fungi,Chlorophyta,Trebouxiophyceae,Watanabeales,NA,Jaagichlorella,Jaagichlorella_roystonensis
ASV_4308,Fungi,Ascomycota,Dothideomycetes,Pleosporales,Phaeosphaeriaceae,Phaeosphaeria,Phaeosphaeria_phoenicicola
ASV_4309,Fungi,Streptophyta,Magnoliopsida,Fagales,Betulaceae,Carpinus,Carpinus_betulus
ASV_4310,Fungi,Blastocladiomycota,Blastocladiomycetes,Blastocladiales,Blastocladiales_fam_Incertae_sedis,Blastocladiales_gen_Incertae_sedis,NA
ASV_4311,Fungi,Streptophyta,Magnoliopsida,Asterales,Asteraceae,Hieracium,Hieracium_stoloniflorum
ASV_4312,Fungi,Basidiomycota,Cystobasidiomycetes,Erythrobasidiales,NA,NA,NA
ASV_4313,Fungi,Ascomycota,Dothideomycetes,Pleosporales,Phaeosphaeriaceae,Setophoma,Setophoma_vernoniae
ASV_4314,Fungi,Basidiomycota,Agaricomycetes,Agaricales,Strophariaceae,Hypholoma,Hypholoma_fasciculare
ASV_4315,Fungi,NA,NA,NA,NA,NA,NA
ASV_4316,Fungi,Ascomycota,Saccharomycetes,Saccharomycetales,Saccharomycetaceae,Arxiozyma,Arxiozyma_pintolopesii
ASV_4317,Fungi,Chlorophyta,Trebouxiophyceae,Trebouxiales,Trebouxiaceae,Trebouxia,uncultured_Trebouxia_photobiont
ASV_4318,Fungi,Basidiomycota,Cystobasidiomycetes,NA,Symmetrosporaceae,Symmetrospora,Symmetrospora_symmetrica
ASV_4319,Fungi,Basidiomycota,Agaricostilbomycetes,Agaricostilbales,Kondoaceae,Kondoa,Kondoa_malvinella
ASV_4320,Fungi,Basidiomycota,Tremellomycetes,Tremellales,Bulleribasidiaceae,Dioszegia,Dioszegia_athyri
ASV_4321,Fungi,Basidiomycota,Agaricomycetes,NA,NA,NA,NA
ASV_4322,Fungi,Basidiomycota,Cystobasidiomycetes,Buckleyzymales,Buckleyzymaceae,Buckleyzyma,Buckleyzyma_armeniaca
ASV_4323,Fungi,Chytridiomycota,GS13,GS13_ord_Incertae_sedis,GS13_fam_Incertae_sedis,GS13_gen_Incertae_sedis,NA
ASV_4324,Fungi,Ascomycota,Dothideomycetes,Pleosporales,Didymosphaeriaceae,Spegazzinia,Spegazzinia_radermacherae
ASV_4325,Fungi,Basidiomycota,Agaricomycetes,Cantharellales,Hydnaceae,Sistotrema,Sistotrema_adnatum
ASV_4326,Fungi,Streptophyta,Magnoliopsida,Ranunculales,Ranunculaceae,Ranunculus,Ranunculus_bulbosus
ASV_4327,Fungi,Chytridiomycota,Chytridiomycota_cls_Incertae_sedis,Chytridiomycota_ord_Incertae_sedis,Chytridiomycota_fam_Incertae_sedis,Chytridiomycota_gen_Incertae_sedis,NA
ASV_4328,Fungi,Ascomycota,Dothideomycetes,Pleosporales,Lophiostomataceae,Lophiostoma,Lophiostoma_corticola
ASV_4329,Fungi,Basidiomycota,Cystobasidiomycetes,Cystobasidiomycetes_ord_Incertae_sedis,Symmetrosporaceae,Symmetrospora,Symmetrospora_pseudomarina
ASV_4330,Fungi,Ascomycota,Dothideomycetes,Pleosporales,Phaeosphaeriaceae,Neosetophoma,Neosetophoma_guiyangensis
ASV_4331,Fungi,Basidiomycota,Cystobasidiomycetes,Naohideales,Naohideaceae,Naohidea,NA
ASV_4332,Fungi,Streptophyta,Magnoliopsida,Poales,Poaceae,Holcus,Holcus_lanatus
ASV_4333,Fungi,Ascomycota,Saccharomycetes,Saccharomycetales,Saccharomycetaceae,Cyniclomyces,Cyniclomyces_guttulatus
ASV_4334,Fungi,Chlorophyta,Trebouxiophyceae,Chlorellales,NA,NA,uncultured_Chloroidium
ASV_4335,Fungi,Ascomycota,Dothideomycetes,Pleosporales,Pleosporaceae,Alternaria,Alternaria_sp.
ASV_4336,Fungi,Ascomycota,Dothideomycetes,Pleosporales,Phaeosphaeriaceae,Paraophiobolus,Paraophiobolus_torilicola
ASV_4337,Fungi,Mucoromycota,Mucoromycetes,Mucorales,Mucoraceae,Mucor,Mucor_irregularis
ASV_4338,Fungi,Basidiomycota,Cystobasidiomycetes,Cystobasidiomycetes_ord_Incertae_sedis,Symmetrosporaceae,Symmetrospora,Symmetrospora_coprosmae
ASV_4339,Fungi,Ascomycota,Leotiomycetes,Helotiales,NA,NA,Helotiales_sp.
ASV_4340,Fungi,Streptophyta,Magnoliopsida,Poales,Poaceae,Digitaria,Digitaria_sanguinalis
ASV_4341,Fungi,Chytridiomycota,Chytridiomycota_cls_Incertae_sedis,Chytridiomycota_ord_Incertae_sedis,Chytridiomycota_fam_Incertae_sedis,Chytridiomycota_gen_Incertae_sedis,NA
ASV_4342,Fungi,Ascomycota,Saccharomycetes,Saccharomycetales,Saccharomycetaceae,Saccharomyces,Saccharomyces_bayanus
ASV_4343,Fungi,Ascomycota,Sordariomycetes,Hypocreales,Nectriaceae,Fusarium,Fusarium_tricinctum
ASV_4344,Fungi,NA,NA,NA,NA,NA,NA
ASV_4345,Fungi,Ascomycota,Dothideomycetes,Pleosporales,Pyrenochaetopsidaceae,Xenopyrenochaetopsis,Xenopyrenochaetopsis_pratorum
ASV_4346,Fungi,Ascomycota,Dothideomycetes,Pleosporales,Phaeosphaeriaceae,NA,NA
ASV_4347,Fungi,Ascomycota,Dothideomycetes,Pleosporales,Lophiostomataceae,Lophiostoma,Lophiostoma_corticola
ASV_4348,Fungi,Chlorophyta,Trebouxiophyceae,Trebouxiales,Trebouxiaceae,Trebouxia,Trebouxia_sp.
ASV_4349,Fungi,Ascomycota,Dothideomycetes,Pleosporales,Leptosphaeriaceae,Leptosphaeria,Leptosphaeria_bellynckii
ASV_4350,Fungi,Basidiomycota,Cystobasidiomycetes,Buckleyzymales,Buckleyzymaceae,Buckleyzyma,Buckleyzyma_armeniaca
ASV_4351,Fungi,Chlorophyta,Trebouxiophyceae,Trebouxiales,Trebouxiaceae,Trebouxia,uncultured_Trebouxia_photobiont
ASV_4352,Fungi,Basidiomycota,Agaricostilbomycetes,Agaricostilbales,Kondoaceae,Bensingtonia,NA
ASV_4353,Fungi,Mucoromycota,Mucoromycetes,Mucorales,Mucoraceae,Mucor,Mucor_hiemalis
ASV_4354,Fungi,Streptophyta,Magnoliopsida,Asterales,Asteraceae,NA,Hypochaeris_environmental_sample
ASV_4355,Fungi,Basidiomycota,Agaricomycetes,Polyporales,Meruliaceae,Phlebia,Phlebia_acerina
ASV_4356,Fungi,Basidiomycota,Agaricomycetes,Hymenochaetales,Hymenochaetaceae,Fuscoporia,Fuscoporia_monticola
ASV_4357,Fungi,Bacteroidota,Bacteroidia,Bacteroidales,Dysgonomonadaceae,Dysgonomonas,uncultured_Dysgonomonas_sp.
ASV_4358,Fungi,Ascomycota,Dothideomycetes,Pleosporales,Phaeosphaeriaceae,Didymocyrtis,Didymocyrtis_pini
ASV_4359,Fungi,Ascomycota,NA,NA,NA,NA,NA
ASV_4360,Fungi,Pseudomonadota,Alphaproteobacteria,Acetobacterales,Acetobacteraceae,Commensalibacter,Commensalibacter_intestini
ASV_4361,Fungi,NA,NA,NA,NA,NA,NA
ASV_4362,Fungi,Ascomycota,Eurotiomycetes,Eurotiomycetes_ord_Incertae_sedis,Eurotiomycetes_fam_Incertae_sedis,Neocladophialophora,Neocladophialophora_quercina
ASV_4363,Fungi,Ascomycota,Ascomycota_cls_Incertae_sedis,Ascomycota_ord_Incertae_sedis,Ascomycota_fam_Incertae_sedis,Phaeodactylium,NA
ASV_4364,Fungi,Chytridiomycota,Spizellomycetes,Spizellomycetales,Spizellomycetales_fam_Incertae_sedis,Spizellomycetales_gen_Incertae_sedis,NA
ASV_4365,Fungi,Basidiomycota,Cystobasidiomycetes,Sakaguchiales,Sakaguchiaceae,Sakaguchia,Sakaguchia_dacryoidea
ASV_4366,Fungi,Ascomycota,Dothideomycetes,Pleosporales,Lentitheciaceae,Phragmocamarosporium,Phragmocamarosporium_qujingensis
ASV_4367,Fungi,Chytridiomycota,Chytridiomycota_cls_Incertae_sedis,Chytridiomycota_ord_Incertae_sedis,Chytridiomycota_fam_Incertae_sedis,Chytridiomycota_gen_Incertae_sedis,NA
ASV_4368,Fungi,Mucoromycota,Mucoromycetes,Mucorales,Pilobolaceae,Pilobolus,Pilobolus_crystallinus
ASV_4369,Fungi,Chytridiomycota,Chytridiomycota_cls_Incertae_sedis,Chytridiomycota_ord_Incertae_sedis,Chytridiomycota_fam_Incertae_sedis,Chytridiomycota_gen_Incertae_sedis,NA
ASV_4370,Fungi,Basidiomycota,Agaricomycetes,Agaricales,Tricholomataceae,Dermoloma,Dermoloma_bellerianum
ASV_4371,Fungi,Entomophthoromycota,Entomophthoromycetes,Entomophthorales,Entomophthoraceae,Zoophthora,Zoophthora_radicans
ASV_4372,Fungi,Basidiomycota,Tremellomycetes,Tremellales,Trimorphomycetaceae,Saitozyma,Saitozyma_flava
ASV_4373,Fungi,Basidiomycota,Agaricomycetes,Agaricales,Psathyrellaceae,Coprinopsis,Coprinopsis_pachyderma
ASV_4374,Fungi,Streptophyta,Magnoliopsida,Asterales,Asteraceae,NA,Hypochaeris_environmental_sample
ASV_4375,Fungi,Ascomycota,Dothideomycetes,Pleosporales,Torulaceae,Torula,Torula_fici
ASV_4376,Fungi,Ascomycota,Dothideomycetes,Pleosporales,Phaeosphaeriaceae,Phaeosphaeria,NA
ASV_4377,Fungi,Ascomycota,Saccharomycetes,Saccharomycetales,Saccharomycetaceae,Monosporozyma,Monosporozyma_servazzii
ASV_4378,Fungi,Streptophyta,Magnoliopsida,Asparagales,Amaryllidaceae,Allium,Allium_sativum
ASV_4379,Fungi,Ascomycota,Dothideomycetes,Pleosporales,Phaeosphaeriaceae,Paraphoma,Paraphoma_salicis
ASV_4380,Fungi,Ascomycota,Pezizomycotina_cls_Incertae_sedis,Pezizomycotina_ord_Incertae_sedis,Pezizomycotina_fam_Incertae_sedis,Enthallopycnidium,NA
ASV_4381,Fungi,Ascomycota,Dothideomycetes,Pleosporales,Phaeosphaeriaceae,Phaeosphaeria,Phaeosphaeria_tofieldiae
ASV_4382,Fungi,Ascomycota,Sordariomycetes,Amphisphaeriales,Sporocadaceae,Pestalotiopsis,Pestalotiopsis_camelliae
ASV_4383,Fungi,Ascomycota,Dothideomycetes,Pleosporales,Phaeosphaeriaceae,Paraphoma,Paraphoma_salicis
ASV_4384,Fungi,Ascomycota,Dothideomycetes,Mycosphaerellales,Mycosphaerellaceae,NA,Mycosphaerellaceae_sp.
ASV_4385,Fungi,Basidiomycota,Tremellomycetes,Tremellales,Bulleribasidiaceae,Vishniacozyma,Vishniacozyma_dimennae
ASV_4386,Fungi,Chytridiomycota,Chytridiomycota_cls_Incertae_sedis,Chytridiomycota_ord_Incertae_sedis,Chytridiomycota_fam_Incertae_sedis,Chytridiomycota_gen_Incertae_sedis,NA
ASV_4387,Fungi,Chytridiomycota,Chytridiomycota_cls_Incertae_sedis,Chytridiomycota_ord_Incertae_sedis,Chytridiomycota_fam_Incertae_sedis,Chytridiomycota_gen_Incertae_sedis,NA
ASV_4388,Fungi,Ascomycota,Leotiomycetes,Leotiales,Tympanidaceae,NA,NA
ASV_4389,Fungi,Chytridiomycota,Chytridiomycota_cls_Incertae_sedis,Chytridiomycota_ord_Incertae_sedis,Chytridiomycota_fam_Incertae_sedis,Chytridiomycota_gen_Incertae_sedis,NA
ASV_4390,Fungi,Chlorophyta,Trebouxiophyceae,Watanabeales,NA,Chloroidium,Chloroidium_sp._LV-2018
ASV_4391,Fungi,Basidiomycota,Cystobasidiomycetes,Sakaguchiales,Sakaguchiaceae,Sakaguchia,Sakaguchia_sp.
ASV_4392,Fungi,NA,NA,NA,NA,NA,NA
ASV_4393,Fungi,Streptophyta,Magnoliopsida,Apiales,Araliaceae,Aralia,Aralia_nudicaulis
ASV_4394,Fungi,Ascomycota,Lecanoromycetes,Lecanorales,Scoliciosporaceae,Scoliciosporum,Scoliciosporum_fabisporum
ASV_4395,Fungi,Ascomycota,Dothideomycetes,Pleosporales,Phaeosphaeriaceae,Paraphoma,Paraphoma_chlamydocopiosa
ASV_4396,Fungi,Streptophyta,Magnoliopsida,Apiales,Araliaceae,Pseudopanax,Pseudopanax_ferox
ASV_4397,Fungi,NA,NA,NA,NA,NA,NA
ASV_4398,Fungi,Streptophyta,Magnoliopsida,Malvales,Malvaceae,Hoheria,Hoheria_angustifolia
ASV_4399,Fungi,Basidiomycota,Agaricostilbomycetes,Agaricostilbales,Kondoaceae,Bensingtonia,Bensingtonia_rectispora
ASV_4400,Fungi,NA,NA,NA,NA,NA,NA
ASV_4401,Fungi,NA,NA,NA,NA,NA,NA
ASV_4402,Fungi,Basidiomycota,Tremellomycetes,Tremellales,Bulleraceae,Bullera,Bullera_alba
ASV_4403,Fungi,Ascomycota,Dothideomycetes,Pleosporales,Torulaceae,Torula,Torula_masonii
ASV_4404,Fungi,Basidiomycota,Tremellomycetes,Cystofilobasidiales,Cystofilobasidiaceae,Cystofilobasidium,Cystofilobasidium_capitatum
ASV_4405,Fungi,Ascomycota,NA,NA,NA,NA,NA
ASV_4406,Fungi,Streptophyta,Magnoliopsida,Apiales,Araliaceae,Aralia,Aralia_vietnamensis
ASV_4407,Fungi,Basidiomycota,Agaricomycetes,Hymenochaetales,Schizoporaceae,Hyphodontia,Hyphodontia_arguta
ASV_4408,Fungi,NA,NA,NA,NA,NA,NA
ASV_4409,Fungi,Streptophyta,Magnoliopsida,Solanales,Convolvulaceae,Ipomoea,Ipomoea_crassicaulis
ASV_4410,Fungi,Basidiomycota,Agaricomycetes,Agaricales,Psathyrellaceae,Psathyrella,Psathyrella_stercoraria
ASV_4411,Fungi,Chytridiomycota,Chytridiomycota_cls_Incertae_sedis,Chytridiomycota_ord_Incertae_sedis,Chytridiomycota_fam_Incertae_sedis,Chytridiomycota_gen_Incertae_sedis,NA
ASV_4412,Fungi,Streptophyta,Magnoliopsida,Asterales,Asteraceae,Bellis,Bellis_perennis
ASV_4413,Fungi,Ascomycota,Dothideomycetes,Pleosporales,Lentitheciaceae,Keissleriella,NA
ASV_4414,Fungi,Ascomycota,Sordariomycetes,Hypocreales,Nectriaceae,Fusarium,Fusarium_tricinctum
ASV_4415,Fungi,Ascomycota,Taphrinomycetes,Taphrinales,Taphrinaceae,Taphrina,NA
ASV_4416,Fungi,NA,NA,NA,NA,NA,NA
ASV_4417,Fungi,Ascomycota,Dothideomycetes,Mytilinidiales,Mytilinidiaceae,Mytilinidion,Mytilinidion_insulare
ASV_4418,Fungi,Basidiomycota,Agaricomycetes,Hymenochaetales,Schizoporaceae,Lyomyces,NA
ASV_4419,Fungi,Streptophyta,Magnoliopsida,Asterales,Asteraceae,Pilosella,Pilosella_officinarum
ASV_4420,Fungi,Basidiomycota,Tremellomycetes,Filobasidiales,Filobasidiaceae,Filobasidium,Filobasidium_chernovii
ASV_4421,Fungi,Streptophyta,Magnoliopsida,Apiales,Araliaceae,Fatsia,Fatsia_japonica
ASV_4422,Fungi,Ascomycota,Dothideomycetes,Pleosporales,NA,NA,NA
ASV_4423,Fungi,Basidiomycota,Agaricomycetes,Polyporales,Polyporaceae,Trametes,Trametes_pubescens
ASV_4424,Fungi,Basidiomycota,Tremellomycetes,Tremellales,Bulleribasidiaceae,Dioszegia,Dioszegia_fristingensis
ASV_4425,Fungi,Basidiomycota,Agaricostilbomycetes,Agaricostilbales,Kondoaceae,Kondoa,Kondoa_myxariophila
ASV_4426,Fungi,Basidiomycota,Tremellomycetes,Filobasidiales,Filobasidiaceae,Filobasidium,Filobasidium_sp.
ASV_4427,Fungi,Ascomycota,Sordariomycetes,Myrmecridiales,Myrmecridiaceae,Myrmecridium,Myrmecridium_schulzeri
ASV_4428,Fungi,Ascomycota,Dothideomycetes,NA,NA,NA,Dothideomycetes_sp.
ASV_4429,Fungi,Chytridiomycota,Chytridiomycota_cls_Incertae_sedis,Chytridiomycota_ord_Incertae_sedis,Chytridiomycota_fam_Incertae_sedis,Chytridiomycota_gen_Incertae_sedis,NA
ASV_4430,Fungi,Ascomycota,Dothideomycetes,Pleosporales,Phaeosphaeriaceae,NA,Phaeosphaeriaceae_sp.
ASV_4431,Fungi,Basidiomycota,Microbotryomycetes,Sporidiobolales,Sporidiobolaceae,Rhodotorula,Rhodotorula_mucilaginosa
ASV_4432,Fungi,Chlorophyta,Trebouxiophyceae,Watanabeales,NA,Jaagichlorella,Jaagichlorella_africana
ASV_4433,Fungi,Basidiomycota,Microbotryomycetes,Sporidiobolales,Sporidiobolaceae,Sporobolomyces,Sporobolomyces_roseus
ASV_4434,Fungi,Chlorophyta,Chlorophyceae,Sphaeropleales,Scenedesmaceae,Desmodesmus,Desmodesmus_sp.
ASV_4435,Fungi,Basidiomycota,Cystobasidiomycetes,NA,Symmetrosporaceae,Symmetrospora,Symmetrospora_sp.
ASV_4436,Fungi,Ascomycota,Dothideomycetes,Pleosporales,Pyrenochaetopsidaceae,Xenopyrenochaetopsis,Xenopyrenochaetopsis_pratorum
ASV_4437,Fungi,Chytridiomycota,Chytridiomycota_cls_Incertae_sedis,Chytridiomycota_ord_Incertae_sedis,Chytridiomycota_fam_Incertae_sedis,Chytridiomycota_gen_Incertae_sedis,NA
ASV_4438,Fungi,Ascomycota,Dothideomycetes,Venturiales,Venturiaceae,Venturia,Venturia_cerasi
ASV_4439,Fungi,Ascomycota,Dothideomycetes,Pleosporales,Lophiostomataceae,Lophiostoma,Lophiostoma_corticola
ASV_4440,Fungi,Ascomycota,Sordariomycetes,Glomerellales,Glomerellaceae,Colletotrichum,Colletotrichum_destructivum
ASV_4441,Fungi,Ascomycota,Dothideomycetes,Mycosphaerellales,Mycosphaerellaceae,Zasmidium,NA
ASV_4442,Fungi,NA,NA,NA,NA,NA,NA
ASV_4443,Fungi,Streptophyta,Magnoliopsida,Oxalidales,Elaeocarpaceae,Aristotelia,Aristotelia_serrata
