ASV,Kingdom,Phylum,Class,Order,Family,Genus,Species
ASV_1,Bacteria,Bacillota,Bacilli,Lactobacillales,Vagococcaceae,Vagococcus,Vagococcus_teuberi
ASV_2,Bacteria,Pseudomonadota,Gammaproteobacteria,Cardiobacteriales,Wohlfahrtiimonadaceae,Ignatzschineria,Ignatzschineria_ureiclastica
ASV_3,Bacteria,Bacteroidota,Bacteroidia,Bacteroidales,Dysgonomonadaceae,Dysgonomonas,Dysgonomonas_uncultured_Dysgonomonas_sp.
ASV_4,Bacteria,Pseudomonadota,Gammaproteobacteria,Enterobacterales,Morganellaceae,Providencia,Providencia_NA
ASV_5,Bacteria,Bacteroidota,Bacteroidia,Bacteroidales,Dysgonomonadaceae,Dysgonomonas,Dysgonomonas_sp.
ASV_6,Bacteria,Pseudomonadota,Gammaproteobacteria,Enterobacterales,Morganellaceae,Morganella,Morganella_morganii
ASV_7,Bacteria,Pseudomonadota,Gammaproteobacteria,Pseudomonadales,Moraxellaceae,Acinetobacter,Acinetobacter_bereziniae
ASV_8,Bacteria,Pseudomonadota,Gammaproteobacteria,Cardiobacteriales,Wohlfahrtiimonadaceae,Ignatzschineria,Ignatzschineria_indica
ASV_9,Bacteria,Pseudomonadota,Gammaproteobacteria,Enterobacterales,Morganellaceae,Providencia,Providencia_alcalifaciens
ASV_10,Bacteria,Bacteroidota,Bacteroidia,Bacteroidales,Dysgonomonadaceae,Dysgonomonas,Dysgonomonas_sp
ASV_11,Bacteria,Actinomycetota,Actinobacteria,Bifidobacteriales,Bifidobacteriaceae,Bifidobacterium,Bifidobacterium_adolescentis
ASV_12,Bacteria,Pseudomonadota,Gammaproteobacteria,Enterobacterales,Enterobacteriaceae,Escherichia-Shigella,Escherichia-Shigella_coli
ASV_13,Bacteria,Cyanobacteriota,Cyanobacteriia,Chloroplast,NA,NA,NA_NA
ASV_14,Bacteria,Bacteroidota,Bacteroidia,Bacteroidales,Dysgonomonadaceae,Dysgonomonas,Dysgonomonas_NA
ASV_15,Bacteria,Pseudomonadota,Gammaproteobacteria,Pseudomonadales,Pseudomonadaceae,Pseudomonas,Pseudomonas_NA
ASV_16,Bacteria,Pseudomonadota,Gammaproteobacteria,Pseudomonadales,Moraxellaceae,Acinetobacter,Acinetobacter_bereziniae
ASV_17,Bacteria,Pseudomonadota,Gammaproteobacteria,Enterobacterales,Enterobacteriaceae,Citrobacter,Citrobacter_freundii
ASV_18,Bacteria,Bacteroidota,Bacteroidia,Bacteroidales,Dysgonomonadaceae,Dysgonomonas,Dysgonomonas_NA
ASV_19,Bacteria,Pseudomonadota,Gammaproteobacteria,Enterobacterales,Hafniaceae,Hafnia-Obesumbacterium,Hafnia-Obesumbacterium_alvei
ASV_20,Bacteria,Bacillota,Bacilli,Lactobacillales,Vagococcaceae,Vagococcus,Vagococcus_teuberi
ASV_21,Bacteria,Pseudomonadota,Gammaproteobacteria,Cardiobacteriales,Wohlfahrtiimonadaceae,Ignatzschineria,Ignatzschineria_ureiclastica
ASV_22,Bacteria,Bacillota,Bacilli,Lactobacillales,Streptococcaceae,Lactococcus,Lactococcus_lactis
ASV_23,Bacteria,Pseudomonadota,Gammaproteobacteria,Enterobacterales,Enterobacteriaceae,Escherichia-Shigella,Escherichia-Shigella_coli
ASV_24,Bacteria,Pseudomonadota,Gammaproteobacteria,Burkholderiales,Burkholderiaceae,Paraburkholderia,Paraburkholderia_uncultured_Paraburkholderia_sp.
ASV_25,Bacteria,Pseudomonadota,Gammaproteobacteria,Cardiobacteriales,Wohlfahrtiimonadaceae,Ignatzschineria,Ignatzschineria_ureiclastica
ASV_26,Bacteria,Bacillota,Clostridia,Oscillospirales,Butyricicoccaceae,Butyricicoccus,Butyricicoccus_sp.
ASV_27,Bacteria,Pseudomonadota,Gammaproteobacteria,Enterobacterales,Enterobacteriaceae,Klebsiella,Klebsiella_pneumoniae
ASV_28,Bacteria,Pseudomonadota,Gammaproteobacteria,Pseudomonadales,Halomonadaceae,Zymobacter,Zymobacter_palmae
ASV_29,Bacteria,Bacteroidota,Bacteroidia,Flavobacteriales,Weeksellaceae,NA,NA_NA
ASV_30,Bacteria,Streptophyta,,Apiales,Araliaceae,Polyscias,Polyscias_macgillivrayi
ASV_31,Bacteria,Bacillota,Bacilli,Lactobacillales,Vagococcaceae,Vagococcus,Vagococcus_teuberi
ASV_32,Bacteria,Pseudomonadota,Gammaproteobacteria,Enterobacterales,Orbaceae,NA,NA_bacterium_ac157xtp
ASV_33,Bacteria,Bacillota,Bacilli,Lactobacillales,Lactobacillaceae,Lactobacillus,Lactobacillus_gallinarum
ASV_34,Bacteria,Pseudomonadota,Gammaproteobacteria,Pseudomonadales,Pseudomonadaceae,Pseudomonas,Pseudomonas_fragi
ASV_35,Bacteria,Bacillota,Bacilli,Lactobacillales,Lactobacillaceae,Limosilactobacillus,Limosilactobacillus_oris
ASV_36,Bacteria,Pseudomonadota,Gammaproteobacteria,Pseudomonadales,Moraxellaceae,Acinetobacter,Acinetobacter_sp.
ASV_37,Bacteria,Pseudomonadota,Alphaproteobacteria,Rickettsiales,Anaplasmataceae,Wolbachia,Wolbachia_endosymbiont_(group_A)_of_Sicus_ferrugineus
ASV_38,Bacteria,Pseudomonadota,Gammaproteobacteria,Pseudomonadales,Moraxellaceae,Acinetobacter,Acinetobacter_sp.
ASV_39,Bacteria,Bacteroidota,Bacteroidia,Bacteroidales,F082,NA,NA_NA
ASV_40,Bacteria,Fusobacteriota,Fusobacteriia,Fusobacteriales,Fusobacteriaceae,Fusobacterium,Fusobacterium_mortiferum
ASV_41,Bacteria,Bacillota,Bacilli,Lactobacillales,Streptococcaceae,Lactococcus,Lactococcus_garvieae
ASV_42,Bacteria,Pseudomonadota,Gammaproteobacteria,Cardiobacteriales,Wohlfahrtiimonadaceae,Ignatzschineria,Ignatzschineria_NA
ASV_43,Bacteria,Pseudomonadota,Gammaproteobacteria,Enterobacterales,Yersiniaceae,Serratia,Serratia_ficaria
ASV_44,Bacteria,Pseudomonadota,Alphaproteobacteria,Acetobacterales,Acetobacteraceae,Saccharibacter,Saccharibacter_NA
ASV_45,Bacteria,Chlamydiota,Chlamydiia,Chlamydiales,Simkaniaceae,Candidatus Rhabdochlamydia,Candidatus_Rhabdochlamydia_porcellionis
ASV_46,Bacteria,Bacillota,Clostridia,Peptostreptococcales-Tissierellales,Peptostreptococcaceae,Peptoclostridium,Peptoclostridium_NA
ASV_47,Bacteria,Pseudomonadota,Gammaproteobacteria,Pseudomonadales,Moraxellaceae,Acinetobacter,Acinetobacter_johnsonii
ASV_48,Bacteria,Bacteroidota,Bacteroidia,Bacteroidales,Dysgonomonadaceae,Dysgonomonas,Dysgonomonas_NA
ASV_49,Bacteria,Bacillota,Bacilli,Lactobacillales,Enterococcaceae,Enterococcus,Enterococcus_faecium
ASV_50,Bacteria,Bacillota,Negativicutes,Veillonellales-Selenomonadales,Selenomonadaceae,Megamonas,Megamonas_funiformis
ASV_51,Bacteria,Bacteroidota,Bacteroidia,Bacteroidales,Dysgonomonadaceae,Dysgonomonas,Dysgonomonas_sp.
ASV_52,Bacteria,Pseudomonadota,Gammaproteobacteria,Cardiobacteriales,Wohlfahrtiimonadaceae,Wohlfahrtiimonas,Wohlfahrtiimonas_chitiniclastica
ASV_53,Bacteria,Bacillota,Clostridia,Peptostreptococcales-Tissierellales,Peptostreptococcaceae,Romboutsia,Romboutsia_ilealis
ASV_54,Bacteria,Bacillota,Clostridia,Peptostreptococcales-Tissierellales,Peptostreptococcaceae,Paeniclostridium,Paeniclostridium_NA
ASV_55,Bacteria,Bacillota,Clostridia,Clostridiales,Clostridiaceae,Clostridium,Clostridium_perfringens
ASV_56,Bacteria,Bacillota,Bacilli,Lactobacillales,Lactobacillaceae,Lactobacillus,Lactobacillus_johnsonii
ASV_57,Bacteria,Pseudomonadota,Gammaproteobacteria,Enterobacterales,Enterobacteriaceae,Citrobacter,Citrobacter_freundii
ASV_58,Bacteria,Pseudomonadota,Gammaproteobacteria,Burkholderiales,Paraburkholderia,Paraburkholderia,Paraburkholderia_sp.
ASV_59,Bacteria,Actinomycetota,Actinobacteria,Bifidobacteriales,Bifidobacteriaceae,Bifidobacterium,Bifidobacterium_adolescentis
ASV_60,Bacteria,Bacillota,Bacilli,Bacillales,Planococcaceae,NA,NA_NA
ASV_61,Bacteria,Bacillota,Bacilli,Bacillales,Planococcaceae,Savagea,Savagea_NA
ASV_62,Bacteria,Bacillota,Clostridia,Peptostreptococcales-Tissierellales,Peptostreptococcaceae,Peptoclostridium,Peptoclostridium_hiranonis
ASV_63,Bacteria,Bacteroidota,Bacteroidia,Bacteroidales,Prevotellaceae,Segatella,Segatella_NA
ASV_64,Bacteria,Bacteroidota,Bacteroidia,Bacteroidales,Tannerellaceae,Parabacteroides,Parabacteroides_NA
ASV_65,Bacteria,Bacillota,Bacilli,Lactobacillales,Lactobacillaceae,Ligilactobacillus,Ligilactobacillus_murinus
ASV_66,Bacteria,Actinomycetota,Actinobacteria,Bifidobacteriales,Bifidobacteriaceae,Bifidobacterium,Bifidobacterium_pseudolongum
ASV_67,Bacteria,Bacillota,Clostridia,Oscillospirales,Ruminococcaceae,Faecalibacterium,Faecalibacterium_prausnitzii
ASV_68,Bacteria,Bacillota,Clostridia,Peptostreptococcales-Tissierellales,Peptostreptococcaceae,Romboutsia,Romboutsia_ilealis
ASV_69,Bacteria,Bacteroidota,Bacteroidia,Flavobacteriales,Weeksellaceae,Chishuiella,Chishuiella_NA
ASV_70,Bacteria,Bacteroidota,Bacteroidia,Flavobacteriales,Weeksellaceae,NA,NA_NA
ASV_71,Bacteria,Pseudomonadota,Gammaproteobacteria,Pseudomonadales,Pseudomonadaceae,Pseudomonas,Pseudomonas_protegens
ASV_72,Bacteria,Bacteroidota,Bacteroidia,Bacteroidales,p-2534-18B5 gut group,NA,NA_NA
ASV_73,Bacteria,Pseudomonadota,Gammaproteobacteria,Pseudomonadales,Pseudomonadaceae,Pseudomonas,Pseudomonas_fragi
ASV_74,Bacteria,Bacillota,Clostridia,Clostridiales,Clostridiaceae,Clostridium,Clostridium_senegalense
ASV_75,Bacteria,Pseudomonadota,Gammaproteobacteria,Cardiobacteriales,Wohlfahrtiimonadaceae,Wohlfahrtiimonas,Wohlfahrtiimonas_populi
ASV_76,Bacteria,Bacteroidota,Bacteroidia,Sphingobacteriales,Sphingobacteriaceae,Sphingobacterium,Sphingobacterium_faecium
ASV_77,Bacteria,Pseudomonadota,Gammaproteobacteria,Pseudomonadales,Moraxellaceae,Acinetobacter,Acinetobacter_apis
ASV_78,Bacteria,Pseudomonadota,Gammaproteobacteria,Enterobacterales,Hafniaceae,Hafnia-Obesumbacterium,Hafnia-Obesumbacterium_NA
ASV_79,Bacteria,Pseudomonadota,Gammaproteobacteria,Enterobacterales,Orbaceae,Gilliamella,Gilliamella_Gilliamella
ASV_80,Bacteria,Bacillota,Bacilli,Lactobacillales,Vagococcaceae,Vagococcus,Vagococcus_teuberi
ASV_81,Bacteria,Bacillota,Bacilli,Lactobacillales,Vagococcaceae,Vagococcus,Vagococcus_jeotgali
ASV_82,Bacteria,Bacillota,Bacilli,Lactobacillales,Enterococcaceae,Enterococcus,Enterococcus_faecium
ASV_83,Bacteria,Pseudomonadota,Gammaproteobacteria,Pseudomonadales,Pseudomonadaceae,Pseudomonas,Pseudomonas_parafulva
ASV_84,Bacteria,Pseudomonadota,Gammaproteobacteria,Enterobacterales,Enterobacteriaceae,Klebsiella,Klebsiella_NA
ASV_85,Bacteria,Bacillota,Clostridia,Peptostreptococcales-Tissierellales,Peptostreptococcaceae,Paeniclostridium,Paeniclostridium_sordellii
ASV_86,Bacteria,Bacillota,Clostridia,Peptostreptococcales-Tissierellales,Peptostreptococcaceae,Paeniclostridium,Paeniclostridium_sordellii
ASV_87,Bacteria,Pseudomonadota,Gammaproteobacteria,Enterobacterales,Enterobacteriaceae,Raoultella,Raoultella_planticola
ASV_88,Bacteria,Bacillota,Negativicutes,Veillonellales-Selenomonadales,Veillonellaceae,NA,NA_NA
ASV_89,Bacteria,Bacillota,Bacilli,Lactobacillales,Vagococcaceae,Vagococcus,Vagococcus_teuberi
ASV_90,Bacteria,Bacillota,Bacilli,Staphylococcales,Staphylococcaceae,Staphylococcus,Staphylococcus_saprophyticus
ASV_91,Bacteria,Pseudomonadota,Gammaproteobacteria,Pseudomonadales,Moraxellaceae,Acinetobacter,Acinetobacter_pittii
ASV_92,Bacteria,Bacillota,Clostridia,Clostridiales,Clostridiaceae,Clostridium,Clostridium_celatum
ASV_93,Bacteria,Pseudomonadota,Gammaproteobacteria,Enterobacterales,Enterobacteriaceae,Raoultella,Raoultella_ornithinolytica
ASV_94,Bacteria,Pseudomonadota,Gammaproteobacteria,Cardiobacteriales,Wohlfahrtiimonadaceae,Wohlfahrtiimonas,Wohlfahrtiimonas_sp.
ASV_95,Bacteria,Pseudomonadota,Gammaproteobacteria,Enterobacterales,Yersiniaceae,Serratia,Serratia_marcescens
ASV_96,Bacteria,Pseudomonadota,Gammaproteobacteria,Cardiobacteriales,Wohlfahrtiimonadaceae,Wohlfahrtiimonas,Wohlfahrtiimonas_sp.
ASV_97,Bacteria,Bacillota,Bacilli,Erysipelotrichales,Erysipelotrichaceae,Holdemanella,Holdemanella_biformis
ASV_98,Bacteria,Pseudomonadota,Gammaproteobacteria,Enterobacterales,Enterobacteriaceae,Enterobacter,Enterobacter_cloacae
ASV_99,Bacteria,Bacteroidota,Bacteroidia,Bacteroidales,Prevotellaceae,Segatella,Segatella_copri
ASV_100,Bacteria,Pseudomonadota,Gammaproteobacteria,Cardiobacteriales,Wohlfahrtiimonadaceae,Wohlfahrtiimonas,Wohlfahrtiimonas_chitiniclastica
ASV_101,Bacteria,Pseudomonadota,Gammaproteobacteria,Enterobacterales,Erwiniaceae,Pantoea,Pantoea_agglomerans
ASV_102,Bacteria,Bacillota,Clostridia,Peptostreptococcales-Tissierellales,Peptostreptococcaceae,Paeniclostridium,Paeniclostridium_NA
ASV_103,Bacteria,Bacillota,Bacilli,Erysipelotrichales,Erysipelatoclostridiaceae,Catenibacterium,Catenibacterium_NA
ASV_104,Bacteria,Bacillota,Bacilli,Lactobacillales,Lactobacillaceae,Latilactobacillus,Latilactobacillus_sakei
ASV_105,Bacteria,Pseudomonadota,Gammaproteobacteria,Enterobacterales,Morganellaceae,Providencia,Providencia_stuartii
ASV_106,Bacteria,Pseudomonadota,Gammaproteobacteria,Enterobacterales,Enterobacteriaceae,Klebsiella,Klebsiella_NA
ASV_107,Bacteria,Pseudomonadota,Gammaproteobacteria,Pseudomonadales,Moraxellaceae,Acinetobacter,Acinetobacter_NA
ASV_108,Bacteria,Pseudomonadota,Gammaproteobacteria,Cardiobacteriales,Wohlfahrtiimonadaceae,Ignatzschineria,Ignatzschineria_sp.
ASV_109,Bacteria,Pseudomonadota,Gammaproteobacteria,Enterobacterales,Erwiniaceae,Pantoea,Pantoea_ananatis
ASV_110,Bacteria,Pseudomonadota,Alphaproteobacteria,Holosporales,Holosporaceae,NA,NA_NA
ASV_111,Bacteria,Pseudomonadota,Gammaproteobacteria,Enterobacterales,Orbaceae,NA,NA_NA
ASV_112,Bacteria,Pseudomonadota,Alphaproteobacteria,Rickettsiales,Mitochondria,NA,NA_NA
ASV_113,Bacteria,Bacillota,Bacilli,Lactobacillales,Streptococcaceae,Lactococcus,Lactococcus_raffinolactis
ASV_114,Bacteria,Bacillota,Clostridia,Peptostreptococcales-Tissierellales,Peptostreptococcaceae,Romboutsia,Romboutsia_sedimentorum
ASV_115,Bacteria,Pseudomonadota,Gammaproteobacteria,Enterobacterales,Morganellaceae,Proteus,Proteus_vulgaris
ASV_116,Bacteria,Bacillota,Clostridia,Clostridiales,Clostridiaceae,Clostridium,Clostridium_subterminale
ASV_117,Bacteria,Pseudomonadota,Gammaproteobacteria,Pseudomonadales,Moraxellaceae,Psychrobacter,Psychrobacter_faecalis
ASV_118,Bacteria,Pseudomonadota,Gammaproteobacteria,Pseudomonadales,Pseudomonadaceae,Oblitimonas,Oblitimonas_alkaliphila
ASV_119,Bacteria,Fusobacteriota,Fusobacteriia,Fusobacteriales,Fusobacteriaceae,Fusobacterium,Fusobacterium_ulcerans
ASV_120,Bacteria,Bacillota,Bacilli,Erysipelotrichales,Erysipelotrichaceae,Allobaculum,Allobaculum_stercoricanis
ASV_121,Bacteria,Bacillota,Negativicutes,Veillonellales-Selenomonadales,Selenomonadaceae,Quinella,Quinella_NA
ASV_122,Bacteria,Fusobacteriota,Fusobacteriia,Fusobacteriales,Fusobacteriaceae,Cetobacterium,Cetobacterium_NA
ASV_123,Bacteria,Pseudomonadota,Gammaproteobacteria,Pseudomonadales,Pseudomonadaceae,Pseudomonas,Pseudomonas_poae
ASV_124,Bacteria,Bacillota,Bacilli,Erysipelotrichales,Erysipelatoclostridiaceae,Catenibacterium,Catenibacterium_NA
ASV_125,Bacteria,Pseudomonadota,Gammaproteobacteria,Pseudomonadales,Moraxellaceae,Acinetobacter,Acinetobacter_johnsonii
ASV_126,Bacteria,Bacillota,Bacilli,Erysipelotrichales,Erysipelotrichaceae,Turicibacter,Turicibacter_sanguinis
ASV_127,Bacteria,Pseudomonadota,Gammaproteobacteria,Lysobacterales,Lysobacteraceae,Stenotrophomonas,Stenotrophomonas_maltophilia
ASV_128,Bacteria,Pseudomonadota,Alphaproteobacteria,Acetobacterales,Acetobacteraceae,Swaminathania,Swaminathania_NA
ASV_129,Eukaryota,NA,NA,NA,NA,NA,NA_NA
ASV_130,Bacteria,Bacillota,Clostridia,Clostridiales,Clostridiaceae,Clostridium,Clostridium_sp.
ASV_131,Bacteria,Bacillota,Bacilli,Lactobacillales,Enterococcaceae,Enterococcus,Enterococcus_thailandicus
ASV_132,Bacteria,Pseudomonadota,Gammaproteobacteria,Enterobacterales,Morganellaceae,Morganella,Morganella_morganii
ASV_133,Bacteria,Bacillota,Bacilli,Lactobacillales,Streptococcaceae,Lactococcus,Lactococcus_lactis
ASV_134,Bacteria,Pseudomonadota,Gammaproteobacteria,Enterobacterales,Enterobacteriaceae,Buttiauxella,Buttiauxella_sp.
ASV_135,Bacteria,Bacillota,Bacilli,Lactobacillales,Streptococcaceae,Lactococcus,Lactococcus_lactis
ASV_136,Bacteria,Bacteroidota,Bacteroidia,Bacteroidales,Dysgonomonadaceae,Dysgonomonas,Dysgonomonas_sp.
ASV_137,Bacteria,Pseudomonadota,Gammaproteobacteria,Pseudomonadales,Pseudomonadaceae,Pseudomonas,Pseudomonas_koreensis
ASV_138,Bacteria,Pseudomonadota,Gammaproteobacteria,Enterobacterales,Hafniaceae,Hafnia-Obesumbacterium,Hafnia-Obesumbacterium_alvei
ASV_139,Bacteria,Bacillota,Bacilli,Lactobacillales,Lactobacillaceae,Limosilactobacillus,Limosilactobacillus_sp.
ASV_140,Bacteria,Pseudomonadota,Gammaproteobacteria,Enterobacterales,Yersiniaceae,Serratia,Serratia_fonticola
ASV_141,Bacteria,Pseudomonadota,Gammaproteobacteria,Cardiobacteriales,Wohlfahrtiimonadaceae,Ignatzschineria,Ignatzschineria_ureiclastica
ASV_142,Bacteria,Bacillota,Bacilli,Staphylococcales,Staphylococcaceae,Staphylococcus,Staphylococcus_saprophyticus
ASV_143,Bacteria,Pseudomonadota,Gammaproteobacteria,Enterobacterales,Morganellaceae,Providencia,Providencia_alcalifaciens
ASV_144,Bacteria,Bacillota,Bacilli,Lactobacillales,Lactobacillaceae,HT002,HT002_NA
ASV_145,Bacteria,Bacillota,Negativicutes,Veillonellales-Selenomonadales,Selenomonadaceae,Megamonas,Megamonas_hypermegale
ASV_146,Bacteria,Pseudomonadota,Gammaproteobacteria,Enterobacterales,Enterobacteriaceae,Raoultella,Raoultella_planticola
ASV_147,Bacteria,Bacillota,Clostridia,Peptostreptococcales-Tissierellales,Peptostreptococcaceae,Clostridioides,Clostridioides_NA
ASV_148,Bacteria,Pseudomonadota,Gammaproteobacteria,Pseudomonadales,Pseudomonadaceae,Pseudomonas,Pseudomonas_moraniae
ASV_149,Bacteria,Pseudomonadota,Gammaproteobacteria,Enterobacterales,Morganellaceae,Providencia,Providencia_NA
ASV_150,Bacteria,Bacillota,Bacilli,Bacillales,Planococcaceae,Lysinibacillus,Lysinibacillus_NA
ASV_151,Bacteria,Bacillota,Bacilli,Lactobacillales,Vagococcaceae,Vagococcus,Vagococcus_teuberi
ASV_152,Bacteria,Pseudomonadota,Gammaproteobacteria,Enterobacterales,Yersiniaceae,Yersinia,Yersinia_pestis
ASV_153,Bacteria,Bacillota,Bacilli,Lactobacillales,Lactobacillaceae,Lactobacillus,Lactobacillus_acidophilus
ASV_154,Bacteria,Pseudomonadota,Gammaproteobacteria,Cardiobacteriales,Wohlfahrtiimonadaceae,Wohlfahrtiimonas,Wohlfahrtiimonas_populi
ASV_155,Bacteria,Bacillota,Clostridia,Oscillospirales,Butyricicoccaceae,Butyricicoccus,Butyricicoccus_sp.
ASV_156,Bacteria,Bacillota,Bacilli,Erysipelotrichales,Erysipelotrichaceae,Turicibacter,Turicibacter_sp.
ASV_157,Bacteria,Pseudomonadota,Gammaproteobacteria,Cardiobacteriales,Wohlfahrtiimonadaceae,Koukoulia,Koukoulia_aurantiaca
ASV_158,Bacteria,Bacillota,Bacilli,Lactobacillales,Streptococcaceae,Streptococcus,Streptococcus_lutetiensis
ASV_159,Bacteria,Pseudomonadota,Alphaproteobacteria,Acetobacterales,Acetobacteraceae,Commensalibacter,Commensalibacter_intestini
ASV_160,Bacteria,Bacteroidota,Bacteroidia,Bacteroidales,Dysgonomonadaceae,Dysgonomonas,Dysgonomonas_sp.
ASV_161,Bacteria,Pseudomonadota,Gammaproteobacteria,Pseudomonadales,Moraxellaceae,Acinetobacter,Acinetobacter_johnsonii
ASV_162,Bacteria,Bacillota,Clostridia,Peptostreptococcales-Tissierellales,Peptostreptococcaceae,Romboutsia,Romboutsia_sedimentorum
ASV_163,Bacteria,Pseudomonadota,Gammaproteobacteria,Burkholderiales,Comamonadaceae,Comamonas,Comamonas_NA
ASV_164,Bacteria,Bacillota,Bacilli,Lactobacillales,Lactobacillaceae,Leuconostoc,Leuconostoc_mesenteroides
ASV_165,Bacteria,Bacillota,Bacilli,Lactobacillales,Streptococcaceae,Lactococcus,Lactococcus_garvieae
ASV_166,Bacteria,Pseudomonadota,Gammaproteobacteria,Cardiobacteriales,Wohlfahrtiimonadaceae,Ignatzschineria,Ignatzschineria_ureiclastica
ASV_167,Bacteria,Bacteroidota,Bacteroidia,Flavobacteriales,Flavobacteriaceae,Myroides,Myroides_profundi
ASV_168,Bacteria,Pseudomonadota,Gammaproteobacteria,Pseudomonadales,Pseudomonadaceae,Pseudomonas,Pseudomonas_rhizosphaerae
ASV_169,Bacteria,Bacillota,Clostridia,Clostridiales,Clostridiaceae,Clostridium,Clostridium_celatum
ASV_170,Bacteria,Bacillota,Clostridia,Oscillospirales,Ruminococcaceae,NA,NA_NA
ASV_171,Bacteria,Pseudomonadota,Gammaproteobacteria,Pseudomonadales,Moraxellaceae,Acinetobacter,Acinetobacter_bohemicus
ASV_172,Bacteria,Pseudomonadota,Gammaproteobacteria,Rickettsiellales,Rickettsiellaceae,Rickettsiella,Rickettsiella_NA
ASV_173,Bacteria,Bacillota,Bacilli,Lactobacillales,Vagococcaceae,Vagococcus,Vagococcus_fluvialis
ASV_174,Bacteria,Bacillota,Bacilli,Lactobacillales,Streptococcaceae,Lactococcus,Lactococcus_raffinolactis
ASV_175,Bacteria,Bacillota,Bacilli,Lactobacillales,Catellicoccaceae,Catellicoccus,Catellicoccus_NA
ASV_176,Bacteria,Bacteroidota,Bacteroidia,Bacteroidales,Dysgonomonadaceae,Dysgonomonas,Dysgonomonas_NA
ASV_177,Bacteria,Bacteroidota,Bacteroidia,Bacteroidales,Bacteroidaceae,Bacteroides,Bacteroides_vulgatus
ASV_178,Bacteria,Bacteroidota,Bacteroidia,Bacteroidales,p-2534-18B5 gut group,NA,NA_NA
ASV_179,Bacteria,Bacteroidota,Bacteroidia,Bacteroidales,Dysgonomonadaceae,Dysgonomonas,Dysgonomonas_sp.
ASV_180,Bacteria,Campylobacterota,Campylobacteria,Campylobacterales,Helicobacteraceae,Helicobacter,Helicobacter_canis
ASV_181,Bacteria,Bacillota,Bacilli,Erysipelotrichales,Erysipelotrichaceae,Turicibacter,Turicibacter_sp.
ASV_182,Bacteria,Bacillota,Clostridia,Lachnospirales,Lachnospiraceae,Tyzzerella,Tyzzerella_NA
ASV_183,Bacteria,Bacteroidota,Bacteroidia,Flavobacteriales,Weeksellaceae,Chishuiella,Chishuiella_NA
ASV_184,Bacteria,Bacillota,Clostridia,Peptostreptococcales-Tissierellales,Peptostreptococcaceae,Peptoclostridium,Peptoclostridium_hiranonis
ASV_185,Bacteria,Bacillota,Bacilli,Lactobacillales,Lactobacillaceae,Ligilactobacillus,Ligilactobacillus_sp.
ASV_186,Bacteria,Bacillota,Clostridia,Clostridiales,Clostridiaceae,Clostridium,Clostridium_NA
ASV_187,Bacteria,Pseudomonadota,Gammaproteobacteria,Enterobacterales,Enterobacteriaceae,Klebsiella,Klebsiella_michiganensis
ASV_188,Bacteria,Pseudomonadota,Gammaproteobacteria,Enterobacterales,Yersiniaceae,Serratia,Serratia_fonticola
ASV_189,Bacteria,Pseudomonadota,Gammaproteobacteria,Pseudomonadales,Moraxellaceae,Acinetobacter,Acinetobacter_NA
ASV_190,Bacteria,Pseudomonadota,Gammaproteobacteria,Enterobacterales,Orbaceae,Orbus,Orbus_NA
ASV_191,Bacteria,Pseudomonadota,Gammaproteobacteria,Cardiobacteriales,Wohlfahrtiimonadaceae,Koukoulia,Koukoulia_aurantiaca
ASV_192,Bacteria,Bacteroidota,Bacteroidia,Bacteroidales,Dysgonomonadaceae,Dysgonomonas,Dysgonomonas_NA
ASV_193,Bacteria,Bacillota,Bacilli,Lactobacillales,Enterococcaceae,Enterococcus,Enterococcus_thailandicus
ASV_194,Bacteria,Bacteroidota,Bacteroidia,Bacteroidales,Bacteroidaceae,Bacteroides,Bacteroides_NA
ASV_195,Bacteria,Actinomycetota,Actinobacteria,Bifidobacteriales,Bifidobacteriaceae,Bifidobacterium,Bifidobacterium_adolescentis
ASV_196,Bacteria,Cyanobacteriota,Cyanobacteriia,Chloroplast,NA,NA,NA_NA
ASV_197,Bacteria,Bacillota,Bacilli,Lactobacillales,Enterococcaceae,Enterococcus,Enterococcus_thailandicus
ASV_198,Bacteria,Bacteroidota,Bacteroidia,Bacteroidales,Dysgonomonadaceae,Dysgonomonas,Dysgonomonas_NA
ASV_199,Bacteria,Bacillota,Bacilli,Staphylococcales,Staphylococcaceae,Staphylococcus,Staphylococcus_aureus
ASV_200,Bacteria,Actinomycetota,Coriobacteriia,Coriobacteriales,Coriobacteriaceae,Collinsella,Collinsella_stercoris
ASV_201,Bacteria,Bacillota,Bacilli,Lactobacillales,Lactobacillaceae,Companilactobacillus,Companilactobacillus_ginsenosidimutans
ASV_202,Bacteria,Pseudomonadota,Gammaproteobacteria,Burkholderiales,NA,NA,NA_NA
ASV_203,Bacteria,Pseudomonadota,Gammaproteobacteria,Pseudomonadales,Moraxellaceae,Psychrobacter,Psychrobacter_nivimaris
ASV_204,Bacteria,Pseudomonadota,Gammaproteobacteria,Enterobacterales,Succinivibrionaceae,Anaerobiospirillum,Anaerobiospirillum_NA
ASV_205,Bacteria,Pseudomonadota,Gammaproteobacteria,Pseudomonadales,Moraxellaceae,Acinetobacter,Acinetobacter_haemolyticus
ASV_206,Bacteria,Pseudomonadota,Alphaproteobacteria,Sphingomonadales,Sphingomonadaceae,Sphingomonas,Sphingomonas_faeni
ASV_207,Bacteria,Thermodesulfobacteriota,Desulfovibrionia,Desulfovibrionales,Desulfovibrionaceae,NA,NA_NA
ASV_208,Bacteria,Pseudomonadota,Gammaproteobacteria,Cardiobacteriales,Wohlfahrtiimonadaceae,Ignatzschineria,Ignatzschineria_indica
ASV_209,Bacteria,Pseudomonadota,Alphaproteobacteria,Rickettsiales,Anaplasmataceae,Wolbachia,Wolbachia_NA
ASV_210,Bacteria,Thermodesulfobacteriota,Desulfovibrionia,Desulfovibrionales,Desulfovibrionaceae,NA,NA_NA
ASV_211,Bacteria,Bacillota,Clostridia,Peptostreptococcales-Tissierellales,Peptostreptococcaceae,Paeniclostridium,Paeniclostridium_sordellii
ASV_212,Bacteria,Bacteroidota,Bacteroidia,Bacteroidales,Dysgonomonadaceae,Dysgonomonas,Dysgonomonas_sp.
ASV_213,Bacteria,Pseudomonadota,Gammaproteobacteria,Burkholderiales,Neisseriaceae,Conchiformibius,Conchiformibius_NA
ASV_214,Bacteria,Bacillota,Bacilli,Lactobacillales,Streptococcaceae,Streptococcus,Streptococcus_lutetiensis
ASV_215,Bacteria,Bacillota,Clostridia,Peptostreptococcales-Tissierellales,Family XI,NA,NA_NA
ASV_216,Bacteria,Bacillota,Clostridia,Clostridiales,Clostridiaceae,Clostridium,Clostridium_perfringens
ASV_217,Bacteria,Pseudomonadota,Alphaproteobacteria,Rickettsiales,Mitochondria,NA,NA_NA
ASV_218,Bacteria,Pseudomonadota,Gammaproteobacteria,Burkholderiales,Paraburkholderia,Paraburkholderia,Paraburkholderia_sp.
ASV_219,Bacteria,Pseudomonadota,Gammaproteobacteria,Rickettsiellales,Rickettsiellaceae,Rickettsiella,Rickettsiella_NA
ASV_220,Bacteria,Pseudomonadota,Alphaproteobacteria,Rickettsiales,Rickettsiaceae,Ac37b,Ac37b_NA
ASV_221,Bacteria,Cyanobacteriota,Cyanobacteriia,Chloroplast,NA,NA,NA_NA
ASV_222,Bacteria,Bacillota,Clostridia,Peptostreptococcales-Tissierellales,Peptostreptococcaceae,NA,NA_NA
ASV_223,Bacteria,Actinomycetota,Coriobacteriia,Coriobacteriales,Atopobiaceae,Olsenella,Olsenella_NA
ASV_224,Bacteria,Pseudomonadota,Gammaproteobacteria,Rickettsiellales,Rickettsiellaceae,Rickettsiella,Rickettsiella_NA
ASV_225,Bacteria,Pseudomonadota,Gammaproteobacteria,Pseudomonadales,Moraxellaceae,Acinetobacter,Acinetobacter_bouvetii
ASV_226,Bacteria,Pseudomonadota,Gammaproteobacteria,Cardiobacteriales,Wohlfahrtiimonadaceae,Wohlfahrtiimonas,Wohlfahrtiimonas_sp.
ASV_227,Bacteria,Bacteroidota,Bacteroidia,Bacteroidales,p-2534-18B5 gut group,NA,NA_NA
ASV_228,Bacteria,Actinomycetota,Actinobacteria,Bifidobacteriales,Bifidobacteriaceae,Bifidobacterium,Bifidobacterium_adolescentis
ASV_229,Bacteria,Pseudomonadota,Gammaproteobacteria,Pseudomonadales,Halomonadaceae,Zymobacter,Zymobacter_palmae
ASV_230,Bacteria,Actinomycetota,Actinobacteria,Bifidobacteriales,Bifidobacteriaceae,Bifidobacterium,Bifidobacterium_breve
ASV_231,Bacteria,Bacillota,Clostridia,Peptostreptococcales-Tissierellales,Peptostreptococcaceae,Terrisporobacter,Terrisporobacter_NA
ASV_232,Bacteria,Pseudomonadota,Gammaproteobacteria,Cardiobacteriales,Wohlfahrtiimonadaceae,Wohlfahrtiimonas,Wohlfahrtiimonas_sp.
ASV_233,Bacteria,Cyanobacteriota,Cyanobacteriia,Chloroplast,NA,NA,NA_NA
ASV_234,Bacteria,Pseudomonadota,Gammaproteobacteria,Pseudomonadales,Pseudomonadaceae,Pseudomonas,Pseudomonas_moraniae
ASV_235,Bacteria,Pseudomonadota,Gammaproteobacteria,Cardiobacteriales,Wohlfahrtiimonadaceae,Ignatzschineria,Ignatzschineria_sp.
ASV_236,Bacteria,Pseudomonadota,Gammaproteobacteria,Cardiobacteriales,Wohlfahrtiimonadaceae,Ignatzschineria,Ignatzschineria_sp.
ASV_237,Eukaryota,NA,NA,NA,NA,NA,NA_NA
ASV_238,Bacteria,NA,NA,NA,NA,NA,NA_NA
ASV_239,Bacteria,Bacillota,Clostridia,Peptostreptococcales-Tissierellales,Peptostreptococcaceae,Clostridioides,Clostridioides_NA
ASV_240,Bacteria,Bacteroidota,Bacteroidia,Bacteroidales,Bacteroidaceae,Bacteroides,Bacteroides_barnesiae
ASV_241,Bacteria,Bacteroidota,Bacteroidia,Flavobacteriales,Weeksellaceae,NA,NA_NA
ASV_242,Bacteria,Bacillota,Clostridia,Peptostreptococcales-Tissierellales,Peptostreptococcaceae,Paraclostridium,Paraclostridium_bifermentans
ASV_243,Bacteria,Pseudomonadota,Gammaproteobacteria,Pseudomonadales,Moraxellaceae,Enhydrobacter,Enhydrobacter_Moraxella_sp.
ASV_244,Bacteria,Bacillota,Clostridia,Clostridiales,Clostridiaceae,Clostridium,Clostridium_celatum
ASV_245,Bacteria,Cyanobacteriota,Cyanobacteriia,Chloroplast,NA,NA,NA_NA
ASV_246,Bacteria,Cyanobacteriota,Cyanobacteriia,Chloroplast,NA,NA,NA_NA
ASV_247,Bacteria,Actinomycetota,Actinobacteria,Bifidobacteriales,Bifidobacteriaceae,Bifidobacterium,Bifidobacterium_catenulatum
ASV_248,Bacteria,Bacteroidota,Bacteroidia,Bacteroidales,Bacteroidaceae,Bacteroides,Bacteroides_coprocola
ASV_249,Bacteria,Pseudomonadota,Gammaproteobacteria,Cardiobacteriales,Wohlfahrtiimonadaceae,Ignatzschineria,Ignatzschineria_sp.
ASV_250,Bacteria,Pseudomonadota,Gammaproteobacteria,Enterobacterales,Orbaceae,NA,NA_NA
ASV_251,Eukaryota,NA,NA,NA,NA,NA,NA_NA
ASV_252,Bacteria,Bacillota,Clostridia,Oscillospirales,Ruminococcaceae,Faecalibacterium,Faecalibacterium_NA
ASV_253,Bacteria,Bacillota,Bacilli,Lactobacillales,Lactobacillaceae,Lactobacillus,Lactobacillus_johnsonii
ASV_254,Bacteria,Verrucomicrobiota,Kiritimatiellia,WCHB1-41,NA,NA,NA_NA
ASV_255,Bacteria,Bacillota,Bacilli,Staphylococcales,Staphylococcaceae,Staphylococcus,Staphylococcus_aureus
ASV_256,Bacteria,Pseudomonadota,Gammaproteobacteria,Enterobacterales,Morganellaceae,Providencia,Providencia_NA
ASV_257,Bacteria,Pseudomonadota,Gammaproteobacteria,Pseudomonadales,Pseudomonadaceae,Pseudomonas,Pseudomonas_chlororaphis
ASV_258,Bacteria,Bacteroidota,Bacteroidia,Bacteroidales,Prevotellaceae,Segatella,Segatella_copri
ASV_259,Bacteria,Pseudomonadota,Gammaproteobacteria,Cardiobacteriales,Wohlfahrtiimonadaceae,Koukoulia,Koukoulia_aurantiaca
ASV_260,Bacteria,Pseudomonadota,Gammaproteobacteria,Enterobacterales,Hafniaceae,Hafnia-Obesumbacterium,Hafnia-Obesumbacterium_alvei
ASV_261,Bacteria,Bacteroidota,Bacteroidia,Bacteroidales,Dysgonomonadaceae,Dysgonomonas,Dysgonomonas_NA
ASV_262,Bacteria,Bacillota,Bacilli,Erysipelotrichales,Erysipelatoclostridiaceae,Catenibacterium,Catenibacterium_NA
ASV_263,Bacteria,Pseudomonadota,Gammaproteobacteria,Enterobacterales,Morganellaceae,Proteus,Proteus_vulgaris
ASV_264,Bacteria,Bacillota,Bacilli,Lactobacillales,Lactobacillaceae,Lactobacillus,Lactobacillus_intestinalis
ASV_265,Bacteria,Bacillota,Clostridia,Oscillospirales,Ruminococcaceae,Faecalibacterium,Faecalibacterium_prausnitzii
ASV_266,Bacteria,Bacillota,Bacilli,Lactobacillales,Lactobacillaceae,HT002,HT002_NA
ASV_267,Bacteria,Fusobacteriota,Fusobacteriia,Fusobacteriales,Fusobacteriaceae,Fusobacterium,Fusobacterium_mortiferum
ASV_268,Bacteria,Bacillota,Bacilli,Mycoplasmatales,Mycoplasmataceae,Ureaplasma,Ureaplasma_NA
ASV_269,Bacteria,Pseudomonadota,Gammaproteobacteria,Burkholderiales,Comamonadaceae,Delftia,Delftia_tsuruhatensis
ASV_270,Bacteria,Cyanobacteriota,Cyanobacteriia,Chloroplast,NA,NA,NA_NA
ASV_271,Bacteria,Pseudomonadota,Gammaproteobacteria,Enterobacterales,Morganellaceae,Providencia,Providencia_stuartii
ASV_272,Bacteria,Bacillota,Bacilli,Erysipelotrichales,Erysipelotrichaceae,Solobacterium,Solobacterium_NA
ASV_273,Bacteria,Pseudomonadota,Gammaproteobacteria,Enterobacterales,Morganellaceae,Proteus,Proteus_mirabilis
ASV_274,Bacteria,Bacillota,Clostridia,Oscillospirales,Ruminococcaceae,Ruminococcus,Ruminococcus_NA
ASV_275,Bacteria,Pseudomonadota,Alphaproteobacteria,Rickettsiales,Mitochondria,NA,NA_NA
ASV_276,Bacteria,Bacillota,Clostridia,Peptostreptococcales-Tissierellales,Peptostreptococcaceae,Paeniclostridium,Paeniclostridium_NA
ASV_277,Bacteria,Bacteroidota,Bacteroidia,Bacteroidales,Dysgonomonadaceae,Dysgonomonas,Dysgonomonas_NA
ASV_278,Bacteria,Bacillota,Clostridia,Oscillospirales,Ruminococcaceae,Gemmiger,Gemmiger_NA
ASV_279,Bacteria,Bacteroidota,Bacteroidia,Bacteroidales,Bacteroidaceae,Bacteroides,Bacteroides_NA
ASV_280,Bacteria,Bacillota,Clostridia,Clostridiales,Clostridiaceae,Sarcina,Sarcina_NA
ASV_281,Bacteria,Pseudomonadota,Alphaproteobacteria,Rickettsiales,Mitochondria,NA,NA_NA
ASV_282,Bacteria,Bacillota,Clostridia,Oscillospirales,Oscillospiraceae,UCG-005,UCG-005_NA
ASV_283,Bacteria,Bacillota,Negativicutes,Veillonellales-Selenomonadales,Veillonellaceae,Megasphaera,Megasphaera_elsdenii
ASV_284,Bacteria,Pseudomonadota,Gammaproteobacteria,Pseudomonadales,Moraxellaceae,Acinetobacter,Acinetobacter_chinensis
ASV_285,Bacteria,Bacillota,Negativicutes,Veillonellales-Selenomonadales,Selenomonadaceae,Megamonas,Megamonas_hypermegale
ASV_286,Bacteria,Pseudomonadota,Alphaproteobacteria,Rickettsiales,Mitochondria,NA,NA_NA
ASV_287,Bacteria,Bacillota,Bacilli,Erysipelotrichales,Erysipelotrichaceae,Turicibacter,Turicibacter_sanguinis
ASV_288,Bacteria,Actinomycetota,Coriobacteriia,Coriobacteriales,Coriobacteriaceae,Collinsella,Collinsella_stercoris
ASV_289,Bacteria,Bacillota,Clostridia,Oscillospirales,[Eubacterium] coprostanoligenes group,NA,NA_NA
ASV_290,Bacteria,Bacteroidota,Bacteroidia,Flavobacteriales,Weeksellaceae,Chishuiella,Chishuiella_changwenlii
ASV_291,Bacteria,Actinomycetota,Coriobacteriia,Coriobacteriales,Coriobacteriaceae,Collinsella,Collinsella_stercoris
ASV_292,Bacteria,Bacillota,Bacilli,Lactobacillales,Vagococcaceae,Vagococcus,Vagococcus_fluvialis
ASV_293,Bacteria,Pseudomonadota,Gammaproteobacteria,Burkholderiales,Alcaligenaceae,Paenalcaligenes,Paenalcaligenes_NA
ASV_294,Bacteria,Bacillota,Bacilli,Lactobacillales,Lactobacillaceae,Lactobacillus,Lactobacillus_gallinarum
ASV_295,Bacteria,Bacteroidota,Bacteroidia,Bacteroidales,F082,NA,NA_NA
ASV_296,Bacteria,Pseudomonadota,Gammaproteobacteria,Enterobacterales,Morganellaceae,Morganella,Morganella_morganii
ASV_297,Bacteria,Bacteroidota,Bacteroidia,Bacteroidales,Prevotellaceae,Segatella,Segatella_NA
ASV_298,Bacteria,Thermodesulfobacteriota,Desulfovibrionia,Desulfovibrionales,Desulfovibrionaceae,Desulfovibrio,Desulfovibrio_piger
ASV_299,Bacteria,Bacillota,Bacilli,Lactobacillales,Lactobacillaceae,Secundilactobacillus,Secundilactobacillus_mixtipabuli
ASV_300,Bacteria,Bacillota,Bacilli,Erysipelotrichales,Erysipelotrichaceae,Solobacterium,Solobacterium_NA
ASV_301,Bacteria,Campylobacterota,Campylobacteria,Campylobacterales,Campylobacteraceae,Campylobacter,Campylobacter_helveticus
ASV_302,Bacteria,Bacillota,Clostridia,Lachnospirales,Lachnospiraceae,Blautia,Blautia_obeum
ASV_303,Bacteria,Actinomycetota,Coriobacteriia,Coriobacteriales,Coriobacteriaceae,Collinsella,Collinsella_aerofaciens
ASV_304,Bacteria,Pseudomonadota,Alphaproteobacteria,Sphingomonadales,Sphingomonadaceae,Sphingomonas,Sphingomonas_melonis
ASV_305,Bacteria,Actinomycetota,Actinobacteria,Mycobacteriales,Nocardiaceae,Rhodococcus,Rhodococcus_erythropolis
ASV_306,Bacteria,Bacteroidota,Bacteroidia,Flavobacteriales,Weeksellaceae,Chishuiella,Chishuiella_changwenlii
ASV_307,Bacteria,Bacillota,Bacilli,Erysipelotrichales,Erysipelotrichaceae,Turicibacter,Turicibacter_sanguinis
ASV_308,Bacteria,Bacillota,Negativicutes,Veillonellales-Selenomonadales,Selenomonadaceae,Megamonas,Megamonas_funiformis
ASV_309,Bacteria,Bacteroidota,Bacteroidia,Bacteroidales,Bacteroidaceae,Bacteroides,Bacteroides_coprosuis
ASV_310,Bacteria,Bacillota,Bacilli,Lactobacillales,Lactobacillaceae,Ligilactobacillus,Ligilactobacillus_murinus
ASV_311,Bacteria,Pseudomonadota,Gammaproteobacteria,Enterobacterales,Yersiniaceae,Serratia,Serratia_fonticola
ASV_312,Bacteria,Pseudomonadota,Gammaproteobacteria,Cardiobacteriales,Cardiobacteriaceae,Suttonella,Suttonella_NA
ASV_313,Bacteria,Bacillota,Clostridia,Peptostreptococcales-Tissierellales,Peptostreptococcaceae,Romboutsia,Romboutsia_ilealis
ASV_314,Bacteria,Pseudomonadota,Gammaproteobacteria,Enterobacterales,Enterobacteriaceae,Buttiauxella,Buttiauxella_sp.
ASV_315,Bacteria,Bacteroidota,Bacteroidia,Bacteroidales,Dysgonomonadaceae,Dysgonomonas,Dysgonomonas_sp.
ASV_316,Bacteria,Bacillota,Clostridia,Clostridiales,Clostridiaceae,Clostridium,Clostridium_algidicarnis
ASV_317,Bacteria,Bacteroidota,Bacteroidia,Bacteroidales,p-2534-18B5 gut group,NA,NA_NA
ASV_318,Bacteria,Bacillota,Bacilli,Erysipelotrichales,Erysipelotrichaceae,Turicibacter,Turicibacter_sp.
ASV_319,Bacteria,Pseudomonadota,Alphaproteobacteria,Rickettsiales,Mitochondria,NA,NA_NA
ASV_320,Bacteria,Bacteroidota,Bacteroidia,Flavobacteriales,Weeksellaceae,Chryseobacterium,Chryseobacterium_NA
ASV_321,Bacteria,Bacteroidota,Bacteroidia,Bacteroidales,Prevotellaceae,Prevotellamassilia,Prevotellamassilia_sp.
ASV_322,Bacteria,Bacillota,Clostridia,Peptostreptococcales-Tissierellales,Family XI,NA,NA_NA
ASV_323,Bacteria,Bacillota,Clostridia,Clostridiales,Clostridiaceae,Clostridium,Clostridium_butyricum
ASV_324,Bacteria,Bacillota,Bacilli,Lactobacillales,Vagococcaceae,Vagococcus,Vagococcus_teuberi
ASV_325,Bacteria,Pseudomonadota,Gammaproteobacteria,Pseudomonadales,Pseudomonadaceae,Oblitimonas,Oblitimonas_alkaliphila
ASV_326,Bacteria,Actinomycetota,Coriobacteriia,Coriobacteriales,Coriobacteriaceae,Collinsella,Collinsella_NA
ASV_327,Bacteria,Pseudomonadota,Gammaproteobacteria,Pseudomonadales,Moraxellaceae,Acinetobacter,Acinetobacter_pittii
ASV_328,Bacteria,Pseudomonadota,Gammaproteobacteria,Pseudomonadales,Moraxellaceae,Acinetobacter,Acinetobacter_NA
ASV_329,Bacteria,Pseudomonadota,Gammaproteobacteria,Enterobacterales,Enterobacteriaceae,Escherichia-Shigella,Escherichia-Shigella_coli
ASV_330,Bacteria,Pseudomonadota,Gammaproteobacteria,Pseudomonadales,Pseudomonadaceae,Pseudomonas,Pseudomonas_moraniae
ASV_331,Bacteria,Pseudomonadota,Gammaproteobacteria,Pseudomonadales,Moraxellaceae,Acinetobacter,Acinetobacter_johnsonii
ASV_332,Bacteria,Bacillota,Bacilli,Lactobacillales,Vagococcaceae,Vagococcus,Vagococcus_teuberi
ASV_333,Bacteria,Bacteroidota,Bacteroidia,Flavobacteriales,Weeksellaceae,Chishuiella,Chishuiella_NA
ASV_334,Bacteria,Actinomycetota,Actinobacteria,Micrococcales,Micrococcaceae,Glutamicibacter,Glutamicibacter_arilaitensis
ASV_335,Bacteria,Bacillota,Bacilli,RF39,NA,NA,NA_NA
ASV_336,Bacteria,Pseudomonadota,Gammaproteobacteria,Pseudomonadales,Moraxellaceae,Acinetobacter,Acinetobacter_bereziniae
ASV_337,Bacteria,Bacillota,Bacilli,Lactobacillales,Enterococcaceae,Enterococcus,Enterococcus_asini
ASV_338,Bacteria,Bacillota,Bacilli,Bacillales,Planococcaceae,Lysinibacillus,Lysinibacillus_NA
ASV_339,Bacteria,Bacillota,Bacilli,Lactobacillales,Vagococcaceae,Vagococcus,Vagococcus_teuberi
ASV_340,Bacteria,Pseudomonadota,Gammaproteobacteria,Pseudomonadales,Pseudomonadaceae,Pseudomonas,Pseudomonas_caeni
ASV_341,Bacteria,Pseudomonadota,Gammaproteobacteria,Pseudomonadales,Halomonadaceae,Zymobacter,Zymobacter_palmae
ASV_342,Bacteria,NA,NA,NA,NA,NA,NA_NA
ASV_343,Bacteria,Pseudomonadota,Gammaproteobacteria,Pseudomonadales,Moraxellaceae,Acinetobacter,Acinetobacter_NA
ASV_344,Bacteria,Bacillota,Bacilli,Lactobacillales,Vagococcaceae,Vagococcus,Vagococcus_jeotgali
ASV_345,Bacteria,Bacillota,Clostridia,Clostridiales,Clostridiaceae,Clostridium,Clostridium_perfringens
ASV_346,Bacteria,Pseudomonadota,Gammaproteobacteria,Enterobacterales,Orbaceae,NA,NA_NA
ASV_347,Bacteria,Cyanobacteriota,Cyanobacteriia,Chloroplast,NA,NA,NA_NA
ASV_348,Bacteria,Chlamydiota,Chlamydiia,Chlamydiales,Simkaniaceae,Candidatus Rhabdochlamydia,Candidatus_Rhabdochlamydia_porcellionis
ASV_349,Bacteria,Bacteroidota,Bacteroidia,Bacteroidales,Prevotellaceae,Alloprevotella,Alloprevotella_sp.
ASV_350,Bacteria,Bacillota,Clostridia,Peptostreptococcales-Tissierellales,Peptostreptococcaceae,NA,NA_NA
ASV_351,Bacteria,Bacillota,Clostridia,Oscillospirales,Ruminococcaceae,NA,NA_NA
ASV_352,Bacteria,Bacteroidota,Bacteroidia,Bacteroidales,Rikenellaceae,Rikenellaceae RC9 gut group,Rikenellaceae_RC9_gut_group_NA
ASV_353,Bacteria,Bacillota,Clostridia,Oscillospirales,Oscillospiraceae,UCG-005,UCG-005_NA
ASV_354,Bacteria,Pseudomonadota,Gammaproteobacteria,Enterobacterales,Enterobacteriaceae,Raoultella,Raoultella_planticola
ASV_355,Bacteria,Pseudomonadota,Gammaproteobacteria,Lysobacterales,Lysobacteraceae,Stenotrophomonas,Stenotrophomonas_maltophilia
ASV_356,Bacteria,Bacillota,Bacilli,Lactobacillales,Vagococcaceae,Vagococcus,Vagococcus_teuberi
ASV_357,Bacteria,Pseudomonadota,Gammaproteobacteria,Enterobacterales,Orbaceae,Zophobihabitans,Zophobihabitans_NA
ASV_358,Bacteria,Pseudomonadota,Gammaproteobacteria,Pseudomonadales,Pseudomonadaceae,Pseudomonas,Pseudomonas_viridiflava
ASV_359,Bacteria,Bacteroidota,Bacteroidia,Bacteroidales,Dysgonomonadaceae,Dysgonomonas,Dysgonomonas_NA
ASV_360,Bacteria,Cyanobacteriota,Cyanobacteriia,Chloroplast,NA,NA,NA_NA
ASV_361,Bacteria,Pseudomonadota,Gammaproteobacteria,Enterobacterales,Yersiniaceae,Serratia,Serratia_symbiotica
ASV_362,Bacteria,Bacillota,Negativicutes,Veillonellales-Selenomonadales,Veillonellaceae,NA,NA_NA
ASV_363,Bacteria,Pseudomonadota,Gammaproteobacteria,Burkholderiales,Neisseriaceae,Conchiformibius,Conchiformibius_NA
ASV_364,Bacteria,Bacteroidota,Bacteroidia,Flavobacteriales,Flavobacteriaceae,Myroides,Myroides_phaeus
ASV_365,Bacteria,Pseudomonadota,Gammaproteobacteria,Pseudomonadales,Moraxellaceae,Alkanindiges,Alkanindiges_NA
ASV_366,Bacteria,Actinomycetota,Thermoleophilia,Solirubrobacterales,Solirubrobacteraceae,NA,NA_NA
ASV_367,Bacteria,Cyanobacteriota,Cyanobacteriia,Chloroplast,NA,NA,NA_NA
ASV_368,Bacteria,Bacillota,Bacilli,Lactobacillales,Lactobacillaceae,Ligilactobacillus,Ligilactobacillus_sp.
ASV_369,Bacteria,Pseudomonadota,Gammaproteobacteria,Cardiobacteriales,Wohlfahrtiimonadaceae,Wohlfahrtiimonas,Wohlfahrtiimonas_sp.
ASV_370,Bacteria,Campylobacterota,Campylobacteria,Campylobacterales,Campylobacteraceae,Campylobacter,Campylobacter_jejuni
ASV_371,Bacteria,Bacillota,Clostridia,Clostridiales,Clostridiaceae,Clostridium,Clostridium_tarantellae
ASV_372,Bacteria,Bacillota,Negativicutes,Veillonellales-Selenomonadales,Veillonellaceae,Megasphaera,Megasphaera_elsdenii
ASV_373,Bacteria,Bacteroidota,Bacteroidia,Bacteroidales,Dysgonomonadaceae,Dysgonomonas,Dysgonomonas_NA
ASV_374,Bacteria,Pseudomonadota,Gammaproteobacteria,Pseudomonadales,Pseudomonadaceae,Pseudomonas,Pseudomonas_NA
ASV_375,Bacteria,Pseudomonadota,Gammaproteobacteria,Pseudomonadales,Pseudomonadaceae,Pseudomonas,Pseudomonas_fragi
ASV_376,Bacteria,Bacillota,Clostridia,Oscillospirales,Oscillospiraceae,NK4A214 group,NK4A214_group_NA
ASV_377,Bacteria,Bacillota,Bacilli,Lactobacillales,Lactobacillaceae,Limosilactobacillus,Limosilactobacillus_mucosae
ASV_378,Bacteria,Pseudomonadota,Gammaproteobacteria,Cardiobacteriales,Wohlfahrtiimonadaceae,Ignatzschineria,Ignatzschineria_ureiclastica
ASV_379,Bacteria,Bacillota,Clostridia,Lachnospirales,Lachnospiraceae,Blautia,Blautia_hansenii
ASV_380,Bacteria,Bacteroidota,Bacteroidia,Flavobacteriales,Flavobacteriaceae,Myroides,Myroides_odoratus
ASV_381,Bacteria,Pseudomonadota,Gammaproteobacteria,Enterobacterales,Yersiniaceae,Serratia,Serratia_marcescens
ASV_382,Bacteria,Pseudomonadota,Gammaproteobacteria,Rickettsiellales,Rickettsiellaceae,Rickettsiella,Rickettsiella_NA
ASV_383,Bacteria,Bacillota,Bacilli,Lactobacillales,Lactobacillaceae,Liquorilactobacillus,Liquorilactobacillus_uvarum
ASV_384,Bacteria,Bacillota,Bacilli,Lactobacillales,Lactobacillaceae,Ligilactobacillus,Ligilactobacillus_NA
ASV_385,Bacteria,Fusobacteriota,Fusobacteriia,Fusobacteriales,Fusobacteriaceae,Fusobacterium,Fusobacterium_NA
ASV_386,Bacteria,Bacteroidota,Bacteroidia,Flavobacteriales,Flavobacteriaceae,Myroides,Myroides_phaeus
ASV_387,Bacteria,Bacteroidota,Bacteroidia,Bacteroidales,Prevotellaceae,Prevotella,Prevotella_NA
ASV_388,Bacteria,Bacillota,Bacilli,Bacillales,Planococcaceae,Kurthia,Kurthia_gibsonii
ASV_389,Bacteria,Bacteroidota,Bacteroidia,Bacteroidales,Dysgonomonadaceae,Dysgonomonas,Dysgonomonas_NA
ASV_390,Bacteria,Actinomycetota,Coriobacteriia,Coriobacteriales,Atopobiaceae,Olsenella,Olsenella_NA
ASV_391,Bacteria,Bacteroidota,Bacteroidia,Bacteroidales,Dysgonomonadaceae,Dysgonomonas,Dysgonomonas_NA
ASV_392,Bacteria,Bacillota,Bacilli,Lactobacillales,Lactobacillaceae,Pediococcus,Pediococcus_acidilactici
ASV_393,Bacteria,Pseudomonadota,Gammaproteobacteria,Pseudomonadales,Moraxellaceae,Acinetobacter,Acinetobacter_sp.
ASV_394,Bacteria,Bacteroidota,Bacteroidia,Flavobacteriales,Flavobacteriaceae,Myroides,Myroides_phaeus
ASV_395,Bacteria,Pseudomonadota,Gammaproteobacteria,Enterobacterales,Orbaceae,NA,NA_NA
ASV_396,Bacteria,Bacteroidota,Bacteroidia,Bacteroidales,F082,NA,NA_NA
ASV_397,Bacteria,Bacteroidota,Bacteroidia,Flavobacteriales,Flavobacteriaceae,Myroides,Myroides_NA
ASV_398,Bacteria,Bacillota,Negativicutes,Veillonellales-Selenomonadales,Selenomonadaceae,Megamonas,Megamonas_funiformis
ASV_399,Bacteria,Pseudomonadota,Gammaproteobacteria,Cardiobacteriales,Wohlfahrtiimonadaceae,Ignatzschineria,Ignatzschineria_ureiclastica
ASV_400,Bacteria,Pseudomonadota,Gammaproteobacteria,Enterobacterales,Yersiniaceae,Yersinia,Yersinia_pestis
ASV_401,Bacteria,Bacteroidota,Bacteroidia,Bacteroidales,Dysgonomonadaceae,Dysgonomonas,Dysgonomonas_NA
ASV_402,Bacteria,Pseudomonadota,Alphaproteobacteria,Acetobacterales,Acetobacteraceae,Gluconobacter,Gluconobacter_japonicus
ASV_403,Bacteria,Actinomycetota,Coriobacteriia,Coriobacteriales,Coriobacteriaceae,Enorma,Enorma_NA
ASV_404,Bacteria,Pseudomonadota,Alphaproteobacteria,Caulobacterales,Caulobacteraceae,Brevundimonas,Brevundimonas_diminuta
ASV_405,Bacteria,Bacillota,Clostridia,NA,NA,NA,NA_NA
ASV_406,Bacteria,Bacillota,Clostridia,Oscillospirales,[Eubacterium] coprostanoligenes group,NA,NA_NA
ASV_407,Bacteria,Pseudomonadota,Gammaproteobacteria,Enterobacterales,Erwiniaceae,Pantoea,Pantoea_ananatis
ASV_408,Bacteria,Pseudomonadota,Gammaproteobacteria,Enterobacterales,Aeromonadaceae,Aeromonas,Aeromonas_salmonicida
ASV_409,Bacteria,Bacillota,Bacilli,Lactobacillales,Enterococcaceae,Enterococcus,Enterococcus_thailandicus
ASV_410,Bacteria,Campylobacterota,Campylobacteria,Campylobacterales,Campylobacteraceae,Campylobacter,Campylobacter_jejuni
ASV_411,Bacteria,Bacillota,Clostridia,Oscillospirales,Ruminococcaceae,Faecalibacterium,Faecalibacterium_prausnitzii
ASV_412,Bacteria,Bacillota,Bacilli,Erysipelotrichales,Erysipelotrichaceae,Erysipelothrix,Erysipelothrix_rhusiopathiae
ASV_413,Bacteria,Bacteroidota,Bacteroidia,Bacteroidales,Bacteroidaceae,Bacteroides,Bacteroides_plebeius
ASV_414,Bacteria,Pseudomonadota,Gammaproteobacteria,Enterobacterales,Morganellaceae,Morganella,Morganella_NA
ASV_415,Bacteria,Bacillota,Bacilli,Lactobacillales,Vagococcaceae,Vagococcus,Vagococcus_teuberi
ASV_416,Bacteria,Pseudomonadota,Gammaproteobacteria,Pseudomonadales,Moraxellaceae,Acinetobacter,Acinetobacter_ursingii
ASV_417,Bacteria,Pseudomonadota,Alphaproteobacteria,Rickettsiales,Anaplasmataceae,Wolbachia,Wolbachia_NA
ASV_418,Bacteria,Pseudomonadota,Gammaproteobacteria,Lysobacterales,Lysobacteraceae,Stenotrophomonas,Stenotrophomonas_chelatiphaga
ASV_419,Bacteria,Bacillota,Bacilli,Lactobacillales,Lactobacillaceae,HT002,HT002_NA
ASV_420,Bacteria,Bacteroidota,Bacteroidia,Bacteroidales,Prevotellaceae,Segatella,Segatella_NA
ASV_421,Bacteria,Bacillota,Clostridia,Peptostreptococcales-Tissierellales,Family XI,Anaerococcus,Anaerococcus_NA
ASV_422,Bacteria,Bacillota,Clostridia,Lachnospirales,Lachnospiraceae,Blautia,Blautia_NA
ASV_423,Bacteria,Pseudomonadota,Alphaproteobacteria,Rickettsiales,Mitochondria,NA,NA_NA
ASV_424,Bacteria,Bacteroidota,Bacteroidia,Bacteroidales,Bacteroidaceae,Bacteroides,Bacteroides_coprophilus
ASV_425,Bacteria,Bacteroidota,Bacteroidia,Bacteroidales,Prevotellaceae,Xylanibacter,Xylanibacter_NA
ASV_426,Bacteria,Bacteroidota,Bacteroidia,Bacteroidales,Prevotellaceae,Prevotellaceae NK3B31 group,Prevotellaceae_NK3B31_group_NA
ASV_427,Bacteria,Pseudomonadota,Gammaproteobacteria,Cardiobacteriales,Wohlfahrtiimonadaceae,Ignatzschineria,Ignatzschineria_sp.
ASV_428,Bacteria,Pseudomonadota,Alphaproteobacteria,Rickettsiales,Mitochondria,NA,NA_NA
ASV_429,Bacteria,Pseudomonadota,Gammaproteobacteria,Cardiobacteriales,Wohlfahrtiimonadaceae,Wohlfahrtiimonas,Wohlfahrtiimonas_sp.
ASV_430,Bacteria,Bacillota,Clostridia,Lachnospirales,Lachnospiraceae,Blautia,Blautia_hansenii
ASV_431,Bacteria,Bacillota,Clostridia,Clostridiales,Clostridiaceae,Clostridium,Clostridium_NA
ASV_432,Bacteria,Pseudomonadota,Alphaproteobacteria,Sphingomonadales,Sphingomonadaceae,Sphingomonas,Sphingomonas_faeni
ASV_433,Bacteria,Actinomycetota,Actinobacteria,Mycobacteriales,Nocardiaceae,Williamsia,Williamsia_herbipolensis
ASV_434,Bacteria,Bacillota,Bacilli,Lactobacillales,Lactobacillaceae,HT002,HT002_NA
ASV_435,Bacteria,Pseudomonadota,Gammaproteobacteria,Enterobacterales,Succinivibrionaceae,Anaerobiospirillum,Anaerobiospirillum_thomasii
ASV_436,Bacteria,Pseudomonadota,Alphaproteobacteria,Holosporales,Holosporaceae,Holospora,Holospora_sp.
ASV_437,Bacteria,Pseudomonadota,Alphaproteobacteria,Rickettsiales,Mitochondria,NA,NA_NA
ASV_438,Bacteria,Bacillota,Clostridia,Peptostreptococcales-Tissierellales,Peptostreptococcaceae,Peptostreptococcus,Peptostreptococcus_russellii
ASV_439,Bacteria,Verrucomicrobiota,Kiritimatiellia,WCHB1-41,NA,NA,NA_NA
ASV_440,Bacteria,Bacillota,Negativicutes,Veillonellales-Selenomonadales,Veillonellaceae,Dialister,Dialister_sp.
ASV_441,Bacteria,Bacteroidota,Bacteroidia,Flavobacteriales,Flavobacteriaceae,Myroides,Myroides_phaeus
ASV_442,Bacteria,Bacillota,Bacilli,Erysipelotrichales,Erysipelotrichaceae,Allobaculum,Allobaculum_stercoricanis
ASV_443,Bacteria,Pseudomonadota,Alphaproteobacteria,Holosporales,Holosporaceae,Holospora,Holospora_sp.
ASV_444,Bacteria,Bacillota,Clostridia,Lachnospirales,Lachnospiraceae,Faecalimonas,Faecalimonas_umbilicata
ASV_445,Bacteria,Bacillota,Bacilli,Erysipelotrichales,Erysipelatoclostridiaceae,Erysipelotrichaceae UCG-003,Erysipelotrichaceae_UCG-003_NA
ASV_446,Bacteria,Thermodesulfobacteriota,Desulfovibrionia,Desulfovibrionales,Desulfovibrionaceae,NA,NA_NA
ASV_447,Bacteria,Bacillota,Clostridia,Oscillospirales,Oscillospiraceae,UCG-005,UCG-005_NA
ASV_448,Bacteria,Bacteroidota,Bacteroidia,Bacteroidales,Prevotellaceae,NA,NA_NA
ASV_449,Bacteria,Pseudomonadota,Gammaproteobacteria,Enterobacterales,Erwiniaceae,Pantoea,Pantoea_vagans
ASV_450,Bacteria,Pseudomonadota,Gammaproteobacteria,Cardiobacteriales,Wohlfahrtiimonadaceae,Ignatzschineria,Ignatzschineria_sp.
ASV_451,Bacteria,Bacteroidota,Bacteroidia,Flavobacteriales,Flavobacteriaceae,Myroides,Myroides_phaeus
ASV_452,Bacteria,Pseudomonadota,Gammaproteobacteria,Pseudomonadales,Moraxellaceae,Psychrobacter,Psychrobacter_cibarius
ASV_453,Bacteria,Pseudomonadota,Gammaproteobacteria,Cardiobacteriales,Wohlfahrtiimonadaceae,Wohlfahrtiimonas,Wohlfahrtiimonas_sp.
ASV_454,Bacteria,Pseudomonadota,Alphaproteobacteria,Acetobacterales,Acetobacteraceae,Commensalibacter,Commensalibacter_intestini
ASV_455,Bacteria,Pseudomonadota,Gammaproteobacteria,Pseudomonadales,Moraxellaceae,Psychrobacter,Psychrobacter_nivimaris
ASV_456,Bacteria,Pseudomonadota,Alphaproteobacteria,Reyranellales,Reyranellaceae,Reyranella,Reyranella_NA
ASV_457,Bacteria,Bacillota,Negativicutes,Veillonellales-Selenomonadales,Veillonellaceae,Dialister,Dialister_sp.
ASV_458,Bacteria,Actinomycetota,Coriobacteriia,Coriobacteriales,Atopobiaceae,Olsenella,Olsenella_NA
ASV_459,Bacteria,Bacillota,Clostridia,Clostridiales,Clostridiaceae,Clostridium,Clostridium_NA
ASV_460,Bacteria,Pseudomonadota,Gammaproteobacteria,Pseudomonadales,Pseudomonadaceae,Pseudomonas,Pseudomonas_sp.
ASV_461,Bacteria,Bacillota,Clostridia,Oscillospirales,Butyricicoccaceae,Butyricicoccus,Butyricicoccus_sp.
ASV_462,Bacteria,Pseudomonadota,Alphaproteobacteria,Sphingomonadales,Sphingomonadaceae,Parablastomonas,Parablastomonas_NA
ASV_463,Bacteria,Pseudomonadota,Gammaproteobacteria,Enterobacterales,Morganellaceae,Proteus,Proteus_vulgaris
ASV_464,Bacteria,Bacillota,Bacilli,Lactobacillales,Vagococcaceae,Vagococcus,Vagococcus_teuberi
ASV_465,Bacteria,Pseudomonadota,Gammaproteobacteria,Burkholderiales,Sutterellaceae,Sutterella,Sutterella_massiliensis
ASV_466,Bacteria,Bacteroidota,Bacteroidia,Sphingobacteriales,Sphingobacteriaceae,Pedobacter,Pedobacter_NA
ASV_467,Bacteria,Bacillota,Clostridia,Oscillospirales,Oscillospiraceae,Intestinimonas,Intestinimonas_NA
ASV_468,Bacteria,Bacillota,Clostridia,Peptostreptococcales-Tissierellales,Peptostreptococcaceae,NA,NA_NA
ASV_469,Bacteria,Pseudomonadota,Gammaproteobacteria,Cardiobacteriales,Wohlfahrtiimonadaceae,Ignatzschineria,Ignatzschineria_sp.
ASV_470,Bacteria,Pseudomonadota,Gammaproteobacteria,Enterobacterales,Aeromonadaceae,Aeromonas,Aeromonas_salmonicida
ASV_471,Bacteria,Bacillota,Bacilli,Lactobacillales,Streptococcaceae,Streptococcus,Streptococcus_gallolyticus
ASV_472,Bacteria,Pseudomonadota,Gammaproteobacteria,Cardiobacteriales,Wohlfahrtiimonadaceae,Wohlfahrtiimonas,Wohlfahrtiimonas_chitiniclastica
ASV_473,Bacteria,Actinomycetota,Coriobacteriia,Coriobacteriales,Atopobiaceae,Olsenella,Olsenella_NA
ASV_474,Bacteria,Bacillota,Bacilli,Lactobacillales,Lactobacillaceae,Lactobacillus,Lactobacillus_acidophilus
ASV_475,Bacteria,Pseudomonadota,Gammaproteobacteria,Enterobacterales,Enterobacteriaceae,Enterobacter,Enterobacter_mori
ASV_476,Bacteria,Bacillota,Clostridia,Clostridiales,Clostridiaceae,Clostridium,Clostridium_NA
ASV_477,Bacteria,Bacteroidota,Bacteroidia,Bacteroidales,Bacteroidaceae,Bacteroides,Bacteroides_plebeius
ASV_478,Bacteria,Bacillota,Bacilli,Lactobacillales,Streptococcaceae,Streptococcus,Streptococcus_NA
ASV_479,Bacteria,Bacillota,Clostridia,Oscillospirales,Oscillospiraceae,UCG-005,UCG-005_NA
ASV_480,Bacteria,Bacillota,Bacilli,Lactobacillales,Vagococcaceae,Vagococcus,Vagococcus_lutrae
ASV_481,Bacteria,Pseudomonadota,Gammaproteobacteria,Pseudomonadales,Pseudomonadaceae,Pseudomonas,Pseudomonas_NA
ASV_482,Bacteria,Actinomycetota,Coriobacteriia,Coriobacteriales,Coriobacteriales Incertae Sedis,NA,NA_NA
ASV_483,Bacteria,Pseudomonadota,Alphaproteobacteria,Rickettsiales,Mitochondria,NA,NA_NA
ASV_484,Bacteria,Pseudomonadota,Gammaproteobacteria,Cardiobacteriales,Wohlfahrtiimonadaceae,Ignatzschineria,Ignatzschineria_indica
ASV_485,Bacteria,Actinomycetota,Actinobacteria,Micrococcales,Intrasporangiaceae,NA,NA_NA
ASV_486,Bacteria,Bacillota,Bacilli,Lactobacillales,Vagococcaceae,Vagococcus,Vagococcus_teuberi
ASV_487,Bacteria,Pseudomonadota,Gammaproteobacteria,Pseudomonadales,Pseudomonadaceae,Pseudomonas,Pseudomonas_NA
ASV_488,Bacteria,Pseudomonadota,Gammaproteobacteria,Enterobacterales,Erwiniaceae,Pantoea,Pantoea_ananatis
ASV_489,Bacteria,Pseudomonadota,Gammaproteobacteria,Pseudomonadales,Moraxellaceae,Acinetobacter,Acinetobacter_baumannii
ASV_490,Bacteria,Bacillota,Bacilli,Erysipelotrichales,Erysipelatoclostridiaceae,Coprobacillus,Coprobacillus_NA
ASV_491,Bacteria,Pseudomonadota,Gammaproteobacteria,Rickettsiellales,Rickettsiellaceae,Rickettsiella,Rickettsiella_NA
ASV_492,Bacteria,Bacillota,Clostridia,Oscillospirales,Ruminococcaceae,Ruminococcus,Ruminococcus_NA
ASV_493,Bacteria,Pseudomonadota,Gammaproteobacteria,Cardiobacteriales,Wohlfahrtiimonadaceae,Wohlfahrtiimonas,Wohlfahrtiimonas_populi
ASV_494,Bacteria,Bacillota,Bacilli,Lactobacillales,Lactobacillaceae,Companilactobacillus,Companilactobacillus_paralimentarius
ASV_495,Bacteria,Actinomycetota,Coriobacteriia,Coriobacteriales,Eggerthellaceae,Slackia,Slackia_piriformis
ASV_496,Bacteria,Bacteroidota,Bacteroidia,Bacteroidales,Prevotellaceae,Segatella,Segatella_NA
ASV_497,Bacteria,Bacteroidota,Bacteroidia,Bacteroidales,Tannerellaceae,Parabacteroides,Parabacteroides_NA
ASV_498,Bacteria,Pseudomonadota,Gammaproteobacteria,Pseudomonadales,Halomonadaceae,Halotalea,Halotalea_alkalilenta
ASV_499,Bacteria,Bacillota,Bacilli,Erysipelotrichales,Erysipelotrichaceae,Turicibacter,Turicibacter_sanguinis
ASV_500,Bacteria,Bacteroidota,Bacteroidia,Bacteroidales,Bacteroidales BS11 gut group,NA,NA_NA
ASV_501,Bacteria,Pseudomonadota,Gammaproteobacteria,Enterobacterales,Yersiniaceae,Yersinia,Yersinia_pestis
ASV_502,Bacteria,Pseudomonadota,Gammaproteobacteria,Enterobacterales,Erwiniaceae,NA,NA_NA
ASV_503,Bacteria,Pseudomonadota,Gammaproteobacteria,Cardiobacteriales,Cardiobacteriaceae,Suttonella,Suttonella_NA
ASV_504,Bacteria,Bacillota,Clostridia,Lachnospirales,Lachnospiraceae,Blautia,Blautia_glucerasea
ASV_505,Bacteria,Pseudomonadota,Gammaproteobacteria,Pseudomonadales,Moraxellaceae,Psychrobacter,Psychrobacter_maritimus
ASV_506,Bacteria,Bacillota,Bacilli,Bacillales,Bacillaceae,Bacillus,Bacillus_velezensis
ASV_507,Bacteria,Pseudomonadota,Alphaproteobacteria,Holosporales,Holosporaceae,NA,NA_NA
ASV_508,Bacteria,Bacteroidota,Bacteroidia,Bacteroidales,Prevotellaceae,Segatella,Segatella_NA
ASV_509,Bacteria,Bacillota,Bacilli,Lactobacillales,Streptococcaceae,Lactococcus,Lactococcus_raffinolactis
ASV_510,Bacteria,Bacillota,Bacilli,Erysipelotrichales,Erysipelotrichaceae,Solobacterium,Solobacterium_NA
ASV_511,Bacteria,Bacillota,Negativicutes,Acidaminococcales,Acidaminococcaceae,Phascolarctobacterium,Phascolarctobacterium_NA
ASV_512,Bacteria,Pseudomonadota,Gammaproteobacteria,Pseudomonadales,Halomonadaceae,Zymobacter,Zymobacter_palmae
ASV_513,Bacteria,Bacillota,Negativicutes,Veillonellales-Selenomonadales,Selenomonadaceae,Megamonas,Megamonas_funiformis
ASV_514,Bacteria,Pseudomonadota,Alphaproteobacteria,Rickettsiales,Mitochondria,NA,NA_NA
ASV_515,Bacteria,Pseudomonadota,Gammaproteobacteria,Pseudomonadales,Pseudomonadaceae,Pseudomonas,Pseudomonas_koreensis
ASV_516,Bacteria,Bacillota,Bacilli,Lactobacillales,Vagococcaceae,Vagococcus,Vagococcus_teuberi
ASV_517,Bacteria,Bacteroidota,Bacteroidia,Bacteroidales,Dysgonomonadaceae,Dysgonomonas,Dysgonomonas_NA
ASV_518,Bacteria,NA,NA,NA,NA,NA,NA_NA
ASV_519,Bacteria,Bacteroidota,Bacteroidia,Bacteroidales,Prevotellaceae,Segatella,Segatella_NA
ASV_520,Bacteria,Bacillota,Bacilli,Bacillales,Planococcaceae,Kurthia,Kurthia_gibsonii
ASV_521,Bacteria,Bacteroidota,Bacteroidia,Bacteroidales,p-251-o5,NA,NA_NA
ASV_522,Bacteria,Actinomycetota,Actinobacteria,Bifidobacteriales,Bifidobacteriaceae,Bifidobacterium,Bifidobacterium_adolescentis
ASV_523,Bacteria,Bacillota,Clostridia,Peptostreptococcales-Tissierellales,Family XI,Tissierella,Tissierella_NA
ASV_524,Bacteria,Pseudomonadota,Gammaproteobacteria,Cardiobacteriales,Wohlfahrtiimonadaceae,Wohlfahrtiimonas,Wohlfahrtiimonas_sp.
ASV_525,Bacteria,Pseudomonadota,Gammaproteobacteria,Burkholderiales,Comamonadaceae,Comamonas,Comamonas_NA
ASV_526,Bacteria,Verrucomicrobiota,Kiritimatiellia,WCHB1-41,NA,NA,NA_NA
ASV_527,Bacteria,Bacillota,Negativicutes,Veillonellales-Selenomonadales,Veillonellaceae,NA,NA_NA
ASV_528,Bacteria,Bacteroidota,Bacteroidia,Bacteroidales,Prevotellaceae,Xylanibacter,Xylanibacter_NA
ASV_529,Bacteria,Bacillota,Clostridia,Clostridiales,Clostridiaceae,Clostridium,Clostridium_NA
ASV_530,Bacteria,Bacteroidota,Bacteroidia,Bacteroidales,Bacteroidaceae,Bacteroides,Bacteroides_propionicifaciens
ASV_531,Bacteria,Bacillota,Clostridia,Lachnospirales,Lachnospiraceae,Blautia,Blautia_obeum
ASV_532,Bacteria,Bacillota,Clostridia,Lachnospirales,Lachnospiraceae,Oribacterium,Oribacterium_NA
ASV_533,Bacteria,Bacillota,Bacilli,Lactobacillales,Lactobacillaceae,Pediococcus,Pediococcus_acidilactici
ASV_534,Bacteria,Bacteroidota,Bacteroidia,Bacteroidales,Rikenellaceae,Rikenellaceae RC9 gut group,Rikenellaceae_RC9_gut_group_NA
ASV_535,Bacteria,Bacteroidota,Bacteroidia,Bacteroidales,Bacteroidaceae,Bacteroides,Bacteroides_NA
ASV_536,Bacteria,Bacteroidota,Bacteroidia,Bacteroidales,Prevotellaceae,Segatella,Segatella_copri
ASV_537,Bacteria,Bacteroidota,Bacteroidia,Bacteroidales,Bacteroidaceae,Bacteroides,Bacteroides_NA
ASV_538,Bacteria,Bacillota,Clostridia,Oscillospirales,Ruminococcaceae,Ruminococcus,Ruminococcus_NA
ASV_539,Bacteria,Bacillota,Bacilli,Lactobacillales,Vagococcaceae,Vagococcus,Vagococcus_teuberi
ASV_540,Bacteria,Cyanobacteriota,Cyanobacteriia,Chloroplast,NA,NA,NA_NA
ASV_541,Bacteria,Bacteroidota,Bacteroidia,Bacteroidales,Bacteroidaceae,Bacteroides,Bacteroides_propionicifaciens
ASV_542,Bacteria,Pseudomonadota,Gammaproteobacteria,Enterobacterales,Enterobacteriaceae,NA,NA_NA
ASV_543,Bacteria,Pseudomonadota,Gammaproteobacteria,Lysobacterales,Lysobacteraceae,Stenotrophomonas,Stenotrophomonas_tumulicola
ASV_544,Bacteria,Bacillota,Bacilli,Lactobacillales,Enterococcaceae,Enterococcus,Enterococcus_sulfureus
ASV_545,Bacteria,Bacillota,Clostridia,Oscillospirales,Ruminococcaceae,NA,NA_NA
ASV_546,Bacteria,Bacillota,Bacilli,Lactobacillales,Streptococcaceae,Lactococcus,Lactococcus_garvieae
ASV_547,Bacteria,Bacillota,Bacilli,Lactobacillales,Lactobacillaceae,Paucilactobacillus,Paucilactobacillus_hokkaidonensis
ASV_548,Bacteria,Bacillota,Negativicutes,Acidaminococcales,Acidaminococcaceae,Phascolarctobacterium,Phascolarctobacterium_NA
ASV_549,Bacteria,Pseudomonadota,Gammaproteobacteria,Cardiobacteriales,Wohlfahrtiimonadaceae,Ignatzschineria,Ignatzschineria_cameli
ASV_550,Bacteria,Bacteroidota,Bacteroidia,Flavobacteriales,Flavobacteriaceae,Myroides,Myroides_profundi
ASV_551,Bacteria,Pseudomonadota,Gammaproteobacteria,Pseudomonadales,Moraxellaceae,Acinetobacter,Acinetobacter_sp.
ASV_552,Bacteria,Bacteroidota,Bacteroidia,Flavobacteriales,Weeksellaceae,Cloacibacterium,Cloacibacterium_normanense
ASV_553,Bacteria,Bacillota,Clostridia,Lachnospirales,Lachnospiraceae,Roseburia,Roseburia_NA
ASV_554,Bacteria,Actinomycetota,Coriobacteriia,Coriobacteriales,Atopobiaceae,Olsenella,Olsenella_NA
ASV_555,Bacteria,Pseudomonadota,Gammaproteobacteria,Burkholderiales,Comamonadaceae,Comamonas,Comamonas_denitrificans
ASV_556,Bacteria,Bacillota,Clostridia,NA,NA,NA,NA_NA
ASV_557,Bacteria,Pseudomonadota,Gammaproteobacteria,Enterobacterales,Orbaceae,Orbus,Orbus_mooreae
ASV_558,Bacteria,Bacteroidota,Bacteroidia,Bacteroidales,Bacteroidaceae,Bacteroides,Bacteroides_plebeius
ASV_559,Bacteria,Bacillota,Clostridia,Oscillospirales,Oscillospiraceae,UCG-002,UCG-002_NA
ASV_560,Bacteria,Pseudomonadota,Gammaproteobacteria,Lysobacterales,Lysobacteraceae,Stenotrophomonas,Stenotrophomonas_maltophilia
ASV_561,Bacteria,Verrucomicrobiota,Kiritimatiellia,WCHB1-41,NA,NA,NA_NA
ASV_562,Bacteria,Bacteroidota,Bacteroidia,Bacteroidales,Bacteroidaceae,Bacteroides,Bacteroides_fragilis
ASV_563,Bacteria,Bacteroidota,Bacteroidia,Flavobacteriales,Weeksellaceae,Chishuiella,Chishuiella_NA
ASV_564,Bacteria,Bacteroidota,Bacteroidia,Flavobacteriales,Flavobacteriaceae,Myroides,Myroides_profundi
ASV_565,Bacteria,Bacillota,Clostridia,Oscillospirales,Oscillospiraceae,UCG-005,UCG-005_NA
ASV_566,Bacteria,Bacillota,Clostridia,Oscillospirales,Oscillospiraceae,UCG-002,UCG-002_NA
ASV_567,Bacteria,Bacillota,Bacilli,Erysipelotrichales,Erysipelatoclostridiaceae,Catenibacterium,Catenibacterium_NA
ASV_568,Bacteria,Bacillota,Clostridia,Clostridiales,Clostridiaceae,Clostridium,Clostridium_taeniosporum
ASV_569,Bacteria,Bacteroidota,Bacteroidia,Bacteroidales,Bacteroidaceae,Bacteroides,Bacteroides_massiliensis
ASV_570,Bacteria,Bacteroidota,Bacteroidia,Sphingobacteriales,Sphingobacteriaceae,Sphingobacterium,Sphingobacterium_NA
ASV_571,Bacteria,Actinomycetota,Actinobacteria,Actinomycetales,Actinomycetaceae,Actinomyces,Actinomyces_naeslundii
ASV_572,Bacteria,Bacillota,Clostridia,Oscillospirales,Oscillospiraceae,Colidextribacter,Colidextribacter_NA
ASV_573,Bacteria,Bacteroidota,Bacteroidia,Bacteroidales,p-251-o5,NA,NA_NA
ASV_574,Bacteria,Bacillota,Bacilli,Lactobacillales,Lactobacillaceae,Ligilactobacillus,Ligilactobacillus_NA
ASV_575,Eukaryota,NA,NA,NA,NA,NA,NA_NA
ASV_576,Bacteria,Pseudomonadota,Gammaproteobacteria,Pseudomonadales,Moraxellaceae,Acinetobacter,Acinetobacter_lwoffii
ASV_577,Bacteria,Bacteroidota,Bacteroidia,Bacteroidales,p-2534-18B5 gut group,NA,NA_NA
ASV_578,Bacteria,Pseudomonadota,Gammaproteobacteria,Enterobacterales,Succinivibrionaceae,Succinivibrio,Succinivibrio_sp.
ASV_579,Bacteria,Bacillota,Clostridia,Oscillospirales,UCG-010,NA,NA_NA
ASV_580,Bacteria,Bacillota,Clostridia,Lachnospirales,Lachnospiraceae,Lachnospiraceae AC2044 group,Lachnospiraceae_AC2044_group_NA
ASV_581,Bacteria,Pseudomonadota,Gammaproteobacteria,Cardiobacteriales,Wohlfahrtiimonadaceae,Ignatzschineria,Ignatzschineria_NA
ASV_582,Bacteria,Bacillota,Clostridia,Peptostreptococcales-Tissierellales,Peptostreptococcaceae,Clostridioides,Clostridioides_NA
ASV_583,Bacteria,Bacillota,Clostridia,Lachnospirales,Lachnospiraceae,Agathobacter,Agathobacter_NA
ASV_584,Bacteria,Bacteroidota,Bacteroidia,Bacteroidales,Bacteroidaceae,Bacteroides,Bacteroides_NA
ASV_585,Bacteria,Pseudomonadota,Gammaproteobacteria,Pseudomonadales,Moraxellaceae,Acinetobacter,Acinetobacter_pittii
ASV_586,Bacteria,Bacillota,Clostridia,Peptostreptococcales-Tissierellales,Peptostreptococcaceae,Peptoclostridium,Peptoclostridium_hiranonis
ASV_587,Bacteria,Bacteroidota,Bacteroidia,Flavobacteriales,Flavobacteriaceae,Flavobacterium,Flavobacterium_sasangense
ASV_588,Bacteria,Bacillota,Bacilli,Lactobacillales,Carnobacteriaceae,Carnobacterium,Carnobacterium_inhibens
ASV_589,Bacteria,Actinomycetota,Actinobacteria,Mycobacteriales,Nocardiaceae,Rhodococcus,Rhodococcus_erythropolis
ASV_590,Bacteria,Pseudomonadota,Gammaproteobacteria,Burkholderiales,Comamonadaceae,Polaromonas,Polaromonas_NA
ASV_591,Bacteria,Bacillota,Bacilli,Lactobacillales,Lactobacillaceae,Lacticaseibacillus,Lacticaseibacillus_paracasei
ASV_592,Bacteria,Bacillota,Clostridia,Lachnospirales,Lachnospiraceae,Blautia,Blautia_NA
ASV_593,Bacteria,Actinomycetota,Actinobacteria,Bifidobacteriales,Bifidobacteriaceae,Bifidobacterium,Bifidobacterium_pseudolongum
ASV_594,Bacteria,Bacillota,Bacilli,Erysipelotrichales,Erysipelotrichaceae,NA,NA_NA
ASV_595,Bacteria,Bacillota,Clostridia,Oscillospirales,Oscillospiraceae,NK4A214 group,NK4A214_group_NA
ASV_596,Bacteria,Bacteroidota,Bacteroidia,Bacteroidales,Prevotellaceae,Xylanibacter,Xylanibacter_NA
ASV_597,Bacteria,Pseudomonadota,Alphaproteobacteria,Rhodospirillales,NA,NA,NA_NA
ASV_598,Bacteria,Pseudomonadota,Alphaproteobacteria,Rickettsiales,Mitochondria,NA,NA_NA
ASV_599,Bacteria,Verrucomicrobiota,Kiritimatiellia,WCHB1-41,NA,NA,NA_NA
ASV_600,Bacteria,Bacillota,Clostridia,Oscillospirales,Oscillospiraceae,UCG-005,UCG-005_NA
ASV_601,Bacteria,Bacillota,Clostridia,Oscillospirales,Oscillospiraceae,UCG-005,UCG-005_NA
ASV_602,Bacteria,Bacillota,Clostridia,Oscillospirales,Oscillospiraceae,UCG-005,UCG-005_NA
ASV_603,Bacteria,Pseudomonadota,Gammaproteobacteria,Pseudomonadales,Moraxellaceae,Acinetobacter,Acinetobacter_bohemicus
ASV_604,Bacteria,Bacillota,Bacilli,Staphylococcales,Staphylococcaceae,Macrococcus,Macrococcus_caseolyticus
ASV_605,Bacteria,Bacteroidota,Bacteroidia,Bacteroidales,Dysgonomonadaceae,Dysgonomonas,Dysgonomonas_NA
ASV_606,Bacteria,Bacillota,Clostridia,Lachnospirales,Lachnospiraceae,Lachnospiraceae AC2044 group,Lachnospiraceae_AC2044_group_NA
ASV_607,Bacteria,Bacillota,Bacilli,Lactobacillales,Catellicoccaceae,Catellicoccus,Catellicoccus_NA
ASV_608,Bacteria,Bacillota,Clostridia,Oscillospirales,UCG-010,NA,NA_NA
ASV_609,Bacteria,Pseudomonadota,Alphaproteobacteria,Rickettsiales,Mitochondria,NA,NA_NA
ASV_610,Bacteria,Bacteroidota,Bacteroidia,Bacteroidales,Prevotellaceae,NA,NA_NA
ASV_611,Bacteria,Pseudomonadota,Gammaproteobacteria,Enterobacterales,Morganellaceae,Morganella,Morganella_morganii
ASV_612,Bacteria,Bacteroidota,Bacteroidia,Bacteroidales,Prevotellaceae,Prevotellaceae UCG-001,Prevotellaceae_UCG-001_NA
ASV_613,Bacteria,Actinomycetota,Actinobacteria,Mycobacteriales,Nocardiaceae,Rhodococcus,Rhodococcus_corynebacterioides
ASV_614,Bacteria,Bacillota,Bacilli,Mycoplasmatales,Mycoplasmataceae,Mycoplasma,Mycoplasma_girerdii
ASV_615,Bacteria,Bacteroidota,Bacteroidia,Bacteroidales,Muribaculaceae,NA,NA_NA
ASV_616,Bacteria,Bacteroidota,Bacteroidia,Bacteroidales,Bacteroidaceae,Bacteroides,Bacteroides_NA
ASV_617,Bacteria,Verrucomicrobiota,Kiritimatiellia,WCHB1-41,NA,NA,NA_NA
ASV_618,Bacteria,Bacteroidota,Bacteroidia,Bacteroidales,F082,NA,NA_NA
ASV_619,Bacteria,Bacillota,Clostridia,Lachnospirales,Lachnospiraceae,Extibacter,Extibacter_NA
ASV_620,Bacteria,Bacillota,Bacilli,Lactobacillales,Lactobacillaceae,Latilactobacillus,Latilactobacillus_sakei
ASV_621,Bacteria,Pseudomonadota,Gammaproteobacteria,Enterobacterales,Pectobacteriaceae,Lonsdalea,Lonsdalea_britannica
ASV_622,Bacteria,Actinomycetota,Actinobacteria,Bifidobacteriales,Bifidobacteriaceae,Bifidobacterium,Bifidobacterium_catenulatum
ASV_623,Bacteria,Bacillota,Clostridia,Peptostreptococcales-Tissierellales,NA,NA,NA_NA
ASV_624,Bacteria,Pseudomonadota,Gammaproteobacteria,Enterobacterales,Enterobacteriaceae,Klebsiella,Klebsiella_michiganensis
ASV_625,Bacteria,Pseudomonadota,Alphaproteobacteria,Hyphomicrobiales,Rhizobiaceae,Bartonella,Bartonella_NA
ASV_626,Bacteria,Bacillota,Clostridia,Peptostreptococcales-Tissierellales,Family XI,Helcococcus,Helcococcus_seattlensis
ASV_627,Bacteria,Bacteroidota,Bacteroidia,Bacteroidales,Dysgonomonadaceae,Dysgonomonas,Dysgonomonas_NA
ASV_628,Bacteria,Pseudomonadota,Alphaproteobacteria,Acetobacterales,Acetobacteraceae,Asaia,Asaia_bogorensis
ASV_629,Bacteria,Cyanobacteriota,Cyanobacteriia,Chloroplast,NA,NA,NA_NA
ASV_630,Bacteria,Bacillota,Clostridia,Lachnospirales,Lachnospiraceae,NA,NA_NA
ASV_631,Bacteria,Verrucomicrobiota,Kiritimatiellia,WCHB1-41,NA,NA,NA_NA
ASV_632,Bacteria,Bacillota,Clostridia,Peptostreptococcales-Tissierellales,Family XI,Miniphocaeibacter,Miniphocaeibacter_NA
ASV_633,Bacteria,Actinomycetota,Coriobacteriia,Coriobacteriales,Coriobacteriales Incertae Sedis,NA,NA_NA
ASV_634,Bacteria,Bacillota,Bacilli,Erysipelotrichales,Erysipelotrichaceae,Holdemanella,Holdemanella_biformis
ASV_635,Bacteria,Pseudomonadota,Gammaproteobacteria,Pseudomonadales,Moraxellaceae,Psychrobacter,Psychrobacter_pulmonis
ASV_636,Bacteria,Pseudomonadota,Gammaproteobacteria,Pseudomonadales,Pseudomonadaceae,Pseudomonas,Pseudomonas_NA
ASV_637,Bacteria,Bacillota,Clostridia,Peptostreptococcales-Tissierellales,Peptostreptococcaceae,NA,NA_NA
ASV_638,Bacteria,Pseudomonadota,Gammaproteobacteria,Pseudomonadales,Pseudomonadaceae,Pseudomonas,Pseudomonas_umsongensis
ASV_639,Bacteria,Pseudomonadota,Alphaproteobacteria,Hyphomicrobiales,Rhizobiaceae,Mesorhizobium,Mesorhizobium_NA
ASV_640,Bacteria,Pseudomonadota,Alphaproteobacteria,Hyphomicrobiales,Rhizobiaceae,Agrobacterium,Agrobacterium_rubi
ASV_641,Bacteria,Bacillota,Clostridia,Oscillospirales,Ruminococcaceae,NA,NA_NA
ASV_642,Bacteria,Verrucomicrobiota,Kiritimatiellia,WCHB1-41,NA,NA,NA_NA
ASV_643,Bacteria,Bacteroidota,Bacteroidia,Bacteroidales,Prevotellaceae,Xylanibacter,Xylanibacter_NA
ASV_644,Bacteria,Bacillota,Bacilli,Lactobacillales,Enterococcaceae,Enterococcus,Enterococcus_gilvus
ASV_645,Bacteria,Bacteroidota,Bacteroidia,Sphingobacteriales,Sphingobacteriaceae,Pedobacter,Pedobacter_NA
ASV_646,Bacteria,Bacteroidota,Bacteroidia,Bacteroidales,Bacteroidaceae,Bacteroides,Bacteroides_plebeius
ASV_647,Bacteria,Bacillota,Clostridia,Oscillospirales,Oscillospiraceae,UCG-002,UCG-002_NA
ASV_648,Bacteria,Bacillota,Clostridia,Oscillospirales,Ruminococcaceae,Ruminococcus,Ruminococcus_NA
ASV_649,Bacteria,Bacillota,Clostridia,Lachnospirales,Lachnospiraceae,Blautia,Blautia_hansenii
ASV_650,Bacteria,Pseudomonadota,Gammaproteobacteria,Burkholderiales,Neisseriaceae,Vitreoscilla,Vitreoscilla_NA
ASV_651,Bacteria,Bacteroidota,Bacteroidia,Bacteroidales,Prevotellaceae,Segatella,Segatella_NA
ASV_652,Bacteria,Bacteroidota,Bacteroidia,Bacteroidales,Incertae Sedis,UCG-001,UCG-001_NA
ASV_653,Bacteria,Pseudomonadota,Gammaproteobacteria,Cardiobacteriales,Wohlfahrtiimonadaceae,Wohlfahrtiimonas,Wohlfahrtiimonas_chitiniclastica
ASV_654,Bacteria,Campylobacterota,Campylobacteria,Campylobacterales,Campylobacteraceae,Campylobacter,Campylobacter_helveticus
ASV_655,Bacteria,Bacteroidota,Bacteroidia,Bacteroidales,Bacteroidaceae,Bacteroides,Bacteroides_nordii
ASV_656,Bacteria,Bacteroidota,Bacteroidia,Bacteroidales,Bacteroidales RF16 group,NA,NA_NA
ASV_657,Bacteria,Bacteroidota,Bacteroidia,Bacteroidales,F082,NA,NA_NA
ASV_658,Bacteria,Bacteroidota,Bacteroidia,Bacteroidales,p-2534-18B5 gut group,NA,NA_NA
ASV_659,Eukaryota,NA,NA,NA,NA,NA,NA_NA
ASV_660,Bacteria,Bacillota,Clostridia,Oscillospirales,Oscillospiraceae,UCG-005,UCG-005_NA
ASV_661,Bacteria,Bacteroidota,Bacteroidia,Bacteroidales,Rikenellaceae,Rikenellaceae RC9 gut group,Rikenellaceae_RC9_gut_group_NA
ASV_662,Bacteria,Bacillota,Clostridia,Oscillospirales,Ruminococcaceae,NA,NA_NA
ASV_663,Bacteria,Bacillota,Clostridia,Lachnospirales,Lachnospiraceae,Mediterraneibacter,Mediterraneibacter_gnavus
ASV_664,Bacteria,Bacteroidota,Bacteroidia,Bacteroidales,Muribaculaceae,NA,NA_NA
ASV_665,Bacteria,Bacillota,Clostridia,Clostridiales,Clostridiaceae,Clostridium,Clostridium_perfringens
ASV_666,Bacteria,Actinomycetota,Coriobacteriia,Coriobacteriales,Eggerthellaceae,NA,NA_NA
ASV_667,Bacteria,Bacillota,Clostridia,Lachnospirales,Lachnospiraceae,Mediterraneibacter,Mediterraneibacter_gnavus
ASV_668,Bacteria,Bacteroidota,Bacteroidia,Bacteroidales,Bacteroidales RF16 group,NA,NA_NA
ASV_669,Bacteria,Bacillota,Bacilli,Bacillales,Planococcaceae,Savagea,Savagea_NA
ASV_670,Bacteria,Bacillota,Bacilli,Bacillales,Planococcaceae,Kurthia,Kurthia_gibsonii
ASV_671,Bacteria,Bacillota,Bacilli,Bacillales,Bacillaceae,Bacillus,Bacillus_thuringiensis
ASV_672,Bacteria,Bacillota,Clostridia,Oscillospirales,Ruminococcaceae,Ruminococcus,Ruminococcus_flavefaciens
ASV_673,Bacteria,Bacteroidota,Bacteroidia,Bacteroidales,Bacteroidales RF16 group,NA,NA_NA
ASV_674,Bacteria,Pseudomonadota,Alphaproteobacteria,Rickettsiales,Mitochondria,NA,NA_NA
ASV_675,Bacteria,Pseudomonadota,Gammaproteobacteria,Cardiobacteriales,Wohlfahrtiimonadaceae,Wohlfahrtiimonas,Wohlfahrtiimonas_sp.
ASV_676,Bacteria,Bacillota,Bacilli,Erysipelotrichales,Erysipelatoclostridiaceae,Asteroleplasma,Asteroleplasma_NA
ASV_677,Archaea,Halobacteriota,Methanomicrobia,Methanomicrobiales,Methanocorpusculaceae,Methanocorpusculum,Methanocorpusculum_NA
ASV_678,Bacteria,Bacillota,Clostridia,Lachnospirales,Lachnospiraceae,Lachnospiraceae NK3A20 group,Lachnospiraceae_NK3A20_group_NA
ASV_679,Bacteria,Bacillota,Bacilli,Bacillales,Planococcaceae,Savagea,Savagea_NA
ASV_680,Bacteria,Pseudomonadota,Alphaproteobacteria,Hyphomicrobiales,Beijerinckiaceae,Methylobacterium,Methylobacterium_NA
ASV_681,Bacteria,Bacillota,Clostridia,Clostridiales,Clostridiaceae,Clostridium,Clostridium_NA
ASV_682,Bacteria,Bacteroidota,Bacteroidia,Bacteroidales,Prevotellaceae,NA,NA_NA
ASV_683,Bacteria,Actinomycetota,Coriobacteriia,Coriobacteriales,Coriobacteriaceae,Enorma,Enorma_NA
ASV_684,Bacteria,Pseudomonadota,Gammaproteobacteria,Enterobacterales,Hafniaceae,Hafnia-Obesumbacterium,Hafnia-Obesumbacterium_NA
ASV_685,Bacteria,Pseudomonadota,Gammaproteobacteria,Cardiobacteriales,Wohlfahrtiimonadaceae,Ignatzschineria,Ignatzschineria_ureiclastica
ASV_686,Bacteria,Bacillota,Bacilli,Bacillales,Planococcaceae,Sporosarcina,Sporosarcina_pasteurii
ASV_687,Bacteria,Thermodesulfobacteriota,Desulfovibrionia,Desulfovibrionales,Desulfovibrionaceae,NA,NA_NA
ASV_688,Bacteria,Bacteroidota,Bacteroidia,Bacteroidales,Bacteroidaceae,Bacteroides,Bacteroides_coprophilus
ASV_689,Bacteria,Bacillota,Bacilli,Lactobacillales,Lactobacillaceae,Ligilactobacillus,Ligilactobacillus_aviarius
ASV_690,Bacteria,Bacillota,Bacilli,Lactobacillales,Streptococcaceae,Lactococcus,Lactococcus_lactis
ASV_691,Bacteria,Bacillota,Clostridia,Oscillospirales,Oscillospiraceae,UCG-002,UCG-002_NA
ASV_692,Bacteria,Bacteroidota,Bacteroidia,Bacteroidales,Bacteroidaceae,Bacteroides,Bacteroides_caecigallinarum
ASV_693,Bacteria,Pseudomonadota,Alphaproteobacteria,Hyphomicrobiales,Beijerinckiaceae,Bosea,Bosea_sp.
ASV_694,Bacteria,Pseudomonadota,Gammaproteobacteria,Enterobacterales,Erwiniaceae,NA,NA_NA
ASV_695,Bacteria,Bacillota,Bacilli,Lactobacillales,Enterococcaceae,Enterococcus,Enterococcus_NA
ASV_696,Bacteria,Pseudomonadota,Gammaproteobacteria,Burkholderiales,Comamonadaceae,Polaromonas,Polaromonas_NA
ASV_697,Bacteria,Bacteroidota,Bacteroidia,Bacteroidales,Bacteroidales RF16 group,NA,NA_NA
ASV_698,Bacteria,Bacillota,Bacilli,Bacillales,Bacillaceae,NA,NA_NA
ASV_699,Bacteria,Bacillota,Clostridia,Oscillospirales,Ruminococcaceae,NA,NA_NA
ASV_700,Bacteria,Bacillota,Bacilli,RF39,NA,NA,NA_NA
ASV_701,Bacteria,Bacillota,Clostridia,Lachnospirales,Lachnospiraceae,Blautia,Blautia_hansenii
ASV_702,Bacteria,Bacillota,Clostridia,Clostridiales,Clostridiaceae,Clostridium,Clostridium_NA
ASV_703,Bacteria,Bacillota,Bacilli,Lactobacillales,Streptococcaceae,Streptococcus,Streptococcus_lutetiensis
ASV_704,Bacteria,Actinomycetota,Actinobacteria,Micrococcales,Micrococcaceae,Kocuria,Kocuria_NA
ASV_705,Bacteria,Pseudomonadota,Alphaproteobacteria,Sphingomonadales,Sphingomonadaceae,Sphingomonas,Sphingomonas_faeni
ASV_706,Bacteria,Bacillota,Bacilli,Erysipelotrichales,Erysipelatoclostridiaceae,Massiliomicrobiota,Massiliomicrobiota_NA
ASV_707,Bacteria,Bacillota,Clostridia,Oscillospirales,Ruminococcaceae,Ruminococcus,Ruminococcus_flavefaciens
ASV_708,Bacteria,Bacillota,Bacilli,RF39,NA,NA,NA_NA
ASV_709,Bacteria,Bacillota,Clostridia,Oscillospirales,Ruminococcaceae,Fournierella,Fournierella_NA
ASV_710,Bacteria,Bacillota,Clostridia,Oscillospirales,Ruminococcaceae,NA,NA_NA
ASV_711,Bacteria,Pseudomonadota,Gammaproteobacteria,Pseudomonadales,Pseudomonadaceae,Pseudomonas,Pseudomonas_viridiflava
ASV_712,Bacteria,Verrucomicrobiota,Kiritimatiellia,WCHB1-41,NA,NA,NA_NA
ASV_713,Bacteria,Bacteroidota,Bacteroidia,Bacteroidales,Bacteroidales RF16 group,NA,NA_NA
ASV_714,Bacteria,Pseudomonadota,Gammaproteobacteria,Burkholderiales,Burkholderiaceae,Burkholderia-Caballeronia-Paraburkholderia,Burkholderia-Caballeronia-Paraburkholderia_caffeinilytica
ASV_715,Bacteria,Pseudomonadota,Gammaproteobacteria,Enterobacterales,Morganellaceae,Moellerella,Moellerella_wisconsensis
ASV_716,Bacteria,Actinomycetota,Actinobacteria,Mycobacteriales,Nocardiaceae,Rhodococcus,Rhodococcus_corynebacterioides
ASV_717,Bacteria,Cyanobacteriota,Cyanobacteriia,Chloroplast,NA,NA,NA_NA
ASV_718,Eukaryota,NA,NA,NA,NA,NA,NA_NA
ASV_719,Bacteria,Bacillota,Bacilli,RF39,NA,NA,NA_NA
ASV_720,Bacteria,Bacillota,Clostridia,Oscillospirales,Oscillospiraceae,UCG-005,UCG-005_NA
ASV_721,Bacteria,Bacteroidota,Bacteroidia,Bacteroidales,Muribaculaceae,NA,NA_NA
ASV_722,Bacteria,Bacillota,Bacilli,Lactobacillales,Lactobacillaceae,Ligilactobacillus,Ligilactobacillus_ruminis
ASV_723,Bacteria,Fusobacteriota,Fusobacteriia,Fusobacteriales,Fusobacteriaceae,Fusobacterium,Fusobacterium_mortiferum
ASV_724,Bacteria,Bacillota,Bacilli,Lactobacillales,Enterococcaceae,Enterococcus,Enterococcus_cecorum
ASV_725,Bacteria,Pseudomonadota,Gammaproteobacteria,Burkholderiales,Alcaligenaceae,Bordetella,Bordetella_NA
ASV_726,Bacteria,Pseudomonadota,Alphaproteobacteria,Holosporales,Holosporaceae,NA,NA_NA
ASV_727,Bacteria,Verrucomicrobiota,Kiritimatiellia,WCHB1-41,NA,NA,NA_NA
ASV_728,Bacteria,Bacillota,Bacilli,Lactobacillales,Lactobacillaceae,Companilactobacillus,Companilactobacillus_paralimentarius
ASV_729,Bacteria,Bacillota,Clostridia,Clostridiales,Clostridiaceae,Clostridium,Clostridium_colicanis
ASV_730,Bacteria,Bacillota,Clostridia,Clostridiales,Clostridiaceae,Clostridium,Clostridium_taeniosporum
ASV_731,Bacteria,Pseudomonadota,Gammaproteobacteria,Enterobacterales,Erwiniaceae,Tatumella,Tatumella_ptyseos
ASV_732,Bacteria,Actinomycetota,Actinobacteria,Mycobacteriales,Tsukamurellaceae,Tsukamurella,Tsukamurella_pseudospumae
ASV_733,Bacteria,Bacillota,Clostridia,Oscillospirales,[Eubacterium] coprostanoligenes group,NA,NA_NA
ASV_734,Bacteria,Bacillota,Bacilli,Lactobacillales,Enterococcaceae,Enterococcus,Enterococcus_NA
ASV_735,Bacteria,Bacteroidota,Bacteroidia,Flavobacteriales,Flavobacteriaceae,Myroides,Myroides_marinus
ASV_736,Bacteria,Bacteroidota,Bacteroidia,Bacteroidales,F082,NA,NA_NA
ASV_737,Bacteria,Bacillota,Clostridia,Oscillospirales,Ruminococcaceae,Fournierella,Fournierella_NA
ASV_738,Bacteria,Bacillota,Bacilli,Bacillales,Bacillaceae,Bacillus,Bacillus_thuringiensis
ASV_739,Bacteria,Bacillota,Clostridia,Peptostreptococcales-Tissierellales,Peptostreptococcaceae,Peptostreptococcus,Peptostreptococcus_NA
ASV_740,Bacteria,Bacteroidota,Bacteroidia,Bacteroidales,p-2534-18B5 gut group,NA,NA_NA
ASV_741,Bacteria,Bacillota,Clostridia,Oscillospirales,Oscillospiraceae,NK4A214 group,NK4A214_group_NA
ASV_742,Bacteria,Bacteroidota,Bacteroidia,Bacteroidales,Dysgonomonadaceae,Dysgonomonas,Dysgonomonas_NA
ASV_743,Bacteria,Bacteroidota,Bacteroidia,Bacteroidales,Prevotellaceae,Prevotellaceae UCG-003,Prevotellaceae_UCG-003_NA
ASV_744,Bacteria,Bacteroidota,Bacteroidia,Bacteroidales,Dysgonomonadaceae,Dysgonomonas,Dysgonomonas_NA
ASV_745,Bacteria,Bacillota,Clostridia,Peptostreptococcales-Tissierellales,Peptostreptococcaceae,Romboutsia,Romboutsia_hominis
ASV_746,Bacteria,Pseudomonadota,Gammaproteobacteria,Enterobacterales,Succinivibrionaceae,Succinivibrio,Succinivibrio_NA
ASV_747,Bacteria,Pseudomonadota,Gammaproteobacteria,Pseudomonadales,Moraxellaceae,Acinetobacter,Acinetobacter_NA
ASV_748,Bacteria,Cyanobacteriota,Cyanobacteriia,Chloroplast,NA,NA,NA_NA
ASV_749,Bacteria,Bacillota,Clostridia,Oscillospirales,Oscillospiraceae,Colidextribacter,Colidextribacter_NA
ASV_750,Bacteria,Bacillota,Bacilli,Staphylococcales,Staphylococcaceae,Mammaliicoccus,Mammaliicoccus_NA
ASV_751,Bacteria,Bacillota,Clostridia,Oscillospirales,Ruminococcaceae,Ruminococcus,Ruminococcus_NA
ASV_752,Bacteria,Bacillota,Bacilli,Bacillales,Planococcaceae,Lysinibacillus,Lysinibacillus_NA
ASV_753,Bacteria,Pseudomonadota,Gammaproteobacteria,Pseudomonadales,Pseudomonadaceae,Pseudomonas,Pseudomonas_NA
ASV_754,Bacteria,Actinomycetota,Coriobacteriia,Coriobacteriales,Coriobacteriaceae,Collinsella,Collinsella_NA
ASV_755,Bacteria,Bacillota,Clostridia,Oscillospirales,UCG-010,NA,NA_NA
ASV_756,Bacteria,Verrucomicrobiota,Kiritimatiellia,WCHB1-41,NA,NA,NA_NA
ASV_757,Bacteria,Bacillota,Bacilli,Lactobacillales,Vagococcaceae,Vagococcus,Vagococcus_zengguangii
ASV_758,Bacteria,Bacillota,Clostridia,Lachnospirales,Lachnospiraceae,Blautia,Blautia_NA
ASV_759,Bacteria,Bacillota,Clostridia,Oscillospirales,Oscillospiraceae,Colidextribacter,Colidextribacter_NA
ASV_760,Bacteria,Bacillota,Bacilli,Lactobacillales,Vagococcaceae,Vagococcus,Vagococcus_teuberi
ASV_761,Bacteria,Bacillota,Clostridia,Peptostreptococcales-Tissierellales,Peptostreptococcaceae,Paeniclostridium,Paeniclostridium_sordellii
ASV_762,Bacteria,Bacteroidota,Bacteroidia,Bacteroidales,Prevotellaceae,Prevotellaceae UCG-003,Prevotellaceae_UCG-003_NA
ASV_763,Bacteria,Bacillota,Clostridia,Lachnospirales,Lachnospiraceae,Lachnospiraceae NK4A136 group,Lachnospiraceae_NK4A136_group_NA
ASV_764,Bacteria,Pseudomonadota,Gammaproteobacteria,Burkholderiales,Sutterellaceae,Sutterella,Sutterella_massiliensis
ASV_765,Bacteria,Bacillota,Clostridia,Peptostreptococcales-Tissierellales,Peptostreptococcaceae,Terrisporobacter,Terrisporobacter_NA
ASV_766,Bacteria,Bacteroidota,Bacteroidia,Bacteroidales,Tannerellaceae,Parabacteroides,Parabacteroides_NA
ASV_767,Bacteria,Pseudomonadota,Gammaproteobacteria,Enterobacterales,Morganellaceae,Providencia,Providencia_stuartii
ASV_768,Bacteria,Bacteroidota,Bacteroidia,Bacteroidales,F082,NA,NA_NA
ASV_769,Bacteria,Bacillota,Clostridia,Oscillospirales,Ruminococcaceae,Ruminococcus,Ruminococcus_NA
ASV_770,Bacteria,Pseudomonadota,Alphaproteobacteria,Holosporales,Holosporaceae,Holospora,Holospora_sp.
ASV_771,Bacteria,Bacillota,Bacilli,Paenibacillales,Paenibacillaceae,Paenibacillus,Paenibacillus_taiwanensis
ASV_772,Bacteria,Bacteroidota,Bacteroidia,Bacteroidales,Bacteroidaceae,Bacteroides,Bacteroides_vulgatus
ASV_773,Bacteria,Bacteroidota,Bacteroidia,Bacteroidales,Rikenellaceae,Rikenellaceae RC9 gut group,Rikenellaceae_RC9_gut_group_NA
ASV_774,Bacteria,Bacteroidota,Bacteroidia,Flavobacteriales,Weeksellaceae,Chryseobacterium,Chryseobacterium_halperniae
ASV_775,Bacteria,Campylobacterota,Campylobacteria,Campylobacterales,Campylobacteraceae,Campylobacter,Campylobacter_jejuni
ASV_776,Bacteria,Bacillota,Clostridia,Christensenellales,Christensenellaceae,Christensenellaceae R-7 group,Christensenellaceae_R-7_group_NA
ASV_777,Bacteria,Bacillota,Clostridia,Lachnospirales,Lachnospiraceae,Blautia,Blautia_caecimuris
ASV_778,Bacteria,Pseudomonadota,Gammaproteobacteria,Burkholderiales,Neisseriaceae,Conchiformibius,Conchiformibius_NA
ASV_779,Bacteria,Pseudomonadota,Gammaproteobacteria,Cardiobacteriales,Wohlfahrtiimonadaceae,Ignatzschineria,Ignatzschineria_ureiclastica
ASV_780,Bacteria,Bacillota,Clostridia,Peptococcales,Peptococcaceae,Peptococcus,Peptococcus_NA
ASV_781,Bacteria,Bacillota,Clostridia,Peptostreptococcales-Tissierellales,Anaerovoracaceae,Mogibacterium,Mogibacterium_NA
ASV_782,Bacteria,Pseudomonadota,Gammaproteobacteria,Pseudomonadales,Pseudomonadaceae,Pseudomonas,Pseudomonas_parafulva
ASV_783,Bacteria,Bacteroidota,Bacteroidia,Bacteroidales,Dysgonomonadaceae,Dysgonomonas,Dysgonomonas_NA
ASV_784,Bacteria,Bacteroidota,Bacteroidia,Bacteroidales,Prevotellaceae,Xylanibacter,Xylanibacter_NA
ASV_785,Bacteria,Bacteroidota,Bacteroidia,Bacteroidales,Bacteroidales RF16 group,NA,NA_NA
ASV_786,Bacteria,Pseudomonadota,Gammaproteobacteria,Enterobacterales,NA,NA,NA_NA
ASV_787,Bacteria,Bacillota,Clostridia,Oscillospirales,Oscillospiraceae,UCG-005,UCG-005_NA
ASV_788,Bacteria,Bacillota,Clostridia,Peptostreptococcales-Tissierellales,Family XI,Tissierella,Tissierella_NA
ASV_789,Bacteria,Pseudomonadota,Gammaproteobacteria,Cardiobacteriales,Wohlfahrtiimonadaceae,Ignatzschineria,Ignatzschineria_ureiclastica
ASV_790,Bacteria,Pseudomonadota,Gammaproteobacteria,Pseudomonadales,Moraxellaceae,Acinetobacter,Acinetobacter_NA
ASV_791,Bacteria,Bacillota,Clostridia,Oscillospirales,Oscillospiraceae,UCG-002,UCG-002_NA
ASV_792,Bacteria,Bacillota,Bacilli,Lactobacillales,Lactobacillaceae,Lactiplantibacillus,Lactiplantibacillus_plantarum
ASV_793,Bacteria,Bacteroidota,Bacteroidia,Bacteroidales,Prevotellaceae,Prevotellaceae UCG-003,Prevotellaceae_UCG-003_NA
ASV_794,Bacteria,Verrucomicrobiota,Kiritimatiellia,WCHB1-41,NA,NA,NA_NA
ASV_795,Bacteria,Bacteroidota,Bacteroidia,Bacteroidales,Prevotellaceae,Segatella,Segatella_copri
ASV_796,Bacteria,Pseudomonadota,Gammaproteobacteria,Enterobacterales,Morganellaceae,Providencia,Providencia_NA
ASV_797,Bacteria,Pseudomonadota,Alphaproteobacteria,Acetobacterales,Acetobacteraceae,Asaia,Asaia_bogorensis
ASV_798,Bacteria,Pseudomonadota,Gammaproteobacteria,Pseudomonadales,Moraxellaceae,Psychrobacter,Psychrobacter_faecalis
ASV_799,Bacteria,Bacillota,Bacilli,Lactobacillales,Enterococcaceae,Enterococcus,Enterococcus_faecium
ASV_800,Bacteria,Bacillota,Clostridia,Oscillospirales,Oscillospiraceae,UCG-005,UCG-005_NA
ASV_801,Bacteria,Bacillota,Clostridia,Lachnospirales,Lachnospiraceae,Mediterraneibacter,Mediterraneibacter_gnavus
ASV_802,Bacteria,Bacteroidota,Bacteroidia,Bacteroidales,Dysgonomonadaceae,Dysgonomonas,Dysgonomonas_NA
ASV_803,Bacteria,Fusobacteriota,Fusobacteriia,Fusobacteriales,Fusobacteriaceae,Cetobacterium,Cetobacterium_NA
ASV_804,Bacteria,Verrucomicrobiota,Kiritimatiellia,WCHB1-41,NA,NA,NA_NA
ASV_805,Bacteria,Actinomycetota,Coriobacteriia,Coriobacteriales,Coriobacteriaceae,Collinsella,Collinsella_aerofaciens
ASV_806,Bacteria,Bacillota,Clostridia,Oscillospirales,Butyricicoccaceae,Butyricicoccus,Butyricicoccus_sp.
ASV_807,Bacteria,Bacillota,Clostridia,Oscillospirales,Ruminococcaceae,Ruminococcus,Ruminococcus_NA
ASV_808,Bacteria,Bacteroidota,Bacteroidia,Flavobacteriales,Weeksellaceae,Chryseobacterium,Chryseobacterium_indologenes
ASV_809,Bacteria,Fusobacteriota,Fusobacteriia,Fusobacteriales,Fusobacteriaceae,Fusobacterium,Fusobacterium_varium
ASV_810,Bacteria,Bacillota,Bacilli,Lactobacillales,Lactobacillaceae,Ligilactobacillus,Ligilactobacillus_ruminis
ASV_811,Bacteria,Pseudomonadota,Gammaproteobacteria,Cardiobacteriales,Wohlfahrtiimonadaceae,Ignatzschineria,Ignatzschineria_indica
ASV_812,Bacteria,Bacillota,Bacilli,Lactobacillales,Lactobacillaceae,Levilactobacillus,Levilactobacillus_brevis
ASV_813,Bacteria,Pseudomonadota,Alphaproteobacteria,Rickettsiales,Mitochondria,NA,NA_NA
ASV_814,Bacteria,Bacteroidota,Bacteroidia,Bacteroidales,F082,NA,NA_NA
ASV_815,Bacteria,Bacillota,Bacilli,Erysipelotrichales,Erysipelotrichaceae,Dubosiella,Dubosiella_NA
ASV_816,Bacteria,Verrucomicrobiota,Kiritimatiellia,WCHB1-41,NA,NA,NA_NA
ASV_817,Bacteria,Pseudomonadota,Alphaproteobacteria,Hyphomicrobiales,Beijerinckiaceae,Methylobacterium,Methylobacterium_adhaesivum
ASV_818,Bacteria,Bacillota,Clostridia,Oscillospirales,Oscillospiraceae,UCG-002,UCG-002_NA
ASV_819,Bacteria,Bacillota,Clostridia,Lachnospirales,Lachnospiraceae,NA,NA_NA
ASV_820,Bacteria,Bacillota,Clostridia,Oscillospirales,Ruminococcaceae,Paludicola,Paludicola_NA
ASV_821,Bacteria,Bacillota,Bacilli,RF39,NA,NA,NA_NA
ASV_822,Bacteria,Pseudomonadota,Gammaproteobacteria,Burkholderiales,Neisseriaceae,NA,NA_NA
ASV_823,Bacteria,Bacillota,Bacilli,Erysipelotrichales,Erysipelatoclostridiaceae,Thomasclavelia,Thomasclavelia_NA
ASV_824,Bacteria,Bacteroidota,Bacteroidia,Flavobacteriales,Weeksellaceae,Chryseobacterium,Chryseobacterium_NA
ASV_825,Bacteria,Bacillota,Clostridia,Oscillospirales,Oscillospiraceae,UCG-002,UCG-002_NA
ASV_826,Bacteria,Bacillota,Clostridia,Clostridiales,Clostridiaceae,Clostridium,Clostridium_subterminale
ASV_827,Bacteria,Pseudomonadota,Gammaproteobacteria,Pseudomonadales,Moraxellaceae,Acinetobacter,Acinetobacter_haemolyticus
ASV_828,Bacteria,Pseudomonadota,Gammaproteobacteria,Burkholderiales,Sutterellaceae,Sutterella,Sutterella_NA
ASV_829,Bacteria,Pseudomonadota,Alphaproteobacteria,Hyphomicrobiales,Rhizobiaceae,NA,NA_NA
ASV_830,Bacteria,Bacillota,Clostridia,Oscillospirales,[Eubacterium] coprostanoligenes group,NA,NA_NA
ASV_831,Bacteria,Bacteroidota,Bacteroidia,Sphingobacteriales,Sphingobacteriaceae,Pedobacter,Pedobacter_agri
ASV_832,Bacteria,Bacillota,Clostridia,Peptostreptococcales-Tissierellales,Family XI,Tissierella,Tissierella_NA
ASV_833,Bacteria,Pseudomonadota,Alphaproteobacteria,Rhodobacterales,Paracoccaceae,Paracoccus,Paracoccus_contaminans
ASV_834,Bacteria,Pseudomonadota,Gammaproteobacteria,Cardiobacteriales,Wohlfahrtiimonadaceae,Ignatzschineria,Ignatzschineria_NA
ASV_835,Bacteria,Fusobacteriota,Fusobacteriia,Fusobacteriales,Fusobacteriaceae,Cetobacterium,Cetobacterium_NA
ASV_836,Bacteria,Bacillota,Clostridia,Peptostreptococcales-Tissierellales,Peptostreptococcaceae,Peptostreptococcus,Peptostreptococcus_russellii
ASV_837,Bacteria,Pseudomonadota,Gammaproteobacteria,Enterobacterales,Shewanellaceae,Shewanella,Shewanella_putrefaciens
ASV_838,Bacteria,Bacillota,Clostridia,Peptostreptococcales-Tissierellales,Anaerovoracaceae,Mogibacterium,Mogibacterium_pumilum
ASV_839,Bacteria,Bacillota,Bacilli,Lactobacillales,Lactobacillaceae,Paucilactobacillus,Paucilactobacillus_nenjiangensis
ASV_840,Bacteria,Bacillota,Clostridia,Lachnospirales,Lachnospiraceae,Blautia,Blautia_NA
ASV_841,Bacteria,Bacillota,Clostridia,Oscillospirales,Ruminococcaceae,Ruminococcus,Ruminococcus_flavefaciens
ASV_842,Bacteria,Pseudomonadota,Alphaproteobacteria,Rickettsiales,Mitochondria,NA,NA_NA
ASV_843,Bacteria,Pseudomonadota,Gammaproteobacteria,Enterobacterales,Succinivibrionaceae,Anaerobiospirillum,Anaerobiospirillum_succiniciproducens
ASV_844,Bacteria,Bacteroidota,Bacteroidia,Bacteroidales,Bacteroidales RF16 group,NA,NA_NA
ASV_845,Bacteria,Cyanobacteriota,Cyanobacteriia,Chloroplast,NA,NA,NA_NA
ASV_846,Bacteria,Bacillota,Clostridia,Christensenellales,Christensenellaceae,NA,NA_NA
ASV_847,Bacteria,Bacteroidota,Bacteroidia,Bacteroidales,Prevotellaceae,Xylanibacter,Xylanibacter_NA
ASV_848,Bacteria,Bacillota,Bacilli,Lactobacillales,Streptococcaceae,Lactococcus,Lactococcus_piscium
ASV_849,Bacteria,Verrucomicrobiota,Kiritimatiellia,WCHB1-41,NA,NA,NA_NA
ASV_850,Bacteria,Actinomycetota,Actinobacteria,Bifidobacteriales,Bifidobacteriaceae,Bifidobacterium,Bifidobacterium_platyrrhinorum
ASV_851,Bacteria,Bacillota,Negativicutes,Acidaminococcales,Acidaminococcaceae,Phascolarctobacterium,Phascolarctobacterium_NA
ASV_852,Bacteria,Bacillota,Bacilli,Lactobacillales,Lactobacillaceae,Lactiplantibacillus,Lactiplantibacillus_plantarum
ASV_853,Bacteria,Pseudomonadota,Gammaproteobacteria,Burkholderiales,Neisseriaceae,Vitreoscilla,Vitreoscilla_NA
ASV_854,Bacteria,Bacillota,Bacilli,Erysipelotrichales,Erysipelatoclostridiaceae,Thomasclavelia,Thomasclavelia_NA
ASV_855,Bacteria,Actinomycetota,Coriobacteriia,Coriobacteriales,Eggerthellaceae,Adlercreutzia,Adlercreutzia_NA
ASV_856,Bacteria,Bacillota,Bacilli,Lactobacillales,Lactobacillaceae,Leuconostoc,Leuconostoc_pseudomesenteroides
ASV_857,Bacteria,Verrucomicrobiota,Kiritimatiellia,WCHB1-41,NA,NA,NA_NA
ASV_858,Bacteria,Chlamydiota,Chlamydiia,Chlamydiales,cvE6,NA,NA_NA
ASV_859,Bacteria,Bacillota,Clostridia,Peptococcales,Peptococcaceae,Peptococcus,Peptococcus_NA
ASV_860,Bacteria,Bacillota,Bacilli,Lactobacillales,Enterococcaceae,Enterococcus,Enterococcus_gilvus
ASV_861,Bacteria,Bacillota,Bacilli,RF39,NA,NA,NA_NA
ASV_862,Bacteria,Bacteroidota,Bacteroidia,Flavobacteriales,Flavobacteriaceae,Myroides,Myroides_marinus
ASV_863,Bacteria,Pseudomonadota,Alphaproteobacteria,Acetobacterales,Acetobacteraceae,Asaia,Asaia_astilbis
ASV_864,Bacteria,Bacillota,Negativicutes,Acidaminococcales,Acidaminococcaceae,Phascolarctobacterium,Phascolarctobacterium_NA
ASV_865,Bacteria,Bacillota,Bacilli,Lactobacillales,Lactobacillaceae,Leuconostoc,Leuconostoc_mesenteroides
ASV_866,Bacteria,Bacillota,Bacilli,Lactobacillales,Streptococcaceae,Streptococcus,Streptococcus_hyointestinalis
ASV_867,Bacteria,Pseudomonadota,Gammaproteobacteria,Enterobacterales,Enterobacteriaceae,Citrobacter,Citrobacter_koseri
ASV_868,Bacteria,Pseudomonadota,Gammaproteobacteria,Pseudomonadales,Moraxellaceae,Acinetobacter,Acinetobacter_NA
ASV_869,Bacteria,Actinomycetota,Actinobacteria,Bifidobacteriales,Bifidobacteriaceae,Bifidobacterium,Bifidobacterium_pullorum
ASV_870,Bacteria,Pseudomonadota,Gammaproteobacteria,Pseudomonadales,Moraxellaceae,Acinetobacter,Acinetobacter_sp.
ASV_871,Bacteria,Bacillota,Bacilli,Lactobacillales,Enterococcaceae,Enterococcus,Enterococcus_sulfureus
ASV_872,Bacteria,Bacillota,Clostridia,Oscillospirales,Ruminococcaceae,Ruminococcus,Ruminococcus_albus
ASV_873,Bacteria,Bacteroidota,Bacteroidia,Bacteroidales,Bacteroidaceae,Bacteroides,Bacteroides_fragilis
ASV_874,Bacteria,Pseudomonadota,Alphaproteobacteria,Rickettsiales,Mitochondria,NA,NA_NA
ASV_875,Bacteria,Bacillota,Bacilli,RF39,NA,NA,NA_NA
ASV_876,Bacteria,Bacillota,Clostridia,Peptostreptococcales-Tissierellales,Family XI,Tissierella,Tissierella_praeacuta
ASV_877,Bacteria,Bacillota,Bacilli,Lactobacillales,Lactobacillaceae,Lactobacillus,Lactobacillus_intestinalis
ASV_878,Bacteria,Bacillota,Bacilli,Bacillales,Planococcaceae,Lysinibacillus,Lysinibacillus_NA
ASV_879,Bacteria,Pseudomonadota,Gammaproteobacteria,Pseudomonadales,Moraxellaceae,Acinetobacter,Acinetobacter_rudis
ASV_880,Bacteria,Bacillota,Bacilli,Erysipelotrichales,Erysipelotrichaceae,Holdemanella,Holdemanella_biformis
ASV_881,Bacteria,Pseudomonadota,Gammaproteobacteria,Pseudomonadales,Pseudomonadaceae,Pseudomonas,Pseudomonas_extremaustralis
ASV_882,Bacteria,Bacillota,Bacilli,Staphylococcales,Staphylococcaceae,Mammaliicoccus,Mammaliicoccus_NA
ASV_883,Bacteria,Bacteroidota,Bacteroidia,Flavobacteriales,Weeksellaceae,NA,NA_NA
ASV_884,Bacteria,Pseudomonadota,Gammaproteobacteria,Pseudomonadales,Moraxellaceae,Acinetobacter,Acinetobacter_sp.
ASV_885,Bacteria,Pseudomonadota,Gammaproteobacteria,Lysobacterales,Rhodanobacteraceae,Dyella,Dyella_thiooxydans
ASV_886,Bacteria,Pseudomonadota,Gammaproteobacteria,Pseudomonadales,Moraxellaceae,Psychrobacter,Psychrobacter_sanguinis
ASV_887,Bacteria,Pseudomonadota,Alphaproteobacteria,Hyphomicrobiales,Rhizobiaceae,Pseudochrobactrum,Pseudochrobactrum_NA
ASV_888,Bacteria,Bacillota,Clostridia,Lachnospirales,Lachnospiraceae,NA,NA_NA
ASV_889,Bacteria,Pseudomonadota,Gammaproteobacteria,Enterobacterales,NA,NA,NA_NA
ASV_890,Bacteria,Pseudomonadota,Gammaproteobacteria,Cardiobacteriales,Wohlfahrtiimonadaceae,Ignatzschineria,Ignatzschineria_ureiclastica
ASV_891,Bacteria,Bacteroidota,Bacteroidia,Bacteroidales,NA,NA,NA_NA
ASV_892,Bacteria,Bacillota,Clostridia,Peptostreptococcales-Tissierellales,Family XI,Peptoniphilus,Peptoniphilus_stercorisuis
ASV_893,Bacteria,Fusobacteriota,Fusobacteriia,Fusobacteriales,Fusobacteriaceae,Fusobacterium,Fusobacterium_mortiferum
ASV_894,Bacteria,Bacteroidota,Bacteroidia,Flavobacteriales,Flavobacteriaceae,Myroides,Myroides_NA
ASV_895,Bacteria,Campylobacterota,Campylobacteria,Campylobacterales,Helicobacteraceae,Helicobacter,Helicobacter_canis
ASV_896,Bacteria,Pseudomonadota,Alphaproteobacteria,Rickettsiales,Mitochondria,NA,NA_NA
ASV_897,Bacteria,Actinomycetota,Actinobacteria,Micrococcales,Micrococcaceae,NA,NA_NA
ASV_898,Bacteria,Bacillota,Clostridia,Oscillospirales,Oscillospiraceae,UCG-005,UCG-005_NA
ASV_899,Bacteria,Pseudomonadota,Alphaproteobacteria,Hyphomicrobiales,Beijerinckiaceae,Methylobacterium,Methylobacterium_NA
ASV_900,Bacteria,Pseudomonadota,Gammaproteobacteria,Burkholderiales,Sutterellaceae,Sutterella,Sutterella_massiliensis
ASV_901,Bacteria,Bacteroidota,Bacteroidia,Bacteroidales,F082,NA,NA_NA
ASV_902,Bacteria,Pseudomonadota,Gammaproteobacteria,Burkholderiales,Sutterellaceae,Sutterella,Sutterella_massiliensis
ASV_903,Bacteria,Bacillota,Clostridia,Oscillospirales,Ruminococcaceae,Ruminococcus,Ruminococcus_NA
ASV_904,Bacteria,Actinomycetota,Actinobacteria,Micrococcales,Micrococcaceae,Micrococcus,Micrococcus_luteus
ASV_905,Bacteria,Pseudomonadota,Alphaproteobacteria,Hyphomicrobiales,Rhizobiaceae,Endobacterium,Endobacterium_NA
ASV_906,Bacteria,Pseudomonadota,Alphaproteobacteria,Rickettsiales,Mitochondria,NA,NA_NA
ASV_907,Bacteria,Actinomycetota,Actinobacteria,Mycobacteriales,Nocardiaceae,Williamsia,Williamsia_herbipolensis
ASV_908,Bacteria,Bacillota,Bacilli,RF39,NA,NA,NA_NA
ASV_909,Bacteria,Bacillota,Bacilli,Mycoplasmatales,Mycoplasmataceae,Malacoplasma,Malacoplasma_NA
ASV_910,Bacteria,NA,NA,NA,NA,NA,NA_NA
ASV_911,Bacteria,Bacillota,Clostridia,Oscillospirales,Oscillospiraceae,UCG-005,UCG-005_NA
ASV_912,Bacteria,Bacillota,Bacilli,Lactobacillales,Lactobacillaceae,Limosilactobacillus,Limosilactobacillus_NA
ASV_913,Bacteria,Pseudomonadota,Gammaproteobacteria,Pseudomonadales,Moraxellaceae,Acinetobacter,Acinetobacter_boissieri
ASV_914,Bacteria,Bacillota,Negativicutes,Veillonellales-Selenomonadales,Veillonellaceae,Dialister,Dialister_NA
ASV_915,Bacteria,Bacteroidota,Bacteroidia,Flavobacteriales,Flavobacteriaceae,Myroides,Myroides_odoratimimus
ASV_916,Bacteria,Bacillota,Bacilli,Lactobacillales,Streptococcaceae,Floricoccus,Floricoccus_penangensis
ASV_917,Bacteria,Bacillota,Clostridia,Peptostreptococcales-Tissierellales,Peptostreptococcaceae,Romboutsia,Romboutsia_sedimentorum
ASV_918,Bacteria,Cyanobacteriota,Cyanobacteriia,Chloroplast,NA,NA,NA_NA
ASV_919,Bacteria,Pseudomonadota,Alphaproteobacteria,Hyphomicrobiales,Xanthobacteraceae,Bradyrhizobium,Bradyrhizobium_elkanii
ASV_920,Bacteria,Bacteroidota,Bacteroidia,Bacteroidales,Prevotellaceae,Prevotellaceae UCG-001,Prevotellaceae_UCG-001_NA
ASV_921,Bacteria,Bacillota,Clostridia,Lachnospirales,Lachnospiraceae,NA,NA_NA
ASV_922,Bacteria,Bacillota,Clostridia,Oscillospirales,Oscillospiraceae,UCG-005,UCG-005_NA
ASV_923,Bacteria,Fusobacteriota,Fusobacteriia,Fusobacteriales,Fusobacteriaceae,Fusobacterium,Fusobacterium_ulcerans
ASV_924,Bacteria,Bacteroidota,Bacteroidia,Flavobacteriales,Weeksellaceae,Chryseobacterium,Chryseobacterium_glaciei
ASV_925,Bacteria,Bacillota,Clostridia,Clostridiales,Clostridiaceae,Clostridium,Clostridium_chartatabidum
ASV_926,Bacteria,Bacteroidota,Bacteroidia,Bacteroidales,F082,NA,NA_NA
ASV_927,Bacteria,Actinomycetota,Coriobacteriia,Coriobacteriales,Coriobacteriaceae,Collinsella,Collinsella_stercoris
ASV_928,Bacteria,Bacillota,Bacilli,Lactobacillales,Lactobacillaceae,Latilactobacillus,Latilactobacillus_sakei
ASV_929,Bacteria,Bacteroidota,Bacteroidia,Bacteroidales,Bacteroidaceae,Bacteroides,Bacteroides_NA
ASV_930,Bacteria,Pseudomonadota,Gammaproteobacteria,Burkholderiales,Neisseriaceae,Conchiformibius,Conchiformibius_NA
ASV_931,Bacteria,Bacillota,Clostridia,Oscillospirales,Ruminococcaceae,Ruminococcus,Ruminococcus_flavefaciens
ASV_932,Bacteria,Bacillota,Bacilli,Lactobacillales,Lactobacillaceae,Apilactobacillus,Apilactobacillus_ozensis
ASV_933,Bacteria,Pseudomonadota,Gammaproteobacteria,Pseudomonadales,Pseudomonadaceae,Pseudomonas,Pseudomonas_antarctica
ASV_934,Bacteria,Bacillota,Clostridia,Oscillospirales,Oscillospiraceae,UCG-005,UCG-005_NA
ASV_935,Bacteria,Patescibacteria,Saccharimonadia,Saccharimonadales,Saccharimonadaceae,Candidatus Saccharimonas,Candidatus_Saccharimonas_NA
ASV_936,Bacteria,Pseudomonadota,Alphaproteobacteria,Hyphomicrobiales,Rhizobiaceae,Pseudochrobactrum,Pseudochrobactrum_saccharolyticum
ASV_937,Bacteria,Bacillota,Clostridia,Clostridiales,Clostridiaceae,Clostridium,Clostridium_NA
ASV_938,Bacteria,Actinomycetota,Actinobacteria,Mycobacteriales,Corynebacteriaceae,Corynebacterium,Corynebacterium_glyciniphilum
ASV_939,Bacteria,Pseudomonadota,Alphaproteobacteria,Hyphomicrobiales,Beijerinckiaceae,Bosea,Bosea_sp.
ASV_940,Bacteria,Bacteroidota,Bacteroidia,Bacteroidales,Bacteroidaceae,Bacteroides,Bacteroides_stercoris
ASV_941,Bacteria,Thermodesulfobacteriota,Desulfovibrionia,Desulfovibrionales,Desulfovibrionaceae,Desulfovibrio,Desulfovibrio_NA
ASV_942,Bacteria,Bacteroidota,Bacteroidia,Flavobacteriales,Flavobacteriaceae,Myroides,Myroides_profundi
ASV_943,Bacteria,Bacillota,Clostridia,Clostridiales,Clostridiaceae,Clostridium,Clostridium_NA
ASV_944,Bacteria,Bacillota,Clostridia,Clostridiales,Clostridiaceae,Clostridium,Clostridium_frigidicarnis
ASV_945,Bacteria,Bacillota,Bacilli,Lactobacillales,Enterococcaceae,Enterococcus,Enterococcus_NA
ASV_946,Bacteria,Bacillota,Clostridia,Lachnospirales,Lachnospiraceae,Blautia,Blautia_NA
ASV_947,Bacteria,Bacteroidota,Bacteroidia,Bacteroidales,F082,NA,NA_NA
ASV_948,Bacteria,Bacillota,Bacilli,Erysipelotrichales,Erysipelotrichaceae,Dielma,Dielma_NA
ASV_949,Bacteria,Bacillota,Clostridia,Lachnospirales,Lachnospiraceae,Blautia,Blautia_NA
ASV_950,Bacteria,Bacteroidota,Bacteroidia,Bacteroidales,Bacteroidaceae,Bacteroides,Bacteroides_coprocola
ASV_951,Bacteria,Bacillota,Bacilli,Erysipelotrichales,Erysipelotrichaceae,Faecalitalea,Faecalitalea_NA
ASV_952,Bacteria,Bacillota,Clostridia,Oscillospirales,Oscillospiraceae,UCG-002,UCG-002_NA
ASV_953,Bacteria,Bacteroidota,Bacteroidia,Bacteroidales,Bacteroidaceae,Bacteroides,Bacteroides_caecicola
ASV_954,Bacteria,Verrucomicrobiota,Kiritimatiellia,WCHB1-41,NA,NA,NA_NA
ASV_955,Bacteria,Pseudomonadota,Gammaproteobacteria,Pseudomonadales,Moraxellaceae,Acinetobacter,Acinetobacter_lwoffii
ASV_956,Bacteria,Pseudomonadota,Gammaproteobacteria,Cardiobacteriales,Wohlfahrtiimonadaceae,Ignatzschineria,Ignatzschineria_sp.
ASV_957,Bacteria,Bacteroidota,Bacteroidia,Bacteroidales,F082,NA,NA_NA
ASV_958,Bacteria,Bacillota,Clostridia,Lachnospirales,Lachnospiraceae,Lachnospiraceae AC2044 group,Lachnospiraceae_AC2044_group_NA
ASV_959,Bacteria,Pseudomonadota,Alphaproteobacteria,Rickettsiales,Mitochondria,NA,NA_NA
ASV_960,Bacteria,Bacillota,Clostridia,Oscillospirales,UCG-010,NA,NA_NA
ASV_961,Bacteria,Bacillota,Bacilli,Erysipelotrichales,Erysipelotrichaceae,Solobacterium,Solobacterium_NA
ASV_962,Bacteria,Pseudomonadota,Gammaproteobacteria,Pseudomonadales,Pseudomonadaceae,Pseudomonas,Pseudomonas_NA
ASV_963,Bacteria,Bacillota,Clostridia,Oscillospirales,[Eubacterium] coprostanoligenes group,NA,NA_NA
ASV_964,Bacteria,Pseudomonadota,Gammaproteobacteria,Burkholderiales,Oxalobacteraceae,Duganella,Duganella_vulcania
ASV_965,Bacteria,Bacillota,Bacilli,Lactobacillales,Lactobacillaceae,NA,NA_NA
ASV_966,Bacteria,Bacillota,Clostridia,Peptostreptococcales-Tissierellales,Family XI,Tissierella,Tissierella_creatinophila
ASV_967,Bacteria,Bacillota,Bacilli,Erysipelotrichales,Erysipelotrichaceae,Allobaculum,Allobaculum_stercoricanis
ASV_968,Bacteria,Pseudomonadota,Alphaproteobacteria,Rickettsiales,Mitochondria,NA,NA_NA
ASV_969,Bacteria,Bacillota,Bacilli,Erysipelotrichales,Erysipelotrichaceae,Catenisphaera,Catenisphaera_NA
ASV_970,Bacteria,Bacillota,Clostridia,Lachnospirales,Lachnospiraceae,Anaerobutyricum,Anaerobutyricum_soehngenii
ASV_971,Bacteria,Pseudomonadota,Gammaproteobacteria,Pseudomonadales,Halomonadaceae,Halomonas,Halomonas_ventosae
ASV_972,Bacteria,Bacillota,Bacilli,Lactobacillales,Enterococcaceae,Enterococcus,Enterococcus_gilvus
ASV_973,Bacteria,Pseudomonadota,Alphaproteobacteria,Incertae Sedis,Incertae Sedis,Hypericibacter,Hypericibacter_NA
ASV_974,Bacteria,Bacillota,Bacilli,Lactobacillales,Vagococcaceae,Vagococcus,Vagococcus_teuberi
ASV_975,Bacteria,Bacillota,Bacilli,Erysipelotrichales,Erysipelotrichaceae,Faecalitalea,Faecalitalea_NA
ASV_976,Bacteria,Bacillota,Bacilli,Erysipelotrichales,Erysipelotrichaceae,Solobacterium,Solobacterium_NA
ASV_977,Bacteria,Bacteroidota,Bacteroidia,Bacteroidales,Prevotellaceae,NA,NA_NA
ASV_978,Bacteria,Pseudomonadota,Gammaproteobacteria,Enterobacterales,Erwiniaceae,Erwinia,Erwinia_NA
ASV_979,Bacteria,Bacteroidota,Bacteroidia,Bacteroidales,Prevotellaceae,NA,NA_NA
ASV_980,Bacteria,Bacillota,Clostridia,Clostridiales,Clostridiaceae,Sarcina,Sarcina_NA
ASV_981,Bacteria,Bacillota,Bacilli,RF39,NA,NA,NA_NA
ASV_982,Bacteria,Bacteroidota,Bacteroidia,Flavobacteriales,Weeksellaceae,NA,NA_NA
ASV_983,Bacteria,Bacteroidota,Bacteroidia,Bacteroidales,Prevotellaceae,Xylanibacter,Xylanibacter_NA
ASV_984,Bacteria,Bacteroidota,Bacteroidia,Bacteroidales,p-2534-18B5 gut group,NA,NA_NA
ASV_985,Bacteria,Bacteroidota,Bacteroidia,Bacteroidales,Prevotellaceae,Prevotellaceae NK3B31 group,Prevotellaceae_NK3B31_group_NA
ASV_986,Bacteria,Bacteroidota,Bacteroidia,Bacteroidales,Bacteroidaceae,Bacteroides,Bacteroides_NA
ASV_987,Bacteria,Pseudomonadota,Gammaproteobacteria,Enterobacterales,Orbaceae,NA,NA_NA
ASV_988,Bacteria,Bacteroidota,Bacteroidia,Bacteroidales,Bacteroidaceae,Bacteroides,Bacteroides_salanitronis
ASV_989,Bacteria,Bacillota,Clostridia,Oscillospirales,Oscillospiraceae,UCG-005,UCG-005_NA
ASV_990,Bacteria,Pseudomonadota,Gammaproteobacteria,Enterobacterales,Succinivibrionaceae,Ruminobacter,Ruminobacter_amylophilus
ASV_991,Bacteria,Bacillota,Bacilli,Lactobacillales,Lactobacillaceae,Weissella,Weissella_cibaria
ASV_992,Bacteria,Actinomycetota,Actinobacteria,Mycobacteriales,Corynebacteriaceae,Corynebacterium,Corynebacterium_amycolatum
ASV_993,Bacteria,Pseudomonadota,Gammaproteobacteria,Pseudomonadales,Moraxellaceae,Acinetobacter,Acinetobacter_ursingii
ASV_994,Bacteria,Bacillota,Clostridia,Peptostreptococcales-Tissierellales,Peptostreptococcaceae,Peptoclostridium,Peptoclostridium_hiranonis
ASV_995,Bacteria,Chloroflexota,Anaerolineae,RBG-13-54-9,NA,NA,NA_NA
ASV_996,Bacteria,Pseudomonadota,Alphaproteobacteria,Rickettsiales,Mitochondria,NA,NA_NA
ASV_997,Bacteria,Pseudomonadota,Alphaproteobacteria,Rickettsiales,Mitochondria,NA,NA_NA
ASV_998,Bacteria,Bacteroidota,Bacteroidia,Bacteroidales,F082,NA,NA_NA
ASV_999,Bacteria,Pseudomonadota,Gammaproteobacteria,Pseudomonadales,Pseudomonadaceae,Pseudomonas,Pseudomonas_syringae
ASV_1000,Bacteria,Actinomycetota,Actinobacteria,Actinomycetales,Actinomycetaceae,Schaalia,Schaalia_NA
ASV_1001,Bacteria,Bacteroidota,Bacteroidia,Flavobacteriales,Weeksellaceae,Chryseobacterium,Chryseobacterium_indologenes
ASV_1002,Bacteria,Actinomycetota,Actinobacteria,Mycobacteriales,Nocardiaceae,Gordonia,Gordonia_cholesterolivorans
ASV_1003,Bacteria,Bacteroidota,Bacteroidia,Bacteroidales,Bacteroidaceae,Bacteroides,Bacteroides_massiliensis
ASV_1004,Bacteria,Bacillota,Bacilli,Bacillales,Planococcaceae,Savagea,Savagea_faecisuis
ASV_1005,Bacteria,Bacillota,Clostridia,Peptostreptococcales-Tissierellales,Family XI,Tissierella,Tissierella_NA
ASV_1006,Bacteria,Pseudomonadota,Alphaproteobacteria,Hyphomicrobiales,Beijerinckiaceae,Lichenibacterium,Lichenibacterium_NA
ASV_1007,Bacteria,Bacteroidota,Bacteroidia,Bacteroidales,Marinifilaceae,Odoribacter,Odoribacter_NA
ASV_1008,Bacteria,Bacillota,Bacilli,Lactobacillales,Lactobacillaceae,Lactobacillus,Lactobacillus_amylovorus
ASV_1009,Bacteria,Bacillota,Clostridia,Oscillospirales,Ruminococcaceae,Ruminococcus,Ruminococcus_NA
ASV_1010,Bacteria,Bacteroidota,Bacteroidia,Bacteroidales,Bacteroidaceae,Bacteroides,Bacteroides_vulgatus
ASV_1011,Bacteria,Bacillota,Clostridia,Oscillospirales,Oscillospiraceae,UCG-005,UCG-005_NA
ASV_1012,Bacteria,Bacillota,Bacilli,Erysipelotrichales,Erysipelatoclostridiaceae,UCG-004,UCG-004_NA
ASV_1013,Bacteria,Bacillota,Clostridia,Oscillospirales,UCG-010,NA,NA_NA
ASV_1014,Bacteria,Bacillota,Clostridia,Lachnospirales,Lachnospiraceae,Lachnospiraceae FE2018 group,Lachnospiraceae_FE2018_group_NA
ASV_1015,Bacteria,Bacillota,Clostridia,Lachnospirales,Lachnospiraceae,NA,NA_NA
ASV_1016,Bacteria,Pseudomonadota,Gammaproteobacteria,Burkholderiales,Comamonadaceae,Delftia,Delftia_tsuruhatensis
ASV_1017,Bacteria,Bacillota,Bacilli,Bacillales,Planococcaceae,NA,NA_NA
ASV_1018,Bacteria,Bacillota,Clostridia,Lachnospirales,Lachnospiraceae,Lachnoclostridium,Lachnoclostridium_NA
ASV_1019,Bacteria,Pseudomonadota,Gammaproteobacteria,Burkholderiales,Comamonadaceae,Comamonas,Comamonas_NA
ASV_1020,Bacteria,Bacillota,Clostridia,Peptococcales,Peptococcaceae,Peptococcus,Peptococcus_NA
ASV_1021,Bacteria,Pseudomonadota,Gammaproteobacteria,Cardiobacteriales,Wohlfahrtiimonadaceae,Ignatzschineria,Ignatzschineria_sp.
ASV_1022,Bacteria,Bacteroidota,Bacteroidia,Bacteroidales,Dysgonomonadaceae,Dysgonomonas,Dysgonomonas_NA
ASV_1023,Bacteria,Bacillota,Bacilli,Erysipelotrichales,Erysipelatoclostridiaceae,Erysipelotrichaceae UCG-003,Erysipelotrichaceae_UCG-003_NA
ASV_1024,Bacteria,Pseudomonadota,Gammaproteobacteria,Enterobacterales,Erwiniaceae,Pantoea,Pantoea_sp.
ASV_1025,Bacteria,Bacillota,Clostridia,Clostridiales,Clostridiaceae,Clostridium,Clostridium_NA
ASV_1026,Bacteria,Pseudomonadota,Gammaproteobacteria,Burkholderiales,NA,NA,NA_NA
ASV_1027,Bacteria,Bacillota,Clostridia,Lachnospirales,Lachnospiraceae,Faecalimonas,Faecalimonas_umbilicata
ASV_1028,Bacteria,Bacteroidota,Bacteroidia,Bacteroidales,p-2534-18B5 gut group,NA,NA_NA
ASV_1029,Bacteria,Bacillota,Bacilli,Erysipelotrichales,Erysipelotrichaceae,Catenisphaera,Catenisphaera_NA
ASV_1030,Bacteria,Bacteroidota,Bacteroidia,Bacteroidales,Tannerellaceae,Parabacteroides,Parabacteroides_NA
ASV_1031,Bacteria,Bacillota,Clostridia,Peptostreptococcales-Tissierellales,Family XI,Tissierella,Tissierella_NA
ASV_1032,Bacteria,Pseudomonadota,Gammaproteobacteria,Burkholderiales,Comamonadaceae,Comamonas,Comamonas_testosteroni
ASV_1033,Bacteria,Bacteroidota,Bacteroidia,Bacteroidales,Bacteroidaceae,Bacteroides,Bacteroides_NA
ASV_1034,Bacteria,Pseudomonadota,Gammaproteobacteria,Burkholderiales,Comamonadaceae,Comamonas,Comamonas_testosteroni
ASV_1035,Bacteria,Bacillota,Bacilli,Lactobacillales,Vagococcaceae,Vagococcus,Vagococcus_NA
ASV_1036,Bacteria,Actinomycetota,Acidimicrobiia,Microtrichales,NA,NA,NA_NA
ASV_1037,Bacteria,Pseudomonadota,Alphaproteobacteria,Rickettsiales,Mitochondria,NA,NA_NA
ASV_1038,Bacteria,Bacillota,Clostridia,Clostridiales,Clostridiaceae,Clostridium,Clostridium_NA
ASV_1039,Bacteria,Bacillota,Negativicutes,Acidaminococcales,Acidaminococcaceae,Phascolarctobacterium,Phascolarctobacterium_NA
ASV_1040,Bacteria,Pseudomonadota,Gammaproteobacteria,Enterobacterales,Enterobacteriaceae,Buttiauxella,Buttiauxella_NA
ASV_1041,Bacteria,Bacillota,Clostridia,Lachnospirales,Lachnospiraceae,Blautia,Blautia_NA
ASV_1042,Bacteria,Bacillota,Clostridia,Oscillospirales,Oscillospiraceae,Colidextribacter,Colidextribacter_NA
ASV_1043,Bacteria,Verrucomicrobiota,Kiritimatiellia,WCHB1-41,NA,NA,NA_NA
ASV_1044,Bacteria,Bacillota,Clostridia,Lachnospirales,Lachnospiraceae,NA,NA_NA
ASV_1045,Bacteria,Bacteroidota,Bacteroidia,Bacteroidales,Bacteroidales RF16 group,NA,NA_NA
ASV_1046,Bacteria,Thermodesulfobacteriota,Desulfovibrionia,Desulfovibrionales,Desulfovibrionaceae,Mailhella,Mailhella_NA
ASV_1047,Bacteria,Bacillota,Clostridia,NA,NA,NA,NA_NA
ASV_1048,Bacteria,Bacillota,Clostridia,Oscillospirales,UCG-010,NA,NA_NA
ASV_1049,Bacteria,Pseudomonadota,Gammaproteobacteria,Burkholderiales,Comamonadaceae,NA,NA_NA
ASV_1050,Bacteria,Bacillota,Clostridia,Oscillospirales,Oscillospiraceae,Oscillibacter,Oscillibacter_NA
ASV_1051,Bacteria,Actinomycetota,Coriobacteriia,Coriobacteriales,Atopobiaceae,Olsenella,Olsenella_NA
ASV_1052,Bacteria,Bacillota,Clostridia,Lachnospirales,Lachnospiraceae,Blautia,Blautia_NA
ASV_1053,Bacteria,Pseudomonadota,Gammaproteobacteria,Pseudomonadales,Moraxellaceae,Acinetobacter,Acinetobacter_lwoffii
ASV_1054,Bacteria,Bacillota,Clostridia,Lachnospirales,Lachnospiraceae,Tyzzerella,Tyzzerella_NA
ASV_1055,Bacteria,Bacillota,Clostridia,Oscillospirales,Ruminococcaceae,Faecalibacterium,Faecalibacterium_prausnitzii
ASV_1056,Bacteria,Bacillota,Negativicutes,Acidaminococcales,Acidaminococcaceae,Phascolarctobacterium,Phascolarctobacterium_NA
ASV_1057,Bacteria,Bacillota,Clostridia,Oscillospirales,Ruminococcaceae,NA,NA_NA
ASV_1058,Bacteria,Pseudomonadota,Gammaproteobacteria,Burkholderiales,Oxalobacteraceae,NA,NA_NA
ASV_1059,Bacteria,Bacillota,Clostridia,Oscillospirales,Ruminococcaceae,NA,NA_NA
ASV_1060,Bacteria,Bacteroidota,Bacteroidia,Bacteroidales,Rikenellaceae,Rikenella,Rikenella_NA
ASV_1061,Bacteria,Bacteroidota,Bacteroidia,Bacteroidales,Bacteroidaceae,Bacteroides,Bacteroides_NA
ASV_1062,Bacteria,Pseudomonadota,Alphaproteobacteria,Sphingomonadales,Sphingomonadaceae,Sphingomonas,Sphingomonas_paucimobilis
ASV_1063,Bacteria,Pseudomonadota,Gammaproteobacteria,Pseudomonadales,Pseudomonadaceae,Pseudomonas,Pseudomonas_antarctica
ASV_1064,Bacteria,Bacillota,Bacilli,Erysipelotrichales,Erysipelotrichaceae,Allobaculum,Allobaculum_NA
ASV_1065,Bacteria,Bacteroidota,Bacteroidia,Bacteroidales,Rikenellaceae,Alistipes,Alistipes_NA
ASV_1066,Bacteria,Actinomycetota,Coriobacteriia,Coriobacteriales,Coriobacteriaceae,Collinsella,Collinsella_tanakaei
ASV_1067,Bacteria,Bacillota,Clostridia,Oscillospirales,[Eubacterium] coprostanoligenes group,NA,NA_NA
ASV_1068,Bacteria,Bacillota,Bacilli,Lactobacillales,Lactobacillaceae,Lactobacillus,Lactobacillus_johnsonii
ASV_1069,Bacteria,Bacillota,Clostridia,Oscillospirales,Oscillospiraceae,NK4A214 group,NK4A214_group_NA
ASV_1070,Bacteria,Bacteroidota,Bacteroidia,Bacteroidales,Prevotellaceae,Prevotellaceae NK3B31 group,Prevotellaceae_NK3B31_group_NA
ASV_1071,Bacteria,Bacillota,Clostridia,Oscillospirales,Oscillospiraceae,UCG-005,UCG-005_NA
ASV_1072,Bacteria,Bacteroidota,Bacteroidia,Bacteroidales,Bacteroidales RF16 group,NA,NA_NA
ASV_1073,Bacteria,Bacillota,Clostridia,Oscillospirales,Oscillospiraceae,UCG-005,UCG-005_NA
ASV_1074,Bacteria,Bacteroidota,Bacteroidia,Bacteroidales,Prevotellaceae,Pseudoprevotella,Pseudoprevotella_NA
ASV_1075,Bacteria,Bacteroidota,Bacteroidia,Bacteroidales,Prevotellaceae,Xylanibacter,Xylanibacter_NA
ASV_1076,Bacteria,Bacteroidota,Bacteroidia,Bacteroidales,Bacteroidaceae,Bacteroides,Bacteroides_caecicola
ASV_1077,Bacteria,Verrucomicrobiota,Kiritimatiellia,WCHB1-41,NA,NA,NA_NA
ASV_1078,Bacteria,Bacillota,Clostridia,Clostridiales,Clostridiaceae,Clostridium,Clostridium_butyricum
ASV_1079,Bacteria,Thermodesulfobacteriota,Desulfovibrionia,Desulfovibrionales,Desulfovibrionaceae,Desulfovibrio,Desulfovibrio_sp.
ASV_1080,Bacteria,Bacillota,Clostridia,Oscillospirales,Oscillospiraceae,NK4A214 group,NK4A214_group_NA
ASV_1081,Bacteria,Bacillota,Clostridia,Peptostreptococcales-Tissierellales,Anaerovoracaceae,NA,NA_NA
ASV_1082,Bacteria,Bacillota,Clostridia,Oscillospirales,Oscillospiraceae,NK4A214 group,NK4A214_group_NA
ASV_1083,Bacteria,Cyanobacteriota,Cyanobacteriia,Chloroplast,NA,NA,NA_NA
ASV_1084,Bacteria,Bacillota,Bacilli,Lactobacillales,Lactobacillaceae,Lactobacillus,Lactobacillus_gallinarum
ASV_1085,Bacteria,Pseudomonadota,Gammaproteobacteria,Lysobacterales,Lysobacteraceae,Stenotrophomonas,Stenotrophomonas_koreensis
ASV_1086,Bacteria,Bacteroidota,Bacteroidia,Flavobacteriales,Flavobacteriaceae,Myroides,Myroides_marinus
ASV_1087,Bacteria,Bacillota,Clostridia,Christensenellales,Christensenellaceae,Christensenellaceae R-7 group,Christensenellaceae_R-7_group_NA
ASV_1088,Bacteria,Bacillota,Clostridia,Oscillospirales,Ruminococcaceae,Gemmiger,Gemmiger_NA
ASV_1089,Bacteria,Bacteroidota,Bacteroidia,Bacteroidales,Prevotellaceae,NA,NA_NA
ASV_1090,Bacteria,Bacteroidota,Bacteroidia,Sphingobacteriales,Sphingobacteriaceae,Sphingobacterium,Sphingobacterium_faecium
ASV_1091,Bacteria,Pseudomonadota,Gammaproteobacteria,Burkholderiales,Neisseriaceae,Conchiformibius,Conchiformibius_NA
ASV_1092,Bacteria,Bacteroidota,Bacteroidia,Bacteroidales,Bacteroidaceae,Bacteroides,Bacteroides_coprocola
ASV_1093,Bacteria,Bacteroidota,Bacteroidia,Bacteroidales,Bacteroidaceae,Bacteroides,Bacteroides_plebeius
ASV_1094,Bacteria,Actinomycetota,Actinobacteria,Bifidobacteriales,Bifidobacteriaceae,Bifidobacterium,Bifidobacterium_pullorum
ASV_1095,Bacteria,Verrucomicrobiota,Verrucomicrobiia,Verrucomicrobiales,Akkermansiaceae,Akkermansia,Akkermansia_NA
ASV_1096,Bacteria,Bacteroidota,Bacteroidia,Bacteroidales,p-251-o5,NA,NA_NA
ASV_1097,Bacteria,Bacteroidota,Bacteroidia,Bacteroidales,Prevotellaceae,NA,NA_NA
ASV_1098,Bacteria,Pseudomonadota,Gammaproteobacteria,Burkholderiales,Neisseriaceae,Conchiformibius,Conchiformibius_NA
ASV_1099,Bacteria,Bacteroidota,Bacteroidia,Bacteroidales,F082,NA,NA_NA
ASV_1100,Bacteria,Bacillota,Clostridia,Lachnospirales,Lachnospiraceae,Blautia,Blautia_NA
ASV_1101,Bacteria,Actinomycetota,Actinobacteria,Mycobacteriales,Corynebacteriaceae,Corynebacterium,Corynebacterium_imitans
ASV_1102,Bacteria,Bacillota,Bacilli,Lactobacillales,Lactobacillaceae,Lactobacillus,Lactobacillus_acidophilus
ASV_1103,Bacteria,Bacteroidota,Bacteroidia,Bacteroidales,Bacteroidaceae,Bacteroides,Bacteroides_gallinaceum
ASV_1104,Bacteria,Pseudomonadota,Gammaproteobacteria,Enterobacterales,Erwiniaceae,Pantoea,Pantoea_ananatis
ASV_1105,Bacteria,Bacillota,Bacilli,Staphylococcales,Staphylococcaceae,Staphylococcus,Staphylococcus_saprophyticus
ASV_1106,Bacteria,Bacillota,Clostridia,Peptostreptococcales-Tissierellales,Peptostreptococcaceae,NA,NA_NA
ASV_1107,Bacteria,Bacillota,Clostridia,Oscillospirales,Oscillospiraceae,NK4A214 group,NK4A214_group_NA
ASV_1108,Bacteria,Actinomycetota,Actinobacteria,Mycobacteriales,Corynebacteriaceae,Lawsonella,Lawsonella_clevelandensis
ASV_1109,Bacteria,Bacillota,Clostridia,Clostridiales,Clostridiaceae,Clostridium,Clostridium_butyricum
ASV_1110,Bacteria,Bacteroidota,Bacteroidia,Bacteroidales,Prevotellaceae,Xylanibacter,Xylanibacter_NA
ASV_1111,Bacteria,Bacillota,Clostridia,Oscillospirales,Oscillospiraceae,UCG-005,UCG-005_NA
ASV_1112,Bacteria,Bacillota,Clostridia,Lachnospirales,Lachnospiraceae,Lachnospiraceae NK4A136 group,Lachnospiraceae_NK4A136_group_NA
ASV_1113,Bacteria,Bacillota,Clostridia,Christensenellales,Christensenellaceae,Christensenellaceae R-7 group,Christensenellaceae_R-7_group_NA
ASV_1114,Bacteria,Bacillota,Clostridia,Oscillospirales,Oscillospiraceae,Oscillibacter,Oscillibacter_NA
ASV_1115,Bacteria,Actinomycetota,Actinobacteria,Micrococcales,Microbacteriaceae,Leucobacter,Leucobacter_denitrificans
ASV_1116,Bacteria,Bacillota,Bacilli,Lactobacillales,Vagococcaceae,Vagococcus,Vagococcus_teuberi
ASV_1117,Bacteria,Bacillota,Clostridia,Lachnospirales,Lachnospiraceae,GCA-900066575,GCA-900066575_NA
ASV_1118,Bacteria,Bacteroidota,Bacteroidia,Bacteroidales,Prevotellaceae,Prevotellaceae NK3B31 group,Prevotellaceae_NK3B31_group_NA
ASV_1119,Bacteria,Bacillota,Bacilli,Erysipelotrichales,Erysipelotrichaceae,Solobacterium,Solobacterium_NA
ASV_1120,Bacteria,Bacillota,Clostridia,Oscillospirales,[Eubacterium] coprostanoligenes group,NA,NA_NA
ASV_1121,Bacteria,Bacillota,Clostridia,Oscillospirales,UCG-010,NA,NA_NA
ASV_1122,Bacteria,Bacteroidota,Bacteroidia,Bacteroidales,F082,NA,NA_NA
ASV_1123,Bacteria,Cyanobacteriota,Cyanobacteriia,Chloroplast,NA,NA,NA_NA
ASV_1124,Bacteria,Bacillota,Bacilli,Bacillales,Planococcaceae,Kurthia,Kurthia_massiliensis
ASV_1125,Bacteria,Bacteroidota,Bacteroidia,Bacteroidales,Prevotellaceae,Prevotellaceae UCG-004,Prevotellaceae_UCG-004_NA
ASV_1126,Bacteria,Bacillota,Bacilli,Lactobacillales,Enterococcaceae,Enterococcus,Enterococcus_NA
ASV_1127,Bacteria,Bacillota,Clostridia,Lachnospirales,Lachnospiraceae,Blautia,Blautia_NA
ASV_1128,Bacteria,Bacillota,Bacilli,Lactobacillales,Lactobacillaceae,Lactiplantibacillus,Lactiplantibacillus_plantarum
ASV_1129,Bacteria,Bacteroidota,Bacteroidia,Bacteroidales,F082,NA,NA_NA
ASV_1130,Bacteria,Campylobacterota,Campylobacteria,Campylobacterales,Campylobacteraceae,Campylobacter,Campylobacter_helveticus
ASV_1131,Bacteria,Bacillota,Bacilli,Lactobacillales,Enterococcaceae,Enterococcus,Enterococcus_italicus
ASV_1132,Bacteria,Pseudomonadota,Gammaproteobacteria,Pseudomonadales,Pseudomonadaceae,Pseudomonas,Pseudomonas_veronii
ASV_1133,Bacteria,Bacteroidota,Bacteroidia,Bacteroidales,Prevotellaceae,NA,NA_NA
ASV_1134,Bacteria,Pseudomonadota,Gammaproteobacteria,Burkholderiales,Comamonadaceae,Comamonas,Comamonas_testosteroni
ASV_1135,Bacteria,Pseudomonadota,Alphaproteobacteria,Rhodobacterales,Paracoccaceae,Gemmobacter,Gemmobacter_NA
ASV_1136,Bacteria,Bacteroidota,Bacteroidia,Bacteroidales,Bacteroidaceae,Bacteroides,Bacteroides_caecigallinarum
ASV_1137,Bacteria,Bacillota,Bacilli,Paenibacillales,Paenibacillaceae,Paenibacillus,Paenibacillus_pinisoli
ASV_1138,Bacteria,Bacillota,Clostridia,Lachnospirales,Lachnospiraceae,Eubacterium,Eubacterium_cellulosolvens_group
ASV_1139,Bacteria,Pseudomonadota,Gammaproteobacteria,Enterobacterales,Morganellaceae,Morganella,Morganella_morganii
ASV_1140,Bacteria,Verrucomicrobiota,Verrucomicrobiia,Verrucomicrobiales,Akkermansiaceae,Akkermansia,Akkermansia_NA
ASV_1141,Bacteria,Bacillota,Bacilli,Lactobacillales,Lactobacillaceae,HT002,HT002_NA
ASV_1142,Bacteria,Bacillota,Clostridia,Peptostreptococcales-Tissierellales,Peptostreptococcaceae,Terrisporobacter,Terrisporobacter_NA
ASV_1143,Bacteria,Pseudomonadota,Gammaproteobacteria,Enterobacterales,Yersiniaceae,Serratia,Serratia_marcescens
ASV_1144,Bacteria,Pseudomonadota,Gammaproteobacteria,Enterobacterales,Succinivibrionaceae,Anaerobiospirillum,Anaerobiospirillum_NA
ASV_1145,Bacteria,Bacillota,Bacilli,Lactobacillales,Catellicoccaceae,Catellicoccus,Catellicoccus_NA
ASV_1146,Bacteria,Bacillota,Clostridia,Oscillospirales,UCG-010,NA,NA_NA
ASV_1147,Bacteria,Bacillota,Clostridia,Clostridiales,Clostridiaceae,Clostridium,Clostridium_haemolyticum
ASV_1148,Bacteria,Bacteroidota,Bacteroidia,Flavobacteriales,Flavobacteriaceae,Myroides,Myroides_phaeus
ASV_1149,Bacteria,Pseudomonadota,Gammaproteobacteria,Enterobacterales,Succinivibrionaceae,Succinivibrio,Succinivibrio_NA
ASV_1150,Bacteria,Bacillota,Clostridia,Lachnospirales,Lachnospiraceae,Lachnospiraceae NK4A136 group,Lachnospiraceae_NK4A136_group_NA
ASV_1151,Bacteria,Bacillota,Clostridia,Lachnospirales,Lachnospiraceae,Lachnospiraceae NK4A136 group,Lachnospiraceae_NK4A136_group_NA
ASV_1152,Bacteria,Pseudomonadota,Gammaproteobacteria,Burkholderiales,Comamonadaceae,NA,NA_NA
ASV_1153,Bacteria,Bacillota,Clostridia,Lachnospirales,Lachnospiraceae,Lachnospiraceae NK4A136 group,Lachnospiraceae_NK4A136_group_NA
ASV_1154,Bacteria,Pseudomonadota,Gammaproteobacteria,Enterobacterales,Erwiniaceae,Erwinia,Erwinia_billingiae
ASV_1155,Bacteria,Pseudomonadota,Gammaproteobacteria,Burkholderiales,Alcaligenaceae,Paenalcaligenes,Paenalcaligenes_NA
ASV_1156,Bacteria,Bacteroidota,Bacteroidia,Bacteroidales,Tannerellaceae,Parabacteroides,Parabacteroides_distasonis
ASV_1157,Bacteria,Bacteroidota,Bacteroidia,Bacteroidales,Bacteroidales RF16 group,NA,NA_NA
ASV_1158,Eukaryota,NA,NA,NA,NA,NA,NA_NA
ASV_1159,Bacteria,Bacillota,Clostridia,Christensenellales,Christensenellaceae,Christensenellaceae R-7 group,Christensenellaceae_R-7_group_NA
ASV_1160,Bacteria,Bacillota,Bacilli,Bacillales,Bacillaceae,Niallia,Niallia_NA
ASV_1161,Bacteria,Bacillota,Clostridia,Lachnospirales,Lachnospiraceae,Lachnospiraceae NK4A136 group,Lachnospiraceae_NK4A136_group_bacterium
ASV_1162,Bacteria,Actinomycetota,Coriobacteriia,Coriobacteriales,Coriobacteriaceae,Collinsella,Collinsella_NA
ASV_1163,Bacteria,Pseudomonadota,Alphaproteobacteria,Rhodospirillales,NA,NA,NA_NA
ASV_1164,Bacteria,Bacillota,Clostridia,Lachnospirales,Lachnospiraceae,Coprococcus,Coprococcus_eutactus
ASV_1165,Bacteria,Bacillota,Clostridia,Lachnospirales,Lachnospiraceae,NA,NA_NA
ASV_1166,Bacteria,Bacillota,Clostridia,Oscillospirales,Oscillospiraceae,UCG-005,UCG-005_NA
ASV_1167,Bacteria,Bacillota,Clostridia,Lachnospirales,Lachnospiraceae,NA,NA_NA
ASV_1168,Bacteria,Bacillota,Bacilli,Lactobacillales,Lactobacillaceae,Lacticaseibacillus,Lacticaseibacillus_manihotivorans
ASV_1169,Bacteria,Pseudomonadota,Gammaproteobacteria,Pseudomonadales,Moraxellaceae,Acinetobacter,Acinetobacter_lwoffii
ASV_1170,Bacteria,Bacillota,Clostridia,Lachnospirales,Lachnospiraceae,Lachnospiraceae NK4A136 group,Lachnospiraceae_NK4A136_group_NA
ASV_1171,Bacteria,Bacteroidota,Bacteroidia,Bacteroidales,Prevotellaceae,Segatella,Segatella_NA
ASV_1172,Bacteria,Pseudomonadota,Alphaproteobacteria,Hyphomicrobiales,Beijerinckiaceae,Methylobacterium,Methylobacterium_komagatae
ASV_1173,Bacteria,Bacillota,Clostridia,Monoglobales,Monoglobaceae,Monoglobus,Monoglobus_NA
ASV_1174,Bacteria,Bacillota,Clostridia,Oscillospirales,Oscillospiraceae,UCG-005,UCG-005_NA
ASV_1175,Bacteria,Bacteroidota,Bacteroidia,Bacteroidales,Bacteroidales RF16 group,NA,NA_NA
ASV_1176,Bacteria,Bacillota,Clostridia,Oscillospirales,Ruminococcaceae,Candidatus Soleaferrea,Candidatus_Soleaferrea_NA
ASV_1177,Bacteria,Bacteroidota,Bacteroidia,Flavobacteriales,Flavobacteriaceae,Myroides,Myroides_sp.
ASV_1178,Bacteria,Pseudomonadota,Gammaproteobacteria,Enterobacterales,Succinivibrionaceae,Anaerobiospirillum,Anaerobiospirillum_succiniciproducens
ASV_1179,Bacteria,Bacillota,Bacilli,RF39,NA,NA,NA_NA
ASV_1180,Bacteria,Bacillota,Clostridia,Oscillospirales,UCG-010,NA,NA_NA
ASV_1181,Bacteria,Bacteroidota,Bacteroidia,Cytophagales,Hymenobacteraceae,Hymenobacter,Hymenobacter_NA
ASV_1182,Bacteria,Pseudomonadota,Gammaproteobacteria,Burkholderiales,Comamonadaceae,Comamonas,Comamonas_koreensis
ASV_1183,Bacteria,Verrucomicrobiota,Kiritimatiellia,WCHB1-41,NA,NA,NA_NA
ASV_1184,Bacteria,Pseudomonadota,Gammaproteobacteria,Pseudomonadales,Pseudomonadaceae,Pseudomonas,Pseudomonas_caeni
ASV_1185,Bacteria,Bacillota,Clostridia,Oscillospirales,Oscillospiraceae,Intestinimonas,Intestinimonas_NA
ASV_1186,Bacteria,Bacillota,Clostridia,Lachnospirales,Lachnospiraceae,Blautia,Blautia_wexlerae
ASV_1187,Bacteria,Bacteroidota,Bacteroidia,Flavobacteriales,Weeksellaceae,Empedobacter,Empedobacter_brevis
ASV_1188,Bacteria,Bacillota,Clostridia,Christensenellales,Christensenellaceae,Christensenellaceae R-7 group,Christensenellaceae_R-7_group_NA
ASV_1189,Bacteria,Cyanobacteriota,Vampirivibrionia,Gastranaerophilales,Gastranaerophilaceae,CAG-196,CAG-196_NA
ASV_1190,Bacteria,Bacteroidota,Bacteroidia,Bacteroidales,Dysgonomonadaceae,Dysgonomonas,Dysgonomonas_gadei
ASV_1191,Bacteria,Bacillota,Clostridia,Peptostreptococcales-Tissierellales,Family XI,Peptoniphilus,Peptoniphilus_stercorisuis
ASV_1192,Bacteria,Bacteroidota,Bacteroidia,Bacteroidales,Tannerellaceae,Parabacteroides,Parabacteroides_NA
ASV_1193,Bacteria,Bacillota,Clostridia,Eubacteriales,Eubacteriaceae,Eubacterium,Eubacterium_NA
ASV_1194,Bacteria,Bacillota,Clostridia,Lachnospirales,Lachnospiraceae,Blautia,Blautia_glucerasea
ASV_1195,Bacteria,Pseudomonadota,Gammaproteobacteria,Burkholderiales,Comamonadaceae,Comamonas,Comamonas_koreensis
ASV_1196,Bacteria,Pseudomonadota,NA,NA,NA,NA,NA_NA
ASV_1197,Bacteria,Bacteroidota,Bacteroidia,Bacteroidales,Rikenellaceae,Rikenella,Rikenella_NA
ASV_1198,Bacteria,Bacillota,Clostridia,Eubacteriales,Eubacteriaceae,Pseudoramibacter,Pseudoramibacter_NA
ASV_1199,Bacteria,Bacillota,Bacilli,Erysipelotrichales,Erysipelatoclostridiaceae,Catenibacterium,Catenibacterium_NA
ASV_1200,Bacteria,Bacteroidota,Bacteroidia,Bacteroidales,Rikenellaceae,Rikenellaceae RC9 gut group,Rikenellaceae_RC9_gut_group_NA
ASV_1201,Bacteria,Bacillota,Clostridia,Oscillospirales,UCG-010,NA,NA_NA
ASV_1202,Bacteria,Bacillota,Bacilli,Lactobacillales,Lactobacillaceae,Leuconostoc,Leuconostoc_pseudomesenteroides
ASV_1203,Bacteria,Actinomycetota,Coriobacteriia,Coriobacteriales,Atopobiaceae,Tractidigestivibacter,Tractidigestivibacter_montrealensis
ASV_1204,Bacteria,Bacteroidota,Bacteroidia,Flavobacteriales,Flavobacteriaceae,Myroides,Myroides_sp.
ASV_1205,Bacteria,Bacillota,Clostridia,Lachnospirales,Lachnospiraceae,NA,NA_NA
ASV_1206,Bacteria,Bacillota,Clostridia,Lachnospirales,Lachnospiraceae,Butyribacter,Butyribacter_NA
ASV_1207,Bacteria,Pseudomonadota,Gammaproteobacteria,Enterobacterales,Yersiniaceae,Serratia,Serratia_symbiotica
ASV_1208,Bacteria,Bacillota,Bacilli,Lactobacillales,Vagococcaceae,Vagococcus,Vagococcus_teuberi
ASV_1209,Bacteria,Bacteroidota,Bacteroidia,Flavobacteriales,Weeksellaceae,Elizabethkingia,Elizabethkingia_ursingii
ASV_1210,Bacteria,Bacteroidota,Bacteroidia,Bacteroidales,Bacteroidaceae,Bacteroides,Bacteroides_NA
ASV_1211,Bacteria,Verrucomicrobiota,Kiritimatiellia,WCHB1-41,NA,NA,NA_NA
ASV_1212,Bacteria,Actinomycetota,Actinobacteria,Bifidobacteriales,Bifidobacteriaceae,Bifidobacterium,Bifidobacterium_catenulatum
ASV_1213,Bacteria,Bacillota,Clostridia,Oscillospirales,Ruminococcaceae,NA,NA_NA
ASV_1214,Bacteria,Bacillota,Clostridia,Oscillospirales,Ruminococcaceae,Faecalibacterium,Faecalibacterium_prausnitzii
ASV_1215,Bacteria,Bacillota,Clostridia,Oscillospirales,Oscillospiraceae,UCG-002,UCG-002_NA
ASV_1216,Bacteria,Bacillota,Bacilli,Staphylococcales,Staphylococcaceae,Staphylococcus,Staphylococcus_equorum
ASV_1217,Bacteria,Bacillota,Bacilli,RF39,NA,NA,NA_NA
ASV_1218,Bacteria,Bacillota,Clostridia,Peptostreptococcales-Tissierellales,Peptostreptococcaceae,Intestinibacter,Intestinibacter_NA
ASV_1219,Bacteria,Pseudomonadota,Gammaproteobacteria,Burkholderiales,Comamonadaceae,Comamonas,Comamonas_testosteroni
ASV_1220,Bacteria,Pseudomonadota,Alphaproteobacteria,Sphingomonadales,Sphingomonadaceae,Sphingomonas,Sphingomonas_NA
ASV_1221,Bacteria,Pseudomonadota,Gammaproteobacteria,Burkholderiales,Comamonadaceae,Comamonas,Comamonas_NA
ASV_1222,Bacteria,Bacteroidota,Bacteroidia,Bacteroidales,Bacteroidaceae,Bacteroides,Bacteroides_NA
ASV_1223,Bacteria,Pseudomonadota,Gammaproteobacteria,Enterobacterales,Succinivibrionaceae,Anaerobiospirillum,Anaerobiospirillum_succiniciproducens
ASV_1224,Bacteria,Bacillota,Bacilli,Lactobacillales,Lactobacillaceae,Loigolactobacillus,Loigolactobacillus_bifermentans
ASV_1225,Bacteria,Bacillota,Clostridia,Lachnospirales,Lachnospiraceae,Blautia,Blautia_obeum
ASV_1226,Bacteria,Bacillota,Bacilli,Erysipelotrichales,Erysipelatoclostridiaceae,Erysipelotrichaceae UCG-003,Erysipelotrichaceae_UCG-003_NA
ASV_1227,Bacteria,Bacteroidota,Bacteroidia,Bacteroidales,Prevotellaceae,Xylanibacter,Xylanibacter_NA
ASV_1228,Bacteria,Pseudomonadota,Gammaproteobacteria,Burkholderiales,Neisseriaceae,Snodgrassella,Snodgrassella_gandavensis
ASV_1229,Bacteria,Bacillota,Clostridia,Lachnospirales,Lachnospiraceae,Ruminococcus,Ruminococcus_gauvreauii_group
ASV_1230,Bacteria,Bacteroidota,Bacteroidia,Bacteroidales,Tannerellaceae,Parabacteroides,Parabacteroides_NA
ASV_1231,Bacteria,Bacillota,Clostridia,Oscillospirales,Oscillospiraceae,Intestinimonas,Intestinimonas_NA
ASV_1232,Bacteria,Bacteroidota,Bacteroidia,Bacteroidales,Bacteroidaceae,Bacteroides,Bacteroides_pyogenes
ASV_1233,Bacteria,Bacillota,Bacilli,Erysipelotrichales,Erysipelotrichaceae,Allobaculum,Allobaculum_NA
ASV_1234,Bacteria,Bacillota,Clostridia,Clostridia vadinBB60 group,NA,NA,NA_NA
ASV_1235,Bacteria,Bacteroidota,Bacteroidia,Flavobacteriales,Weeksellaceae,Chryseobacterium,Chryseobacterium_NA
ASV_1236,Bacteria,Bacillota,Bacilli,Lactobacillales,Streptococcaceae,Lactococcus,Lactococcus_garvieae
ASV_1237,Bacteria,Bacillota,Clostridia,Oscillospirales,Oscillospiraceae,NK4A214 group,NK4A214_group_NA
ASV_1238,Bacteria,Pseudomonadota,Alphaproteobacteria,Rickettsiales,NA,NA,NA_NA
ASV_1239,Bacteria,Bacillota,Clostridia,Lachnospirales,Lachnospiraceae,Oribacterium,Oribacterium_NA
ASV_1240,Bacteria,Bacteroidota,Bacteroidia,Bacteroidales,Bacteroidales RF16 group,NA,NA_NA
ASV_1241,Bacteria,Bacillota,Bacilli,RF39,NA,NA,NA_NA
ASV_1242,Bacteria,Bacillota,Clostridia,Lachnospirales,Lachnospiraceae,Blautia,Blautia_glucerasea
ASV_1243,Bacteria,Bacteroidota,Bacteroidia,Bacteroidales,Prevotellaceae,Segatella,Segatella_NA
ASV_1244,Bacteria,Bacteroidota,Bacteroidia,Bacteroidales,F082,NA,NA_NA
ASV_1245,Bacteria,Pseudomonadota,Gammaproteobacteria,Lysobacterales,Lysobacteraceae,Stenotrophomonas,Stenotrophomonas_nitritireducens
ASV_1246,Bacteria,Pseudomonadota,Alphaproteobacteria,Rickettsiales,Mitochondria,NA,NA_NA
ASV_1247,Bacteria,Bacillota,Clostridia,Oscillospirales,Ruminococcaceae,Ruminococcus,Ruminococcus_bromii
ASV_1248,Bacteria,Bacillota,Clostridia,Oscillospirales,Oscillospiraceae,UCG-005,UCG-005_NA
ASV_1249,Bacteria,Bacillota,Bacilli,Lactobacillales,Vagococcaceae,Vagococcus,Vagococcus_fluvialis
ASV_1250,Bacteria,Bacillota,Clostridia,Lachnospirales,Lachnospiraceae,NA,NA_NA
ASV_1251,Bacteria,Pseudomonadota,Alphaproteobacteria,Hyphomicrobiales,Beijerinckiaceae,Methylobacterium,Methylobacterium_NA
ASV_1252,Bacteria,Bacillota,Clostridia,Oscillospirales,Ruminococcaceae,Ruminococcus,Ruminococcus_flavefaciens
ASV_1253,Bacteria,Bacillota,Clostridia,Oscillospirales,Ruminococcaceae,Ruminococcus,Ruminococcus_NA
ASV_1254,Bacteria,Bacillota,Clostridia,Oscillospirales,[Eubacterium] coprostanoligenes group,NA,NA_NA
ASV_1255,Bacteria,Pseudomonadota,Gammaproteobacteria,Cardiobacteriales,Wohlfahrtiimonadaceae,Ignatzschineria,Ignatzschineria_ureiclastica
ASV_1256,Bacteria,Bacillota,Clostridia,Lachnospirales,Lachnospiraceae,Oribacterium,Oribacterium_NA
ASV_1257,Bacteria,Pseudomonadota,Alphaproteobacteria,Sphingomonadales,Sphingomonadaceae,Sphingomonas,Sphingomonas_NA
ASV_1258,Bacteria,Bacillota,Clostridia,Lachnospirales,Lachnospiraceae,Lachnospiraceae UCG-010,Lachnospiraceae_UCG-010_NA
ASV_1259,Bacteria,Pseudomonadota,Gammaproteobacteria,Burkholderiales,Comamonadaceae,Comamonas,Comamonas_NA
ASV_1260,Bacteria,Bacillota,Clostridia,Oscillospirales,Ruminococcaceae,NA,NA_NA
ASV_1261,Bacteria,Bacteroidota,Bacteroidia,Bacteroidales,F082,NA,NA_NA
ASV_1262,Bacteria,Cyanobacteriota,Cyanobacteriia,Chloroplast,NA,NA,NA_NA
ASV_1263,Bacteria,Pseudomonadota,Gammaproteobacteria,Pseudomonadales,Pseudomonadaceae,Pseudomonas,Pseudomonas_koreensis
ASV_1264,Bacteria,Bacillota,Clostridia,Lachnospirales,Lachnospiraceae,Lachnospiraceae NK4A136 group,Lachnospiraceae_NK4A136_group_NA
ASV_1265,Bacteria,Bacillota,Clostridia,Monoglobales,Monoglobaceae,Monoglobus,Monoglobus_NA
ASV_1266,Bacteria,Bacillota,Clostridia,Christensenellales,Christensenellaceae,Christensenellaceae R-7 group,Christensenellaceae_R-7_group_NA
ASV_1267,Bacteria,Bacteroidota,Bacteroidia,Bacteroidales,Rikenellaceae,Rikenellaceae RC9 gut group,Rikenellaceae_RC9_gut_group_NA
ASV_1268,Bacteria,Pseudomonadota,Gammaproteobacteria,Cardiobacteriales,Wohlfahrtiimonadaceae,Wohlfahrtiimonas,Wohlfahrtiimonas_populi
ASV_1269,Bacteria,Bacillota,Clostridia,Peptostreptococcales-Tissierellales,Peptostreptococcaceae,Paeniclostridium,Paeniclostridium_NA
ASV_1270,Bacteria,Bacillota,Clostridia,Oscillospirales,Oscillospiraceae,NK4A214 group,NK4A214_group_NA
ASV_1271,Bacteria,Bacillota,Negativicutes,Acidaminococcales,Acidaminococcaceae,Phascolarctobacterium,Phascolarctobacterium_NA
ASV_1272,Bacteria,Bacillota,Bacilli,Erysipelotrichales,Erysipelotrichaceae,Solobacterium,Solobacterium_NA
ASV_1273,Bacteria,Bacillota,Clostridia,Lachnospirales,Lachnospiraceae,NA,NA_NA
ASV_1274,Bacteria,Bacillota,Clostridia,Lachnospirales,Lachnospiraceae,Roseburia,Roseburia_NA
ASV_1275,Bacteria,Bacteroidota,Bacteroidia,Bacteroidales,Rikenellaceae,SP3-e08,SP3-e08_NA
ASV_1276,Bacteria,Pseudomonadota,Gammaproteobacteria,Pseudomonadales,Moraxellaceae,Acinetobacter,Acinetobacter_NA
ASV_1277,Bacteria,Actinomycetota,Actinobacteria,Micrococcales,Microbacteriaceae,Curtobacterium,Curtobacterium_sp.
ASV_1278,Bacteria,Bacteroidota,Bacteroidia,Bacteroidales,Bacteroidaceae,Bacteroides,Bacteroides_heparinolyticus
ASV_1279,Bacteria,Actinomycetota,Actinobacteria,Mycobacteriales,Corynebacteriaceae,Corynebacterium,Corynebacterium_variabile
ASV_1280,Bacteria,Actinomycetota,Actinobacteria,Frankiales,Sporichthyaceae,Candidatus Planktophila,Candidatus_Planktophila_NA
ASV_1281,Bacteria,Pseudomonadota,Gammaproteobacteria,Rickettsiellales,Rickettsiellaceae,Rickettsiella,Rickettsiella_NA
ASV_1282,Bacteria,Bacillota,Bacilli,Lactobacillales,Lactobacillaceae,Ligilactobacillus,Ligilactobacillus_aviarius
ASV_1283,Bacteria,Bacteroidota,Bacteroidia,Bacteroidales,Rikenellaceae,Rikenellaceae RC9 gut group,Rikenellaceae_RC9_gut_group_NA
ASV_1284,Bacteria,Pseudomonadota,Gammaproteobacteria,Enterobacterales,Enterobacteriaceae,Klebsiella,Klebsiella_NA
ASV_1285,Bacteria,Bacteroidota,Bacteroidia,Bacteroidales,F082,NA,NA_NA
ASV_1286,Bacteria,Bacillota,Clostridia,Lachnospirales,Lachnospiraceae,NA,NA_NA
ASV_1287,Bacteria,Bacillota,Bacilli,Bacillales,Planococcaceae,Solibacillus,Solibacillus_NA
ASV_1288,Bacteria,Bacillota,Bacilli,Lactobacillales,Lactobacillaceae,Limosilactobacillus,Limosilactobacillus_reuteri
ASV_1289,Bacteria,Bacillota,Bacilli,RF39,NA,NA,NA_NA
ASV_1290,Bacteria,Cyanobacteriota,Cyanobacteriia,Chloroplast,NA,NA,NA_NA
ASV_1291,Bacteria,Pseudomonadota,Alphaproteobacteria,Hyphomicrobiales,Rhizobiaceae,NA,NA_NA
ASV_1292,Bacteria,Bacteroidota,Bacteroidia,Bacteroidales,Prevotellaceae,NA,NA_NA
ASV_1293,Bacteria,Actinomycetota,Actinobacteria,Bifidobacteriales,Bifidobacteriaceae,Bifidobacterium,Bifidobacterium_adolescentis
ASV_1294,Bacteria,Verrucomicrobiota,Verrucomicrobiia,Verrucomicrobiales,Akkermansiaceae,Akkermansia,Akkermansia_sp.
ASV_1295,Bacteria,Chloroflexota,Anaerolineae,Anaerolineales,Anaerolineaceae,Flexilinea,Flexilinea_NA
ASV_1296,Bacteria,Bacteroidota,Bacteroidia,Bacteroidales,Muribaculaceae,NA,NA_NA
ASV_1297,Bacteria,Bacillota,Clostridia,Oscillospirales,Oscillospiraceae,UCG-005,UCG-005_NA
ASV_1298,Bacteria,Bacteroidota,Bacteroidia,Bacteroidales,F082,NA,NA_NA
ASV_1299,Bacteria,Bacteroidota,Bacteroidia,Bacteroidales,Prevotellaceae,Prevotellaceae NK3B31 group,Prevotellaceae_NK3B31_group_NA
ASV_1300,Bacteria,Bacillota,Clostridia,Oscillospirales,[Eubacterium] coprostanoligenes group,NA,NA_NA
ASV_1301,Bacteria,Bacillota,Clostridia,Oscillospirales,[Eubacterium] coprostanoligenes group,NA,NA_NA
ASV_1302,Bacteria,Bacillota,Bacilli,Erysipelotrichales,Erysipelotrichaceae,Catenisphaera,Catenisphaera_NA
ASV_1303,Bacteria,Bacteroidota,Bacteroidia,Bacteroidales,Bacteroidaceae,Bacteroides,Bacteroides_caccae
ASV_1304,Bacteria,Bacteroidota,Bacteroidia,Bacteroidales,F082,NA,NA_NA
ASV_1305,Bacteria,Bacillota,Bacilli,Lactobacillales,Lactobacillaceae,Companilactobacillus,Companilactobacillus_ginsenosidimutans
ASV_1306,Bacteria,Bacillota,Clostridia,Lachnospirales,Lachnospiraceae,Enterocloster,Enterocloster_alcoholdehydrogenati
ASV_1307,Bacteria,Bacillota,Bacilli,Lactobacillales,Vagococcaceae,Vagococcus,Vagococcus_teuberi
ASV_1308,Bacteria,Bacillota,Clostridia,Oscillospirales,[Eubacterium] coprostanoligenes group,NA,NA_NA
ASV_1309,Bacteria,Bacillota,Bacilli,Lactobacillales,Lactobacillaceae,Lactobacillus,Lactobacillus_acidophilus
ASV_1310,Bacteria,Bacillota,Bacilli,Lactobacillales,Streptococcaceae,Lactococcus,Lactococcus_lactis
ASV_1311,Bacteria,Bacillota,Clostridia,Lachnospirales,Lachnospiraceae,Roseburia,Roseburia_NA
ASV_1312,Bacteria,Pseudomonadota,Gammaproteobacteria,Enterobacterales,Morganellaceae,Providencia,Providencia_alcalifaciens
ASV_1313,Bacteria,Bacteroidota,Bacteroidia,Bacteroidales,Rikenellaceae,SP3-e08,SP3-e08_NA
ASV_1314,Bacteria,Pseudomonadota,Gammaproteobacteria,Pseudomonadales,Pseudomonadaceae,Pseudomonas,Pseudomonas_cichorii
ASV_1315,Bacteria,Bacillota,Bacilli,RF39,NA,NA,NA_NA
ASV_1316,Bacteria,Bacteroidota,Bacteroidia,Bacteroidales,Rikenellaceae,Rikenellaceae RC9 gut group,Rikenellaceae_RC9_gut_group_NA
ASV_1317,Bacteria,Bacteroidota,Bacteroidia,Bacteroidales,Bacteroidaceae,Bacteroides,Bacteroides_NA
ASV_1318,Bacteria,Bacteroidota,Bacteroidia,Sphingobacteriales,Sphingobacteriaceae,Sphingobacterium,Sphingobacterium_NA
ASV_1319,Bacteria,Bacillota,Clostridia,Oscillospirales,Ruminococcaceae,Faecalibacterium,Faecalibacterium_prausnitzii
ASV_1320,Bacteria,Bacillota,Clostridia,Oscillospirales,[Eubacterium] coprostanoligenes group,NA,NA_NA
ASV_1321,Bacteria,Bacillota,Clostridia,Oscillospirales,Butyricicoccaceae,Butyricicoccus,Butyricicoccus_sp.
ASV_1322,Bacteria,Bacillota,Clostridia,Oscillospirales,UCG-010,NA,NA_NA
ASV_1323,Bacteria,Pseudomonadota,Alphaproteobacteria,Rickettsiales,Mitochondria,NA,NA_NA
ASV_1324,Bacteria,Bacillota,Bacilli,Erysipelotrichales,Erysipelotrichaceae,NA,NA_NA
ASV_1325,Bacteria,Bacillota,Bacilli,RF39,NA,NA,NA_NA
ASV_1326,Bacteria,Bacteroidota,Bacteroidia,Bacteroidales,Bacteroidaceae,Bacteroides,Bacteroides_vulgatus
ASV_1327,Bacteria,Pseudomonadota,Gammaproteobacteria,Enterobacterales,Morganellaceae,Proteus,Proteus_vulgaris
ASV_1328,Bacteria,Bacillota,Clostridia,Peptostreptococcales-Tissierellales,Eubacteriaceae,Eubacterium,Eubacterium_sp
ASV_1329,Bacteria,Bacillota,Negativicutes,Veillonellales-Selenomonadales,Selenomonadaceae,Megamonas,Megamonas_funiformis
ASV_1330,Bacteria,Pseudomonadota,Gammaproteobacteria,Enterobacterales,Pasteurellaceae,Aggregatibacter,Aggregatibacter_segnis
ASV_1331,Bacteria,Bacillota,Clostridia,Lachnospirales,Lachnospiraceae,Blautia,Blautia_NA
ASV_1332,Bacteria,Bacillota,Bacilli,Lactobacillales,Vagococcaceae,Vagococcus,Vagococcus_zengguangii
ASV_1333,Bacteria,Bacteroidota,Bacteroidia,Bacteroidales,Dysgonomonadaceae,Dysgonomonas,Dysgonomonas_NA
ASV_1334,Bacteria,Pseudomonadota,Alphaproteobacteria,Sphingomonadales,Sphingomonadaceae,Novosphingobium,Novosphingobium_clariflavum
ASV_1335,Bacteria,Bacteroidota,Bacteroidia,Bacteroidales,Bacteroidaceae,Bacteroides,Bacteroides_NA
ASV_1336,Bacteria,Bacillota,Clostridia,Oscillospirales,Ruminococcaceae,Ruminococcus,Ruminococcus_NA
ASV_1337,Bacteria,Bacteroidota,Bacteroidia,Bacteroidales,Bacteroidales RF16 group,NA,NA_NA
ASV_1338,Bacteria,Bacillota,Clostridia,Lachnospirales,Lachnospiraceae,NA,NA_NA
ASV_1339,Bacteria,Bacillota,Bacilli,Lactobacillales,Lactobacillaceae,Leuconostoc,Leuconostoc_lactis
ASV_1340,Bacteria,Bacillota,Clostridia,Clostridia vadinBB60 group,NA,NA,NA_NA
ASV_1341,Bacteria,Bacillota,Bacilli,RF39,NA,NA,NA_NA
ASV_1342,Bacteria,Pseudomonadota,Alphaproteobacteria,Rhodobacterales,Paracoccaceae,Yangia,Yangia_pacifica
ASV_1343,Bacteria,Bacillota,Clostridia,Lachnospirales,Lachnospiraceae,Enterocloster,Enterocloster_alcoholdehydrogenati
ASV_1344,Bacteria,Bacillota,Clostridia,Oscillospirales,[Eubacterium] coprostanoligenes group,NA,NA_NA
ASV_1345,Bacteria,Cyanobacteriota,Cyanobacteriia,Chloroplast,NA,NA,NA_NA
ASV_1346,Bacteria,Pseudomonadota,Gammaproteobacteria,Enterobacterales,Erwiniaceae,Pantoea,Pantoea_agglomerans
ASV_1347,Bacteria,Bacillota,Clostridia,Oscillospirales,Oscillospiraceae,Intestinimonas,Intestinimonas_NA
ASV_1348,Bacteria,Pseudomonadota,Gammaproteobacteria,Enterobacterales,Orbaceae,NA,NA_NA
ASV_1349,Bacteria,Pseudomonadota,Gammaproteobacteria,Pseudomonadales,Pseudomonadaceae,Oblitimonas,Oblitimonas_alkaliphila
ASV_1350,Bacteria,Pseudomonadota,Alphaproteobacteria,Acetobacterales,Acetobacteraceae,Gluconobacter,Gluconobacter_cerinus
ASV_1351,Bacteria,Pseudomonadota,Gammaproteobacteria,Pseudomonadales,Pseudomonadaceae,Pseudomonas,Pseudomonas_fragi
ASV_1352,Bacteria,Bacillota,Bacilli,Lactobacillales,Lactobacillaceae,Limosilactobacillus,Limosilactobacillus_oris
ASV_1353,Bacteria,Bacillota,Clostridia,Clostridiales,Clostridiaceae,Clostridium,Clostridium_amazonense
ASV_1354,Bacteria,Bacteroidota,Bacteroidia,Bacteroidales,Prevotellaceae,NA,NA_NA
ASV_1355,Bacteria,Bacillota,Clostridia,Oscillospirales,Oscillospiraceae,UCG-005,UCG-005_NA
ASV_1356,Bacteria,Bacillota,Clostridia,Peptostreptococcales-Tissierellales,Peptostreptococcaceae,Clostridioides,Clostridioides_NA
ASV_1357,Bacteria,Bacillota,Clostridia,Oscillospirales,UCG-010,NA,NA_NA
ASV_1358,Bacteria,Bacillota,Clostridia,Oscillospirales,Butyricicoccaceae,Butyricicoccus,Butyricicoccus_NA
ASV_1359,Bacteria,Bacillota,Clostridia,Oscillospirales,UCG-010,NA,NA_NA
ASV_1360,Bacteria,Bacteroidota,Bacteroidia,Bacteroidales,Rikenellaceae,Rikenellaceae RC9 gut group,Rikenellaceae_RC9_gut_group_NA
ASV_1361,Bacteria,Pseudomonadota,Gammaproteobacteria,Burkholderiales,Neisseriaceae,Alysiella,Alysiella_NA
ASV_1362,Bacteria,Bacillota,Bacilli,Lactobacillales,Streptococcaceae,Lactococcus,Lactococcus_lactis
ASV_1363,Bacteria,Pseudomonadota,Gammaproteobacteria,Enterobacterales,Pectobacteriaceae,Lonsdalea,Lonsdalea_britannica
ASV_1364,Bacteria,Bacteroidota,Bacteroidia,Bacteroidales,Bacteroidaceae,Bacteroides,Bacteroides_stercoris
ASV_1365,Bacteria,Bacillota,Clostridia,Christensenellales,Christensenellaceae,Christensenellaceae R-7 group,Christensenellaceae_R-7_group_NA
ASV_1366,Bacteria,Pseudomonadota,Gammaproteobacteria,Enterobacterales,Orbaceae,NA,NA_NA
ASV_1367,Bacteria,Actinomycetota,Actinobacteria,Bifidobacteriales,Bifidobacteriaceae,Bifidobacterium,Bifidobacterium_adolescentis
ASV_1368,Bacteria,Bacillota,Bacilli,RF39,NA,NA,NA_NA
ASV_1369,Bacteria,Bacillota,Clostridia,Lachnospirales,Lachnospiraceae,NA,NA_NA
ASV_1370,Bacteria,Bacillota,Bacilli,RF39,NA,NA,NA_NA
ASV_1371,Bacteria,Bacillota,Clostridia,Oscillospirales,Oscillospiraceae,NK4A214 group,NK4A214_group_NA
ASV_1372,Bacteria,Pseudomonadota,Gammaproteobacteria,Enterobacterales,Succinivibrionaceae,Succinivibrionaceae UCG-002,Succinivibrionaceae_UCG-002_NA
ASV_1373,Bacteria,Bacillota,Clostridia,Oscillospirales,Ruminococcaceae,Fournierella,Fournierella_NA
ASV_1374,Bacteria,Pseudomonadota,Gammaproteobacteria,Pseudomonadales,Moraxellaceae,Acinetobacter,Acinetobacter_baumannii
ASV_1375,Bacteria,Bacillota,Clostridia,Oscillospirales,Oscillospiraceae,UCG-002,UCG-002_NA
ASV_1376,Bacteria,Bacteroidota,Bacteroidia,Bacteroidales,F082,NA,NA_NA
ASV_1377,Bacteria,Bacteroidota,Bacteroidia,Bacteroidales,Prevotellaceae,Segatella,Segatella_NA
ASV_1378,Bacteria,Bacillota,Clostridia,Oscillospirales,Oscillospiraceae,Intestinimonas,Intestinimonas_NA
ASV_1379,Bacteria,Bacillota,Clostridia,Oscillospirales,Ruminococcaceae,Eubacterium,Eubacterium_siraeum_group
ASV_1380,Bacteria,Bacillota,Clostridia,Monoglobales,Monoglobaceae,Monoglobus,Monoglobus_NA
ASV_1381,Bacteria,Bacteroidota,Bacteroidia,Bacteroidales,Dysgonomonadaceae,Dysgonomonas,Dysgonomonas_NA
ASV_1382,Bacteria,Pseudomonadota,Alphaproteobacteria,Sphingomonadales,Sphingomonadaceae,Sphingomonas,Sphingomonas_NA
ASV_1383,Bacteria,Bacillota,Bacilli,Staphylococcales,Staphylococcaceae,Salinicoccus,Salinicoccus_halitifaciens
ASV_1384,Bacteria,Bacillota,Clostridia,Oscillospirales,UCG-010,NA,NA_NA
ASV_1385,Bacteria,Pseudomonadota,Gammaproteobacteria,Pseudomonadales,Moraxellaceae,Acinetobacter,Acinetobacter_bohemicus
ASV_1386,Bacteria,Bacillota,Bacilli,Lactobacillales,Streptococcaceae,Streptococcus,Streptococcus_salivarius
ASV_1387,Bacteria,Bacillota,Clostridia,Peptostreptococcales-Tissierellales,Anaerovoracaceae,Mogibacterium,Mogibacterium_NA
ASV_1388,Bacteria,Pseudomonadota,Gammaproteobacteria,Pseudomonadales,Pseudomonadaceae,Pseudomonas,Pseudomonas_sp.
ASV_1389,Bacteria,Bacillota,Clostridia,Oscillospirales,Ruminococcaceae,NA,NA_NA
ASV_1390,Bacteria,Bacillota,Clostridia,Oscillospirales,Oscillospiraceae,UCG-005,UCG-005_NA
ASV_1391,Bacteria,Pseudomonadota,Gammaproteobacteria,Pseudomonadales,Pseudomonadaceae,Pseudomonas,Pseudomonas_sp.
ASV_1392,Bacteria,Bacillota,Clostridia,Peptostreptococcales-Tissierellales,Peptostreptococcaceae,Romboutsia,Romboutsia_sedimentorum
ASV_1393,Bacteria,Bacteroidota,Bacteroidia,Bacteroidales,Bacteroidaceae,Bacteroides,Bacteroides_NA
ASV_1394,Bacteria,Pseudomonadota,Alphaproteobacteria,Rickettsiales,Mitochondria,NA,NA_NA
ASV_1395,Bacteria,Bacteroidota,Bacteroidia,Bacteroidales,F082,NA,NA_NA
ASV_1396,Bacteria,Bacillota,Clostridia,Oscillospirales,Ruminococcaceae,Ruminococcus,Ruminococcus_NA
ASV_1397,Bacteria,Deferribacterota,Deferribacteres,Deferribacterales,Deferribacteraceae,Mucispirillum,Mucispirillum_schaedleri
ASV_1398,Bacteria,Bacillota,Clostridia,Oscillospirales,Oscillospiraceae,Colidextribacter,Colidextribacter_NA
ASV_1399,Bacteria,Bacillota,Clostridia,Clostridia UCG-014,NA,NA,NA_NA
ASV_1400,Bacteria,Bacillota,Bacilli,Erysipelotrichales,Erysipelatoclostridiaceae,Erysipelotrichaceae UCG-003,Erysipelotrichaceae_UCG-003_NA
ASV_1401,Bacteria,Bacteroidota,Bacteroidia,Flavobacteriales,Flavobacteriaceae,Myroides,Myroides_odoratus
ASV_1402,Bacteria,Bacillota,Bacilli,Lactobacillales,Lactobacillaceae,Ligilactobacillus,Ligilactobacillus_murinus
ASV_1403,Bacteria,Pseudomonadota,Alphaproteobacteria,Acetobacterales,Acetobacteraceae,Asaia,Asaia_bogorensis
ASV_1404,Bacteria,Actinomycetota,Actinobacteria,Mycobacteriales,Corynebacteriaceae,Corynebacterium,Corynebacterium_xerosis
ASV_1405,Bacteria,Bacteroidota,Bacteroidia,Flavobacteriales,Weeksellaceae,Empedobacter,Empedobacter_sp.
ASV_1406,Bacteria,Bacillota,Negativicutes,Acidaminococcales,Acidaminococcaceae,Phascolarctobacterium,Phascolarctobacterium_NA
ASV_1407,Bacteria,Bacillota,Bacilli,Lactobacillales,NA,NA,NA_NA
ASV_1408,Bacteria,Bacteroidota,Bacteroidia,Flavobacteriales,Weeksellaceae,Cloacibacterium,Cloacibacterium_normanense
ASV_1409,Bacteria,Campylobacterota,Campylobacteria,Campylobacterales,Arcobacteraceae,Arcobacter,Arcobacter_cryaerophilus
ASV_1410,Bacteria,Bacillota,Bacilli,Lactobacillales,Carnobacteriaceae,Carnobacterium,Carnobacterium_inhibens
ASV_1411,Bacteria,Verrucomicrobiota,Kiritimatiellia,WCHB1-41,NA,NA,NA_NA
ASV_1412,Bacteria,Bacteroidota,Bacteroidia,Bacteroidales,Dysgonomonadaceae,Dysgonomonas,Dysgonomonas_alginatilytica
ASV_1413,Bacteria,Bacteroidota,Bacteroidia,Bacteroidales,p-251-o5,NA,NA_NA
ASV_1414,Bacteria,Thermodesulfobacteriota,Desulfovibrionia,Desulfovibrionales,Desulfovibrionaceae,Desulfovibrio,Desulfovibrio_cuneatus
ASV_1415,Bacteria,Bacillota,Clostridia,Lachnospirales,Lachnospiraceae,Lachnospiraceae NK4A136 group,Lachnospiraceae_NK4A136_group_NA
ASV_1416,Bacteria,Bacillota,Clostridia,Lachnospirales,Lachnospiraceae,Lachnospiraceae AC2044 group,Lachnospiraceae_AC2044_group_NA
ASV_1417,Bacteria,Actinomycetota,Actinobacteria,Micrococcales,Microbacteriaceae,Leucobacter,Leucobacter_aridicollis
ASV_1418,Bacteria,Bacteroidota,Bacteroidia,Bacteroidales,Bacteroidaceae,Bacteroides,Bacteroides_NA
ASV_1419,Bacteria,Bacteroidota,Bacteroidia,Bacteroidales,Dysgonomonadaceae,Dysgonomonas,Dysgonomonas_NA
ASV_1420,Bacteria,Thermodesulfobacteriota,Desulfovibrionia,Desulfovibrionales,Desulfovibrionaceae,Desulfovibrio,Desulfovibrio_NA
ASV_1421,Bacteria,Bacillota,Clostridia,Oscillospirales,Ruminococcaceae,Caproiciproducens,Caproiciproducens_NA
ASV_1422,Bacteria,Bacillota,Clostridia,Lachnospirales,Lachnospiraceae,Oribacterium,Oribacterium_NA
ASV_1423,Bacteria,Pseudomonadota,Gammaproteobacteria,Lysobacterales,Lysobacteraceae,Stenotrophomonas,Stenotrophomonas_rhizophila
ASV_1424,Bacteria,Actinomycetota,Actinobacteria,Mycobacteriales,Mycobacteriaceae,Mycobacterium,Mycobacterium_mengxianglii
ASV_1425,Bacteria,Bacteroidota,Bacteroidia,Bacteroidales,Tannerellaceae,Parabacteroides,Parabacteroides_NA
ASV_1426,Bacteria,Bacillota,Clostridia,Oscillospirales,[Eubacterium] coprostanoligenes group,NA,NA_NA
ASV_1427,Bacteria,Pseudomonadota,NA,NA,NA,NA,NA_NA
ASV_1428,Bacteria,Bacillota,Clostridia,Oscillospirales,Oscillospiraceae,Colidextribacter,Colidextribacter_NA
ASV_1429,Bacteria,Bacillota,Clostridia,Monoglobales,Monoglobaceae,Monoglobus,Monoglobus_NA
ASV_1430,Bacteria,Bacillota,Clostridia,Peptostreptococcales-Tissierellales,Family XI,NA,NA_NA
ASV_1431,Bacteria,Pseudomonadota,Gammaproteobacteria,Burkholderiales,Neisseriaceae,Vitreoscilla,Vitreoscilla_NA
ASV_1432,Bacteria,Bacillota,Clostridia,Oscillospirales,UCG-010,NA,NA_NA
ASV_1433,Bacteria,Bacteroidota,Bacteroidia,Bacteroidales,Prevotellaceae,Xylanibacter,Xylanibacter_NA
ASV_1434,Bacteria,Cyanobacteriota,Cyanobacteriia,Chloroplast,NA,NA,NA_NA
ASV_1435,Bacteria,Cyanobacteriota,Cyanobacteriia,Chloroplast,NA,NA,NA_NA
ASV_1436,Bacteria,Bacillota,Clostridia,Oscillospirales,Oscillospiraceae,NK4A214 group,NK4A214_group_NA
ASV_1437,Bacteria,Thermodesulfobacteriota,Desulfovibrionia,Desulfovibrionales,Desulfovibrionaceae,Desulfovibrio,Desulfovibrio_piger
ASV_1438,Bacteria,Bacteroidota,Bacteroidia,Bacteroidales,Muribaculaceae,NA,NA_NA
ASV_1439,Bacteria,Thermodesulfobacteriota,Desulfovibrionia,Desulfovibrionales,Desulfovibrionaceae,Desulfovibrio,Desulfovibrio_sp.
ASV_1440,Bacteria,Bacillota,Clostridia,Oscillospirales,Ruminococcaceae,Ruminococcus,Ruminococcus_bicirculans
ASV_1441,Bacteria,Bacteroidota,Bacteroidia,Chitinophagales,Chitinophagaceae,Ferruginibacter,Ferruginibacter_NA
ASV_1442,Bacteria,Bacteroidota,Bacteroidia,Flavobacteriales,Weeksellaceae,Wautersiella,Wautersiella_falsenii
ASV_1443,Bacteria,Pseudomonadota,Gammaproteobacteria,Pseudomonadales,Pseudomonadaceae,Pseudomonas,Pseudomonas_putida
ASV_1444,Bacteria,Pseudomonadota,Gammaproteobacteria,Burkholderiales,Sutterellaceae,Sutterella,Sutterella_NA
ASV_1445,Bacteria,Pseudomonadota,Gammaproteobacteria,Pseudomonadales,Moraxellaceae,NA,NA_NA
ASV_1446,Bacteria,Bacillota,Clostridia,Peptostreptococcales-Tissierellales,Family XI,Helcococcus,Helcococcus_seattlensis
ASV_1447,Bacteria,Bacillota,Clostridia,Peptostreptococcales-Tissierellales,Family XI,W5053,W5053_NA
ASV_1448,Bacteria,Pseudomonadota,Gammaproteobacteria,Enterobacterales,Budviciaceae,Pragia,Pragia_NA
ASV_1449,Bacteria,Actinomycetota,Actinobacteria,Micrococcales,Micrococcaceae,Nesterenkonia,Nesterenkonia_NA
ASV_1450,Bacteria,Bacillota,Clostridia,Oscillospirales,Ruminococcaceae,Ruminococcus,Ruminococcus_flavefaciens
ASV_1451,Bacteria,Actinomycetota,Actinobacteria,Mycobacteriales,Corynebacteriaceae,Corynebacterium,Corynebacterium_diphtheriae
ASV_1452,Bacteria,Bacillota,Clostridia,Oscillospirales,Ruminococcaceae,Candidatus Soleaferrea,Candidatus_Soleaferrea_NA
ASV_1453,Bacteria,Bacteroidota,Bacteroidia,Bacteroidales,Tannerellaceae,Parabacteroides,Parabacteroides_merdae
ASV_1454,Bacteria,Actinomycetota,Coriobacteriia,Coriobacteriales,Coriobacteriales Incertae Sedis,NA,NA_NA
ASV_1455,Bacteria,Verrucomicrobiota,Kiritimatiellia,WCHB1-41,NA,NA,NA_NA
ASV_1456,Bacteria,Bacteroidota,Bacteroidia,Bacteroidales,Prevotellaceae,Segatella,Segatella_NA
ASV_1457,Bacteria,Bacillota,Bacilli,Lactobacillales,Lactobacillaceae,Lactiplantibacillus,Lactiplantibacillus_mudanjiangensis
ASV_1458,Bacteria,Bacillota,Clostridia,Peptostreptococcales-Tissierellales,Peptostreptococcaceae,NA,NA_NA
ASV_1459,Bacteria,Bacillota,Bacilli,Erysipelotrichales,Clostridiaceae,Clostridium,Clostridium_innocuum_group
ASV_1460,Bacteria,Bacteroidota,Bacteroidia,Bacteroidales,Tannerellaceae,Parabacteroides,Parabacteroides_NA
ASV_1461,Bacteria,Bacillota,Bacilli,Bacillales,Bacillaceae,Niallia,Niallia_NA
ASV_1462,Bacteria,Bacillota,Clostridia,Oscillospirales,UCG-010,NA,NA_NA
ASV_1463,Bacteria,Pseudomonadota,Gammaproteobacteria,Pseudomonadales,Moraxellaceae,Acinetobacter,Acinetobacter_NA
ASV_1464,Bacteria,Bacillota,Clostridia,Lachnospirales,Lachnospiraceae,Blautia,Blautia_NA
ASV_1465,Bacteria,Bacillota,Bacilli,Erysipelotrichales,Erysipelatoclostridiaceae,Thomasclavelia,Thomasclavelia_spiroformis
ASV_1466,Bacteria,Bacillota,Clostridia,Oscillospirales,Oscillospiraceae,UCG-002,UCG-002_NA
ASV_1467,Bacteria,Actinomycetota,Actinobacteria,Mycobacteriales,Corynebacteriaceae,Corynebacterium,Corynebacterium_halotolerans
ASV_1468,Bacteria,Bacteroidota,Bacteroidia,Bacteroidales,Muribaculaceae,NA,NA_NA
ASV_1469,Bacteria,Bacillota,Clostridia,Oscillospirales,Oscillospiraceae,UCG-005,UCG-005_NA
ASV_1470,Bacteria,Bacillota,Clostridia,Oscillospirales,Ruminococcaceae,Ruminococcus,Ruminococcus_NA
ASV_1471,Bacteria,Bacillota,Clostridia,Oscillospirales,Ruminococcaceae,NA,NA_NA
ASV_1472,Bacteria,Bacillota,Clostridia,Lachnospirales,Lachnospiraceae,Extibacter,Extibacter_NA
ASV_1473,Bacteria,Bacillota,Bacilli,Lactobacillales,Lactobacillaceae,Limosilactobacillus,Limosilactobacillus_reuteri
ASV_1474,Bacteria,Bacteroidota,Bacteroidia,Bacteroidales,Bacteroidaceae,Bacteroides,Bacteroides_coprosuis
ASV_1475,Bacteria,Bacillota,Clostridia,Clostridia UCG-014,NA,NA,NA_NA
ASV_1476,Bacteria,Bacillota,Clostridia,Lachnospirales,Lachnospiraceae,Lachnospiraceae AC2044 group,Lachnospiraceae_AC2044_group_NA
ASV_1477,Bacteria,Bacillota,Clostridia,Lachnospirales,Lachnospiraceae,Blautia,Blautia_glucerasea
ASV_1478,Bacteria,Bacillota,Clostridia,Christensenellales,Christensenellaceae,Christensenellaceae R-7 group,Christensenellaceae_R-7_group_NA
ASV_1479,Bacteria,Bacteroidota,Bacteroidia,Bacteroidales,Tannerellaceae,Parabacteroides,Parabacteroides_goldsteinii
ASV_1480,Bacteria,Bacteroidota,Bacteroidia,Bacteroidales,Rikenellaceae,Rikenellaceae RC9 gut group,Rikenellaceae_RC9_gut_group_NA
ASV_1481,Bacteria,Bacteroidota,Bacteroidia,Bacteroidales,Bacteroidaceae,Bacteroides,Bacteroides_coprophilus
ASV_1482,Bacteria,Verrucomicrobiota,Kiritimatiellia,WCHB1-41,NA,NA,NA_NA
ASV_1483,Bacteria,Bacillota,Bacilli,Erysipelotrichales,Erysipelotrichaceae,Allobaculum,Allobaculum_sp.
ASV_1484,Bacteria,Pseudomonadota,Gammaproteobacteria,Enterobacterales,Enterobacteriaceae,Salmonella,Salmonella_enterica
ASV_1485,Bacteria,Bacteroidota,Bacteroidia,Bacteroidales,Prevotellaceae,Prevotellaceae UCG-004,Prevotellaceae_UCG-004_NA
ASV_1486,Bacteria,Bacillota,Clostridia,Oscillospirales,UCG-010,NA,NA_NA
ASV_1487,Bacteria,Pseudomonadota,Gammaproteobacteria,Enterobacterales,Enterobacteriaceae,Buttiauxella,Buttiauxella_NA
ASV_1488,Bacteria,Bacillota,Clostridia,Lachnospirales,Lachnospiraceae,Lachnospiraceae UCG-010,Lachnospiraceae_UCG-010_NA
ASV_1489,Bacteria,Bacillota,Clostridia,Clostridiales,Clostridiaceae,Clostridium,Clostridium_algidicarnis
ASV_1490,Bacteria,Bacillota,Clostridia,Clostridiales,Clostridiaceae,Clostridium,Clostridium_tetani
ASV_1491,Bacteria,Bacillota,Clostridia,Lachnospirales,Lachnospiraceae,NA,NA_NA
ASV_1492,Bacteria,Bacillota,Bacilli,Lactobacillales,Lactobacillaceae,Limosilactobacillus,Limosilactobacillus_NA
ASV_1493,Bacteria,Bacillota,Clostridia,Peptostreptococcales-Tissierellales,Anaerovoracaceae,Mogibacterium,Mogibacterium_NA
ASV_1494,Bacteria,Bacteroidota,Bacteroidia,Bacteroidales,Bacteroidaceae,Bacteroides,Bacteroides_stercoris
ASV_1495,Bacteria,Bacillota,Clostridia,Oscillospirales,Oscillospiraceae,NA,NA_NA
ASV_1496,Bacteria,Cyanobacteriota,Cyanobacteriia,Chloroplast,NA,NA,NA_NA
ASV_1497,Bacteria,Bacteroidota,Bacteroidia,Flavobacteriales,Flavobacteriaceae,Myroides,Myroides_profundi
ASV_1498,Bacteria,Bacillota,Clostridia,Lachnospirales,Lachnospiraceae,Mediterraneibacter,Mediterraneibacter_NA
ASV_1499,Bacteria,Bacillota,Bacilli,Staphylococcales,Staphylococcaceae,Jeotgalicoccus,Jeotgalicoccus_NA
ASV_1500,Bacteria,Bacillota,Clostridia,Oscillospirales,UCG-010,NA,NA_NA
ASV_1501,Bacteria,Bacteroidota,Bacteroidia,Bacteroidales,Bacteroidaceae,Bacteroides,Bacteroides_NA
ASV_1502,Bacteria,Pseudomonadota,Alphaproteobacteria,Rickettsiales,Mitochondria,NA,NA_NA
ASV_1503,Bacteria,Bacillota,Clostridia,Oscillospirales,Oscillospiraceae,UCG-005,UCG-005_NA
ASV_1504,Bacteria,Bacteroidota,Bacteroidia,Bacteroidales,Bacteroidaceae,Bacteroides,Bacteroides_gallinaceum
ASV_1505,Bacteria,Bacillota,Clostridia,Peptostreptococcales-Tissierellales,Family XI,Tissierella,Tissierella_NA
ASV_1506,Bacteria,Bacillota,Bacilli,Erysipelotrichales,Erysipelotrichaceae,Erysipelothrix,Erysipelothrix_NA
ASV_1507,Bacteria,Actinomycetota,Actinobacteria,Micrococcales,Micrococcaceae,Kocuria,Kocuria_carniphila
ASV_1508,Bacteria,Bacillota,Bacilli,RF39,NA,NA,NA_NA
ASV_1509,Bacteria,Bacillota,Negativicutes,Veillonellales-Selenomonadales,Selenomonadaceae,NA,NA_NA
ASV_1510,Bacteria,Bacillota,Clostridia,Lachnospirales,Lachnospiraceae,Blautia,Blautia_NA
ASV_1511,Bacteria,Bacillota,Clostridia,Oscillospirales,Ruminococcaceae,Ruminococcus,Ruminococcus_NA
ASV_1512,Bacteria,Bacillota,Clostridia,Lachnospirales,Lachnospiraceae,Lachnotalea,Lachnotalea_NA
ASV_1513,Bacteria,Bacillota,Negativicutes,Veillonellales-Selenomonadales,Veillonellaceae,Megasphaera,Megasphaera_elsdenii
ASV_1514,Bacteria,Bacillota,Clostridia,Oscillospirales,Ruminococcaceae,Subdoligranulum,Subdoligranulum_NA
ASV_1515,Bacteria,Bacteroidota,Bacteroidia,Flavobacteriales,Weeksellaceae,Chryseobacterium,Chryseobacterium_NA
ASV_1516,Bacteria,Pseudomonadota,Gammaproteobacteria,Pseudomonadales,Moraxellaceae,Psychrobacter,Psychrobacter_celer
ASV_1517,Bacteria,Pseudomonadota,Gammaproteobacteria,Burkholderiales,Comamonadaceae,Delftia,Delftia_tsuruhatensis
ASV_1518,Bacteria,Bacillota,Clostridia,Lachnospirales,Lachnospiraceae,Lachnospiraceae NK4A136 group,Lachnospiraceae_NK4A136_group_NA
ASV_1519,Bacteria,Bacillota,Bacilli,Lactobacillales,Vagococcaceae,Vagococcus,Vagococcus_penaei
ASV_1520,Bacteria,Pseudomonadota,Alphaproteobacteria,Rhodospirillales,Rhodospirillaceae,Pararhodospirillum,Pararhodospirillum_NA
ASV_1521,Bacteria,Bacillota,Clostridia,Oscillospirales,Ruminococcaceae,Ruminococcus,Ruminococcus_NA
ASV_1522,Bacteria,Bacteroidota,Bacteroidia,Bacteroidales,F082,NA,NA_NA
ASV_1523,Bacteria,Pseudomonadota,Gammaproteobacteria,Pseudomonadales,Pseudomonadaceae,Pseudomonas,Pseudomonas_koreensis
ASV_1524,Bacteria,Pseudomonadota,Alphaproteobacteria,Caulobacterales,Caulobacteraceae,Brevundimonas,Brevundimonas_vesicularis
ASV_1525,Bacteria,Bacteroidota,Bacteroidia,Bacteroidales,Prevotellaceae,Prevotellaceae NK3B31 group,Prevotellaceae_NK3B31_group_NA
ASV_1526,Bacteria,Bacteroidota,Bacteroidia,Bacteroidales,Prevotellaceae,Xylanibacter,Xylanibacter_NA
ASV_1527,Bacteria,Bacillota,Clostridia,Lachnospirales,Lachnospiraceae,Anaerostipes,Anaerostipes_NA
ASV_1528,Bacteria,Bacillota,Bacilli,Erysipelotrichales,Erysipelotrichaceae,Dubosiella,Dubosiella_NA
ASV_1529,Bacteria,Bacillota,Clostridia,Peptostreptococcales-Tissierellales,Peptostreptococcaceae,Terrisporobacter,Terrisporobacter_NA
ASV_1530,Bacteria,Bacillota,Clostridia,Oscillospirales,Ruminococcaceae,NA,NA_NA
ASV_1531,Bacteria,Bacteroidota,Bacteroidia,Bacteroidales,Dysgonomonadaceae,Dysgonomonas,Dysgonomonas_NA
ASV_1532,Bacteria,Pseudomonadota,Alphaproteobacteria,Rickettsiales,Mitochondria,NA,NA_NA
ASV_1533,Bacteria,Bacillota,Clostridia,Lachnospirales,Lachnospiraceae,Roseburia,Roseburia_NA
ASV_1534,Bacteria,Bacillota,Clostridia,Oscillospirales,Oscillospiraceae,NK4A214 group,NK4A214_group_NA
ASV_1535,Bacteria,Bacillota,Clostridia,Clostridia UCG-014,NA,NA,NA_NA
ASV_1536,Bacteria,Bacillota,Clostridia,Lachnospirales,Lachnospiraceae,NA,NA_NA
ASV_1537,Bacteria,Bacillota,Bacilli,Bacillales,Planococcaceae,Savagea,Savagea_faecisuis
ASV_1538,Bacteria,Bacillota,Negativicutes,Veillonellales-Selenomonadales,Selenomonadaceae,Megamonas,Megamonas_hypermegale
ASV_1539,Bacteria,Bacillota,Clostridia,Lachnospirales,Lachnospiraceae,Fusicatenibacter,Fusicatenibacter_NA
ASV_1540,Bacteria,Bacillota,Clostridia,Lachnospirales,Lachnospiraceae,Lachnospiraceae NK3A20 group,Lachnospiraceae_NK3A20_group_NA
ASV_1541,Bacteria,Bacillota,Clostridia,Clostridia UCG-014,NA,NA,NA_NA
ASV_1542,Bacteria,Pseudomonadota,Gammaproteobacteria,Burkholderiales,Alcaligenaceae,Paenalcaligenes,Paenalcaligenes_NA
ASV_1543,Bacteria,Pseudomonadota,Alphaproteobacteria,Sphingomonadales,Sphingomonadaceae,NA,NA_NA
ASV_1544,Bacteria,Bacteroidota,Bacteroidia,Bacteroidales,Prevotellaceae,NA,NA_NA
ASV_1545,Bacteria,Bacillota,Clostridia,Peptostreptococcales-Tissierellales,Family XI,W5053,W5053_NA
ASV_1546,Bacteria,Pseudomonadota,Alphaproteobacteria,Hyphomicrobiales,Rhizobiaceae,NA,NA_NA
ASV_1547,Bacteria,Pseudomonadota,Gammaproteobacteria,Pseudomonadales,Moraxellaceae,Acinetobacter,Acinetobacter_rudis
ASV_1548,Bacteria,Bacillota,Negativicutes,Veillonellales-Selenomonadales,Selenomonadaceae,Mitsuokella,Mitsuokella_NA
ASV_1549,Bacteria,Bacillota,Negativicutes,Veillonellales-Selenomonadales,Selenomonadaceae,Anaerovibrio,Anaerovibrio_sp.
ASV_1550,Bacteria,Pseudomonadota,Gammaproteobacteria,Enterobacterales,Enterobacteriaceae,Buttiauxella,Buttiauxella_sp.
ASV_1551,Bacteria,Bacillota,Bacilli,RF39,NA,NA,NA_NA
ASV_1552,Bacteria,Bacteroidota,Bacteroidia,Bacteroidales,Dysgonomonadaceae,Dysgonomonas,Dysgonomonas_NA
ASV_1553,Bacteria,Pseudomonadota,Gammaproteobacteria,Pseudomonadales,Pseudomonadaceae,Pseudomonas,Pseudomonas_tohonis
ASV_1554,Bacteria,Bacillota,Clostridia,Clostridia UCG-014,NA,NA,NA_NA
ASV_1555,Bacteria,Pseudomonadota,Gammaproteobacteria,Pseudomonadales,Halomonadaceae,Zymobacter,Zymobacter_palmae
ASV_1556,Bacteria,Bacillota,Clostridia,Oscillospirales,Ruminococcaceae,Ruminococcus,Ruminococcus_bromii
ASV_1557,Bacteria,Bacteroidota,Bacteroidia,Bacteroidales,Prevotellaceae,Prevotellaceae UCG-004,Prevotellaceae_UCG-004_NA
ASV_1558,Bacteria,Bacteroidota,Bacteroidia,Bacteroidales,Bacteroidaceae,Bacteroides,Bacteroides_NA
ASV_1559,Bacteria,Bacillota,Clostridia,Oscillospirales,[Eubacterium] coprostanoligenes group,NA,NA_NA
ASV_1560,Bacteria,Bacteroidota,Bacteroidia,Bacteroidales,Bacteroidales RF16 group,NA,NA_NA
ASV_1561,Bacteria,Bacteroidota,Bacteroidia,Bacteroidales,Bacteroidales RF16 group,NA,NA_NA
ASV_1562,Bacteria,Bacillota,Clostridia,Oscillospirales,Ruminococcaceae,Ruminococcus,Ruminococcus_NA
ASV_1563,Bacteria,Bacteroidota,Bacteroidia,Bacteroidales,Bacteroidaceae,Bacteroides,Bacteroides_coprocola
ASV_1564,Bacteria,Pseudomonadota,Gammaproteobacteria,Enterobacterales,NA,NA,NA_NA
ASV_1565,Bacteria,Bacteroidota,Bacteroidia,Flavobacteriales,Weeksellaceae,Chryseobacterium,Chryseobacterium_hominis
ASV_1566,Bacteria,Bacillota,Bacilli,RF39,NA,NA,NA_NA
ASV_1567,Bacteria,Actinomycetota,Actinobacteria,Mycobacteriales,Corynebacteriaceae,Corynebacterium,Corynebacterium_sp.
ASV_1568,Bacteria,Bacillota,Clostridia,Oscillospirales,Oscillospiraceae,Colidextribacter,Colidextribacter_NA
ASV_1569,Bacteria,Pseudomonadota,Gammaproteobacteria,Enterobacterales,Pasteurellaceae,Aggregatibacter,Aggregatibacter_segnis
ASV_1570,Bacteria,Bacteroidota,Bacteroidia,Bacteroidales,Bacteroidaceae,Bacteroides,Bacteroides_NA
ASV_1571,Bacteria,Bacillota,Negativicutes,Acidaminococcales,Acidaminococcaceae,Acidaminococcus,Acidaminococcus_sp.
ASV_1572,Bacteria,Thermodesulfobacteriota,Desulfovibrionia,Desulfovibrionales,Desulfovibrionaceae,Desulfovibrio,Desulfovibrio_sp.
ASV_1573,Bacteria,Bacillota,Clostridia,Christensenellales,Christensenellaceae,Christensenellaceae R-7 group,Christensenellaceae_R-7_group_NA
ASV_1574,Bacteria,Cyanobacteriota,Cyanobacteriia,Chloroplast,NA,NA,NA_NA
ASV_1575,Bacteria,Bacillota,Clostridia,Oscillospirales,UCG-010,NA,NA_NA
ASV_1576,Bacteria,Bacillota,Bacilli,Lactobacillales,Lactobacillaceae,Loigolactobacillus,Loigolactobacillus_coryniformis
ASV_1577,Bacteria,Pseudomonadota,Gammaproteobacteria,Enterobacterales,Pectobacteriaceae,Pectobacterium,Pectobacterium_carotovorum
ASV_1578,Bacteria,Bacillota,Clostridia,Clostridiales,Clostridiaceae,Sarcina,Sarcina_maxima
ASV_1579,Bacteria,Bacteroidota,Bacteroidia,Bacteroidales,Rikenellaceae,Rikenellaceae RC9 gut group,Rikenellaceae_RC9_gut_group_NA
ASV_1580,Bacteria,Bacillota,Bacilli,Bacillales,Bacillaceae,Bacillus,Bacillus_paramycoides
ASV_1581,Bacteria,Bacillota,Clostridia,NA,NA,NA,NA_NA
ASV_1582,Bacteria,Actinomycetota,Coriobacteriia,Coriobacteriales,Coriobacteriaceae,Collinsella,Collinsella_aerofaciens
ASV_1583,Bacteria,Thermodesulfobacteriota,Desulfovibrionia,Desulfovibrionales,Desulfovibrionaceae,Desulfovibrio,Desulfovibrio_litoralis
ASV_1584,Bacteria,Bacillota,Clostridia,Monoglobales,Monoglobaceae,Monoglobus,Monoglobus_NA
ASV_1585,Bacteria,Bacteroidota,Bacteroidia,Bacteroidales,Dysgonomonadaceae,Dysgonomonas,Dysgonomonas_NA
ASV_1586,Bacteria,Bacillota,Clostridia,Lachnospirales,Lachnospiraceae,Lachnospiraceae NK3A20 group,Lachnospiraceae_NK3A20_group_NA
ASV_1587,Bacteria,Bacillota,Clostridia,Peptostreptococcales-Tissierellales,Peptostreptococcaceae,Terrisporobacter,Terrisporobacter_NA
ASV_1588,Bacteria,Bacillota,Clostridia,Oscillospirales,Oscillospiraceae,Intestinimonas,Intestinimonas_NA
ASV_1589,Bacteria,Fusobacteriota,Fusobacteriia,Fusobacteriales,Leptotrichiaceae,Sebaldella,Sebaldella_NA
ASV_1590,Bacteria,Bacillota,Clostridia,Oscillospirales,Ruminococcaceae,Negativibacillus,Negativibacillus_NA
ASV_1591,Bacteria,Bacillota,Clostridia,Clostridiales,Clostridiaceae,Clostridium,Clostridium_chartatabidum
ASV_1592,Bacteria,Bacteroidota,Bacteroidia,Sphingobacteriales,Sphingobacteriaceae,Pedobacter,Pedobacter_agri
ASV_1593,Bacteria,Bacillota,Bacilli,Lactobacillales,Lactobacillaceae,Latilactobacillus,Latilactobacillus_sakei
ASV_1594,Bacteria,Pseudomonadota,Alphaproteobacteria,Acetobacterales,Acetobacteraceae,Roseomonas,Roseomonas_gilardii
ASV_1595,Bacteria,Bacillota,Clostridia,Oscillospirales,UCG-010,NA,NA_NA
ASV_1596,Bacteria,Bacillota,Bacilli,Lactobacillales,Vagococcaceae,Vagococcus,Vagococcus_penaei
ASV_1597,Bacteria,Cyanobacteriota,Cyanobacteriia,Cyanobacteriales,Chroococcidiopsaceae,NA,NA_NA
ASV_1598,Bacteria,Thermodesulfobacteriota,Desulfovibrionia,Desulfovibrionales,Desulfovibrionaceae,Desulfovibrio,Desulfovibrio_NA
ASV_1599,Bacteria,Bacteroidota,Bacteroidia,Bacteroidales,Prevotellaceae,NA,NA_NA
ASV_1600,Bacteria,Bacillota,Bacilli,Lactobacillales,Enterococcaceae,Enterococcus,Enterococcus_asini
ASV_1601,Bacteria,Actinomycetota,Actinobacteria,Mycobacteriales,Corynebacteriaceae,Lawsonella,Lawsonella_clevelandensis
ASV_1602,Bacteria,Bacteroidota,Bacteroidia,Bacteroidales,F082,NA,NA_NA
ASV_1603,Bacteria,Bacillota,Clostridia,Clostridia UCG-014,NA,NA,NA_NA
ASV_1604,Bacteria,Pseudomonadota,Alphaproteobacteria,Sphingomonadales,Sphingomonadaceae,Sphingomonas,Sphingomonas_paucimobilis
ASV_1605,Bacteria,Bacillota,Clostridia,Lachnospirales,Lachnospiraceae,NA,NA_NA
ASV_1606,Bacteria,Bacillota,Clostridia,Lachnospirales,Lachnospiraceae,NA,NA_NA
ASV_1607,Bacteria,Pseudomonadota,Alphaproteobacteria,Caulobacterales,Caulobacteraceae,Brevundimonas,Brevundimonas_intermedia
ASV_1608,Bacteria,Pseudomonadota,Alphaproteobacteria,Holosporales,Holosporaceae,NA,NA_NA
ASV_1609,Bacteria,Bacillota,Bacilli,Staphylococcales,Staphylococcaceae,Staphylococcus,Staphylococcus_NA
ASV_1610,Bacteria,Actinomycetota,Actinobacteria,Bifidobacteriales,Bifidobacteriaceae,Bifidobacterium,Bifidobacterium_adolescentis
ASV_1611,Bacteria,Bacillota,Clostridia,Oscillospirales,Oscillospiraceae,NK4A214 group,NK4A214_group_NA
ASV_1612,Bacteria,Bacillota,Bacilli,Erysipelotrichales,Erysipelotrichaceae,Anaerorhabdus,Anaerorhabdus_NA
ASV_1613,Bacteria,Bacillota,Clostridia,Oscillospirales,Ruminococcaceae,Ruminococcus,Ruminococcus_NA
ASV_1614,Bacteria,Bacillota,Clostridia,Lachnospirales,Lachnospiraceae,NA,NA_NA
ASV_1615,Bacteria,Pseudomonadota,Alphaproteobacteria,Hyphomicrobiales,Rhizobiaceae,Paenochrobactrum,Paenochrobactrum_sp.
ASV_1616,Bacteria,Bacillota,Bacilli,Lactobacillales,Streptococcaceae,Lactococcus,Lactococcus_raffinolactis
ASV_1617,Bacteria,Bacteroidota,Bacteroidia,Bacteroidales,F082,NA,NA_NA
ASV_1618,Bacteria,Pseudomonadota,Gammaproteobacteria,Pseudomonadales,Moraxellaceae,Acinetobacter,Acinetobacter_radioresistens
ASV_1619,Bacteria,Bacillota,Clostridia,Lachnospirales,Lachnospiraceae,Lachnospiraceae UCG-006,Lachnospiraceae_UCG-006_NA
ASV_1620,Bacteria,Bacteroidota,Bacteroidia,Bacteroidales,F082,NA,NA_NA
ASV_1621,Bacteria,Bacillota,Clostridia,Oscillospirales,Oscillospiraceae,UCG-005,UCG-005_NA
ASV_1622,Bacteria,Bacillota,Bacilli,RF39,NA,NA,NA_NA
ASV_1623,Bacteria,Bacillota,Bacilli,Lactobacillales,Lactobacillaceae,Ligilactobacillus,Ligilactobacillus_murinus
ASV_1624,Bacteria,Bacteroidota,Bacteroidia,Bacteroidales,Bacteroidaceae,Bacteroides,Bacteroides_finegoldii
ASV_1625,Bacteria,Bacteroidota,Bacteroidia,Bacteroidales,Muribaculaceae,NA,NA_NA
ASV_1626,Bacteria,Cyanobacteriota,Cyanobacteriia,Chloroplast,NA,NA,NA_NA
ASV_1627,Bacteria,Bacillota,Clostridia,Oscillospirales,Oscillospiraceae,NA,NA_NA
ASV_1628,Bacteria,Bacteroidota,Bacteroidia,Bacteroidales,Rikenellaceae,Rikenellaceae RC9 gut group,Rikenellaceae_RC9_gut_group_NA
ASV_1629,Bacteria,Bacillota,Clostridia,Peptostreptococcales-Tissierellales,Family XI,Tepidimicrobium,Tepidimicrobium_NA
ASV_1630,Bacteria,Bacillota,Clostridia,Lachnospirales,Lachnospiraceae,Blautia,Blautia_faecis
ASV_1631,Bacteria,Pseudomonadota,Gammaproteobacteria,Gammaproteobacteria Incertae Sedis,Unknown Family,Acidibacter,Acidibacter_NA
ASV_1632,Archaea,Halobacteriota,Methanomicrobia,Methanomicrobiales,Methanocorpusculaceae,Methanocorpusculum,Methanocorpusculum_NA
ASV_1633,Bacteria,Bacillota,Clostridia,Oscillospirales,Oscillospiraceae,UCG-005,UCG-005_NA
ASV_1634,Bacteria,Bacillota,Clostridia,Oscillospirales,[Eubacterium] coprostanoligenes group,NA,NA_NA
ASV_1635,Eukaryota,NA,NA,NA,NA,NA,NA_NA
ASV_1636,Bacteria,Bacillota,Bacilli,Lactobacillales,Lactobacillaceae,Companilactobacillus,Companilactobacillus_ginsenosidimutans
ASV_1637,Bacteria,Pseudomonadota,Gammaproteobacteria,Pseudomonadales,Moraxellaceae,Psychrobacter,Psychrobacter_namhaensis
ASV_1638,Bacteria,Pseudomonadota,Gammaproteobacteria,Cardiobacteriales,Wohlfahrtiimonadaceae,Wohlfahrtiimonas,Wohlfahrtiimonas_chitiniclastica
ASV_1639,Bacteria,Bacteroidota,Bacteroidia,Bacteroidales,Tannerellaceae,Parabacteroides,Parabacteroides_NA
ASV_1640,Bacteria,Pseudomonadota,Alphaproteobacteria,Hyphomicrobiales,Rhizobiaceae,Agrobacterium,Agrobacterium_rubi
ASV_1641,Bacteria,Pseudomonadota,Gammaproteobacteria,Enterobacterales,Erwiniaceae,NA,NA_NA
ASV_1642,Bacteria,Bacillota,Clostridia,Oscillospirales,UCG-010,NA,NA_NA
ASV_1643,Bacteria,Spirochaetota,Spirochaetia,Spirochaetales,Spirochaetaceae,Treponema,Treponema_NA
ASV_1644,Bacteria,Bacillota,Clostridia,Oscillospirales,UCG-010,NA,NA_NA
ASV_1645,Bacteria,Bacillota,Bacilli,Erysipelotrichales,Erysipelotrichaceae,Solobacterium,Solobacterium_NA
ASV_1646,Bacteria,Bacillota,Bacilli,Erysipelotrichales,Erysipelotrichaceae,Allobaculum,Allobaculum_NA
ASV_1647,Bacteria,Bacteroidota,Bacteroidia,Flavobacteriales,Weeksellaceae,Chishuiella,Chishuiella_changwenlii
ASV_1648,Bacteria,Bacillota,Clostridia,Lachnospirales,Lachnospiraceae,NA,NA_NA
ASV_1649,Bacteria,Actinomycetota,Coriobacteriia,Coriobacteriales,Eggerthellaceae,Slackia,Slackia_equolifaciens
ASV_1650,Bacteria,Bacillota,Clostridia,Oscillospirales,UCG-010,NA,NA_NA
ASV_1651,Bacteria,Pseudomonadota,Gammaproteobacteria,Enterobacterales,Succinivibrionaceae,Succinivibrio,Succinivibrio_NA
ASV_1652,Bacteria,Pseudomonadota,Alphaproteobacteria,Sphingomonadales,Sphingomonadaceae,Sphingomonas,Sphingomonas_NA
ASV_1653,Bacteria,Bacteroidota,Bacteroidia,Bacteroidales,Rikenellaceae,Rikenellaceae RC9 gut group,Rikenellaceae_RC9_gut_group_NA
ASV_1654,Bacteria,Pseudomonadota,Gammaproteobacteria,Pseudomonadales,Moraxellaceae,Psychrobacter,Psychrobacter_NA
ASV_1655,Bacteria,Rs-K70 termite group,NA,NA,NA,NA,NA_NA
ASV_1656,Bacteria,Bacillota,Clostridia,Lachnospirales,Lachnospiraceae,NA,NA_NA
ASV_1657,Bacteria,Bacillota,Bacilli,Mycoplasmatales,Mycoplasmataceae,Mesomycoplasma,Mesomycoplasma_moatsii
ASV_1658,Bacteria,Bacillota,Clostridia,Monoglobales,Monoglobaceae,Monoglobus,Monoglobus_NA
ASV_1659,Bacteria,Pseudomonadota,Gammaproteobacteria,Burkholderiales,Oxalobacteraceae,Janthinobacterium,Janthinobacterium_svalbardensis
ASV_1660,Bacteria,Pseudomonadota,Gammaproteobacteria,Pseudomonadales,Moraxellaceae,Alkanindiges,Alkanindiges_NA
ASV_1661,Bacteria,Pseudomonadota,Gammaproteobacteria,Pseudomonadales,Pseudomonadaceae,Pseudomonas,Pseudomonas_sp.
ASV_1662,Bacteria,Bacillota,Clostridia,Peptostreptococcales-Tissierellales,Peptostreptococcaceae,Clostridioides,Clostridioides_difficile
ASV_1663,Bacteria,Pseudomonadota,Alphaproteobacteria,Rickettsiales,Mitochondria,NA,NA_NA
ASV_1664,Bacteria,Pseudomonadota,Gammaproteobacteria,Pseudomonadales,Moraxellaceae,Alkanindiges,Alkanindiges_NA
ASV_1665,Bacteria,Bacillota,Bacilli,RF39,NA,NA,NA_NA
ASV_1666,Bacteria,Bacillota,Clostridia,Lachnospirales,Lachnospiraceae,NA,NA_NA
ASV_1667,Bacteria,Bacillota,Bacilli,Bacillales,Bacillaceae,Anoxybacillus,Anoxybacillus_NA
ASV_1668,Bacteria,Pseudomonadota,Alphaproteobacteria,Sphingomonadales,Sphingomonadaceae,Sphingomonas,Sphingomonas_melonis
ASV_1669,Bacteria,Pseudomonadota,Gammaproteobacteria,Enterobacterales,Succinivibrionaceae,Anaerobiospirillum,Anaerobiospirillum_NA
ASV_1670,Bacteria,Bacteroidota,Bacteroidia,Bacteroidales,F082,NA,NA_NA
ASV_1671,Bacteria,Bacillota,Clostridia,Oscillospirales,UCG-010,NA,NA_NA
ASV_1672,Bacteria,Actinomycetota,Actinobacteria,Micrococcales,Bogoriellaceae,Georgenia,Georgenia_NA
ASV_1673,Bacteria,Bacteroidota,Bacteroidia,Bacteroidales,Bacteroidaceae,Bacteroides,Bacteroides_plebeius
ASV_1674,Bacteria,Bacteroidota,Bacteroidia,Bacteroidales,Prevotellaceae,Segatella,Segatella_NA
ASV_1675,Bacteria,Bacillota,Clostridia,Peptostreptococcales-Tissierellales,Family XI,NA,NA_NA
ASV_1676,Bacteria,Bacteroidota,Bacteroidia,Bacteroidales,Bacteroidaceae,Bacteroides,Bacteroides_NA
ASV_1677,Bacteria,Bacteroidota,Bacteroidia,Bacteroidales,Rikenellaceae,Rikenellaceae RC9 gut group,Rikenellaceae_RC9_gut_group_NA
ASV_1678,Bacteria,Spirochaetota,Spirochaetia,Spirochaetales,Spirochaetaceae,Treponema,Treponema_NA
ASV_1679,Bacteria,Bacillota,Bacilli,RF39,NA,NA,NA_NA
ASV_1680,Bacteria,Bacteroidota,Bacteroidia,Bacteroidales,Bacteroidaceae,Bacteroides,Bacteroides_uniformis
ASV_1681,Bacteria,Bacillota,Negativicutes,Acidaminococcales,Acidaminococcaceae,Phascolarctobacterium,Phascolarctobacterium_NA
ASV_1682,Bacteria,Cyanobacteriota,Cyanobacteriia,Chloroplast,NA,NA,NA_NA
ASV_1683,Bacteria,Pseudomonadota,Gammaproteobacteria,Pseudomonadales,Moraxellaceae,Acinetobacter,Acinetobacter_sp.
ASV_1684,Bacteria,Bacillota,Clostridia,Clostridiales,Clostridiaceae,Clostridium,Clostridium_lundense
ASV_1685,Bacteria,Pseudomonadota,Gammaproteobacteria,Burkholderiales,Sutterellaceae,Sutterella,Sutterella_NA
ASV_1686,Bacteria,Bacillota,Clostridia,Oscillospirales,Oscillospiraceae,UCG-005,UCG-005_NA
ASV_1687,Bacteria,Bacteroidota,Bacteroidia,Bacteroidales,F082,NA,NA_NA
ASV_1688,Bacteria,Pseudomonadota,Alphaproteobacteria,Rickettsiales,Mitochondria,NA,NA_NA
ASV_1689,Bacteria,Pseudomonadota,Gammaproteobacteria,Pseudomonadales,Pseudomonadaceae,Pseudomonas,Pseudomonas_NA
ASV_1690,Bacteria,Bacillota,Clostridia,Oscillospirales,Ruminococcaceae,Gemmiger,Gemmiger_NA
ASV_1691,Bacteria,Pseudomonadota,Alphaproteobacteria,Hyphomicrobiales,Rhizobiaceae,Pseudochrobactrum,Pseudochrobactrum_saccharolyticum
ASV_1692,Bacteria,Bacillota,Negativicutes,Acidaminococcales,Acidaminococcaceae,Phascolarctobacterium,Phascolarctobacterium_NA
ASV_1693,Bacteria,Bacteroidota,Bacteroidia,Bacteroidales,Prevotellaceae,Prevotellaceae UCG-003,Prevotellaceae_UCG-003_NA
ASV_1694,Bacteria,Bacillota,Clostridia,Oscillospirales,UCG-010,NA,NA_NA
ASV_1695,Bacteria,Chloroflexota,Anaerolineae,Anaerolineales,Anaerolineaceae,Flexilinea,Flexilinea_NA
ASV_1696,Bacteria,Bacillota,Clostridia,NA,NA,NA,NA_NA
ASV_1697,Bacteria,Bacillota,Clostridia,Oscillospirales,Ruminococcaceae,Eubacterium,Eubacterium_siraeum_group
ASV_1698,Bacteria,Pseudomonadota,Gammaproteobacteria,Burkholderiales,Oxalobacteraceae,Janthinobacterium,Janthinobacterium_svalbardensis
ASV_1699,Bacteria,Pseudomonadota,Gammaproteobacteria,Burkholderiales,Neisseriaceae,NA,NA_NA
ASV_1700,Bacteria,Bacillota,Negativicutes,Acidaminococcales,Acidaminococcaceae,Phascolarctobacterium,Phascolarctobacterium_faecium
ASV_1701,Bacteria,Bacteroidota,Bacteroidia,Bacteroidales,F082,NA,NA_NA
ASV_1702,Bacteria,Bacillota,Bacilli,RF39,NA,NA,NA_NA
ASV_1703,Bacteria,Bacillota,Clostridia,Oscillospirales,[Eubacterium] coprostanoligenes group,NA,NA_NA
ASV_1704,Bacteria,Bacteroidota,Bacteroidia,Bacteroidales,Rikenellaceae,Alistipes,Alistipes_shahii
ASV_1705,Eukaryota,NA,NA,NA,NA,NA,NA_NA
ASV_1706,Bacteria,Bacillota,Clostridia,Oscillospirales,Ruminococcaceae,Ruminococcus,Ruminococcus_flavefaciens
ASV_1707,Bacteria,Bacillota,Clostridia,Oscillospirales,UCG-010,NA,NA_NA
ASV_1708,Bacteria,Bacteroidota,Bacteroidia,Bacteroidales,Dysgonomonadaceae,Dysgonomonas,Dysgonomonas_NA
ASV_1709,Bacteria,Pseudomonadota,Gammaproteobacteria,Pseudomonadales,Pseudomonadaceae,Pseudomonas,Pseudomonas_NA
ASV_1710,Bacteria,Pseudomonadota,Gammaproteobacteria,Cardiobacteriales,Wohlfahrtiimonadaceae,Ignatzschineria,Ignatzschineria_ureiclastica
ASV_1711,Bacteria,Campylobacterota,Campylobacteria,Campylobacterales,Helicobacteraceae,Helicobacter,Helicobacter_cholecystus
ASV_1712,Bacteria,Pseudomonadota,Gammaproteobacteria,Pseudomonadales,Moraxellaceae,Acinetobacter,Acinetobacter_marinus
ASV_1713,Bacteria,Pseudomonadota,Alphaproteobacteria,Rickettsiales,Mitochondria,NA,NA_NA
ASV_1714,Bacteria,Bacteroidota,Bacteroidia,Bacteroidales,Tannerellaceae,Parabacteroides,Parabacteroides_NA
ASV_1715,Bacteria,Pseudomonadota,Gammaproteobacteria,Rickettsiellales,Rickettsiellaceae,Rickettsiella,Rickettsiella_NA
ASV_1716,Bacteria,Bacillota,Clostridia,Oscillospirales,Oscillospiraceae,UCG-005,UCG-005_NA
ASV_1717,Bacteria,Actinomycetota,Coriobacteriia,Coriobacteriales,Eggerthellaceae,NA,NA_NA
ASV_1718,Bacteria,Bacillota,Clostridia,Oscillospirales,Ruminococcaceae,Faecalibacterium,Faecalibacterium_NA
ASV_1719,Bacteria,Bacteroidota,Bacteroidia,Bacteroidales,Dysgonomonadaceae,Dysgonomonas,Dysgonomonas_NA
ASV_1720,Bacteria,Pseudomonadota,Alphaproteobacteria,Sphingomonadales,Sphingomonadaceae,Sphingomonas,Sphingomonas_koreensis
ASV_1721,Bacteria,Bacillota,Bacilli,Mycoplasmatales,Mycoplasmataceae,Metamycoplasma,Metamycoplasma_sualvi
ASV_1722,Bacteria,Bacteroidota,Bacteroidia,Bacteroidales,Bacteroidales RF16 group,NA,NA_NA
ASV_1723,Bacteria,Bacillota,Bacilli,Bacillales,Planococcaceae,Solibacillus,Solibacillus_NA
ASV_1724,Bacteria,Bacillota,Clostridia,Clostridiales,Clostridiaceae,Clostridium,Clostridium_NA
ASV_1725,Bacteria,Bacillota,Bacilli,Lactobacillales,Streptococcaceae,Streptococcus,Streptococcus_oralis
ASV_1726,Bacteria,Pseudomonadota,Alphaproteobacteria,Holosporales,Holosporaceae,NA,NA_NA
ASV_1727,Bacteria,Bacillota,Clostridia,Oscillospirales,[Eubacterium] coprostanoligenes group,NA,NA_NA
ASV_1728,Bacteria,Bacillota,Clostridia,Lachnospirales,Lachnospiraceae,Coprococcus,Coprococcus_comes
ASV_1729,Bacteria,Bacillota,Clostridia,Christensenellales,Christensenellaceae,Christensenellaceae R-7 group,Christensenellaceae_R-7_group_NA
ASV_1730,Bacteria,Bacteroidota,Bacteroidia,Bacteroidales,Prevotellaceae,Prevotellaceae UCG-003,Prevotellaceae_UCG-003_NA
ASV_1731,Bacteria,Bacillota,Bacilli,RF39,NA,NA,NA_NA
ASV_1732,Bacteria,Pseudomonadota,Alphaproteobacteria,Rickettsiales,Mitochondria,NA,NA_NA
ASV_1733,Bacteria,Bacteroidota,Bacteroidia,Flavobacteriales,Flavobacteriaceae,Myroides,Myroides_profundi
ASV_1734,Bacteria,Bacillota,Clostridia,Oscillospirales,Ruminococcaceae,Gemmiger,Gemmiger_NA
ASV_1735,Bacteria,Bacillota,Bacilli,Erysipelotrichales,Erysipelatoclostridiaceae,Erysipelotrichaceae UCG-003,Erysipelotrichaceae_UCG-003_NA
ASV_1736,Bacteria,Pseudomonadota,Gammaproteobacteria,Pseudomonadales,Moraxellaceae,Acinetobacter,Acinetobacter_ursingii
ASV_1737,Bacteria,Bacteroidota,Bacteroidia,Bacteroidales,Prevotellaceae,Xylanibacter,Xylanibacter_NA
ASV_1738,Bacteria,Bacillota,Bacilli,Lactobacillales,Lactobacillaceae,Apilactobacillus,Apilactobacillus_ozensis
ASV_1739,Bacteria,Bacteroidota,Bacteroidia,Bacteroidales,Bacteroidaceae,Bacteroides,Bacteroides_plebeius
ASV_1740,Bacteria,Pseudomonadota,Gammaproteobacteria,Lysobacterales,Lysobacteraceae,Xanthomonas,Xanthomonas_phaseoli
ASV_1741,Bacteria,Bacteroidota,Bacteroidia,Bacteroidales,Bacteroidaceae,Bacteroides,Bacteroides_caecigallinarum
ASV_1742,Bacteria,Bacillota,Negativicutes,Acidaminococcales,Acidaminococcaceae,Phascolarctobacterium,Phascolarctobacterium_NA
ASV_1743,Bacteria,Pseudomonadota,Alphaproteobacteria,Acetobacterales,Acetobacteraceae,Commensalibacter,Commensalibacter_intestini
ASV_1744,Bacteria,Actinomycetota,Actinobacteria,Mycobacteriales,Dietziaceae,Dietzia,Dietzia_psychralcaliphila
ASV_1745,Bacteria,NA,NA,NA,NA,NA,NA_NA
ASV_1746,Bacteria,Bacillota,Clostridia,Monoglobales,Monoglobaceae,Monoglobus,Monoglobus_NA
ASV_1747,Bacteria,Bacillota,Clostridia,Oscillospirales,Ruminococcaceae,Ruminococcus,Ruminococcus_NA
ASV_1748,Bacteria,Cyanobacteriota,Cyanobacteriia,Chloroplast,NA,NA,NA_NA
ASV_1749,Bacteria,Actinomycetota,Actinobacteria,Mycobacteriales,Corynebacteriaceae,Corynebacterium,Corynebacterium_NA
ASV_1750,Bacteria,Bacillota,Clostridia,Lachnospirales,Lachnospiraceae,Ruminococcus,Ruminococcus_gauvreauii_group
ASV_1751,Bacteria,Bacillota,Bacilli,Erysipelotrichales,Erysipelotrichaceae,Dubosiella,Dubosiella_NA
ASV_1752,Eukaryota,NA,NA,NA,NA,NA,NA_NA
ASV_1753,Bacteria,Bacillota,Clostridia,Oscillospirales,Oscillospiraceae,Saccharofermentans,Saccharofermentans_NA
ASV_1754,Bacteria,Bacillota,Clostridia,Oscillospirales,UCG-010,NA,NA_NA
ASV_1755,Bacteria,Bacillota,Clostridia,Oscillospirales,UCG-010,NA,NA_NA
ASV_1756,Bacteria,Bacteroidota,Bacteroidia,Bacteroidales,Dysgonomonadaceae,Dysgonomonas,Dysgonomonas_NA
ASV_1757,Bacteria,Bacteroidota,Bacteroidia,Bacteroidales,Tannerellaceae,Parabacteroides,Parabacteroides_NA
ASV_1758,Bacteria,Pseudomonadota,Gammaproteobacteria,Burkholderiales,Sutterellaceae,Sutterella,Sutterella_timonensis
ASV_1759,Bacteria,Verrucomicrobiota,Kiritimatiellia,WCHB1-41,NA,NA,NA_NA
ASV_1760,Bacteria,Bacillota,Clostridia,Clostridiales,Clostridiaceae,Clostridium,Clostridium_lundense
ASV_1761,Bacteria,Actinomycetota,Actinobacteria,Mycobacteriales,Corynebacteriaceae,Corynebacterium,Corynebacterium_matruchotii
ASV_1762,Bacteria,Bacillota,Clostridia,Lachnospirales,Lachnospiraceae,Blautia,Blautia_NA
ASV_1763,Bacteria,Bacillota,Negativicutes,Veillonellales-Selenomonadales,Selenomonadaceae,Megamonas,Megamonas_hypermegale
ASV_1764,Bacteria,Pseudomonadota,Alphaproteobacteria,Rickettsiales,Mitochondria,NA,NA_NA
ASV_1765,Bacteria,Pseudomonadota,Gammaproteobacteria,Burkholderiales,Neisseriaceae,NA,NA_NA
ASV_1766,Bacteria,Pseudomonadota,Gammaproteobacteria,Burkholderiales,Comamonadaceae,NA,NA_NA
ASV_1767,Bacteria,Bacteroidota,Bacteroidia,Flavobacteriales,Flavobacteriaceae,Myroides,Myroides_odoratus
ASV_1768,Bacteria,Bacillota,Clostridia,Peptostreptococcales-Tissierellales,Peptostreptococcaceae,Peptoclostridium,Peptoclostridium_NA
ASV_1769,Bacteria,Actinomycetota,Actinobacteria,Micrococcales,Microbacteriaceae,Rathayibacter,Rathayibacter_tritici
ASV_1770,Bacteria,Pseudomonadota,Alphaproteobacteria,Sphingomonadales,Sphingomonadaceae,Sphingomonas,Sphingomonas_melonis
ASV_1771,Bacteria,Pseudomonadota,Alphaproteobacteria,Rickettsiales,Mitochondria,NA,NA_NA
ASV_1772,Bacteria,Bacillota,Clostridia,Lachnospirales,Lachnospiraceae,NA,NA_NA
ASV_1773,Bacteria,Bacteroidota,Bacteroidia,Flavobacteriales,Weeksellaceae,Apibacter,Apibacter_muscae
ASV_1774,Bacteria,Bacillota,Clostridia,Lachnospirales,Lachnospiraceae,NA,NA_NA
ASV_1775,Bacteria,Bacillota,Clostridia,Peptostreptococcales-Tissierellales,Anaerovoracaceae,Anaerovorax,Anaerovorax_sp.
ASV_1776,Bacteria,Bacteroidota,Bacteroidia,Flavobacteriales,Flavobacteriaceae,Myroides,Myroides_marinus
ASV_1777,Bacteria,Actinomycetota,Coriobacteriia,Coriobacteriales,Atopobiaceae,NA,NA_NA
ASV_1778,Bacteria,Bacillota,Clostridia,Oscillospirales,UCG-010,NA,NA_NA
ASV_1779,Bacteria,Pseudomonadota,Gammaproteobacteria,Burkholderiales,Burkholderiaceae,Burkholderia-Caballeronia-Paraburkholderia,Burkholderia-Caballeronia-Paraburkholderia_NA
ASV_1780,Bacteria,Pseudomonadota,Gammaproteobacteria,Burkholderiales,Comamonadaceae,NA,NA_NA
ASV_1781,Bacteria,Pseudomonadota,Gammaproteobacteria,Pseudomonadales,Pseudomonadaceae,Pseudomonas,Pseudomonas_caeni
ASV_1782,Bacteria,Cyanobacteriota,Cyanobacteriia,Chloroplast,NA,NA,NA_NA
ASV_1783,Bacteria,Patescibacteria,Gracilibacteria,Absconditabacteriales (SR1),NA,NA,NA_NA
ASV_1784,Bacteria,Bacillota,Bacilli,Erysipelotrichales,Erysipelotrichaceae,Allobaculum,Allobaculum_NA
ASV_1785,Bacteria,Pseudomonadota,Alphaproteobacteria,Hyphomicrobiales,Beijerinckiaceae,Lichenibacterium,Lichenibacterium_NA
ASV_1786,Bacteria,NA,NA,NA,NA,NA,NA_NA
ASV_1787,Bacteria,Bacillota,Clostridia,Lachnospirales,Lachnospiraceae,Faecalimonas,Faecalimonas_umbilicata
ASV_1788,Bacteria,Bacteroidota,Bacteroidia,Bacteroidales,Prevotellaceae,Prevotellaceae NK3B31 group,Prevotellaceae_NK3B31_group_NA
ASV_1789,Bacteria,Bacillota,Clostridia,Oscillospirales,Ruminococcaceae,Acutalibacter,Acutalibacter_NA
ASV_1790,Bacteria,Pseudomonadota,Alphaproteobacteria,Hyphomicrobiales,Beijerinckiaceae,Lichenibacterium,Lichenibacterium_NA
ASV_1791,Bacteria,Bacillota,Bacilli,Lactobacillales,Lactobacillaceae,Lactobacillus,Lactobacillus_intestinalis
ASV_1792,Bacteria,Pseudomonadota,Gammaproteobacteria,Enterobacterales,Enterobacteriaceae,NA,NA_NA
ASV_1793,Bacteria,Pseudomonadota,Gammaproteobacteria,Cardiobacteriales,Cardiobacteriaceae,Suttonella,Suttonella_NA
ASV_1794,Bacteria,Pseudomonadota,Alphaproteobacteria,Rickettsiales,Mitochondria,NA,NA_NA
ASV_1795,Bacteria,Bacillota,Clostridia,Clostridiales,Clostridiaceae,Clostridium,Clostridium_botulinum
ASV_1796,Bacteria,Bacillota,Bacilli,Erysipelotrichales,Erysipelotrichaceae,Turicibacter,Turicibacter_sp.
ASV_1797,Bacteria,Campylobacterota,Campylobacteria,Campylobacterales,Campylobacteraceae,Campylobacter,Campylobacter_hyointestinalis
ASV_1798,Bacteria,Bacteroidota,Bacteroidia,Bacteroidales,Rikenellaceae,Rikenellaceae RC9 gut group,Rikenellaceae_RC9_gut_group_NA
ASV_1799,Bacteria,Bacillota,Clostridia,Oscillospirales,[Eubacterium] coprostanoligenes group,NA,NA_NA
ASV_1800,Bacteria,Bacteroidota,Bacteroidia,Flavobacteriales,Weeksellaceae,Chryseobacterium,Chryseobacterium_camelliae
ASV_1801,Bacteria,Bacteroidota,Bacteroidia,Bacteroidales,Prevotellaceae,Pseudoprevotella,Pseudoprevotella_NA
ASV_1802,Bacteria,Bacteroidota,Bacteroidia,Bacteroidales,F082,NA,NA_NA
ASV_1803,Bacteria,Bacillota,Bacilli,RF39,NA,NA,NA_NA
ASV_1804,Bacteria,Bacillota,Bacilli,RF39,NA,NA,NA_NA
ASV_1805,Bacteria,Bacillota,Clostridia,Monoglobales,Monoglobaceae,Monoglobus,Monoglobus_NA
ASV_1806,Bacteria,Pseudomonadota,Alphaproteobacteria,Hyphomicrobiales,Beijerinckiaceae,Lichenibacterium,Lichenibacterium_NA
ASV_1807,Bacteria,Bacillota,Clostridia,Peptococcales,Peptococcaceae,Peptococcus,Peptococcus_NA
ASV_1808,Bacteria,Pseudomonadota,Gammaproteobacteria,Burkholderiales,Comamonadaceae,Delftia,Delftia_tsuruhatensis
ASV_1809,Eukaryota,NA,NA,NA,NA,NA,NA_NA
ASV_1810,Bacteria,Bacillota,Bacilli,RF39,NA,NA,NA_NA
ASV_1811,Bacteria,Pseudomonadota,Gammaproteobacteria,Enterobacterales,Enterobacteriaceae,Cedecea,Cedecea_neteri
ASV_1812,Bacteria,Bacillota,Clostridia,Christensenellales,Christensenellaceae,Christensenellaceae R-7 group,Christensenellaceae_R-7_group_NA
ASV_1813,Bacteria,Bacillota,Bacilli,Erysipelotrichales,Erysipelatoclostridiaceae,UCG-004,UCG-004_NA
ASV_1814,Bacteria,Pseudomonadota,Gammaproteobacteria,Pseudomonadales,Pseudomonadaceae,Pseudomonas,Pseudomonas_hunanensis
ASV_1815,Bacteria,Bacteroidota,Bacteroidia,Bacteroidales,F082,NA,NA_NA
ASV_1816,Bacteria,Pseudomonadota,Gammaproteobacteria,Enterobacterales,Orbaceae,Zophobihabitans,Zophobihabitans_NA
ASV_1817,Bacteria,Pseudomonadota,Gammaproteobacteria,Cardiobacteriales,Cardiobacteriaceae,Suttonella,Suttonella_NA
ASV_1818,Bacteria,Bacillota,Bacilli,Bacillales,Planococcaceae,NA,NA_NA
ASV_1819,Bacteria,Thermodesulfobacteriota,Desulfovibrionia,Desulfovibrionales,Desulfovibrionaceae,Desulfovibrio,Desulfovibrio_piger
ASV_1820,Bacteria,Bacillota,Clostridia,Lachnospirales,Lachnospiraceae,Lachnospiraceae UCG-010,Lachnospiraceae_UCG-010_NA
ASV_1821,Bacteria,Bacillota,Clostridia,Peptostreptococcales-Tissierellales,Peptostreptococcaceae,Terrisporobacter,Terrisporobacter_NA
ASV_1822,Bacteria,Actinomycetota,Coriobacteriia,Coriobacteriales,Atopobiaceae,Olsenella,Olsenella_NA
ASV_1823,Bacteria,Bacteroidota,Bacteroidia,Bacteroidales,F082,NA,NA_NA
ASV_1824,Bacteria,Bacillota,Clostridia,Clostridiales,Clostridiaceae,Hathewaya,Hathewaya_NA
ASV_1825,Bacteria,Bacillota,Bacilli,Lactobacillales,Lactobacillaceae,Companilactobacillus,Companilactobacillus_ginsenosidimutans
ASV_1826,Bacteria,Bacteroidota,Bacteroidia,Sphingobacteriales,Sphingobacteriaceae,Pedobacter,Pedobacter_jejuensis
ASV_1827,Bacteria,Bacillota,Bacilli,Lactobacillales,Lactobacillaceae,Limosilactobacillus,Limosilactobacillus_mucosae
ASV_1828,Bacteria,Bacteroidota,Bacteroidia,Bacteroidales,Bacteroidales RF16 group,NA,NA_NA
ASV_1829,Bacteria,Pseudomonadota,Gammaproteobacteria,Pseudomonadales,Pseudomonadaceae,Pseudomonas,Pseudomonas_viridiflava
ASV_1830,Bacteria,Actinomycetota,Actinobacteria,Micrococcales,Micrococcaceae,Nesterenkonia,Nesterenkonia_NA
ASV_1831,Bacteria,Bacillota,Clostridia,Oscillospirales,Ruminococcaceae,Ruminococcus,Ruminococcus_NA
ASV_1832,Bacteria,Bacillota,Clostridia,Peptostreptococcales-Tissierellales,Anaerovoracaceae,Family XIII AD3011 group,Family_XIII_AD3011_group_NA
ASV_1833,Bacteria,Bacillota,Bacilli,RF39,NA,NA,NA_NA
ASV_1834,Bacteria,Bacillota,Clostridia,Lachnospirales,Lachnospiraceae,Roseburia,Roseburia_NA
ASV_1835,Bacteria,Bacteroidota,Bacteroidia,Bacteroidales,Bacteroidales RF16 group,NA,NA_NA
ASV_1836,Bacteria,Pseudomonadota,Gammaproteobacteria,Pseudomonadales,Moraxellaceae,Psychrobacter,Psychrobacter_cryohalolentis
ASV_1837,Bacteria,Bacillota,Clostridia,Peptostreptococcales-Tissierellales,Family XI,Miniphocaeibacter,Miniphocaeibacter_NA
ASV_1838,Bacteria,Pseudomonadota,Alphaproteobacteria,Acetobacterales,Acetobacteraceae,Gluconobacter,Gluconobacter_cerinus
ASV_1839,Bacteria,Bacillota,Clostridia,Oscillospirales,Ruminococcaceae,Faecalibacterium,Faecalibacterium_intestinigallinarum
ASV_1840,Bacteria,Pseudomonadota,Gammaproteobacteria,Pseudomonadales,Pseudomonadaceae,Pseudomonas,Pseudomonas_putida
ASV_1841,Bacteria,Bacillota,Clostridia,Clostridiales,Clostridiaceae,Clostridium,Clostridium_NA
ASV_1842,Bacteria,Bacteroidota,Bacteroidia,Bacteroidales,Prevotellaceae,Xylanibacter,Xylanibacter_NA
ASV_1843,Bacteria,Actinomycetota,Actinobacteria,Micrococcales,Micrococcaceae,Arthrobacter,Arthrobacter_alpinus
ASV_1844,Bacteria,Pseudomonadota,Gammaproteobacteria,Burkholderiales,Comamonadaceae,Comamonas,Comamonas_testosteroni
ASV_1845,Bacteria,Bacillota,Bacilli,Lactobacillales,Lactobacillaceae,Secundilactobacillus,Secundilactobacillus_mixtipabuli
ASV_1846,Bacteria,Pseudomonadota,Gammaproteobacteria,Burkholderiales,Oxalobacteraceae,Oxalobacter,Oxalobacter_NA
ASV_1847,Bacteria,Pseudomonadota,Gammaproteobacteria,Pseudomonadales,Moraxellaceae,Acinetobacter,Acinetobacter_bohemicus
ASV_1848,Bacteria,Bacillota,Clostridia,Lachnospirales,Lachnospiraceae,Marvinbryantia,Marvinbryantia_NA
ASV_1849,Bacteria,Pseudomonadota,Gammaproteobacteria,Pseudomonadales,Moraxellaceae,Acinetobacter,Acinetobacter_johnsonii
ASV_1850,Bacteria,Bacillota,Clostridia,Peptostreptococcales-Tissierellales,Family XI,W5053,W5053_NA
ASV_1851,Bacteria,Bacillota,Bacilli,Bacillales,Bacillaceae,Bacillus,Bacillus_velezensis
ASV_1852,Bacteria,Bacteroidota,Bacteroidia,Bacteroidales,Bacteroidaceae,Bacteroides,Bacteroides_uniformis
ASV_1853,Bacteria,Bacillota,Clostridia,Oscillospirales,Oscillospiraceae,NA,NA_NA
ASV_1854,Bacteria,Bacillota,Clostridia,Oscillospirales,UCG-010,NA,NA_NA
ASV_1855,Bacteria,Bacillota,Bacilli,RF39,NA,NA,NA_NA
ASV_1856,Bacteria,Bacillota,Clostridia,Lachnospirales,Lachnospiraceae,NA,NA_NA
ASV_1857,Bacteria,Pseudomonadota,Gammaproteobacteria,Enterobacterales,Enterobacteriaceae,Escherichia-Shigella,Escherichia-Shigella_coli
ASV_1858,Bacteria,Bacteroidota,Bacteroidia,Bacteroidales,Rikenellaceae,Rikenellaceae RC9 gut group,Rikenellaceae_RC9_gut_group_NA
ASV_1859,Bacteria,Bacillota,Bacilli,Erysipelotrichales,Erysipelotrichaceae,Solobacterium,Solobacterium_NA
ASV_1860,Bacteria,Bacillota,Clostridia,Oscillospirales,Oscillospiraceae,Intestinimonas,Intestinimonas_NA
ASV_1861,Bacteria,Bacillota,Clostridia,Oscillospirales,Oscillospiraceae,Intestinimonas,Intestinimonas_NA
ASV_1862,Bacteria,Bacillota,Clostridia,Lachnospirales,Lachnospiraceae,Roseburia,Roseburia_NA
ASV_1863,Bacteria,Bacillota,Clostridia,Lachnospirales,Lachnospiraceae,NA,NA_NA
ASV_1864,Bacteria,Bacillota,Clostridia,Clostridiales,Clostridiaceae,Clostridium,Clostridium_colicanis
ASV_1865,Bacteria,Actinomycetota,Actinobacteria,Micrococcales,Micrococcaceae,Paeniglutamicibacter,Paeniglutamicibacter_kerguelensis
ASV_1866,Bacteria,Pseudomonadota,Gammaproteobacteria,Pseudomonadales,Moraxellaceae,Acinetobacter,Acinetobacter_sp.
ASV_1867,Bacteria,Bacillota,Negativicutes,Acidaminococcales,Acidaminococcaceae,Phascolarctobacterium,Phascolarctobacterium_NA
ASV_1868,Bacteria,Bacillota,Clostridia,Lachnospirales,Lachnospiraceae,NA,NA_NA
ASV_1869,Bacteria,Bacillota,Clostridia,Oscillospirales,[Eubacterium] coprostanoligenes group,NA,NA_NA
ASV_1870,Bacteria,Actinomycetota,Actinobacteria,Mycobacteriales,Nocardiaceae,Williamsia,Williamsia_herbipolensis
ASV_1871,Bacteria,Bacillota,Clostridia,Clostridiales,Clostridiaceae,Sarcina,Sarcina_NA
ASV_1872,Bacteria,Bacillota,Clostridia,Oscillospirales,UCG-010,NA,NA_NA
ASV_1873,Bacteria,Bacillota,Bacilli,RF39,NA,NA,NA_NA
ASV_1874,Bacteria,Bacteroidota,Bacteroidia,Bacteroidales,F082,NA,NA_NA
ASV_1875,Bacteria,Bacillota,Clostridia,Oscillospirales,Ruminococcaceae,Pygmaiobacter,Pygmaiobacter_NA
ASV_1876,Bacteria,Bacteroidota,Bacteroidia,Bacteroidales,F082,NA,NA_NA
ASV_1877,Bacteria,Bacteroidota,Bacteroidia,Bacteroidales,p-2534-18B5 gut group,NA,NA_NA
ASV_1878,Bacteria,Pseudomonadota,Gammaproteobacteria,Burkholderiales,Comamonadaceae,Ramlibacter,Ramlibacter_NA
ASV_1879,Bacteria,Fusobacteriota,Fusobacteriia,Fusobacteriales,Fusobacteriaceae,Fusobacterium,Fusobacterium_mortiferum
ASV_1880,Bacteria,Campylobacterota,Campylobacteria,Campylobacterales,Helicobacteraceae,Helicobacter,Helicobacter_valdiviensis
ASV_1881,Bacteria,Bacillota,Clostridia,Lachnospirales,Lachnospiraceae,Lachnospira,Lachnospira_NA
ASV_1882,Bacteria,Bacteroidota,Bacteroidia,Bacteroidales,Rikenellaceae,Rikenellaceae RC9 gut group,Rikenellaceae_RC9_gut_group_NA
ASV_1883,Bacteria,Bacteroidota,Bacteroidia,Bacteroidales,Tannerellaceae,NA,NA_NA
ASV_1884,Bacteria,Bacillota,Clostridia,Oscillospirales,[Eubacterium] coprostanoligenes group,NA,NA_NA
ASV_1885,Bacteria,Actinomycetota,Actinobacteria,Kitasatosporales,Streptomycetaceae,Streptomyces,Streptomyces_NA
ASV_1886,Bacteria,Fusobacteriota,Fusobacteriia,Fusobacteriales,Fusobacteriaceae,Cetobacterium,Cetobacterium_NA
ASV_1887,Bacteria,Pseudomonadota,Gammaproteobacteria,Pseudomonadales,Moraxellaceae,Acinetobacter,Acinetobacter_johnsonii
ASV_1888,Bacteria,Bacillota,Bacilli,RF39,NA,NA,NA_NA
ASV_1889,Bacteria,Bacillota,Clostridia,Oscillospirales,Oscillospiraceae,Colidextribacter,Colidextribacter_NA
ASV_1890,Bacteria,Bacillota,Clostridia,NA,NA,NA,NA_NA
ASV_1891,Bacteria,Pseudomonadota,Alphaproteobacteria,Hyphomicrobiales,Rhizobiaceae,NA,NA_NA
ASV_1892,Bacteria,Bacillota,Clostridia,Oscillospirales,[Eubacterium] coprostanoligenes group,NA,NA_NA
ASV_1893,Bacteria,Bacillota,Clostridia,Peptococcales,Peptococcaceae,Peptococcus,Peptococcus_NA
ASV_1894,Bacteria,Bacillota,Clostridia,Clostridia UCG-014,NA,NA,NA_NA
ASV_1895,Bacteria,Bacillota,Clostridia,Clostridiales,Clostridiaceae,Clostridium,Clostridium_NA
ASV_1896,Bacteria,Bacteroidota,Bacteroidia,Bacteroidales,Prevotellaceae,Pseudoprevotella,Pseudoprevotella_NA
ASV_1897,Bacteria,Bacteroidota,Bacteroidia,Bacteroidales,F082,NA,NA_NA
ASV_1898,Bacteria,Bacteroidota,Bacteroidia,Flavobacteriales,Flavobacteriaceae,Myroides,Myroides_phaeus
ASV_1899,Bacteria,Pseudomonadota,Gammaproteobacteria,Pseudomonadales,Moraxellaceae,Psychrobacter,Psychrobacter_cibarius
ASV_1900,Bacteria,Bacillota,Clostridia,Clostridiales,Clostridiaceae,Candidatus Arthromitus,Candidatus_Arthromitus_NA
ASV_1901,Bacteria,Bacillota,Clostridia,Oscillospirales,[Eubacterium] coprostanoligenes group,NA,NA_NA
ASV_1902,Bacteria,Pseudomonadota,Gammaproteobacteria,Cardiobacteriales,Wohlfahrtiimonadaceae,Wohlfahrtiimonas,Wohlfahrtiimonas_chitiniclastica
ASV_1903,Bacteria,Bacillota,Clostridia,Lachnospirales,Lachnospiraceae,NA,NA_NA
ASV_1904,Bacteria,Actinomycetota,Actinobacteria,Bifidobacteriales,Bifidobacteriaceae,Bifidobacterium,Bifidobacterium_platyrrhinorum
ASV_1905,Bacteria,Bacillota,Bacilli,Lactobacillales,NA,NA,NA_NA
ASV_1906,Bacteria,Bacteroidota,Bacteroidia,Bacteroidales,Muribaculaceae,NA,NA_NA
ASV_1907,Bacteria,Bacillota,Clostridia,Oscillospirales,[Eubacterium] coprostanoligenes group,NA,NA_NA
ASV_1908,Bacteria,Bacteroidota,Bacteroidia,Bacteroidales,Prevotellaceae,Prevotellaceae UCG-003,Prevotellaceae_UCG-003_NA
ASV_1909,Bacteria,Bacteroidota,Bacteroidia,Bacteroidales,Bacteroidaceae,Bacteroides,Bacteroides_thetaiotaomicron
ASV_1910,Bacteria,Spirochaetota,Spirochaetia,Spirochaetales,Spirochaetaceae,Treponema,Treponema_brennaborense
ASV_1911,Bacteria,Bacillota,Clostridia,Lachnospirales,Lachnospiraceae,Anaerobutyricum,Anaerobutyricum_NA
ASV_1912,Bacteria,Pseudomonadota,Gammaproteobacteria,Pseudomonadales,Moraxellaceae,Acinetobacter,Acinetobacter_sp.
ASV_1913,Bacteria,Bacteroidota,Bacteroidia,Flavobacteriales,Flavobacteriaceae,Myroides,Myroides_phaeus
ASV_1914,Bacteria,Bacillota,Bacilli,Lactobacillales,Enterococcaceae,Enterococcus,Enterococcus_faecium
ASV_1915,Bacteria,Pseudomonadota,Gammaproteobacteria,Pseudomonadales,Pseudomonadaceae,Pseudomonas,Pseudomonas_sp.
ASV_1916,Bacteria,Pseudomonadota,Gammaproteobacteria,Enterobacterales,Succinivibrionaceae,Anaerobiospirillum,Anaerobiospirillum_NA
ASV_1917,Bacteria,Bacteroidota,Bacteroidia,Bacteroidales,Prevotellaceae,Segatella,Segatella_NA
ASV_1918,Bacteria,Bacteroidota,Bacteroidia,Bacteroidales,Bacteroidales RF16 group,NA,NA_NA
ASV_1919,Bacteria,Bacillota,Bacilli,RF39,NA,NA,NA_NA
ASV_1920,Bacteria,Bacillota,Clostridia,Lachnospirales,Lachnospiraceae,Lachnospiraceae XPB1014 group,Lachnospiraceae_XPB1014_group_NA
ASV_1921,Bacteria,Bacillota,Clostridia,Oscillospirales,Oscillospiraceae,Colidextribacter,Colidextribacter_NA
ASV_1922,Bacteria,Bacillota,Clostridia,Oscillospirales,Oscillospiraceae,Intestinimonas,Intestinimonas_NA
ASV_1923,Bacteria,Bacillota,Clostridia,Lachnospirales,Lachnospiraceae,NA,NA_NA
ASV_1924,Bacteria,Bacillota,Clostridia,Oscillospirales,Oscillospiraceae,UCG-005,UCG-005_NA
ASV_1925,Bacteria,Bacillota,Bacilli,Bacillales,Planococcaceae,Lysinibacillus,Lysinibacillus_NA
ASV_1926,Bacteria,Bacteroidota,Bacteroidia,Bacteroidales,Rikenellaceae,Rikenellaceae RC9 gut group,Rikenellaceae_RC9_gut_group_NA
ASV_1927,Bacteria,Bacillota,Clostridia,Oscillospirales,[Eubacterium] coprostanoligenes group,Eubacterium,Eubacterium_coprostanoligenes
ASV_1928,Bacteria,Bacillota,Clostridia,Lachnospirales,Lachnospiraceae,Faecalimonas,Faecalimonas_umbilicata
ASV_1929,Bacteria,Bacteroidota,Bacteroidia,Bacteroidales,Tannerellaceae,Parabacteroides,Parabacteroides_gordonii
ASV_1930,Bacteria,Bacillota,Bacilli,Erysipelotrichales,Erysipelotrichaceae,Culicoidibacter,Culicoidibacter_NA
ASV_1931,Bacteria,Bacillota,Clostridia,Lachnospirales,Lachnospiraceae,Lachnospiraceae AC2044 group,Lachnospiraceae_AC2044_group_NA
ASV_1932,Bacteria,Bacillota,Bacilli,Erysipelotrichales,Erysipelatoclostridiaceae,Coprobacillus,Coprobacillus_cateniformis
ASV_1933,Bacteria,Actinomycetota,Actinobacteria,Mycobacteriales,Corynebacteriaceae,Corynebacterium,Corynebacterium_accolens
ASV_1934,Bacteria,Bacteroidota,Bacteroidia,Bacteroidales,Prevotellaceae,Prevotellaceae UCG-001,Prevotellaceae_UCG-001_NA
ASV_1935,Bacteria,Bacillota,Clostridia,Oscillospirales,Oscillospiraceae,NA,NA_NA
ASV_1936,Bacteria,Bacteroidota,Bacteroidia,Bacteroidales,Prevotellaceae,Xylanibacter,Xylanibacter_NA
ASV_1937,Bacteria,Campylobacterota,Campylobacteria,Campylobacterales,Helicobacteraceae,Helicobacter,Helicobacter_rodentium
ASV_1938,Bacteria,Pseudomonadota,Gammaproteobacteria,Cardiobacteriales,Wohlfahrtiimonadaceae,Ignatzschineria,Ignatzschineria_ureiclastica
ASV_1939,Bacteria,Pseudomonadota,NA,NA,NA,NA,NA_NA
ASV_1940,Bacteria,Bacteroidota,Bacteroidia,Flavobacteriales,Weeksellaceae,Chryseobacterium,Chryseobacterium_NA
ASV_1941,Bacteria,Actinomycetota,Actinobacteria,Micrococcales,Microbacteriaceae,Leucobacter,Leucobacter_sp.
ASV_1942,Bacteria,Bacteroidota,Bacteroidia,Bacteroidales,Bacteroidaceae,Bacteroides,Bacteroides_NA
ASV_1943,Bacteria,Pseudomonadota,Alphaproteobacteria,Rickettsiales,Mitochondria,NA,NA_NA
ASV_1944,Bacteria,Bacillota,Clostridia,Oscillospirales,[Eubacterium] coprostanoligenes group,NA,NA_NA
ASV_1945,Bacteria,Bacillota,Clostridia,Lachnospirales,Lachnospiraceae,Mediterraneibacter,Mediterraneibacter_NA
ASV_1946,Bacteria,Pseudomonadota,Alphaproteobacteria,Acetobacterales,Acetobacteraceae,Asaia,Asaia_bogorensis
ASV_1947,Bacteria,Bacillota,Clostridia,Clostridiales,Clostridiaceae,Clostridium,Clostridium_baratii
ASV_1948,Bacteria,Bacteroidota,Bacteroidia,Bacteroidales,Rikenellaceae,Rikenellaceae RC9 gut group,Rikenellaceae_RC9_gut_group_NA
ASV_1949,Bacteria,Cyanobacteriota,Vampirivibrionia,Gastranaerophilales,Gastranaerophilaceae,Zag_111,Zag_111_NA
ASV_1950,Bacteria,Bacteroidota,Bacteroidia,Bacteroidales,F082,NA,NA_NA
ASV_1951,Bacteria,Bacteroidota,Bacteroidia,Bacteroidales,Bacteroidaceae,Bacteroides,Bacteroides_NA
ASV_1952,Bacteria,Pseudomonadota,Gammaproteobacteria,Enterobacterales,Enterobacteriaceae,Escherichia-Shigella,Escherichia-Shigella_NA
ASV_1953,Bacteria,Bacteroidota,Bacteroidia,Flavobacteriales,Flavobacteriaceae,Myroides,Myroides_NA
ASV_1954,Bacteria,Actinomycetota,Actinobacteria,Micrococcales,Microbacteriaceae,Leucobacter,Leucobacter_aridicollis
ASV_1955,Bacteria,Pseudomonadota,Gammaproteobacteria,Pseudomonadales,Pseudomonadaceae,Pseudomonas,Pseudomonas_sp.
ASV_1956,Bacteria,Pseudomonadota,Gammaproteobacteria,Burkholderiales,Neisseriaceae,Alysiella,Alysiella_NA
ASV_1957,Bacteria,Bacillota,Clostridia,Monoglobales,Monoglobaceae,Monoglobus,Monoglobus_NA
ASV_1958,Bacteria,Bacillota,Clostridia,Lachnospirales,Lachnospiraceae,Anaerotignum,Anaerotignum_propionicum
ASV_1959,Bacteria,Pseudomonadota,Gammaproteobacteria,Pseudomonadales,Pseudomonadaceae,Pseudomonas,Pseudomonas_caeni
ASV_1960,Bacteria,Cyanobacteriota,Cyanobacteriia,Chloroplast,NA,NA,NA_NA
ASV_1961,Bacteria,Pseudomonadota,Gammaproteobacteria,Enterobacterales,Morganellaceae,Providencia,Providencia_vermicola
ASV_1962,Bacteria,Pseudomonadota,Alphaproteobacteria,Sphingomonadales,Sphingomonadaceae,NA,NA_NA
ASV_1963,Bacteria,Pseudomonadota,Alphaproteobacteria,Sphingomonadales,Sphingomonadaceae,Novosphingobium,Novosphingobium_resinovorum
ASV_1964,Bacteria,Pseudomonadota,Gammaproteobacteria,Burkholderiales,Neisseriaceae,NA,NA_NA
ASV_1965,Bacteria,Bacteroidota,Bacteroidia,Bacteroidales,Rikenellaceae,Rikenellaceae RC9 gut group,Rikenellaceae_RC9_gut_group_NA
ASV_1966,Bacteria,Bacillota,Clostridia,Clostridia UCG-014,NA,NA,NA_NA
ASV_1967,Bacteria,Bacteroidota,Bacteroidia,Flavobacteriales,Weeksellaceae,Chryseobacterium,Chryseobacterium_balustinum
ASV_1968,Bacteria,Bacillota,Clostridia,Lachnospirales,Lachnospiraceae,NA,NA_NA
ASV_1969,Bacteria,Pseudomonadota,Alphaproteobacteria,Rickettsiales,Mitochondria,NA,NA_NA
ASV_1970,Bacteria,Bacillota,Clostridia,Oscillospirales,Ruminococcaceae,Anaerotruncus,Anaerotruncus_colihominis
ASV_1971,Bacteria,Bacteroidota,Bacteroidia,Bacteroidales,Dysgonomonadaceae,Dysgonomonas,Dysgonomonas_NA
ASV_1972,Bacteria,Pseudomonadota,Gammaproteobacteria,Enterobacterales,Enterobacteriaceae,Enterobacter,Enterobacter_NA
ASV_1973,Bacteria,Bacillota,Clostridia,Lachnospirales,Lachnospiraceae,Extibacter,Extibacter_NA
ASV_1974,Bacteria,Bacillota,Clostridia,Oscillospirales,Oscillospiraceae,UCG-005,UCG-005_NA
ASV_1975,Bacteria,Pseudomonadota,NA,NA,NA,NA,NA_NA
ASV_1976,Bacteria,Pseudomonadota,Gammaproteobacteria,Pseudomonadales,Pseudomonadaceae,Pseudomonas,Pseudomonas_sp.
ASV_1977,Bacteria,Bacillota,Bacilli,Lactobacillales,Enterococcaceae,Enterococcus,Enterococcus_NA
ASV_1978,Bacteria,Bacillota,Clostridia,Oscillospirales,[Eubacterium] coprostanoligenes group,NA,NA_NA
ASV_1979,Bacteria,Bacillota,Bacilli,Bacillales,Planococcaceae,Savagea,Savagea_NA
ASV_1980,Bacteria,Bacillota,Clostridia,Lachnospirales,Lachnospiraceae,Mediterraneibacter,Mediterraneibacter_NA
ASV_1981,Bacteria,Bacillota,Clostridia,Peptostreptococcales-Tissierellales,Family XI,Tepidimicrobium,Tepidimicrobium_NA
ASV_1982,Bacteria,Bacillota,Clostridia,Lachnospirales,Lachnospiraceae,Lachnospiraceae AC2044 group,Lachnospiraceae_AC2044_group_NA
ASV_1983,Bacteria,Bacillota,Clostridia,Eubacteriales,Anaerofustaceae,Anaerofustis,Anaerofustis_sp.
ASV_1984,Bacteria,Bacillota,Clostridia,Clostridia UCG-014,NA,NA,NA_NA
ASV_1985,Bacteria,Bacillota,Bacilli,RF39,NA,NA,NA_NA
ASV_1986,Bacteria,Pseudomonadota,Gammaproteobacteria,Pseudomonadales,Pseudomonadaceae,Pseudomonas,Pseudomonas_psychrophila
ASV_1987,Bacteria,Bacillota,Negativicutes,Acidaminococcales,Acidaminococcaceae,Acidaminococcus,Acidaminococcus_sp.
ASV_1988,Bacteria,Pseudomonadota,Gammaproteobacteria,Enterobacterales,Enterobacteriaceae,Cedecea,Cedecea_neteri
ASV_1989,Bacteria,Bacillota,Clostridia,Lachnospirales,Lachnospiraceae,Enterocloster,Enterocloster_alcoholdehydrogenati
ASV_1990,Bacteria,Pseudomonadota,Gammaproteobacteria,Enterobacterales,Orbaceae,NA,NA_NA
ASV_1991,Bacteria,Verrucomicrobiota,Kiritimatiellia,WCHB1-41,NA,NA,NA_NA
ASV_1992,Bacteria,Bacillota,Clostridia,Oscillospirales,Oscillospiraceae,NA,NA_NA
ASV_1993,Bacteria,Bacillota,Clostridia,Christensenellales,Christensenellaceae,Christensenellaceae R-7 group,Christensenellaceae_R-7_group_NA
ASV_1994,Bacteria,Acidobacteriota,Blastocatellia,Pyrinomonadales,Pyrinomonadaceae,NA,NA_NA
ASV_1995,Bacteria,Bacillota,Clostridia,Oscillospirales,UCG-010,NA,NA_NA
ASV_1996,Bacteria,Bacillota,Clostridia,NA,NA,NA,NA_NA
ASV_1997,Bacteria,Bacteroidota,Bacteroidia,Bacteroidales,F082,NA,NA_NA
ASV_1998,Bacteria,Bacillota,Clostridia,Peptostreptococcales-Tissierellales,Family XI,Tissierella,Tissierella_NA
ASV_1999,Bacteria,Bacteroidota,Bacteroidia,Bacteroidales,Prevotellaceae,Prevotellaceae UCG-001,Prevotellaceae_UCG-001_NA
ASV_2000,Bacteria,Bacillota,Clostridia,Lachnospirales,Lachnospiraceae,Marvinbryantia,Marvinbryantia_NA
ASV_2001,Bacteria,Bacteroidota,Bacteroidia,Bacteroidales,Prevotellaceae,Prevotellaceae UCG-003,Prevotellaceae_UCG-003_NA
ASV_2002,Bacteria,Bacteroidota,Bacteroidia,Bacteroidales,F082,NA,NA_NA
ASV_2003,Bacteria,Bacillota,Clostridia,Oscillospirales,UCG-010,NA,NA_NA
ASV_2004,Bacteria,Bacillota,Clostridia,Oscillospirales,UCG-010,NA,NA_NA
ASV_2005,Bacteria,Bacillota,Clostridia,Oscillospirales,Oscillospiraceae,UCG-005,UCG-005_NA
ASV_2006,Bacteria,Bacteroidota,Bacteroidia,Bacteroidales,Prevotellaceae,Xylanibacter,Xylanibacter_NA
ASV_2007,Bacteria,Pseudomonadota,Alphaproteobacteria,Acetobacterales,Acetobacteraceae,Asaia,Asaia_astilbis
ASV_2008,Bacteria,Bacillota,Clostridia,Oscillospirales,[Eubacterium] coprostanoligenes group,NA,NA_NA
ASV_2009,Bacteria,Pseudomonadota,Alphaproteobacteria,Hyphomicrobiales,Rhizobiaceae,NA,NA_NA
ASV_2010,Bacteria,Bacillota,Bacilli,Lactobacillales,Streptococcaceae,Streptococcus,Streptococcus_oralis
ASV_2011,Bacteria,Bacillota,Clostridia,Oscillospirales,Oscillospiraceae,UCG-002,UCG-002_NA
ASV_2012,Bacteria,Actinomycetota,Coriobacteriia,Coriobacteriales,Atopobiaceae,Olsenella,Olsenella_NA
ASV_2013,Bacteria,Bacillota,Clostridia,Oscillospirales,Oscillospiraceae,Colidextribacter,Colidextribacter_NA
ASV_2014,Bacteria,Bacteroidota,Bacteroidia,Bacteroidales,Bacteroidales RF16 group,NA,NA_NA
ASV_2015,Bacteria,Bacillota,Clostridia,Monoglobales,Monoglobaceae,Monoglobus,Monoglobus_NA
ASV_2016,Bacteria,Bacteroidota,Bacteroidia,Bacteroidales,Prevotellaceae,Xylanibacter,Xylanibacter_NA
ASV_2017,Bacteria,Bacillota,Clostridia,Oscillospirales,[Eubacterium] coprostanoligenes group,NA,NA_NA
ASV_2018,Bacteria,Pseudomonadota,Alphaproteobacteria,Hyphomicrobiales,Beijerinckiaceae,Lichenibacterium,Lichenibacterium_NA
ASV_2019,Bacteria,Fusobacteriota,Fusobacteriia,Fusobacteriales,Fusobacteriaceae,NA,NA_NA
ASV_2020,Bacteria,Pseudomonadota,Alphaproteobacteria,Sphingomonadales,Sphingomonadaceae,Sphingomonas,Sphingomonas_phyllosphaerae
ASV_2021,Bacteria,Bacteroidota,Bacteroidia,Bacteroidales,Marinifilaceae,Odoribacter,Odoribacter_NA
ASV_2022,Bacteria,Bacillota,Clostridia,Christensenellales,Christensenellaceae,Christensenellaceae R-7 group,Christensenellaceae_R-7_group_NA
ASV_2023,Bacteria,Bacillota,Clostridia,Lachnospirales,Lachnospiraceae,Cellulosilyticum,Cellulosilyticum_NA
ASV_2024,Bacteria,Bacillota,Clostridia,Oscillospirales,UCG-010,NA,NA_NA
ASV_2025,Bacteria,Bacillota,Clostridia,Lachnospirales,Lachnospiraceae,NA,NA_NA
ASV_2026,Bacteria,Bacillota,Bacilli,Erysipelotrichales,Erysipelotrichaceae,Erysipelothrix,Erysipelothrix_rhusiopathiae
ASV_2027,Bacteria,Bacillota,Clostridia,Lachnospirales,Lachnospiraceae,Mediterraneibacter,Mediterraneibacter_NA
ASV_2028,Bacteria,Bacillota,Clostridia,Christensenellales,Christensenellaceae,Christensenellaceae R-7 group,Christensenellaceae_R-7_group_NA
ASV_2029,Bacteria,Bacteroidota,Bacteroidia,Bacteroidales,Rikenellaceae,Rikenellaceae RC9 gut group,Rikenellaceae_RC9_gut_group_NA
ASV_2030,Bacteria,Bacillota,Clostridia,Oscillospirales,Oscillospiraceae,NK4A214 group,NK4A214_group_NA
ASV_2031,Bacteria,Pseudomonadota,Gammaproteobacteria,Burkholderiales,Comamonadaceae,NA,NA_NA
ASV_2032,Bacteria,Actinomycetota,Actinobacteria,Micrococcales,Micrococcaceae,NA,NA_NA
ASV_2033,Bacteria,Bacteroidota,Bacteroidia,Bacteroidales,Prevotellaceae,Xylanibacter,Xylanibacter_NA
ASV_2034,Bacteria,Pseudomonadota,Gammaproteobacteria,Lysobacterales,Lysobacteraceae,Stenotrophomonas,Stenotrophomonas_maltophilia
ASV_2035,Bacteria,Pseudomonadota,Alphaproteobacteria,Rickettsiales,Mitochondria,NA,NA_NA
ASV_2036,Bacteria,Pseudomonadota,Gammaproteobacteria,Lysobacterales,Lysobacteraceae,Stenotrophomonas,Stenotrophomonas_rhizophila
ASV_2037,Bacteria,Pseudomonadota,Alphaproteobacteria,Rickettsiales,Mitochondria,NA,NA_NA
ASV_2038,Bacteria,Bacillota,Clostridia,Oscillospirales,Oscillospiraceae,UCG-005,UCG-005_NA
ASV_2039,Bacteria,Elusimicrobiota,Elusimicrobia,Elusimicrobiales,Elusimicrobiaceae,Elusimicrobium,Elusimicrobium_NA
ASV_2040,Bacteria,Bacillota,Bacilli,RF39,NA,NA,NA_NA
ASV_2041,Bacteria,Bacteroidota,Bacteroidia,Bacteroidales,Rikenellaceae,Rikenellaceae RC9 gut group,Rikenellaceae_RC9_gut_group_NA
ASV_2042,Bacteria,Bacillota,Bacilli,Erysipelotrichales,Erysipelotrichaceae,Erysipelothrix,Erysipelothrix_rhusiopathiae
ASV_2043,Bacteria,Pseudomonadota,Gammaproteobacteria,Cardiobacteriales,Wohlfahrtiimonadaceae,Wohlfahrtiimonas,Wohlfahrtiimonas_chitiniclastica
ASV_2044,Bacteria,Pseudomonadota,Alphaproteobacteria,Sphingomonadales,Sphingomonadaceae,Qipengyuania,Qipengyuania_NA
ASV_2045,Bacteria,Bacillota,Bacilli,Lactobacillales,Lactobacillaceae,Holzapfeliella,Holzapfeliella_floricola
ASV_2046,Bacteria,Bacillota,Clostridia,Monoglobales,Monoglobaceae,Monoglobus,Monoglobus_NA
ASV_2047,Bacteria,Bacillota,Clostridia,Peptostreptococcales-Tissierellales,Family XI,Ezakiella,Ezakiella_NA
ASV_2048,Bacteria,Bacteroidota,Bacteroidia,Bacteroidales,Bacteroidales RF16 group,NA,NA_NA
ASV_2049,Bacteria,Bacillota,Clostridia,Lachnospirales,Lachnospiraceae,Acetatifactor,Acetatifactor_NA
ASV_2050,Bacteria,Pseudomonadota,Alphaproteobacteria,Acetobacterales,Acetobacteraceae,Acetobacter,Acetobacter_aceti
ASV_2051,Bacteria,Pseudomonadota,Gammaproteobacteria,Burkholderiales,Sutterellaceae,Sutterella,Sutterella_NA
ASV_2052,Bacteria,Pseudomonadota,Gammaproteobacteria,Cardiobacteriales,Wohlfahrtiimonadaceae,Ignatzschineria,Ignatzschineria_sp.
ASV_2053,Bacteria,Bacillota,Bacilli,RF39,NA,NA,NA_NA
ASV_2054,Bacteria,Pseudomonadota,Gammaproteobacteria,Burkholderiales,Comamonadaceae,Comamonas,Comamonas_denitrificans
ASV_2055,Bacteria,Bacillota,Bacilli,Lactobacillales,Lactobacillaceae,Weissella,Weissella_cibaria
ASV_2056,Bacteria,Pseudomonadota,Alphaproteobacteria,Acetobacterales,Acetobacteraceae,Saccharibacter,Saccharibacter_NA
ASV_2057,Bacteria,Bacillota,Clostridia,Lachnospirales,Lachnospiraceae,Blautia,Blautia_NA
ASV_2058,Bacteria,Bacillota,Clostridia,Oscillospirales,UCG-010,NA,NA_NA
ASV_2059,Bacteria,Bacillota,Bacilli,Lactobacillales,Lactobacillaceae,Ligilactobacillus,Ligilactobacillus_salivarius
ASV_2060,Bacteria,Bacteroidota,Bacteroidia,Bacteroidales,Prevotellaceae,Prevotellaceae NK3B31 group,Prevotellaceae_NK3B31_group_NA
ASV_2061,Bacteria,Bacillota,Bacilli,RF39,NA,NA,NA_NA
ASV_2062,Bacteria,Bacillota,Clostridia,Clostridiales,Clostridiaceae,Clostridium,Clostridium_baratii
ASV_2063,Bacteria,Bacillota,Bacilli,Lactobacillales,Lactobacillaceae,Schleiferilactobacillus,Schleiferilactobacillus_perolens
ASV_2064,Bacteria,Bacillota,Clostridia,Lachnospirales,Lachnospiraceae,Oribacterium,Oribacterium_NA
ASV_2065,Bacteria,Cyanobacteriota,Vampirivibrionia,Gastranaerophilales,Gastranaerophilaceae,Zag_111,Zag_111_NA
ASV_2066,Bacteria,Bacillota,Clostridia,Oscillospirales,[Eubacterium] coprostanoligenes group,NA,NA_NA
ASV_2067,Bacteria,Bacillota,Bacilli,Erysipelotrichales,Erysipelotrichaceae,Erysipelothrix,Erysipelothrix_NA
ASV_2068,Bacteria,Cyanobacteriota,Vampirivibrionia,Gastranaerophilales,Gastranaerophilaceae,CAG-196,CAG-196_NA
ASV_2069,Bacteria,Bacillota,Clostridia,Lachnospirales,Lachnospiraceae,Roseburia,Roseburia_NA
ASV_2070,Bacteria,Bacteroidota,Bacteroidia,Bacteroidales,Prevotellaceae,Prevotellaceae UCG-004,Prevotellaceae_UCG-004_NA
ASV_2071,Bacteria,Pseudomonadota,Alphaproteobacteria,Rhodobacterales,Paracoccaceae,Haematobacter,Haematobacter_massiliensis
ASV_2072,Bacteria,Pseudomonadota,Gammaproteobacteria,Burkholderiales,Oxalobacteraceae,NA,NA_NA
ASV_2073,Bacteria,Bacteroidota,Bacteroidia,Bacteroidales,Bacteroidaceae,Bacteroides,Bacteroides_NA
ASV_2074,Bacteria,Thermodesulfobacteriota,Desulfovibrionia,Desulfovibrionales,Desulfovibrionaceae,NA,NA_NA
ASV_2075,Bacteria,Bacillota,Clostridia,Oscillospirales,Oscillospiraceae,UCG-005,UCG-005_NA
ASV_2076,Bacteria,Bacillota,Clostridia,Oscillospirales,[Eubacterium] coprostanoligenes group,NA,NA_NA
ASV_2077,Bacteria,Bacillota,Bacilli,Erysipelotrichales,Erysipelotrichaceae,NA,NA_NA
ASV_2078,Bacteria,Patescibacteria,Saccharimonadia,Saccharimonadales,Saccharimonadaceae,Candidatus Saccharimonas,Candidatus_Saccharimonas_NA
ASV_2079,Bacteria,Bacteroidota,Bacteroidia,Bacteroidales,Prevotellaceae,Prevotellaceae Ga6A1 group,Prevotellaceae_Ga6A1_group_NA
ASV_2080,Bacteria,Bacteroidota,Bacteroidia,Flavobacteriales,Weeksellaceae,Cloacibacterium,Cloacibacterium_sp.
ASV_2081,Bacteria,Bacteroidota,Bacteroidia,Bacteroidales,Dysgonomonadaceae,Dysgonomonas,Dysgonomonas_NA
ASV_2082,Bacteria,Pseudomonadota,Alphaproteobacteria,Sphingomonadales,Sphingomonadaceae,Sphingomonas,Sphingomonas_NA
ASV_2083,Bacteria,Pseudomonadota,Gammaproteobacteria,Rickettsiellales,Rickettsiellaceae,Rickettsiella,Rickettsiella_viridis
ASV_2084,Bacteria,Bacteroidota,Bacteroidia,Bacteroidales,Rikenellaceae,Rikenellaceae RC9 gut group,Rikenellaceae_RC9_gut_group_NA
ASV_2085,Bacteria,Bacillota,Clostridia,Oscillospirales,UCG-010,NA,NA_NA
ASV_2086,Bacteria,Bacillota,Clostridia,Oscillospirales,Oscillospiraceae,UCG-005,UCG-005_NA
ASV_2087,Bacteria,Bacteroidota,Bacteroidia,Bacteroidales,Prevotellaceae,Prevotellaceae UCG-001,Prevotellaceae_UCG-001_NA
ASV_2088,Bacteria,Bacillota,Clostridia,Lachnospirales,Lachnospiraceae,Lachnospiraceae NK4A136 group,Lachnospiraceae_NK4A136_group_NA
ASV_2089,Bacteria,Bacillota,Bacilli,RF39,NA,NA,NA_NA
ASV_2090,Bacteria,Bacteroidota,Bacteroidia,Bacteroidales,F082,NA,NA_NA
ASV_2091,Bacteria,Bacillota,Clostridia,Peptostreptococcales-Tissierellales,Peptostreptococcaceae,Romboutsia,Romboutsia_sedimentorum
ASV_2092,Bacteria,Bacillota,Bacilli,Erysipelotrichales,Erysipelotrichaceae,Turicibacter,Turicibacter_sp.
ASV_2093,Bacteria,Bacillota,Clostridia,Peptostreptococcales-Tissierellales,Peptostreptococcaceae,NA,NA_NA
ASV_2094,Bacteria,Pseudomonadota,Gammaproteobacteria,Enterobacterales,Enterobacteriaceae,Escherichia-Shigella,Escherichia-Shigella_albertii
ASV_2095,Bacteria,Bacteroidota,Bacteroidia,Bacteroidales,Rikenellaceae,Rikenellaceae RC9 gut group,Rikenellaceae_RC9_gut_group_NA
ASV_2096,Bacteria,Bacillota,Bacilli,Lactobacillales,Enterococcaceae,Enterococcus,Enterococcus_thailandicus
ASV_2097,Bacteria,Bacteroidota,Bacteroidia,Bacteroidales,Prevotellaceae,Xylanibacter,Xylanibacter_NA
ASV_2098,Bacteria,Bacillota,Clostridia,Clostridia UCG-014,NA,NA,NA_NA
ASV_2099,Bacteria,Bacillota,Bacilli,RF39,NA,NA,NA_NA
ASV_2100,Bacteria,Actinomycetota,Actinobacteria,Bifidobacteriales,Bifidobacteriaceae,Bifidobacterium,Bifidobacterium_animalis
ASV_2101,Bacteria,Pseudomonadota,Alphaproteobacteria,Hyphomicrobiales,Rhizobiaceae,Bartonella,Bartonella_NA
ASV_2102,Bacteria,Bacillota,Bacilli,Lactobacillales,Streptococcaceae,Streptococcus,Streptococcus_salivarius
ASV_2103,Bacteria,Bacillota,Clostridia,Oscillospirales,Oscillospiraceae,NA,NA_NA
ASV_2104,Bacteria,Bacteroidota,Bacteroidia,Bacteroidales,Bacteroidales RF16 group,NA,NA_NA
ASV_2105,Bacteria,Bacteroidota,Bacteroidia,Bacteroidales,Bacteroidales RF16 group,NA,NA_NA
ASV_2106,Bacteria,Bacillota,Clostridia,NA,NA,NA,NA_NA
ASV_2107,Bacteria,Bacillota,Clostridia,Monoglobales,Monoglobaceae,Monoglobus,Monoglobus_NA
ASV_2108,Bacteria,Bacillota,Clostridia,Oscillospirales,Oscillospiraceae,Intestinimonas,Intestinimonas_NA
ASV_2109,Bacteria,Bacillota,Clostridia,Lachnospirales,Lachnospiraceae,Lachnospiraceae UCG-010,Lachnospiraceae_UCG-010_NA
ASV_2110,Bacteria,Bacillota,Clostridia,Oscillospirales,Ruminococcaceae,Ruminococcus,Ruminococcus_callidus
ASV_2111,Bacteria,Bacteroidota,Bacteroidia,Bacteroidales,Bacteroidales RF16 group,NA,NA_NA
ASV_2112,Bacteria,Pseudomonadota,Alphaproteobacteria,Rickettsiales,Mitochondria,NA,NA_NA
ASV_2113,Bacteria,Bacteroidota,Bacteroidia,Bacteroidales,Rikenellaceae,Alistipes,Alistipes_NA
ASV_2114,Bacteria,Bacteroidota,Bacteroidia,Bacteroidales,Prevotellaceae,Xylanibacter,Xylanibacter_NA
ASV_2115,Bacteria,Bacillota,Clostridia,Oscillospirales,Ruminococcaceae,Candidatus Soleaferrea,Candidatus_Soleaferrea_NA
ASV_2116,Bacteria,Pseudomonadota,Alphaproteobacteria,Rickettsiales,Mitochondria,NA,NA_NA
ASV_2117,Bacteria,Bacteroidota,Bacteroidia,Bacteroidales,Muribaculaceae,NA,NA_NA
ASV_2118,Bacteria,Bacteroidota,Bacteroidia,Sphingobacteriales,Sphingobacteriaceae,Sphingobacterium,Sphingobacterium_faecium
ASV_2119,Bacteria,Pseudomonadota,Alphaproteobacteria,Acetobacterales,Acetobacteraceae,Commensalibacter,Commensalibacter_intestini
ASV_2120,Bacteria,Pseudomonadota,Gammaproteobacteria,Enterobacterales,Hafniaceae,Hafnia-Obesumbacterium,Hafnia-Obesumbacterium_alvei
ASV_2121,Bacteria,Bacillota,Clostridia,Lachnospirales,Lachnospiraceae,Mediterraneibacter,Mediterraneibacter_NA
ASV_2122,Bacteria,Pseudomonadota,Gammaproteobacteria,Pseudomonadales,Pseudomonadaceae,Pseudomonas,Pseudomonas_koreensis
ASV_2123,Bacteria,Actinomycetota,Actinobacteria,Bifidobacteriales,Bifidobacteriaceae,Bifidobacterium,Bifidobacterium_pullorum
ASV_2124,Bacteria,Pseudomonadota,Gammaproteobacteria,Lysobacterales,Lysobacteraceae,Stenotrophomonas,Stenotrophomonas_acidaminiphila
ASV_2125,Bacteria,Bacillota,Clostridia,Lachnospirales,Lachnospiraceae,Lachnospiraceae NK3A20 group,Lachnospiraceae_NK3A20_group_NA
ASV_2126,Bacteria,Pseudomonadota,Alphaproteobacteria,Hyphomicrobiales,Rhizobiaceae,Agrobacterium,Agrobacterium_rubi
ASV_2127,Bacteria,Bacillota,Clostridia,Lachnospirales,Lachnospiraceae,NA,NA_NA
ASV_2128,Bacteria,Actinomycetota,Coriobacteriia,Coriobacteriales,Coriobacteriaceae,Enorma,Enorma_NA
ASV_2129,Bacteria,Bacteroidota,Bacteroidia,Flavobacteriales,Flavobacteriaceae,Myroides,Myroides_odoratus
ASV_2130,Bacteria,Bacteroidota,Bacteroidia,Bacteroidales,Rikenellaceae,Alistipes,Alistipes_NA
ASV_2131,Bacteria,Bacillota,Clostridia,Monoglobales,Monoglobaceae,Monoglobus,Monoglobus_NA
ASV_2132,Bacteria,Pseudomonadota,Alphaproteobacteria,Hyphomicrobiales,Beijerinckiaceae,Methylobacterium,Methylobacterium_NA
ASV_2133,Bacteria,Actinomycetota,Actinobacteria,Micrococcales,Micrococcaceae,Paenarthrobacter,Paenarthrobacter_NA
ASV_2134,Bacteria,Bacillota,Clostridia,Lachnospirales,Lachnospiraceae,Lachnospiraceae UCG-010,Lachnospiraceae_UCG-010_NA
ASV_2135,Bacteria,Bacillota,Clostridia,Lachnospirales,Lachnospiraceae,Mediterraneibacter,Mediterraneibacter_NA
ASV_2136,Bacteria,Bacteroidota,Bacteroidia,Bacteroidales,Rikenellaceae,dgA-11 gut group,dgA-11_gut_group_NA
ASV_2137,Bacteria,Bacteroidota,Bacteroidia,Flavobacteriales,Weeksellaceae,Apibacter,Apibacter_adventoris
ASV_2138,Bacteria,Pseudomonadota,Gammaproteobacteria,Pseudomonadales,Pseudomonadaceae,Pseudomonas,Pseudomonas_cichorii
ASV_2139,Bacteria,Bacillota,Clostridia,Lachnospirales,Lachnospiraceae,Lachnospiraceae NK4A136 group,Lachnospiraceae_NK4A136_group_NA
ASV_2140,Bacteria,Bacillota,Clostridia,Oscillospirales,UCG-010,NA,NA_NA
ASV_2141,Bacteria,Bacillota,Clostridia,Christensenellales,Christensenellaceae,Christensenellaceae R-7 group,Christensenellaceae_R-7_group_NA
ASV_2142,Bacteria,Bacillota,Clostridia,Lachnospirales,Lachnospiraceae,Lachnospiraceae AC2044 group,Lachnospiraceae_AC2044_group_NA
ASV_2143,Bacteria,Bacillota,Clostridia,Oscillospirales,UCG-010,NA,NA_NA
ASV_2144,Bacteria,Campylobacterota,Campylobacteria,Campylobacterales,Campylobacteraceae,Campylobacter,Campylobacter_helveticus
ASV_2145,Bacteria,Bacteroidota,Bacteroidia,Bacteroidales,Bacteroidaceae,Bacteroides,Bacteroides_coprosuis
ASV_2146,Bacteria,Thermodesulfobacteriota,Desulfovibrionia,Desulfovibrionales,Desulfovibrionaceae,Mailhella,Mailhella_NA
ASV_2147,Bacteria,Pseudomonadota,Gammaproteobacteria,Pseudomonadales,Moraxellaceae,Acinetobacter,Acinetobacter_haemolyticus
ASV_2148,Bacteria,Bacillota,Clostridia,Peptostreptococcales-Tissierellales,Anaerovoracaceae,Mogibacterium,Mogibacterium_NA
ASV_2149,Bacteria,Bacteroidota,Bacteroidia,Bacteroidales,Rikenellaceae,Rikenellaceae RC9 gut group,Rikenellaceae_RC9_gut_group_NA
ASV_2150,Bacteria,Pseudomonadota,Gammaproteobacteria,Pseudomonadales,Pseudomonadaceae,Pseudomonas,Pseudomonas_protegens
ASV_2151,Bacteria,Bacillota,Clostridia,Lachnospirales,Lachnospiraceae,Lachnospiraceae NK3A20 group,Lachnospiraceae_NK3A20_group_NA
ASV_2152,Bacteria,Bacteroidota,Bacteroidia,Bacteroidales,NA,NA,NA_NA
ASV_2153,Bacteria,Bacillota,Clostridia,Oscillospirales,UCG-010,NA,NA_NA
ASV_2154,Bacteria,Pseudomonadota,Alphaproteobacteria,Rhodospirillales,NA,NA,NA_NA
ASV_2155,Bacteria,Bacillota,Clostridia,Oscillospirales,UCG-010,NA,NA_NA
ASV_2156,Bacteria,Pseudomonadota,Gammaproteobacteria,Cardiobacteriales,Wohlfahrtiimonadaceae,Ignatzschineria,Ignatzschineria_NA
ASV_2157,Bacteria,Bacillota,Bacilli,Lactobacillales,Vagococcaceae,Vagococcus,Vagococcus_salmoninarum
ASV_2158,Bacteria,Pseudomonadota,Alphaproteobacteria,Hyphomicrobiales,Rhizobiaceae,NA,NA_NA
ASV_2159,Bacteria,Bacillota,Clostridia,Oscillospirales,Ruminococcaceae,NA,NA_NA
ASV_2160,Bacteria,Bacillota,Clostridia,Lachnospirales,Lachnospiraceae,Blautia,Blautia_NA
ASV_2161,Bacteria,Cyanobacteriota,Cyanobacteriia,Chloroplast,NA,NA,NA_NA
ASV_2162,Bacteria,Pseudomonadota,Alphaproteobacteria,Sphingomonadales,Sphingomonadaceae,NA,NA_NA
ASV_2163,Bacteria,Pseudomonadota,Gammaproteobacteria,Burkholderiales,Comamonadaceae,Acidovorax,Acidovorax_carolinensis
ASV_2164,Bacteria,Pseudomonadota,Gammaproteobacteria,Pseudomonadales,Pseudomonadaceae,Pseudomonas,Pseudomonas_cichorii
ASV_2165,Bacteria,Bacillota,Clostridia,Oscillospirales,UCG-010,NA,NA_NA
ASV_2166,Bacteria,Pseudomonadota,Gammaproteobacteria,Enterobacterales,Pasteurellaceae,Pasteurella,Pasteurella_multocida
ASV_2167,Bacteria,Bacillota,Bacilli,Erysipelotrichales,Erysipelotrichaceae,Turicibacter,Turicibacter_sp.
ASV_2168,Bacteria,Thermodesulfobacteriota,Desulfovibrionia,Desulfovibrionales,Desulfovibrionaceae,Desulfovibrio,Desulfovibrio_NA
ASV_2169,Bacteria,Bacillota,Bacilli,RF39,NA,NA,NA_NA
ASV_2170,Bacteria,Bacteroidota,Bacteroidia,Bacteroidales,Bacteroidaceae,Bacteroides,Bacteroides_NA
ASV_2171,Bacteria,Pseudomonadota,Gammaproteobacteria,Pseudomonadales,Moraxellaceae,Psychrobacter,Psychrobacter_arenosus
ASV_2172,Bacteria,Pseudomonadota,Alphaproteobacteria,Hyphomicrobiales,Beijerinckiaceae,Methylobacterium,Methylobacterium_komagatae
ASV_2173,Bacteria,Bacillota,Clostridia,Peptostreptococcales-Tissierellales,Family XI,Tissierella,Tissierella_NA
ASV_2174,Bacteria,Bacteroidota,Bacteroidia,Bacteroidales,Prevotellaceae,Xylanibacter,Xylanibacter_NA
ASV_2175,Bacteria,Bacillota,Clostridia,Oscillospirales,Oscillospiraceae,Colidextribacter,Colidextribacter_NA
ASV_2176,Bacteria,Bacteroidota,Bacteroidia,Bacteroidales,F082,NA,NA_NA
ASV_2177,Bacteria,Cyanobacteriota,Cyanobacteriia,Chloroplast,NA,NA,NA_NA
ASV_2178,Bacteria,Pseudomonadota,Gammaproteobacteria,Pseudomonadales,Moraxellaceae,Acinetobacter,Acinetobacter_schindleri
ASV_2179,Bacteria,Bacillota,Bacilli,Lactobacillales,Vagococcaceae,Vagococcus,Vagococcus_teuberi
ASV_2180,Bacteria,Bacillota,Bacilli,Lactobacillales,Lactobacillaceae,Limosilactobacillus,Limosilactobacillus_oris
ASV_2181,Bacteria,Bacillota,Clostridia,Oscillospirales,Ruminococcaceae,Negativibacillus,Negativibacillus_NA
ASV_2182,Bacteria,Thermodesulfobacteriota,Desulfovibrionia,Desulfovibrionales,Desulfovibrionaceae,Desulfovibrio,Desulfovibrio_piger
ASV_2183,Bacteria,Bacillota,Clostridia,Lachnospirales,Lachnospiraceae,Lachnospiraceae NK3A20 group,Lachnospiraceae_NK3A20_group_NA
ASV_2184,Bacteria,Bacteroidota,Bacteroidia,Flavobacteriales,Weeksellaceae,Chryseobacterium,Chryseobacterium_NA
ASV_2185,Bacteria,Bacillota,Clostridia,Lachnospirales,Lachnospiraceae,Lachnospiraceae NK4A136 group,Lachnospiraceae_NK4A136_group_NA
ASV_2186,Bacteria,Bacillota,Clostridia,Lachnospirales,Lachnospiraceae,Lachnospiraceae UCG-002,Lachnospiraceae_UCG-002_NA
ASV_2187,Bacteria,Bacillota,Bacilli,Lactobacillales,Lactobacillaceae,Latilactobacillus,Latilactobacillus_sakei
ASV_2188,Bacteria,Bacteroidota,Bacteroidia,Flavobacteriales,Flavobacteriaceae,Myroides,Myroides_marinus
ASV_2189,Bacteria,Actinomycetota,Thermoleophilia,Gaiellales,NA,NA,NA_NA
ASV_2190,Bacteria,Actinomycetota,Actinobacteria,Frankiales,Nakamurellaceae,Nakamurella,Nakamurella_NA
ASV_2191,Bacteria,Bacteroidota,Bacteroidia,Flavobacteriales,Weeksellaceae,Chryseobacterium,Chryseobacterium_anthropi
ASV_2192,Bacteria,Bacillota,Bacilli,RF39,NA,NA,NA_NA
ASV_2193,Bacteria,Bacillota,Clostridia,Oscillospirales,Ruminococcaceae,Ruminococcus,Ruminococcus_NA
ASV_2194,Bacteria,Bacillota,Clostridia,Oscillospirales,UCG-010,NA,NA_NA
ASV_2195,Bacteria,Acidobacteriota,Vicinamibacteria,Vicinamibacterales,Vicinamibacteraceae,Luteitalea,Luteitalea_NA
ASV_2196,Bacteria,Bacteroidota,Bacteroidia,Flavobacteriales,Flavobacteriaceae,Myroides,Myroides_odoratimimus
ASV_2197,Bacteria,Pseudomonadota,Gammaproteobacteria,Pseudomonadales,Moraxellaceae,Enhydrobacter,Enhydrobacter_Moraxella_sp.
ASV_2198,Bacteria,Bacteroidota,Bacteroidia,Bacteroidales,Rikenellaceae,Rikenellaceae RC9 gut group,Rikenellaceae_RC9_gut_group_NA
ASV_2199,Bacteria,Bacillota,Clostridia,Lachnospirales,Lachnospiraceae,Cellulosilyticum,Cellulosilyticum_NA
ASV_2200,Bacteria,Bacteroidota,Bacteroidia,Bacteroidales,Bacteroidaceae,Bacteroides,Bacteroides_propionicifaciens
ASV_2201,Bacteria,Cyanobacteriota,Cyanobacteriia,Chloroplast,NA,NA,NA_NA
ASV_2202,Bacteria,Cyanobacteriota,Vampirivibrionia,Gastranaerophilales,Gastranaerophilaceae,CAG-196,CAG-196_NA
ASV_2203,Bacteria,Bacillota,Clostridia,Monoglobales,Monoglobaceae,Monoglobus,Monoglobus_NA
ASV_2204,Bacteria,Bacteroidota,Bacteroidia,NA,NA,NA,NA_NA
ASV_2205,Bacteria,Bacillota,Clostridia,Christensenellales,Christensenellaceae,Christensenellaceae R-7 group,Christensenellaceae_R-7_group_NA
ASV_2206,Bacteria,Bacillota,Clostridia,Oscillospirales,UCG-010,NA,NA_NA
ASV_2207,Bacteria,Bacillota,Clostridia,Lachnospirales,Lachnospiraceae,Lachnospiraceae NK3A20 group,Lachnospiraceae_NK3A20_group_NA
ASV_2208,Bacteria,Bacteroidota,Bacteroidia,Bacteroidales,Bacteroidaceae,Bacteroides,Bacteroides_propionicifaciens
ASV_2209,Bacteria,Bacillota,Clostridia,Lachnospirales,Lachnospiraceae,Mediterraneibacter,Mediterraneibacter_NA
ASV_2210,Bacteria,Bacteroidota,Bacteroidia,Bacteroidales,Rikenellaceae,Alistipes,Alistipes_NA
ASV_2211,Bacteria,Bacillota,Clostridia,NA,NA,NA,NA_NA
ASV_2212,Bacteria,Bacteroidota,Bacteroidia,Bacteroidales,Prevotellaceae,Xylanibacter,Xylanibacter_NA
ASV_2213,Bacteria,Bacillota,Bacilli,RF39,NA,NA,NA_NA
ASV_2214,Bacteria,Bacillota,Clostridia,Oscillospirales,UCG-010,NA,NA_NA
ASV_2215,Bacteria,Bacillota,Clostridia,Oscillospirales,Oscillospiraceae,Colidextribacter,Colidextribacter_NA
ASV_2216,Bacteria,Actinomycetota,Actinobacteria,Micrococcales,Micrococcaceae,Kocuria,Kocuria_rhizophila
ASV_2217,Bacteria,Fusobacteriota,Fusobacteriia,Fusobacteriales,Fusobacteriaceae,Cetobacterium,Cetobacterium_NA
ASV_2218,Bacteria,Actinomycetota,Coriobacteriia,Coriobacteriales,Atopobiaceae,Tractidigestivibacter,Tractidigestivibacter_NA
ASV_2219,Bacteria,Pseudomonadota,Alphaproteobacteria,Rickettsiales,Mitochondria,NA,NA_NA
ASV_2220,Bacteria,Bacillota,Bacilli,Erysipelotrichales,Erysipelatoclostridiaceae,Erysipelotrichaceae UCG-003,Erysipelotrichaceae_UCG-003_NA
ASV_2221,Bacteria,Pseudomonadota,Alphaproteobacteria,Rhodospirillales,NA,NA,NA_NA
ASV_2222,Bacteria,Bacteroidota,Bacteroidia,Bacteroidales,F082,NA,NA_NA
ASV_2223,Bacteria,Pseudomonadota,Gammaproteobacteria,Pseudomonadales,Moraxellaceae,Acinetobacter,Acinetobacter_sp.
ASV_2224,Bacteria,Pseudomonadota,Gammaproteobacteria,Burkholderiales,Comamonadaceae,Comamonas,Comamonas_denitrificans
ASV_2225,Bacteria,Bacteroidota,Bacteroidia,Bacteroidales,Bacteroidales RF16 group,NA,NA_NA
ASV_2226,Bacteria,Bacteroidota,Bacteroidia,Bacteroidales,F082,NA,NA_NA
ASV_2227,Bacteria,Bacteroidota,Bacteroidia,Bacteroidales,Bacteroidaceae,Bacteroides,Bacteroides_reticulotermitis
ASV_2228,Bacteria,Bacillota,Clostridia,Oscillospirales,[Eubacterium] coprostanoligenes group,NA,NA_NA
ASV_2229,Bacteria,Actinomycetota,Coriobacteriia,Coriobacteriales,Coriobacteriales Incertae Sedis,NA,NA_NA
ASV_2230,Bacteria,Bacteroidota,Bacteroidia,Flavobacteriales,Flavobacteriaceae,Myroides,Myroides_marinus
ASV_2231,Bacteria,Bacillota,Clostridia,Christensenellales,Christensenellaceae,NA,NA_NA
ASV_2232,Bacteria,Bacteroidota,Bacteroidia,Bacteroidales,Muribaculaceae,NA,NA_NA
ASV_2233,Bacteria,Bacillota,Bacilli,RF39,NA,NA,NA_NA
ASV_2234,Bacteria,Bacillota,Clostridia,Lachnospirales,Lachnospiraceae,Lachnospiraceae NK4A136 group,Lachnospiraceae_NK4A136_group_NA
ASV_2235,Bacteria,Bacteroidota,Bacteroidia,Cytophagales,Hymenobacteraceae,Hymenobacter,Hymenobacter_NA
ASV_2236,Bacteria,Bacillota,Clostridia,Clostridiales,Clostridiaceae,Clostridium,Clostridium_amazonense
ASV_2237,Bacteria,Spirochaetota,Spirochaetia,Spirochaetales,Spirochaetaceae,Treponema,Treponema_brennaborense
ASV_2238,Bacteria,Bacteroidota,Bacteroidia,Bacteroidales,p-251-o5,NA,NA_NA
ASV_2239,Bacteria,Bacillota,Clostridia,Oscillospirales,[Eubacterium] coprostanoligenes group,NA,NA_NA
ASV_2240,Bacteria,Bacteroidota,Bacteroidia,Bacteroidales,p-251-o5,NA,NA_NA
ASV_2241,Bacteria,Bacteroidota,Bacteroidia,Bacteroidales,F082,NA,NA_NA
ASV_2242,Bacteria,Bacteroidota,Bacteroidia,Bacteroidales,Bacteroidaceae,Bacteroides,Bacteroides_sp.
ASV_2243,Bacteria,Bacteroidota,Bacteroidia,Bacteroidales,Muribaculaceae,NA,NA_NA
ASV_2244,Bacteria,Bacillota,Clostridia,Christensenellales,Christensenellaceae,Christensenellaceae R-7 group,Christensenellaceae_R-7_group_NA
ASV_2245,Bacteria,Actinomycetota,Coriobacteriia,Coriobacteriales,Coriobacteriaceae,Collinsella,Collinsella_tanakaei
ASV_2246,Bacteria,Pseudomonadota,Alphaproteobacteria,Hyphomicrobiales,Beijerinckiaceae,Methylobacterium,Methylobacterium_NA
ASV_2247,Bacteria,Bacteroidota,Bacteroidia,Bacteroidales,Rikenellaceae,SP3-e08,SP3-e08_NA
ASV_2248,Bacteria,Bacteroidota,Bacteroidia,Flavobacteriales,Flavobacteriaceae,Myroides,Myroides_sp.
ASV_2249,Bacteria,Bacteroidota,Bacteroidia,Bacteroidales,Prevotellaceae,Prevotellaceae UCG-001,Prevotellaceae_UCG-001_NA
ASV_2250,Bacteria,Bacteroidota,Bacteroidia,Bacteroidales,Muribaculaceae,NA,NA_NA
ASV_2251,Bacteria,Pseudomonadota,Gammaproteobacteria,Enterobacterales,Orbaceae,Orbus,Orbus_NA
ASV_2252,Bacteria,Bacillota,Clostridia,Oscillospirales,UCG-010,NA,NA_NA
ASV_2253,Bacteria,Actinomycetota,Actinobacteria,Micrococcales,Brevibacteriaceae,Brevibacterium,Brevibacterium_sp.
ASV_2254,Bacteria,Bacillota,Clostridia,Oscillospirales,UCG-010,NA,NA_NA
ASV_2255,Bacteria,Bacillota,Clostridia,Lachnospirales,Lachnospiraceae,NA,NA_NA
ASV_2256,Bacteria,Bacillota,Clostridia,Monoglobales,Monoglobaceae,Monoglobus,Monoglobus_NA
ASV_2257,Bacteria,Bacillota,Clostridia,Lachnospirales,Lachnospiraceae,NA,NA_NA
ASV_2258,Eukaryota,NA,NA,NA,NA,NA,NA_NA
ASV_2259,Bacteria,Bacillota,Clostridia,Lachnospirales,Lachnospiraceae,Extibacter,Extibacter_NA
ASV_2260,Bacteria,Bacillota,Clostridia,Lachnospirales,Lachnospiraceae,Dorea,Dorea_longicatena
ASV_2261,Bacteria,Bacteroidota,Bacteroidia,Bacteroidales,Tannerellaceae,Parabacteroides,Parabacteroides_merdae
ASV_2262,Bacteria,Bacillota,Clostridia,Oscillospirales,Oscillospiraceae,Intestinimonas,Intestinimonas_NA
ASV_2263,Bacteria,Actinomycetota,Actinobacteria,Mycobacteriales,Nocardiaceae,Rhodococcus,Rhodococcus_fascians
ASV_2264,Bacteria,Bacteroidota,Bacteroidia,Bacteroidales,Bacteroidales RF16 group,NA,NA_NA
ASV_2265,Bacteria,Bacteroidota,Bacteroidia,Bacteroidales,Prevotellaceae,Prevotellaceae UCG-001,Prevotellaceae_UCG-001_NA
ASV_2266,Bacteria,Bacillota,Clostridia,Oscillospirales,UCG-010,NA,NA_NA
ASV_2267,Bacteria,Bacteroidota,Bacteroidia,Bacteroidales,Prevotellaceae,Xylanibacter,Xylanibacter_NA
ASV_2268,Bacteria,Bacillota,Clostridia,Oscillospirales,UCG-010,NA,NA_NA
ASV_2269,Bacteria,Pseudomonadota,Alphaproteobacteria,Acetobacterales,Acetobacteraceae,Saccharibacter,Saccharibacter_NA
ASV_2270,Bacteria,Pseudomonadota,Gammaproteobacteria,Pseudomonadales,Moraxellaceae,Acinetobacter,Acinetobacter_lwoffii
ASV_2271,Bacteria,Bacillota,Clostridia,Oscillospirales,Oscillospiraceae,NK4A214 group,NK4A214_group_NA
ASV_2272,Bacteria,Bacteroidota,Bacteroidia,Bacteroidales,p-251-o5,NA,NA_NA
ASV_2273,Bacteria,Bacillota,Negativicutes,Veillonellales-Selenomonadales,Selenomonadaceae,Megamonas,Megamonas_hypermegale
ASV_2274,Bacteria,Pseudomonadota,Gammaproteobacteria,Enterobacterales,Orbaceae,Zophobihabitans,Zophobihabitans_NA
ASV_2275,Bacteria,Bacteroidota,Bacteroidia,Flavobacteriales,Flavobacteriaceae,Myroides,Myroides_odoratus
ASV_2276,Bacteria,Bacillota,Clostridia,Lachnospirales,Lachnospiraceae,Tyzzerella,Tyzzerella_NA
ASV_2277,Bacteria,Bacillota,Clostridia,Lachnospirales,Lachnospiraceae,Lachnospiraceae XPB1014 group,Lachnospiraceae_XPB1014_group_NA
ASV_2278,Bacteria,Bacteroidota,Bacteroidia,Bacteroidales,F082,NA,NA_NA
ASV_2279,Bacteria,Bacillota,Clostridia,Oscillospirales,UCG-010,NA,NA_NA
ASV_2280,Bacteria,Bacillota,Clostridia,Oscillospirales,[Eubacterium] coprostanoligenes group,NA,NA_NA
ASV_2281,Bacteria,Bacteroidota,Bacteroidia,Bacteroidales,Bacteroidaceae,Bacteroides,Bacteroides_coprosuis
ASV_2282,Bacteria,Bacillota,Bacilli,RF39,NA,NA,NA_NA
ASV_2283,Bacteria,Pseudomonadota,Gammaproteobacteria,Enterobacterales,Yersiniaceae,Serratia,Serratia_marcescens
ASV_2284,Bacteria,Bacteroidota,Bacteroidia,Cytophagales,Hymenobacteraceae,Hymenobacter,Hymenobacter_daeguensis
ASV_2285,Bacteria,Cyanobacteriota,Cyanobacteriia,Chloroplast,NA,NA,NA_NA
ASV_2286,Bacteria,Bacillota,Clostridia,Oscillospirales,Oscillospiraceae,UCG-005,UCG-005_NA
ASV_2287,Bacteria,Bacillota,Clostridia,Peptostreptococcales-Tissierellales,Family XI,Helcococcus,Helcococcus_NA
ASV_2288,Bacteria,Spirochaetota,Spirochaetia,Spirochaetales,Spirochaetaceae,Treponema,Treponema_NA
ASV_2289,Bacteria,Bacillota,Clostridia,Lachnospirales,Lachnospiraceae,Lachnospiraceae NK4A136 group,Lachnospiraceae_NK4A136_group_NA
ASV_2290,Bacteria,Bacillota,Clostridia,Peptostreptococcales-Tissierellales,Peptostreptococcaceae,Clostridioides,Clostridioides_NA
ASV_2291,Bacteria,Bacteroidota,Bacteroidia,Bacteroidales,Paludibacteraceae,NA,NA_NA
ASV_2292,Bacteria,Bacillota,Bacilli,Lactobacillales,Lactobacillaceae,Limosilactobacillus,Limosilactobacillus_pontis
ASV_2293,Bacteria,Bacillota,Bacilli,Lactobacillales,Lactobacillaceae,Secundilactobacillus,Secundilactobacillus_mixtipabuli
ASV_2294,Bacteria,Bacteroidota,Bacteroidia,Bacteroidales,Bacteroidaceae,Bacteroides,Bacteroides_NA
ASV_2295,Bacteria,Verrucomicrobiota,Kiritimatiellia,WCHB1-41,NA,NA,NA_NA
ASV_2296,Bacteria,Bacteroidota,Bacteroidia,Bacteroidales,Bacteroidales RF16 group,NA,NA_NA
ASV_2297,Bacteria,Bacillota,Clostridia,Oscillospirales,UCG-010,NA,NA_NA
ASV_2298,Bacteria,Bacillota,Bacilli,Bacillales,Planococcaceae,NA,NA_NA
ASV_2299,Bacteria,Bacillota,Clostridia,Clostridiales,Clostridiaceae,Clostridium,Clostridium_colicanis
ASV_2300,Bacteria,Bacillota,Clostridia,NA,NA,NA,NA_NA
ASV_2301,Bacteria,Bacteroidota,Bacteroidia,Bacteroidales,Prevotellaceae,Prevotellaceae UCG-003,Prevotellaceae_UCG-003_NA
ASV_2302,Bacteria,Bacillota,Clostridia,Christensenellales,Christensenellaceae,Christensenellaceae R-7 group,Christensenellaceae_R-7_group_NA
ASV_2303,Bacteria,Bacillota,Clostridia,Lachnospirales,Lachnospiraceae,GCA-900066575,GCA-900066575_NA
ASV_2304,Bacteria,Bacillota,Clostridia,Lachnospirales,Lachnospiraceae,Eubacterium,Eubacterium_cellulosolvens_group
ASV_2305,Bacteria,Bacillota,Bacilli,RF39,NA,NA,NA_NA
ASV_2306,Bacteria,Bacillota,Clostridia,Oscillospirales,Ruminococcaceae,NA,NA_NA
ASV_2307,Bacteria,Campylobacterota,Campylobacteria,Campylobacterales,Helicobacteraceae,Helicobacter,Helicobacter_rodentium
ASV_2308,Bacteria,Bacillota,Clostridia,Monoglobales,Monoglobaceae,Monoglobus,Monoglobus_NA
ASV_2309,Bacteria,Actinomycetota,Actinobacteria,Mycobacteriales,Dietziaceae,Dietzia,Dietzia_timorensis
ASV_2310,Bacteria,Bacillota,Clostridia,Oscillospirales,Ruminococcaceae,NA,NA_NA
ASV_2311,Bacteria,Thermodesulfobacteriota,Desulfovibrionia,Desulfovibrionales,Desulfovibrionaceae,Desulfovibrio,Desulfovibrio_desulfuricans
ASV_2312,Bacteria,Bacteroidota,Bacteroidia,Bacteroidales,Bacteroidaceae,Bacteroides,Bacteroides_gallinaceum
ASV_2313,Bacteria,Bacteroidota,Bacteroidia,Bacteroidales,Prevotellaceae,Prevotellaceae UCG-003,Prevotellaceae_UCG-003_NA
ASV_2314,Bacteria,Bacteroidota,Bacteroidia,Flavobacteriales,Flavobacteriaceae,Salinimicrobium,Salinimicrobium_NA
ASV_2315,Bacteria,Bacillota,Negativicutes,Veillonellales-Selenomonadales,Selenomonadaceae,Megamonas,Megamonas_funiformis
ASV_2316,Bacteria,Thermodesulfobacteriota,Desulfovibrionia,Desulfovibrionales,Desulfovibrionaceae,Desulfovibrio,Desulfovibrio_piger
ASV_2317,Bacteria,Actinomycetota,Actinobacteria,Propionibacteriales,Nocardioidaceae,Aeromicrobium,Aeromicrobium_erythreum
ASV_2318,Bacteria,Bacteroidota,Bacteroidia,Flavobacteriales,Weeksellaceae,Chryseobacterium,Chryseobacterium_NA
ASV_2319,Bacteria,Bacteroidota,Bacteroidia,Bacteroidales,Bacteroidaceae,Bacteroides,Bacteroides_plebeius
ASV_2320,Bacteria,Bacteroidota,Bacteroidia,Bacteroidales,Bacteroidaceae,Bacteroides,Bacteroides_NA
ASV_2321,Bacteria,Campylobacterota,Campylobacteria,Campylobacterales,Campylobacteraceae,Campylobacter,Campylobacter_armoricus
ASV_2322,Bacteria,Pseudomonadota,Gammaproteobacteria,Enterobacterales,Erwiniaceae,Erwinia,Erwinia_rhapontici
ASV_2323,Bacteria,Bacillota,Bacilli,Erysipelotrichales,Erysipelotrichaceae,Erysipelothrix,Erysipelothrix_rhusiopathiae
ASV_2324,Bacteria,Bacillota,Clostridia,Peptostreptococcales-Tissierellales,Anaerovoracaceae,Eubacterium,Eubacterium_sp
ASV_2325,Bacteria,Bacillota,Clostridia,Lachnospirales,Lachnospiraceae,NA,NA_NA
ASV_2326,Bacteria,Bacillota,Negativicutes,Acidaminococcales,Acidaminococcaceae,Phascolarctobacterium,Phascolarctobacterium_NA
ASV_2327,Bacteria,Bacillota,Bacilli,Lactobacillales,Lactobacillaceae,Fructobacillus,Fructobacillus_NA
ASV_2328,Bacteria,Bacillota,Negativicutes,Acidaminococcales,Acidaminococcaceae,Phascolarctobacterium,Phascolarctobacterium_NA
ASV_2329,Bacteria,Pseudomonadota,Alphaproteobacteria,Hyphomicrobiales,Rhizobiaceae,Paenochrobactrum,Paenochrobactrum_sp.
ASV_2330,Bacteria,Bacillota,Clostridia,Oscillospirales,UCG-010,NA,NA_NA
ASV_2331,Bacteria,Actinomycetota,Actinobacteria,Mycobacteriales,Nocardiaceae,Rhodococcus,Rhodococcus_erythropolis
ASV_2332,Bacteria,Bacillota,Clostridia,Peptostreptococcales-Tissierellales,Peptostreptococcaceae,Terrisporobacter,Terrisporobacter_NA
ASV_2333,Bacteria,Bacteroidota,Bacteroidia,Bacteroidales,Bacteroidales RF16 group,NA,NA_NA
ASV_2334,Bacteria,Pseudomonadota,Gammaproteobacteria,Pseudomonadales,Pseudomonadaceae,Pseudomonas,Pseudomonas_NA
ASV_2335,Bacteria,Bacteroidota,Bacteroidia,Bacteroidales,NA,NA,NA_NA
ASV_2336,Bacteria,Bacteroidota,Bacteroidia,Bacteroidales,Rikenellaceae,Rikenellaceae RC9 gut group,Rikenellaceae_RC9_gut_group_NA
ASV_2337,Bacteria,Pseudomonadota,Gammaproteobacteria,Enterobacterales,Succinivibrionaceae,Succinivibrio,Succinivibrio_NA
ASV_2338,Bacteria,Pseudomonadota,Alphaproteobacteria,Rickettsiales,Mitochondria,NA,NA_NA
ASV_2339,Bacteria,Bacillota,Clostridia,Lachnospirales,Lachnospiraceae,Lachnospiraceae NK3A20 group,Lachnospiraceae_NK3A20_group_NA
ASV_2340,Bacteria,Bacteroidota,Bacteroidia,Bacteroidales,F082,NA,NA_NA
ASV_2341,Bacteria,Bacillota,Clostridia,Monoglobales,Monoglobaceae,Monoglobus,Monoglobus_NA
ASV_2342,Bacteria,Bacillota,Clostridia,Lachnospirales,Lachnospiraceae,Eubacterium,Eubacterium_ventriosum_group
ASV_2343,Bacteria,Bacillota,Clostridia,Lachnospirales,Lachnospiraceae,Howardella,Howardella_NA
ASV_2344,Bacteria,Bacillota,Clostridia,Oscillospirales,Oscillospiraceae,Intestinimonas,Intestinimonas_NA
ASV_2345,Bacteria,Cyanobacteriota,Cyanobacteriia,Cyanobacteriales,Chroococcidiopsaceae,NA,NA_NA
ASV_2346,Bacteria,Bacteroidota,Bacteroidia,Bacteroidales,Bacteroidaceae,Bacteroides,Bacteroides_NA
ASV_2347,Bacteria,Verrucomicrobiota,Kiritimatiellia,WCHB1-41,NA,NA,NA_NA
ASV_2348,Bacteria,Bacteroidota,Bacteroidia,Flavobacteriales,Flavobacteriaceae,Myroides,Myroides_odoratus
ASV_2349,Bacteria,Bacillota,Bacilli,Bacillales,Bacillaceae,Niallia,Niallia_circulans
ASV_2350,Bacteria,Bacillota,Clostridia,Oscillospirales,[Eubacterium] coprostanoligenes group,NA,NA_NA
ASV_2351,Bacteria,Pseudomonadota,Alphaproteobacteria,Rhodospirillales,NA,NA,NA_NA
ASV_2352,Bacteria,Acidobacteriota,Vicinamibacteria,Vicinamibacterales,NA,NA,NA_NA
ASV_2353,Bacteria,Bacillota,Clostridia,Oscillospirales,UCG-010,NA,NA_NA
ASV_2354,Bacteria,Bacillota,Clostridia,Oscillospirales,[Eubacterium] coprostanoligenes group,NA,NA_NA
ASV_2355,Bacteria,Bacillota,Clostridia,Oscillospirales,Ruminococcaceae,Clostridium,Clostridium_methylpentosum_group
ASV_2356,Bacteria,Bacillota,Bacilli,Lactobacillales,Lactobacillaceae,Lactobacillus,Lactobacillus_acetotolerans
ASV_2357,Bacteria,Pseudomonadota,Gammaproteobacteria,Lysobacterales,Lysobacteraceae,Stenotrophomonas,Stenotrophomonas_maltophilia
ASV_2358,Bacteria,Pseudomonadota,Gammaproteobacteria,Lysobacterales,Lysobacteraceae,Stenotrophomonas,Stenotrophomonas_chelatiphaga
ASV_2359,Bacteria,Pseudomonadota,Alphaproteobacteria,Hyphomicrobiales,Rhizobiaceae,NA,NA_NA
ASV_2360,Bacteria,Actinomycetota,Coriobacteriia,Coriobacteriales,Atopobiaceae,Olsenella,Olsenella_NA
ASV_2361,Bacteria,Pseudomonadota,Alphaproteobacteria,Rickettsiales,Mitochondria,NA,NA_NA
ASV_2362,Bacteria,Pseudomonadota,Alphaproteobacteria,Acetobacterales,Acetobacteraceae,Asaia,Asaia_bogorensis
ASV_2363,Bacteria,Bacteroidota,Bacteroidia,Bacteroidales,Rikenellaceae,Rikenellaceae RC9 gut group,Rikenellaceae_RC9_gut_group_NA
ASV_2364,Bacteria,Bacillota,Clostridia,Christensenellales,Christensenellaceae,Christensenellaceae R-7 group,Christensenellaceae_R-7_group_NA
ASV_2365,Bacteria,Bacillota,Clostridia,Peptostreptococcales-Tissierellales,Anaerovoracaceae,Anaerovorax,Anaerovorax_sp.
ASV_2366,Bacteria,Bacteroidota,Bacteroidia,Bacteroidales,Rikenellaceae,Rikenellaceae RC9 gut group,Rikenellaceae_RC9_gut_group_NA
ASV_2367,Bacteria,Bacillota,Bacilli,Lactobacillales,Streptococcaceae,Streptococcus,Streptococcus_NA
ASV_2368,Bacteria,Fusobacteriota,Fusobacteriia,Fusobacteriales,Leptotrichiaceae,Sebaldella,Sebaldella_NA
ASV_2369,Bacteria,Planctomycetota,Planctomycetes,Pirellulales,Pirellulaceae,p-1088-a5 gut group,p-1088-a5_gut_group_NA
ASV_2370,Bacteria,Bacillota,Bacilli,Bacillales,Marinococcaceae,Sinobaca,Sinobaca_NA
ASV_2371,Bacteria,Bacteroidota,Bacteroidia,Bacteroidales,F082,NA,NA_NA
ASV_2372,Bacteria,Bacillota,Clostridia,Oscillospirales,UCG-010,NA,NA_NA
ASV_2373,Bacteria,Pseudomonadota,Alphaproteobacteria,Rickettsiales,Mitochondria,NA,NA_NA
ASV_2374,Bacteria,Bacillota,Clostridia,Oscillospirales,Butyricicoccaceae,Butyricicoccus,Butyricicoccus_NA
ASV_2375,Bacteria,Bacillota,Bacilli,Staphylococcales,Staphylococcaceae,Staphylococcus,Staphylococcus_aureus
ASV_2376,Bacteria,Bacteroidota,Bacteroidia,Bacteroidales,Prevotellaceae,Prevotellaceae Ga6A1 group,Prevotellaceae_Ga6A1_group_NA
ASV_2377,Bacteria,Campylobacterota,Campylobacteria,Campylobacterales,Helicobacteraceae,Helicobacter,Helicobacter_trogontum
ASV_2378,Bacteria,Bacillota,Bacilli,Lactobacillales,Lactobacillaceae,Limosilactobacillus,Limosilactobacillus_mucosae
ASV_2379,Bacteria,Bacillota,Clostridia,Oscillospirales,Ruminococcaceae,NA,NA_NA
ASV_2380,Bacteria,Bacillota,Clostridia,Oscillospirales,[Eubacterium] coprostanoligenes group,NA,NA_NA
ASV_2381,Bacteria,Bacillota,Clostridia,Lachnospirales,Lachnospiraceae,Lachnospiraceae NK4A136 group,Lachnospiraceae_NK4A136_group_NA
ASV_2382,Bacteria,Bacillota,Clostridia,NA,NA,NA,NA_NA
ASV_2383,Bacteria,Bacteroidota,Bacteroidia,Bacteroidales,Prevotellaceae,Prevotellaceae UCG-001,Prevotellaceae_UCG-001_NA
ASV_2384,Bacteria,Cyanobacteriota,Vampirivibrionia,Gastranaerophilales,Gastranaerophilaceae,NA,NA_NA
ASV_2385,Bacteria,Bacillota,Clostridia,Oscillospirales,[Eubacterium] coprostanoligenes group,NA,NA_NA
ASV_2386,Bacteria,Bacillota,Clostridia,Oscillospirales,Oscillospiraceae,UCG-005,UCG-005_NA
ASV_2387,Bacteria,Bacillota,Clostridia,NA,NA,NA,NA_NA
ASV_2388,Bacteria,Pseudomonadota,Alphaproteobacteria,Holosporales,Holosporaceae,NA,NA_NA
ASV_2389,Bacteria,Pseudomonadota,Gammaproteobacteria,Pseudomonadales,Moraxellaceae,Acinetobacter,Acinetobacter_lwoffii
ASV_2390,Bacteria,Pseudomonadota,Gammaproteobacteria,Pseudomonadales,Moraxellaceae,Acinetobacter,Acinetobacter_sp.
ASV_2391,Bacteria,Bacteroidota,Bacteroidia,Bacteroidales,Bacteroidaceae,Bacteroides,Bacteroides_NA
ASV_2392,Bacteria,Campylobacterota,Campylobacteria,Campylobacterales,Helicobacteraceae,Helicobacter,Helicobacter_trogontum
ASV_2393,Bacteria,Pseudomonadota,Alphaproteobacteria,Acetobacterales,Acetobacteraceae,Asaia,Asaia_astilbis
ASV_2394,Bacteria,Bacteroidota,Bacteroidia,Bacteroidales,Marinifilaceae,Butyricimonas,Butyricimonas_NA
ASV_2395,Bacteria,Bacteroidota,Bacteroidia,Bacteroidales,Prevotellaceae,Prevotellaceae UCG-001,Prevotellaceae_UCG-001_NA
ASV_2396,Bacteria,Bacteroidota,Bacteroidia,Bacteroidales,Bacteroidaceae,Bacteroides,Bacteroides_NA
ASV_2397,Bacteria,Bacillota,Clostridia,Clostridia UCG-014,NA,NA,NA_NA
ASV_2398,Bacteria,Bacillota,Clostridia,Clostridiales,Clostridiaceae,Clostridium,Clostridium_celatum
ASV_2399,Bacteria,Bacillota,Clostridia,Oscillospirales,UCG-010,NA,NA_NA
ASV_2400,Bacteria,Bacillota,Clostridia,Oscillospirales,Ruminococcaceae,Ruminococcus,Ruminococcus_NA
ASV_2401,Bacteria,Bacillota,Clostridia,Oscillospirales,Ruminococcaceae,Ruminococcus,Ruminococcus_albus
ASV_2402,Bacteria,Bacillota,Clostridia,Oscillospirales,Ruminococcaceae,NA,NA_NA
ASV_2403,Bacteria,Bacillota,Clostridia,Oscillospirales,[Eubacterium] coprostanoligenes group,NA,NA_NA
ASV_2404,Bacteria,Bacillota,Bacilli,RF39,NA,NA,NA_NA
ASV_2405,Bacteria,Bacillota,Clostridia,Christensenellales,Christensenellaceae,Christensenellaceae R-7 group,Christensenellaceae_R-7_group_NA
ASV_2406,Bacteria,Bacteroidota,Bacteroidia,Bacteroidales,Rikenellaceae,Rikenellaceae RC9 gut group,Rikenellaceae_RC9_gut_group_NA
ASV_2407,Bacteria,Bacteroidota,Bacteroidia,Bacteroidales,Rikenellaceae,Rikenellaceae RC9 gut group,Rikenellaceae_RC9_gut_group_NA
ASV_2408,Bacteria,Bacillota,Bacilli,Lactobacillales,Streptococcaceae,Streptococcus,Streptococcus_hyointestinalis
ASV_2409,Bacteria,Bacillota,Clostridia,Clostridia UCG-014,NA,NA,NA_NA
ASV_2410,Bacteria,Bacillota,Clostridia,Oscillospirales,Oscillospiraceae,Saccharofermentans,Saccharofermentans_NA
ASV_2411,Bacteria,Bacillota,Bacilli,Bacillales,Planococcaceae,Sporosarcina,Sporosarcina_NA
ASV_2412,Bacteria,Bacillota,Bacilli,Lactobacillales,Lactobacillaceae,Limosilactobacillus,Limosilactobacillus_sp.
ASV_2413,Bacteria,Pseudomonadota,Alphaproteobacteria,Hyphomicrobiales,Beijerinckiaceae,Methylobacterium,Methylobacterium_aerolatum
ASV_2414,Bacteria,Bacillota,Clostridia,Lachnospirales,Lachnospiraceae,Mediterraneibacter,Mediterraneibacter_NA
ASV_2415,Bacteria,Bacteroidota,Bacteroidia,Bacteroidales,Rikenellaceae,Rikenellaceae RC9 gut group,Rikenellaceae_RC9_gut_group_NA
ASV_2416,Bacteria,Bacteroidota,Bacteroidia,Bacteroidales,Prevotellaceae,Segatella,Segatella_NA
ASV_2417,Bacteria,Bacteroidota,Bacteroidia,Bacteroidales,Prevotellaceae,Prevotellaceae UCG-004,Prevotellaceae_UCG-004_NA
ASV_2418,Bacteria,Bacillota,Bacilli,Lactobacillales,Listeriaceae,Brochothrix,Brochothrix_thermosphacta
ASV_2419,Bacteria,Bacillota,Clostridia,Peptostreptococcales-Tissierellales,Family XI,Tissierella,Tissierella_NA
ASV_2420,Bacteria,Bacillota,Bacilli,Lactobacillales,Lactobacillaceae,Lactobacillus,Lactobacillus_amylovorus
ASV_2421,Bacteria,Bacillota,Clostridia,Oscillospirales,UCG-010,NA,NA_NA
ASV_2422,Bacteria,Bacillota,Bacilli,Lactobacillales,Lactobacillaceae,Ligilactobacillus,Ligilactobacillus_NA
ASV_2423,Bacteria,Bacillota,Bacilli,RF39,NA,NA,NA_NA
ASV_2424,Bacteria,Bacillota,Clostridia,Lachnospirales,Lachnospiraceae,Lachnospiraceae NK4A136 group,Lachnospiraceae_NK4A136_group_NA
ASV_2425,Bacteria,Bacteroidota,Bacteroidia,Bacteroidales,Prevotellaceae,NA,NA_NA
ASV_2426,Bacteria,Bacillota,Clostridia,Lachnospirales,Lachnospiraceae,Blautia,Blautia_hansenii
ASV_2427,Bacteria,Bacillota,Clostridia,Oscillospirales,Oscillospiraceae,Colidextribacter,Colidextribacter_NA
ASV_2428,Bacteria,Bacillota,Bacilli,RF39,NA,NA,NA_NA
ASV_2429,Bacteria,Bacillota,Bacilli,RF39,NA,NA,NA_NA
ASV_2430,Bacteria,Bacillota,Clostridia,Oscillospirales,Butyricicoccaceae,UCG-009,UCG-009_NA
ASV_2431,Bacteria,Bacillota,Clostridia,Clostridiales,Clostridiaceae,Clostridium,Clostridium_taeniosporum
ASV_2432,Bacteria,Bacillota,Clostridia,Oscillospirales,Ruminococcaceae,Hydrogenoanaerobacterium,Hydrogenoanaerobacterium_saccharovorans
ASV_2433,Bacteria,Bacillota,Clostridia,Oscillospirales,[Eubacterium] coprostanoligenes group,NA,NA_NA
ASV_2434,Bacteria,Deferribacterota,Deferribacteres,Deferribacterales,Deferribacteraceae,Mucispirillum,Mucispirillum_schaedleri
ASV_2435,Bacteria,Bacillota,Clostridia,Oscillospirales,Ruminococcaceae,NA,NA_NA
ASV_2436,Bacteria,Pseudomonadota,Alphaproteobacteria,Caulobacterales,Caulobacteraceae,Brevundimonas,Brevundimonas_diminuta
ASV_2437,Bacteria,Bacillota,Clostridia,Oscillospirales,Oscillospiraceae,UCG-002,UCG-002_NA
ASV_2438,Bacteria,Campylobacterota,Campylobacteria,Campylobacterales,Helicobacteraceae,Helicobacter,Helicobacter_apodemus
ASV_2439,Bacteria,Bacillota,Clostridia,Lachnospirales,Lachnospiraceae,Mediterraneibacter,Mediterraneibacter_NA
ASV_2440,Bacteria,Thermodesulfobacteriota,Desulfovibrionia,Desulfovibrionales,Desulfovibrionaceae,Desulfovibrio,Desulfovibrio_NA
ASV_2441,Bacteria,Bacteroidota,Bacteroidia,Bacteroidales,Bacteroidales RF16 group,NA,NA_NA
ASV_2442,Bacteria,Bacteroidota,Bacteroidia,Bacteroidales,Muribaculaceae,NA,NA_NA
ASV_2443,Bacteria,Bacillota,Clostridia,Oscillospirales,Ruminococcaceae,Ruminococcus,Ruminococcus_flavefaciens
ASV_2444,Bacteria,Bacillota,Clostridia,Oscillospirales,UCG-010,NA,NA_NA
ASV_2445,Bacteria,Pseudomonadota,Gammaproteobacteria,Pseudomonadales,Moraxellaceae,Psychrobacter,Psychrobacter_maritimus
ASV_2446,Bacteria,Bacteroidota,Bacteroidia,Bacteroidales,Bacteroidaceae,Bacteroides,Bacteroides_coprosuis
ASV_2447,Bacteria,Bacillota,Bacilli,Erysipelotrichales,Erysipelotrichaceae,Erysipelothrix,Erysipelothrix_NA
ASV_2448,Bacteria,Pseudomonadota,Gammaproteobacteria,Enterobacterales,Hafniaceae,Hafnia-Obesumbacterium,Hafnia-Obesumbacterium_alvei
ASV_2449,Bacteria,Pseudomonadota,Gammaproteobacteria,Pseudomonadales,Moraxellaceae,Psychrobacter,Psychrobacter_alimentarius
ASV_2450,Bacteria,Bacteroidota,Bacteroidia,Flavobacteriales,Flavobacteriaceae,Flavobacterium,Flavobacterium_NA
ASV_2451,Bacteria,Bacteroidota,Bacteroidia,Bacteroidales,Rikenellaceae,Rikenellaceae RC9 gut group,Rikenellaceae_RC9_gut_group_NA
ASV_2452,Bacteria,Bacillota,Clostridia,Lachnospirales,Lachnospiraceae,Lachnospiraceae UCG-010,Lachnospiraceae_UCG-010_NA
ASV_2453,Bacteria,Bacteroidota,Bacteroidia,Bacteroidales,Bacteroidaceae,Bacteroides,Bacteroides_NA
ASV_2454,Bacteria,Bacillota,Clostridia,Oscillospirales,Oscillospiraceae,Colidextribacter,Colidextribacter_NA
ASV_2455,Bacteria,Bacillota,Negativicutes,Acidaminococcales,Acidaminococcaceae,Phascolarctobacterium,Phascolarctobacterium_NA
ASV_2456,Bacteria,Bacillota,Clostridia,Lachnospirales,Lachnospiraceae,NA,NA_NA
ASV_2457,Bacteria,Bacillota,Clostridia,Lachnospirales,Lachnospiraceae,Mediterraneibacter,Mediterraneibacter_NA
ASV_2458,Bacteria,Pseudomonadota,Gammaproteobacteria,Enterobacterales,Aeromonadaceae,Aeromonas,Aeromonas_salmonicida
ASV_2459,Bacteria,Bacteroidota,Bacteroidia,Bacteroidales,Rikenellaceae,Rikenellaceae RC9 gut group,Rikenellaceae_RC9_gut_group_NA
ASV_2460,Bacteria,Bacteroidota,Bacteroidia,Bacteroidales,Rikenellaceae,Rikenellaceae RC9 gut group,Rikenellaceae_RC9_gut_group_NA
ASV_2461,Bacteria,Bacillota,Clostridia,Oscillospirales,UCG-010,NA,NA_NA
ASV_2462,Bacteria,Bacillota,Clostridia,Oscillospirales,UCG-010,NA,NA_NA
ASV_2463,Bacteria,Bacillota,Clostridia,Oscillospirales,[Eubacterium] coprostanoligenes group,NA,NA_NA
ASV_2464,Bacteria,Bacillota,Clostridia,Oscillospirales,Ruminococcaceae,Ruminococcus,Ruminococcus_NA
ASV_2465,Bacteria,Pseudomonadota,Gammaproteobacteria,Lysobacterales,Lysobacteraceae,Stenotrophomonas,Stenotrophomonas_maltophilia
ASV_2466,Bacteria,Bacillota,Clostridia,Oscillospirales,Ruminococcaceae,Subdoligranulum,Subdoligranulum_NA
ASV_2467,Bacteria,Pseudomonadota,Gammaproteobacteria,Enterobacterales,NA,NA,NA_NA
ASV_2468,Bacteria,Verrucomicrobiota,Kiritimatiellia,WCHB1-41,NA,NA,NA_NA
ASV_2469,Bacteria,Bacillota,Clostridia,Oscillospirales,Ruminococcaceae,NA,NA_NA
ASV_2470,Bacteria,Bacillota,Clostridia,Peptostreptococcales-Tissierellales,Family XI,Tissierella,Tissierella_NA
ASV_2471,Bacteria,Bacillota,Clostridia,Oscillospirales,Ruminococcaceae,Acutalibacter,Acutalibacter_NA
ASV_2472,Bacteria,Bacillota,Clostridia,Monoglobales,Monoglobaceae,Monoglobus,Monoglobus_NA
ASV_2473,Bacteria,Bacillota,Clostridia,Oscillospirales,[Eubacterium] coprostanoligenes group,NA,NA_NA
ASV_2474,Bacteria,Pseudomonadota,Alphaproteobacteria,Hyphomicrobiales,Beijerinckiaceae,Microvirga,Microvirga_NA
ASV_2475,Bacteria,Pseudomonadota,Gammaproteobacteria,Enterobacterales,Enterobacteriaceae,NA,NA_NA
ASV_2476,Bacteria,Bacillota,Bacilli,Bacillales,Bacillaceae,NA,NA_NA
ASV_2477,Bacteria,Pseudomonadota,Alphaproteobacteria,Caulobacterales,Caulobacteraceae,Brevundimonas,Brevundimonas_diminuta
ASV_2478,Bacteria,Pseudomonadota,Gammaproteobacteria,Pseudomonadales,Moraxellaceae,Psychrobacter,Psychrobacter_cibarius
ASV_2479,Bacteria,Bacillota,Bacilli,Lactobacillales,Lactobacillaceae,Leuconostoc,Leuconostoc_lactis
ASV_2480,Bacteria,Bacillota,Clostridia,Oscillospirales,Oscillospiraceae,Intestinimonas,Intestinimonas_NA
ASV_2481,Bacteria,Bacillota,Clostridia,Oscillospirales,Oscillospiraceae,UCG-005,UCG-005_NA
ASV_2482,Bacteria,Bacillota,Bacilli,Lactobacillales,Lactobacillaceae,Lactobacillus,Lactobacillus_acidophilus
ASV_2483,Bacteria,Verrucomicrobiota,Kiritimatiellia,WCHB1-41,NA,NA,NA_NA
ASV_2484,Bacteria,Bacillota,Clostridia,Lachnospirales,Lachnospiraceae,ASF356,ASF356_NA
ASV_2485,Bacteria,Bacillota,Clostridia,Oscillospirales,UCG-010,NA,NA_NA
ASV_2486,Bacteria,Bacillota,Clostridia,Oscillospirales,UCG-010,NA,NA_NA
ASV_2487,Bacteria,Verrucomicrobiota,Verrucomicrobiia,Verrucomicrobiales,Akkermansiaceae,Akkermansia,Akkermansia_NA
ASV_2488,Bacteria,Pseudomonadota,Alphaproteobacteria,Rickettsiales,Mitochondria,NA,NA_NA
ASV_2489,Bacteria,Bacillota,Clostridia,Oscillospirales,[Eubacterium] coprostanoligenes group,NA,NA_NA
ASV_2490,Bacteria,Bacillota,Negativicutes,Veillonellales-Selenomonadales,Selenomonadaceae,Megamonas,Megamonas_funiformis
ASV_2491,Bacteria,Bacteroidota,Bacteroidia,Bacteroidales,Bacteroidaceae,Bacteroides,Bacteroides_coprosuis
ASV_2492,Bacteria,Bacillota,Clostridia,Monoglobales,Monoglobaceae,Monoglobus,Monoglobus_NA
ASV_2493,Bacteria,Bacillota,Clostridia,Oscillospirales,[Eubacterium] coprostanoligenes group,NA,NA_NA
ASV_2494,Bacteria,Bacillota,Clostridia,Oscillospirales,Oscillospiraceae,NA,NA_NA
ASV_2495,Bacteria,Bacillota,Clostridia,Lachnospirales,Lachnospiraceae,NA,NA_NA
ASV_2496,Bacteria,Bacillota,Clostridia,Peptostreptococcales-Tissierellales,Peptostreptococcaceae,Terrisporobacter,Terrisporobacter_NA
ASV_2497,Bacteria,Pseudomonadota,Alphaproteobacteria,Hyphomicrobiales,Beijerinckiaceae,Methylocella,Methylocella_NA
ASV_2498,Bacteria,Bacillota,Clostridia,Lachnospirales,Lachnospiraceae,NA,NA_NA
ASV_2499,Bacteria,Bacteroidota,Bacteroidia,Bacteroidales,Prevotellaceae,Xylanibacter,Xylanibacter_NA
ASV_2500,Bacteria,Bacillota,Clostridia,Peptostreptococcales-Tissierellales,Family XI,Tissierella,Tissierella_NA
ASV_2501,Bacteria,Bacillota,Clostridia,Peptostreptococcales-Tissierellales,Family XI,Tissierella,Tissierella_NA
ASV_2502,Bacteria,Bacteroidota,Bacteroidia,Bacteroidales,Bacteroidales RF16 group,NA,NA_NA
ASV_2503,Bacteria,Bacteroidota,Bacteroidia,Bacteroidales,Rikenellaceae,Rikenellaceae RC9 gut group,Rikenellaceae_RC9_gut_group_NA
ASV_2504,Bacteria,Pseudomonadota,Gammaproteobacteria,Enterobacterales,Yersiniaceae,Serratia,Serratia_fonticola
ASV_2505,Bacteria,Bacillota,Clostridia,Lachnospirales,Lachnospiraceae,Mediterraneibacter,Mediterraneibacter_NA
ASV_2506,Bacteria,Bacillota,Clostridia,Oscillospirales,Ruminococcaceae,Faecalibacterium,Faecalibacterium_NA
ASV_2507,Bacteria,Bacillota,Clostridia,Oscillospirales,Oscillospiraceae,UCG-005,UCG-005_NA
ASV_2508,Bacteria,Bacillota,Clostridia,Lachnospirales,Lachnospiraceae,Coprococcus,Coprococcus_NA
ASV_2509,Bacteria,Verrucomicrobiota,Verrucomicrobiia,Chthoniobacterales,Chthoniobacteraceae,LD29,LD29_NA
ASV_2510,Bacteria,Pseudomonadota,Gammaproteobacteria,Burkholderiales,Oxalobacteraceae,NA,NA_NA
ASV_2511,Bacteria,Bacillota,Clostridia,Oscillospirales,Oscillospiraceae,UCG-005,UCG-005_NA
ASV_2512,Bacteria,Bacillota,Clostridia,Oscillospirales,[Eubacterium] coprostanoligenes group,NA,NA_NA
ASV_2513,Bacteria,Bacillota,Bacilli,Lactobacillales,Lactobacillaceae,Limosilactobacillus,Limosilactobacillus_NA
ASV_2514,Bacteria,Bacillota,Clostridia,Christensenellales,Christensenellaceae,Christensenellaceae R-7 group,Christensenellaceae_R-7_group_NA
ASV_2515,Bacteria,Bacillota,Clostridia,Oscillospirales,UCG-010,NA,NA_NA
ASV_2516,Bacteria,Bacillota,Clostridia,Oscillospirales,UCG-010,NA,NA_NA
ASV_2517,Bacteria,Bacillota,Bacilli,Lactobacillales,Lactobacillaceae,Limosilactobacillus,Limosilactobacillus_sp.
ASV_2518,Bacteria,Bacteroidota,Bacteroidia,Bacteroidales,Rikenellaceae,Rikenellaceae RC9 gut group,Rikenellaceae_RC9_gut_group_NA
ASV_2519,Bacteria,Actinomycetota,Actinobacteria,Micrococcales,Brevibacteriaceae,Brevibacterium,Brevibacterium_ravenspurgense
ASV_2520,Bacteria,Bacteroidota,Bacteroidia,Bacteroidales,Prevotellaceae,NA,NA_NA
ASV_2521,Bacteria,Bacteroidota,Bacteroidia,Bacteroidales,Bacteroidaceae,Bacteroides,Bacteroides_NA
ASV_2522,Bacteria,Bacteroidota,Bacteroidia,Bacteroidales,Prevotellaceae,Prevotellaceae UCG-001,Prevotellaceae_UCG-001_NA
ASV_2523,Bacteria,Bacteroidota,Bacteroidia,Sphingobacteriales,Sphingobacteriaceae,Sphingobacterium,Sphingobacterium_NA
ASV_2524,Bacteria,Bacillota,Clostridia,Oscillospirales,[Eubacterium] coprostanoligenes group,NA,NA_NA
ASV_2525,Bacteria,Bacillota,Clostridia,Oscillospirales,Oscillospiraceae,UCG-002,UCG-002_NA
ASV_2526,Bacteria,Bacillota,Clostridia,Oscillospirales,UCG-010,NA,NA_NA
ASV_2527,Bacteria,Bacteroidota,Bacteroidia,Bacteroidales,Bacteroidaceae,Bacteroides,Bacteroides_NA
ASV_2528,Bacteria,Bacillota,Clostridia,Lachnospirales,Lachnospiraceae,Faecalimonas,Faecalimonas_NA
ASV_2529,Bacteria,Bacillota,Clostridia,Clostridia UCG-014,NA,NA,NA_NA
ASV_2530,Bacteria,Bacteroidota,Bacteroidia,Bacteroidales,Prevotellaceae,Xylanibacter,Xylanibacter_NA
ASV_2531,Bacteria,Bacillota,Clostridia,Christensenellales,Christensenellaceae,Christensenellaceae R-7 group,Christensenellaceae_R-7_group_NA
ASV_2532,Bacteria,Synergistota,Synergistia,Synergistales,Synergistaceae,Pyramidobacter,Pyramidobacter_NA
ASV_2533,Bacteria,Bacillota,Bacilli,RF39,NA,NA,NA_NA
ASV_2534,Bacteria,Bacillota,Clostridia,Clostridiales,Clostridiaceae,Clostridium,Clostridium_sporogenes
ASV_2535,Bacteria,Pseudomonadota,Alphaproteobacteria,Hyphomicrobiales,Methyloligellaceae,NA,NA_NA
ASV_2536,Bacteria,Bacillota,Clostridia,Peptostreptococcales-Tissierellales,Anaerovoracaceae,Eubacterium,Eubacterium_sp
ASV_2537,Bacteria,Pseudomonadota,Gammaproteobacteria,Cardiobacteriales,Wohlfahrtiimonadaceae,Koukoulia,Koukoulia_aurantiaca
ASV_2538,Bacteria,Pseudomonadota,Alphaproteobacteria,Caulobacterales,Caulobacteraceae,Brevundimonas,Brevundimonas_vesicularis
ASV_2539,Bacteria,Bacillota,Clostridia,Lachnospirales,Lachnospiraceae,Extibacter,Extibacter_NA
ASV_2540,Bacteria,Bacteroidota,Bacteroidia,Bacteroidales,Bacteroidaceae,Bacteroides,Bacteroides_NA
ASV_2541,Bacteria,Bacillota,Bacilli,RF39,NA,NA,NA_NA
ASV_2542,Bacteria,Bacillota,Clostridia,Oscillospirales,Ruminococcaceae,Negativibacillus,Negativibacillus_NA
ASV_2543,Eukaryota,NA,NA,NA,NA,NA,NA_NA
ASV_2544,Bacteria,Bacillota,Clostridia,Clostridiales,Clostridiaceae,Clostridium,Clostridium_NA
ASV_2545,Bacteria,Cyanobacteriota,Cyanobacteriia,Chloroplast,NA,NA,NA_NA
ASV_2546,Bacteria,Bacillota,Clostridia,Oscillospirales,UCG-010,NA,NA_NA
ASV_2547,Bacteria,Bacillota,Clostridia,Lachnospirales,Lachnospiraceae,Coprococcus,Coprococcus_NA
ASV_2548,Bacteria,Bacillota,Clostridia,Lachnospirales,Lachnospiraceae,NA,NA_NA
ASV_2549,Bacteria,Bacillota,Clostridia,Oscillospirales,UCG-010,NA,NA_NA
ASV_2550,Bacteria,Bacillota,Clostridia,Lachnospirales,Lachnospiraceae,Mediterraneibacter,Mediterraneibacter_NA
ASV_2551,Bacteria,Bacillota,Clostridia,Christensenellales,Christensenellaceae,Christensenellaceae R-7 group,Christensenellaceae_R-7_group_NA
ASV_2552,Bacteria,Bacillota,Clostridia,Lachnospirales,Lachnospiraceae,Blautia,Blautia_hansenii
ASV_2553,Bacteria,Bacillota,Clostridia,Oscillospirales,Ruminococcaceae,Negativibacillus,Negativibacillus_NA
ASV_2554,Bacteria,Cyanobacteriota,Vampirivibrionia,Gastranaerophilales,Gastranaerophilaceae,CAG-196,CAG-196_NA
ASV_2555,Bacteria,Bacillota,Bacilli,Erysipelotrichales,Erysipelatoclostridiaceae,Erysipelotrichaceae UCG-003,Erysipelotrichaceae_UCG-003_NA
ASV_2556,Bacteria,Bacillota,Clostridia,Lachnospirales,Lachnospiraceae,Anaerobutyricum,Anaerobutyricum_NA
ASV_2557,Bacteria,Bacillota,Clostridia,Lachnospirales,Lachnospiraceae,NA,NA_NA
ASV_2558,Bacteria,Bacillota,Clostridia,Oscillospirales,Oscillospiraceae,Intestinimonas,Intestinimonas_NA
ASV_2559,Bacteria,Bacillota,Clostridia,Lachnospirales,Lachnospiraceae,Lachnospira,Lachnospira_NA
ASV_2560,Bacteria,Bacillota,Clostridia,Lachnospirales,Lachnospiraceae,Lachnospiraceae NK3A20 group,Lachnospiraceae_NK3A20_group_NA
ASV_2561,Bacteria,Actinomycetota,Actinobacteria,Micrococcales,Microbacteriaceae,Frondihabitans,Frondihabitans_NA
ASV_2562,Bacteria,Pseudomonadota,Alphaproteobacteria,Acetobacterales,Acetobacteraceae,Asaia,Asaia_bogorensis
ASV_2563,Bacteria,Pseudomonadota,Gammaproteobacteria,Pseudomonadales,Moraxellaceae,Acinetobacter,Acinetobacter_boissieri
ASV_2564,Bacteria,Bacillota,Bacilli,Erysipelotrichales,Erysipelotrichaceae,Faecalitalea,Faecalitalea_cylindroides
ASV_2565,Bacteria,Bacteroidota,Bacteroidia,Bacteroidales,Prevotellaceae,Prevotellaceae UCG-003,Prevotellaceae_UCG-003_NA
ASV_2566,Bacteria,Bacteroidota,Bacteroidia,Bacteroidales,Dysgonomonadaceae,Dysgonomonas,Dysgonomonas_NA
ASV_2567,Bacteria,Bacillota,Clostridia,NA,NA,NA,NA_NA
ASV_2568,Bacteria,Pseudomonadota,Alphaproteobacteria,Rhodospirillales,NA,NA,NA_NA
ASV_2569,Bacteria,Bacillota,Clostridia,Oscillospirales,Oscillospiraceae,NK4A214 group,NK4A214_group_NA
ASV_2570,Bacteria,Verrucomicrobiota,Kiritimatiellia,WCHB1-41,NA,NA,NA_NA
ASV_2571,Bacteria,Bacillota,Clostridia,Lachnospirales,Lachnospiraceae,Lachnospiraceae XPB1014 group,Lachnospiraceae_XPB1014_group_NA
ASV_2572,Bacteria,Pseudomonadota,Gammaproteobacteria,Burkholderiales,Neisseriaceae,NA,NA_NA
ASV_2573,Bacteria,Bacillota,Clostridia,Oscillospirales,Oscillospiraceae,Intestinimonas,Intestinimonas_NA
ASV_2574,Bacteria,Bacillota,Bacilli,Lactobacillales,Lactobacillaceae,Lactobacillus,Lactobacillus_porci
ASV_2575,Bacteria,Bacillota,Bacilli,Bacillales,Planococcaceae,Savagea,Savagea_NA
ASV_2576,Bacteria,Bacillota,Clostridia,Oscillospirales,UCG-010,NA,NA_NA
ASV_2577,Bacteria,Acidobacteriota,Acidobacteriae,Terriglobales,NA,NA,NA_NA
ASV_2578,Bacteria,Bacillota,Clostridia,Christensenellales,Christensenellaceae,Christensenellaceae R-7 group,Christensenellaceae_R-7_group_NA
ASV_2579,Bacteria,Bacillota,Clostridia,Oscillospirales,Oscillospiraceae,UCG-005,UCG-005_NA
ASV_2580,Bacteria,Bacillota,Clostridia,Christensenellales,Christensenellaceae,Christensenellaceae R-7 group,Christensenellaceae_R-7_group_NA
ASV_2581,Bacteria,Bacillota,Clostridia,Oscillospirales,[Eubacterium] coprostanoligenes group,NA,NA_NA
ASV_2582,Bacteria,Bacillota,Clostridia,Monoglobales,Monoglobaceae,Monoglobus,Monoglobus_NA
ASV_2583,Bacteria,Pseudomonadota,Gammaproteobacteria,Burkholderiales,Alcaligenaceae,Alcaligenes,Alcaligenes_faecalis
ASV_2584,Bacteria,Pseudomonadota,Gammaproteobacteria,Lysobacterales,Lysobacteraceae,Thermomonas,Thermomonas_fusca
ASV_2585,Bacteria,Actinomycetota,Coriobacteriia,Coriobacteriales,Atopobiaceae,Olsenella,Olsenella_NA
ASV_2586,Bacteria,Bacteroidota,Bacteroidia,Flavobacteriales,Weeksellaceae,Chishuiella,Chishuiella_changwenlii
ASV_2587,Bacteria,Pseudomonadota,Gammaproteobacteria,Enterobacterales,Enterobacteriaceae,Kosakonia,Kosakonia_cowanii
ASV_2588,Bacteria,Bacteroidota,Bacteroidia,Cytophagales,Hymenobacteraceae,Hymenobacter,Hymenobacter_cyanobacteriorum
ASV_2589,Bacteria,Bacillota,Clostridia,Oscillospirales,Ruminococcaceae,Fournierella,Fournierella_NA
ASV_2590,Bacteria,Bacillota,Clostridia,Oscillospirales,Ruminococcaceae,Ruminococcus,Ruminococcus_NA
ASV_2591,Bacteria,Bacillota,Clostridia,Oscillospirales,Oscillospiraceae,NK4A214 group,NK4A214_group_NA
ASV_2592,Bacteria,Bacillota,Clostridia,Oscillospirales,Ethanoligenenaceae,NA,NA_NA
ASV_2593,Bacteria,Actinomycetota,Coriobacteriia,Coriobacteriales,Atopobiaceae,Olsenella,Olsenella_NA
ASV_2594,Bacteria,Bacteroidota,Bacteroidia,Flavobacteriales,Flavobacteriaceae,Myroides,Myroides_odoratus
ASV_2595,Bacteria,Bacillota,Clostridia,Lachnospirales,Lachnospiraceae,Lachnospiraceae NK4A136 group,Lachnospiraceae_NK4A136_group_NA
ASV_2596,Bacteria,Bacillota,Clostridia,Lachnospirales,Lachnospiraceae,Lachnospiraceae NK3A20 group,Lachnospiraceae_NK3A20_group_NA
ASV_2597,Bacteria,Bacillota,Clostridia,Oscillospirales,UCG-010,NA,NA_NA
ASV_2598,Bacteria,Bacillota,Clostridia,Clostridia UCG-014,NA,NA,NA_NA
ASV_2599,Bacteria,Bacillota,Bacilli,RF39,NA,NA,NA_NA
ASV_2600,Bacteria,Bacillota,Clostridia,Oscillospirales,Oscillospiraceae,UCG-002,UCG-002_NA
ASV_2601,Bacteria,Cyanobacteriota,Cyanobacteriia,Chloroplast,NA,NA,NA_NA
ASV_2602,Bacteria,Pseudomonadota,Gammaproteobacteria,Lysobacterales,Rhodanobacteraceae,Luteibacter,Luteibacter_rhizovicinus
ASV_2603,Bacteria,Bacillota,Clostridia,Oscillospirales,Butyricicoccaceae,NA,NA_NA
ASV_2604,Bacteria,Bacteroidota,Bacteroidia,Bacteroidales,Rikenellaceae,Alistipes,Alistipes_sp.
ASV_2605,Bacteria,Pseudomonadota,Gammaproteobacteria,Enterobacterales,Erwiniaceae,Pantoea,Pantoea_agglomerans
ASV_2606,Bacteria,Bacillota,Clostridia,Oscillospirales,Ruminococcaceae,NA,NA_NA
ASV_2607,Bacteria,Thermodesulfobacteriota,Desulfovibrionia,Desulfovibrionales,Desulfovibrionaceae,Desulfovibrio,Desulfovibrio_NA
ASV_2608,Bacteria,Bacillota,Clostridia,Lachnospirales,Lachnospiraceae,NA,NA_NA
ASV_2609,Bacteria,Bacillota,Clostridia,Lachnospirales,Lachnospiraceae,NA,NA_NA
ASV_2610,Bacteria,Bacillota,Clostridia,Oscillospirales,UCG-010,NA,NA_NA
ASV_2611,Bacteria,Bacillota,Bacilli,RF39,NA,NA,NA_NA
ASV_2612,Bacteria,Bacillota,Clostridia,Oscillospirales,Ruminococcaceae,NA,NA_NA
ASV_2613,Bacteria,Bacillota,Clostridia,Oscillospirales,Ruminococcaceae,CAG-352,CAG-352_NA
ASV_2614,Bacteria,Actinomycetota,Coriobacteriia,Coriobacteriales,Coriobacteriales Incertae Sedis,NA,NA_NA
ASV_2615,Bacteria,Bacillota,Bacilli,RF39,NA,NA,NA_NA
ASV_2616,Bacteria,Bacillota,Bacilli,Lactobacillales,Listeriaceae,Brochothrix,Brochothrix_thermosphacta
ASV_2617,Bacteria,Pseudomonadota,NA,NA,NA,NA,NA_NA
ASV_2618,Bacteria,Bacteroidota,Bacteroidia,Flavobacteriales,Weeksellaceae,Chishuiella,Chishuiella_changwenlii
ASV_2619,Bacteria,Cyanobacteriota,Cyanobacteriia,Chloroplast,NA,NA,NA_NA
ASV_2620,Eukaryota,NA,NA,NA,NA,NA,NA_NA
ASV_2621,Bacteria,Pseudomonadota,Gammaproteobacteria,Burkholderiales,Comamonadaceae,Comamonas,Comamonas_sediminis
ASV_2622,Bacteria,Actinomycetota,Actinobacteria,Micrococcales,Micrococcaceae,Paenarthrobacter,Paenarthrobacter_NA
ASV_2623,Bacteria,Pseudomonadota,Gammaproteobacteria,Pseudomonadales,Pseudomonadaceae,Pseudomonas,Pseudomonas_oryzihabitans
ASV_2624,Bacteria,Actinomycetota,Actinobacteria,Bifidobacteriales,Bifidobacteriaceae,Bifidobacterium,Bifidobacterium_breve
ASV_2625,Bacteria,Bacillota,Clostridia,Clostridiales,Clostridiaceae,Clostridium,Clostridium_septicum
ASV_2626,Bacteria,Bacillota,Clostridia,Lachnospirales,Lachnospiraceae,Lachnospiraceae NK4A136 group,Lachnospiraceae_NK4A136_group_bacterium
ASV_2627,Bacteria,Bacillota,Clostridia,Oscillospirales,Ruminococcaceae,Ruminococcus,Ruminococcus_albus
ASV_2628,Bacteria,Bacteroidota,Bacteroidia,Bacteroidales,Rikenellaceae,Alistipes,Alistipes_NA
ASV_2629,Bacteria,Bacillota,Clostridia,Oscillospirales,UCG-010,NA,NA_NA
ASV_2630,Bacteria,Campylobacterota,Campylobacteria,Campylobacterales,Arcobacteraceae,Arcobacter,Arcobacter_cryaerophilus
ASV_2631,Bacteria,Bacteroidota,Bacteroidia,Bacteroidales,Marinifilaceae,Butyricimonas,Butyricimonas_sp.
ASV_2632,Bacteria,Bacteroidota,Bacteroidia,Bacteroidales,F082,NA,NA_NA
ASV_2633,Bacteria,Bacteroidota,Bacteroidia,Flavobacteriales,Weeksellaceae,Wautersiella,Wautersiella_falsenii
ASV_2634,Bacteria,Bacillota,Bacilli,Erysipelotrichales,Erysipelotrichaceae,NA,NA_NA
ASV_2635,Bacteria,Bacillota,Clostridia,Lachnospirales,Lachnospiraceae,Lachnospiraceae NK4A136 group,Lachnospiraceae_NK4A136_group_NA
ASV_2636,Bacteria,Cyanobacteriota,Cyanobacteriia,Chloroplast,NA,NA,NA_NA
ASV_2637,Bacteria,Bacillota,Clostridia,Lachnospirales,Lachnospiraceae,NA,NA_NA
ASV_2638,Bacteria,Thermodesulfobacteriota,Desulfovibrionia,Desulfovibrionales,Desulfovibrionaceae,Desulfovibrio,Desulfovibrio_sp.
ASV_2639,Bacteria,Bacillota,Bacilli,RF39,NA,NA,NA_NA
ASV_2640,Bacteria,Bacillota,Clostridia,Oscillospirales,UCG-010,NA,NA_NA
ASV_2641,Bacteria,Bacillota,Clostridia,Oscillospirales,UCG-010,NA,NA_NA
ASV_2642,Bacteria,Bacillota,Clostridia,Oscillospirales,Ruminococcaceae,Ruminococcus,Ruminococcus_NA
ASV_2643,Bacteria,Bacillota,Clostridia,Oscillospirales,Ruminococcaceae,Eubacterium,Eubacterium_siraeum_group
ASV_2644,Bacteria,Bacillota,Clostridia,Lachnospirales,Lachnospiraceae,Lachnospiraceae AC2044 group,Lachnospiraceae_AC2044_group_NA
ASV_2645,Bacteria,Bacteroidota,Bacteroidia,Bacteroidales,Bacteroidaceae,Bacteroides,Bacteroides_coprosuis
ASV_2646,Bacteria,Pseudomonadota,Gammaproteobacteria,Enterobacterales,Succinivibrionaceae,Succinivibrio,Succinivibrio_NA
ASV_2647,Bacteria,Bacillota,Bacilli,Erysipelotrichales,Erysipelotrichaceae,NA,NA_NA
ASV_2648,Bacteria,Bacteroidota,Bacteroidia,Flavobacteriales,Weeksellaceae,Chryseobacterium,Chryseobacterium_aahli
ASV_2649,Bacteria,Pseudomonadota,Alphaproteobacteria,Rickettsiales,Mitochondria,NA,NA_NA
ASV_2650,Bacteria,Bacteroidota,Bacteroidia,Bacteroidales,Muribaculaceae,NA,NA_NA
ASV_2651,Bacteria,Pseudomonadota,Alphaproteobacteria,Sphingomonadales,Sphingomonadaceae,Sphingomonas,Sphingomonas_glacialis
ASV_2652,Bacteria,Bacteroidota,Bacteroidia,Cytophagales,Hymenobacteraceae,Hymenobacter,Hymenobacter_setariae
ASV_2653,Bacteria,Bacillota,Clostridia,Lachnospirales,Lachnospiraceae,Mediterraneibacter,Mediterraneibacter_NA
ASV_2654,Bacteria,Bacteroidota,Bacteroidia,Bacteroidales,Tannerellaceae,Parabacteroides,Parabacteroides_merdae
ASV_2655,Bacteria,Bacteroidota,Bacteroidia,Bacteroidales,Prevotellaceae,Pseudoprevotella,Pseudoprevotella_NA
ASV_2656,Bacteria,Pseudomonadota,Gammaproteobacteria,Lysobacterales,Lysobacteraceae,Stenotrophomonas,Stenotrophomonas_acidaminiphila
ASV_2657,Bacteria,Bacillota,Clostridia,Clostridia UCG-014,NA,NA,NA_NA
ASV_2658,Bacteria,Bacillota,Clostridia,Peptostreptococcales-Tissierellales,Anaerovoracaceae,Family XIII AD3011 group,Family_XIII_AD3011_group_NA
ASV_2659,Bacteria,Bacillota,Clostridia,Oscillospirales,Oscillospiraceae,NK4A214 group,NK4A214_group_NA
ASV_2660,Bacteria,Bacteroidota,Bacteroidia,Bacteroidales,Prevotellaceae,NA,NA_NA
ASV_2661,Bacteria,Bacillota,Clostridia,Lachnospirales,Lachnospiraceae,Tyzzerella,Tyzzerella_NA
ASV_2662,Bacteria,Bacteroidota,Bacteroidia,Bacteroidales,Dysgonomonadaceae,Dysgonomonas,Dysgonomonas_NA
ASV_2663,Bacteria,Pseudomonadota,Alphaproteobacteria,Rickettsiales,Mitochondria,NA,NA_NA
ASV_2664,Bacteria,Bacillota,Clostridia,Oscillospirales,[Eubacterium] coprostanoligenes group,NA,NA_NA
ASV_2665,Bacteria,Bacillota,Bacilli,Bacillales,Planococcaceae,Solibacillus,Solibacillus_NA
ASV_2666,Bacteria,Cyanobacteriota,Cyanobacteriia,Chloroplast,NA,NA,NA_NA
ASV_2667,Bacteria,Pseudomonadota,Alphaproteobacteria,Acetobacterales,Acetobacteraceae,Asaia,Asaia_bogorensis
ASV_2668,Bacteria,Pseudomonadota,Gammaproteobacteria,Pseudomonadales,Pseudomonadaceae,Pseudomonas,Pseudomonas_mosselii
ASV_2669,Bacteria,Actinomycetota,Actinobacteria,Micrococcales,Micrococcaceae,Micrococcus,Micrococcus_luteus
ASV_2670,Bacteria,Pseudomonadota,Alphaproteobacteria,Rickettsiales,Mitochondria,NA,NA_NA
ASV_2671,Bacteria,Bacillota,Clostridia,Clostridia vadinBB60 group,NA,NA,NA_NA
ASV_2672,Bacteria,Bacteroidota,Bacteroidia,Bacteroidales,Rikenellaceae,Rikenellaceae RC9 gut group,Rikenellaceae_RC9_gut_group_NA
ASV_2673,Bacteria,Bacillota,Clostridia,Oscillospirales,Ruminococcaceae,Candidatus Soleaferrea,Candidatus_Soleaferrea_NA
ASV_2674,Bacteria,Bacillota,Bacilli,Lactobacillales,Vagococcaceae,Vagococcus,Vagococcus_zengguangii
ASV_2675,Bacteria,Bacillota,Clostridia,Oscillospirales,Oscillospiraceae,NA,NA_NA
ASV_2676,Bacteria,Bacillota,Clostridia,Oscillospirales,UCG-010,NA,NA_NA
ASV_2677,Bacteria,Bacillota,Bacilli,RF39,NA,NA,NA_NA
ASV_2678,Bacteria,Bacteroidota,Bacteroidia,Bacteroidales,p-2534-18B5 gut group,NA,NA_NA
ASV_2679,Bacteria,Bacillota,Clostridia,Oscillospirales,Oscillospiraceae,UCG-005,UCG-005_NA
ASV_2680,Bacteria,Bacillota,Clostridia,Monoglobales,Monoglobaceae,Monoglobus,Monoglobus_NA
ASV_2681,Bacteria,Bacteroidota,Bacteroidia,Bacteroidales,Tannerellaceae,Parabacteroides,Parabacteroides_NA
ASV_2682,Bacteria,Bacteroidota,Bacteroidia,Bacteroidales,Rikenellaceae,Alistipes,Alistipes_NA
ASV_2683,Bacteria,Campylobacterota,Campylobacteria,Campylobacterales,Campylobacteraceae,Campylobacter,Campylobacter_jejuni
ASV_2684,Bacteria,Pseudomonadota,Gammaproteobacteria,Burkholderiales,Comamonadaceae,Xylophilus,Xylophilus_NA
ASV_2685,Bacteria,Thermodesulfobacteriota,Desulfovibrionia,Desulfovibrionales,Desulfovibrionaceae,Desulfovibrio,Desulfovibrio_piger
ASV_2686,Bacteria,Pseudomonadota,Alphaproteobacteria,Hyphomicrobiales,Xanthobacteraceae,Bradyrhizobium,Bradyrhizobium_elkanii
ASV_2687,Bacteria,Bacillota,Clostridia,Oscillospirales,Ruminococcaceae,NA,NA_NA
ASV_2688,Bacteria,Bacteroidota,Bacteroidia,Bacteroidales,Bacteroidaceae,Bacteroides,Bacteroides_propionicifaciens
ASV_2689,Bacteria,Pseudomonadota,Gammaproteobacteria,Burkholderiales,Neisseriaceae,Vitreoscilla,Vitreoscilla_NA
ASV_2690,Bacteria,Pseudomonadota,Alphaproteobacteria,Acetobacterales,Acetobacteraceae,Roseomonas,Roseomonas_hibiscisoli
ASV_2691,Bacteria,Bacillota,Negativicutes,Veillonellales-Selenomonadales,Selenomonadaceae,Quinella,Quinella_NA
ASV_2692,Bacteria,Bacillota,Clostridia,Oscillospirales,UCG-010,NA,NA_NA
ASV_2693,Bacteria,Bacillota,Clostridia,Christensenellales,Christensenellaceae,Christensenellaceae R-7 group,Christensenellaceae_R-7_group_NA
ASV_2694,Bacteria,Bacillota,Clostridia,Oscillospirales,UCG-010,NA,NA_NA
ASV_2695,Bacteria,Bacillota,Clostridia,Peptostreptococcales-Tissierellales,Anaerovoracaceae,Anaerovorax,Anaerovorax_NA
ASV_2696,Bacteria,Pseudomonadota,Gammaproteobacteria,Rickettsiellales,Rickettsiellaceae,Rickettsiella,Rickettsiella_NA
ASV_2697,Bacteria,Pseudomonadota,NA,NA,NA,NA,NA_NA
ASV_2698,Bacteria,Bacillota,Clostridia,Oscillospirales,Butyricicoccaceae,Agathobaculum,Agathobaculum_NA
ASV_2699,Bacteria,Bacillota,Clostridia,Peptostreptococcales-Tissierellales,Peptostreptococcaceae,Intestinibacter,Intestinibacter_NA
ASV_2700,Bacteria,Bacillota,Clostridia,Oscillospirales,UCG-010,NA,NA_NA
ASV_2701,Bacteria,Bacteroidota,Bacteroidia,Bacteroidales,Rikenellaceae,Rikenellaceae RC9 gut group,Rikenellaceae_RC9_gut_group_NA
ASV_2702,Bacteria,Bacillota,Clostridia,Oscillospirales,Oscillospiraceae,Intestinimonas,Intestinimonas_NA
ASV_2703,Bacteria,Pseudomonadota,Gammaproteobacteria,Burkholderiales,Comamonadaceae,Comamonas,Comamonas_koreensis
ASV_2704,Bacteria,Pseudomonadota,Alphaproteobacteria,Rhodobacterales,Paracoccaceae,NA,NA_NA
ASV_2705,Bacteria,Bacteroidota,Bacteroidia,Bacteroidales,NA,NA,NA_NA
ASV_2706,Bacteria,Bacillota,Clostridia,Oscillospirales,UCG-010,NA,NA_NA
ASV_2707,Bacteria,Bacillota,Clostridia,Oscillospirales,UCG-010,NA,NA_NA
ASV_2708,Bacteria,Bacillota,Clostridia,Lachnospirales,Lachnospiraceae,NA,NA_NA
ASV_2709,Bacteria,Bacillota,Clostridia,Lachnospirales,Lachnospiraceae,Caecibacterium,Caecibacterium_NA
ASV_2710,Bacteria,Bacillota,Clostridia,Oscillospirales,Oscillospiraceae,Colidextribacter,Colidextribacter_NA
ASV_2711,Bacteria,Bacillota,Clostridia,Oscillospirales,Ruminococcaceae,NA,NA_NA
ASV_2712,Bacteria,Bacteroidota,Bacteroidia,Flavobacteriales,Weeksellaceae,Chishuiella,Chishuiella_NA
ASV_2713,Bacteria,Pseudomonadota,Gammaproteobacteria,Enterobacterales,Succinivibrionaceae,Succinivibrio,Succinivibrio_NA
ASV_2714,Bacteria,Thermodesulfobacteriota,Desulfovibrionia,Desulfovibrionales,Desulfovibrionaceae,Desulfovibrio,Desulfovibrio_piger
ASV_2715,Bacteria,Bacillota,Clostridia,Peptostreptococcales-Tissierellales,Anaerovoracaceae,Anaerovorax,Anaerovorax_sp.
ASV_2716,Bacteria,Bacillota,Clostridia,Monoglobales,Monoglobaceae,Monoglobus,Monoglobus_NA
ASV_2717,Bacteria,Verrucomicrobiota,Kiritimatiellia,WCHB1-41,NA,NA,NA_NA
ASV_2718,Bacteria,Bacillota,Clostridia,Oscillospirales,[Eubacterium] coprostanoligenes group,NA,NA_NA
ASV_2719,Bacteria,Bacillota,Clostridia,Oscillospirales,Oscillospiraceae,Intestinimonas,Intestinimonas_NA
ASV_2720,Bacteria,Bacteroidota,Bacteroidia,Bacteroidales,F082,NA,NA_NA
ASV_2721,Bacteria,Bacillota,Clostridia,Oscillospirales,UCG-010,NA,NA_NA
ASV_2722,Bacteria,Myxococcota,Polyangiia,Polyangiales,BIrii41,NA,NA_NA
ASV_2723,Bacteria,Pseudomonadota,Gammaproteobacteria,Pseudomonadales,Moraxellaceae,Acinetobacter,Acinetobacter_sp.
ASV_2724,Bacteria,Bacillota,Clostridia,Lachnospirales,Lachnospiraceae,Lachnospiraceae NK4A136 group,Lachnospiraceae_NK4A136_group_NA
ASV_2725,Bacteria,Bacillota,Clostridia,Oscillospirales,Ruminococcaceae,Faecalibacterium,Faecalibacterium_NA
ASV_2726,Bacteria,Bacillota,Clostridia,Oscillospirales,Ruminococcaceae,Negativibacillus,Negativibacillus_NA
ASV_2727,Bacteria,Bacillota,Clostridia,Lachnospirales,Lachnospiraceae,Lachnospiraceae NK3A20 group,Lachnospiraceae_NK3A20_group_NA
ASV_2728,Bacteria,Bacillota,Clostridia,Oscillospirales,[Eubacterium] coprostanoligenes group,NA,NA_NA
ASV_2729,Bacteria,Bacteroidota,Bacteroidia,Bacteroidales,Dysgonomonadaceae,Dysgonomonas,Dysgonomonas_NA
ASV_2730,Bacteria,Bacillota,Clostridia,Oscillospirales,Butyricicoccaceae,NA,NA_NA
ASV_2731,Bacteria,Bacillota,Clostridia,Oscillospirales,Oscillospiraceae,NK4A214 group,NK4A214_group_NA
ASV_2732,Bacteria,Verrucomicrobiota,Kiritimatiellia,WCHB1-41,NA,NA,NA_NA
ASV_2733,Bacteria,Verrucomicrobiota,Kiritimatiellia,WCHB1-41,NA,NA,NA_NA
ASV_2734,Bacteria,Pseudomonadota,Alphaproteobacteria,Rickettsiales,Mitochondria,NA,NA_NA
ASV_2735,Bacteria,Bacteroidota,Bacteroidia,Bacteroidales,Prevotellaceae,Xylanibacter,Xylanibacter_NA
ASV_2736,Bacteria,Bacillota,Clostridia,Lachnospirales,Lachnospiraceae,NA,NA_NA
ASV_2737,Bacteria,Bacillota,Clostridia,Oscillospirales,Oscillospiraceae,NA,NA_NA
ASV_2738,Bacteria,Bacillota,Clostridia,Clostridia vadinBB60 group,NA,NA,NA_NA
ASV_2739,Bacteria,Bacillota,Clostridia,Lachnospirales,Lachnospiraceae,NA,NA_NA
ASV_2740,Bacteria,Pseudomonadota,Gammaproteobacteria,Enterobacterales,Orbaceae,Zophobihabitans,Zophobihabitans_NA
ASV_2741,Bacteria,Bacillota,Bacilli,Lactobacillales,Lactobacillaceae,Weissella,Weissella_paramesenteroides
ASV_2742,Bacteria,Bacteroidota,Bacteroidia,Bacteroidales,Rikenellaceae,Rikenellaceae RC9 gut group,Rikenellaceae_RC9_gut_group_NA
ASV_2743,Bacteria,Bacillota,Bacilli,Lactobacillales,Vagococcaceae,Vagococcus,Vagococcus_jeotgali
ASV_2744,Bacteria,Bacillota,Clostridia,Lachnospirales,Lachnospiraceae,Blautia,Blautia_sp.
ASV_2745,Bacteria,Actinomycetota,Actinobacteria,Micrococcales,Microbacteriaceae,Clavibacter,Clavibacter_michiganensis
ASV_2746,Bacteria,Bacteroidota,Bacteroidia,Bacteroidales,Prevotellaceae,Prevotellaceae NK3B31 group,Prevotellaceae_NK3B31_group_NA
ASV_2747,Bacteria,Bacillota,Clostridia,Lachnospirales,Lachnospiraceae,Dorea,Dorea_formicigenerans
ASV_2748,Bacteria,Pseudomonadota,Alphaproteobacteria,Hyphomicrobiales,Rhizobiaceae,NA,NA_NA
ASV_2749,Bacteria,Actinomycetota,Coriobacteriia,Coriobacteriales,Atopobiaceae,Olsenella,Olsenella_NA
ASV_2750,Bacteria,Bacillota,Clostridia,Monoglobales,Monoglobaceae,Monoglobus,Monoglobus_NA
ASV_2751,Bacteria,Bacteroidota,Bacteroidia,Bacteroidales,Prevotellaceae,Prevotellaceae NK3B31 group,Prevotellaceae_NK3B31_group_NA
ASV_2752,Bacteria,NA,NA,NA,NA,NA,NA_NA
ASV_2753,Bacteria,Actinomycetota,Coriobacteriia,Coriobacteriales,Eggerthellaceae,Adlercreutzia,Adlercreutzia_NA
ASV_2754,Bacteria,Bacillota,Clostridia,Oscillospirales,UCG-010,NA,NA_NA
ASV_2755,Bacteria,Bacillota,Clostridia,Oscillospirales,UCG-010,NA,NA_NA
ASV_2756,Bacteria,Bacillota,Clostridia,Monoglobales,Monoglobaceae,Monoglobus,Monoglobus_NA
ASV_2757,Bacteria,Bacillota,Clostridia,Oscillospirales,Oscillospiraceae,Colidextribacter,Colidextribacter_NA
ASV_2758,Bacteria,Verrucomicrobiota,Kiritimatiellia,WCHB1-41,NA,NA,NA_NA
ASV_2759,Bacteria,Pseudomonadota,Gammaproteobacteria,Burkholderiales,Comamonadaceae,Aquabacterium,Aquabacterium_commune
ASV_2760,Bacteria,Actinomycetota,Actinobacteria,Mycobacteriales,Corynebacteriaceae,Corynebacterium,Corynebacterium_variabile
ASV_2761,Bacteria,Fusobacteriota,Fusobacteriia,Fusobacteriales,Fusobacteriaceae,Fusobacterium,Fusobacterium_mortiferum
ASV_2762,Bacteria,Pseudomonadota,Gammaproteobacteria,Burkholderiales,Comamonadaceae,Comamonas,Comamonas_kerstersii
ASV_2763,Bacteria,Pseudomonadota,Alphaproteobacteria,Caulobacterales,Caulobacteraceae,Brevundimonas,Brevundimonas_bullata
ASV_2764,Bacteria,Bacillota,Bacilli,Erysipelotrichales,Erysipelotrichaceae,Allobaculum,Allobaculum_stercoricanis
ASV_2765,Bacteria,Pseudomonadota,Gammaproteobacteria,Burkholderiales,Sutterellaceae,Sutterella,Sutterella_NA
ASV_2766,Bacteria,Pseudomonadota,Gammaproteobacteria,Pseudomonadales,Pseudomonadaceae,Pseudomonas,Pseudomonas_parafulva
ASV_2767,Bacteria,Bacillota,Bacilli,Erysipelotrichales,Erysipelotrichaceae,Allobaculum,Allobaculum_NA
ASV_2768,Bacteria,Bacillota,Clostridia,Oscillospirales,Oscillospiraceae,UCG-002,UCG-002_NA
ASV_2769,Bacteria,Bacillota,Clostridia,Oscillospirales,Oscillospiraceae,UCG-005,UCG-005_NA
ASV_2770,Bacteria,Pseudomonadota,Gammaproteobacteria,Cardiobacteriales,Wohlfahrtiimonadaceae,Koukoulia,Koukoulia_aurantiaca
ASV_2771,Bacteria,Bacillota,Clostridia,Peptococcales,Peptococcaceae,NA,NA_NA
ASV_2772,Bacteria,Bacillota,Clostridia,Christensenellales,Christensenellaceae,Christensenellaceae R-7 group,Christensenellaceae_R-7_group_NA
ASV_2773,Bacteria,Bacteroidota,Bacteroidia,Bacteroidales,Prevotellaceae,Xylanibacter,Xylanibacter_NA
ASV_2774,Bacteria,Bacteroidota,Bacteroidia,Bacteroidales,NA,NA,NA_NA
ASV_2775,Bacteria,Bacillota,Clostridia,Lachnospirales,Lachnospiraceae,NA,NA_NA
ASV_2776,Bacteria,Bacillota,Bacilli,Erysipelotrichales,Erysipelotrichaceae,Allobaculum,Allobaculum_stercoricanis
ASV_2777,Bacteria,Actinomycetota,Coriobacteriia,Coriobacteriales,Eggerthellaceae,Slackia,Slackia_piriformis
ASV_2778,Bacteria,Bacteroidota,Bacteroidia,Flavobacteriales,Weeksellaceae,Chryseobacterium,Chryseobacterium_NA
ASV_2779,Bacteria,Deferribacterota,Deferribacteres,Deferribacterales,Deferribacteraceae,Mucispirillum,Mucispirillum_schaedleri
ASV_2780,Bacteria,Campylobacterota,Campylobacteria,Campylobacterales,Helicobacteraceae,Helicobacter,Helicobacter_suncus
ASV_2781,Bacteria,Actinomycetota,Actinobacteria,Mycobacteriales,Tsukamurellaceae,Tsukamurella,Tsukamurella_pseudospumae
ASV_2782,Bacteria,Bacillota,Clostridia,Lachnospirales,Lachnospiraceae,Anaerobutyricum,Anaerobutyricum_NA
ASV_2783,Bacteria,Bacillota,Bacilli,Lactobacillales,Lactobacillaceae,Companilactobacillus,Companilactobacillus_ginsenosidimutans
ASV_2784,Bacteria,Bacillota,Clostridia,Clostridiales,Clostridiaceae,Clostridium,Clostridium_novyi
ASV_2785,Bacteria,Actinomycetota,Actinobacteria,Micrococcales,Microbacteriaceae,Leucobacter,Leucobacter_iarius
ASV_2786,Bacteria,Bacillota,Bacilli,Erysipelotrichales,Erysipelatoclostridiaceae,Erysipelotrichaceae UCG-003,Erysipelotrichaceae_UCG-003_NA
ASV_2787,Bacteria,Bacteroidota,Bacteroidia,Bacteroidales,Prevotellaceae,Prevotellaceae UCG-003,Prevotellaceae_UCG-003_NA
ASV_2788,Bacteria,Bacteroidota,Bacteroidia,Bacteroidales,Rikenellaceae,Rikenellaceae RC9 gut group,Rikenellaceae_RC9_gut_group_NA
ASV_2789,Bacteria,Verrucomicrobiota,Kiritimatiellia,WCHB1-41,NA,NA,NA_NA
ASV_2790,Bacteria,Bacillota,Clostridia,Oscillospirales,Ruminococcaceae,Ruminococcus,Ruminococcus_NA
ASV_2791,Bacteria,Bacillota,Clostridia,Oscillospirales,[Eubacterium] coprostanoligenes group,NA,NA_NA
ASV_2792,Bacteria,Bacillota,Clostridia,Lachnospirales,Lachnospiraceae,NA,NA_NA
ASV_2793,Bacteria,Bacillota,Clostridia,Oscillospirales,Oscillospiraceae,Saccharofermentans,Saccharofermentans_NA
ASV_2794,Bacteria,Bacillota,Clostridia,Oscillospirales,UCG-010,NA,NA_NA
ASV_2795,Bacteria,Actinomycetota,Coriobacteriia,Coriobacteriales,Eggerthellaceae,Slackia,Slackia_equolifaciens
ASV_2796,Bacteria,Pseudomonadota,Alphaproteobacteria,Sphingomonadales,Sphingomonadaceae,Sphingomonas,Sphingomonas_roseiflava
ASV_2797,Bacteria,Bacteroidota,Bacteroidia,Bacteroidales,Bacteroidaceae,Bacteroides,Bacteroides_NA
ASV_2798,Bacteria,Bacteroidota,Bacteroidia,Sphingobacteriales,Sphingobacteriaceae,Sphingobacterium,Sphingobacterium_nematocida
ASV_2799,Bacteria,Bacteroidota,Bacteroidia,Bacteroidales,Dysgonomonadaceae,Dysgonomonas,Dysgonomonas_NA
ASV_2800,Bacteria,Pseudomonadota,Alphaproteobacteria,Hyphomicrobiales,Rhizobiaceae,Endobacterium,Endobacterium_NA
ASV_2801,Bacteria,Bacteroidota,Bacteroidia,Bacteroidales,Bacteroidaceae,Bacteroides,Bacteroides_NA
ASV_2802,Bacteria,Pseudomonadota,Gammaproteobacteria,Enterobacterales,Morganellaceae,Providencia,Providencia_alcalifaciens
ASV_2803,Bacteria,Bacillota,Bacilli,Erysipelotrichales,Erysipelotrichaceae,Erysipelothrix,Erysipelothrix_NA
ASV_2804,Bacteria,Campylobacterota,Campylobacteria,Campylobacterales,Helicobacteraceae,Helicobacter,Helicobacter_bilis
ASV_2805,Bacteria,Bacillota,Clostridia,Oscillospirales,Oscillospiraceae,NK4A214 group,NK4A214_group_NA
ASV_2806,Bacteria,Bacillota,Clostridia,Oscillospirales,[Eubacterium] coprostanoligenes group,NA,NA_NA
ASV_2807,Bacteria,Pseudomonadota,Alphaproteobacteria,Rhodobacterales,Paracoccaceae,Paracoccus,Paracoccus_onubensis
ASV_2808,Bacteria,Bacillota,Clostridia,Clostridiales,Clostridiaceae,Clostridium,Clostridium_cadaveris
ASV_2809,Bacteria,Bacteroidota,Bacteroidia,Bacteroidales,Prevotellaceae,NA,NA_NA
ASV_2810,Bacteria,Pseudomonadota,Gammaproteobacteria,Burkholderiales,Alcaligenaceae,Bordetella,Bordetella_NA
ASV_2811,Bacteria,Bacteroidota,Bacteroidia,Flavobacteriales,Weeksellaceae,Chryseobacterium,Chryseobacterium_anthropi
ASV_2812,Bacteria,Pseudomonadota,Alphaproteobacteria,Hyphomicrobiales,Beijerinckiaceae,Methylobacterium,Methylobacterium_NA
ASV_2813,Bacteria,Pseudomonadota,Gammaproteobacteria,Enterobacterales,Succinivibrionaceae,Anaerobiospirillum,Anaerobiospirillum_NA
ASV_2814,Bacteria,Bacillota,Clostridia,Lachnospirales,Lachnospiraceae,NA,NA_NA
ASV_2815,Bacteria,Bacillota,Clostridia,Peptostreptococcales-Tissierellales,Anaerovoracaceae,Family XIII AD3011 group,Family_XIII_AD3011_group_NA
ASV_2816,Bacteria,Bacillota,Clostridia,Oscillospirales,Oscillospiraceae,Oscillospira,Oscillospira_NA
ASV_2817,Bacteria,Bacillota,Clostridia,Oscillospirales,UCG-010,NA,NA_NA
ASV_2818,Bacteria,Bacillota,Clostridia,Oscillospirales,Oscillospiraceae,Papillibacter,Papillibacter_NA
ASV_2819,Bacteria,Pseudomonadota,Gammaproteobacteria,Pseudomonadales,Pseudomonadaceae,Pseudomonas,Pseudomonas_caeni
ASV_2820,Bacteria,Bacillota,Clostridia,Lachnospirales,Lachnospiraceae,Enterocloster,Enterocloster_NA
ASV_2821,Bacteria,Bacillota,Clostridia,Oscillospirales,Oscillospiraceae,NK4A214 group,NK4A214_group_NA
ASV_2822,Bacteria,Bacillota,Clostridia,Oscillospirales,Ruminococcaceae,Eubacterium,Eubacterium_siraeum_group
ASV_2823,Bacteria,Bacillota,Clostridia,Oscillospirales,UCG-010,NA,NA_NA
ASV_2824,Bacteria,Bacillota,Clostridia,Oscillospirales,Ruminococcaceae,Ruminococcus,Ruminococcus_NA
ASV_2825,Bacteria,Bacillota,Clostridia,Lachnospirales,Lachnospiraceae,FD2005,FD2005_NA
ASV_2826,Bacteria,Bacillota,Clostridia,NA,NA,NA,NA_NA
ASV_2827,Bacteria,Bacteroidota,Bacteroidia,Bacteroidales,Paludibacteraceae,NA,NA_NA
ASV_2828,Bacteria,Pseudomonadota,Alphaproteobacteria,Hyphomicrobiales,Rhizobiaceae,Aureimonas,Aureimonas_phyllosphaerae
ASV_2829,Bacteria,Bacillota,Clostridia,Lachnospirales,Lachnospiraceae,Lachnospiraceae UCG-010,Lachnospiraceae_UCG-010_NA
ASV_2830,Bacteria,Actinomycetota,Actinobacteria,Micrococcales,Micrococcaceae,Glutamicibacter,Glutamicibacter_arilaitensis
ASV_2831,Bacteria,Pseudomonadota,Gammaproteobacteria,Burkholderiales,Sutterellaceae,Sutterella,Sutterella_NA
ASV_2832,Bacteria,Campylobacterota,Campylobacteria,Campylobacterales,Campylobacteraceae,Campylobacter,Campylobacter_armoricus
ASV_2833,Bacteria,Bacillota,Clostridia,Lachnospirales,Lachnospiraceae,Lachnospiraceae XPB1014 group,Lachnospiraceae_XPB1014_group_NA
ASV_2834,Bacteria,Bacteroidota,Bacteroidia,Bacteroidales,NA,NA,NA_NA
ASV_2835,Bacteria,Deinococcota,Deinococci,Deinococcales,Deinococcaceae,Deinococcus,Deinococcus_NA
ASV_2836,Bacteria,Pseudomonadota,Alphaproteobacteria,Rickettsiales,Mitochondria,NA,NA_NA
ASV_2837,Bacteria,Patescibacteria,Saccharimonadia,Saccharimonadales,Saccharimonadaceae,Candidatus Saccharimonas,Candidatus_Saccharimonas_NA
ASV_2838,Bacteria,Bacillota,Clostridia,Oscillospirales,UCG-010,NA,NA_NA
ASV_2839,Bacteria,Bacillota,Clostridia,Peptostreptococcales-Tissierellales,Peptostreptococcaceae,Intestinibacter,Intestinibacter_NA
ASV_2840,Bacteria,Bacillota,Clostridia,Clostridiales,Clostridiaceae,Clostridium,Clostridium_NA
ASV_2841,Bacteria,Pseudomonadota,Gammaproteobacteria,Pseudomonadales,Moraxellaceae,Acinetobacter,Acinetobacter_bohemicus
ASV_2842,Bacteria,Bacillota,Negativicutes,Acidaminococcales,Acidaminococcaceae,Acidaminococcus,Acidaminococcus_sp.
ASV_2843,Bacteria,Bacillota,Clostridia,Lachnospirales,Lachnospiraceae,Blautia,Blautia_faecis
ASV_2844,Bacteria,Pseudomonadota,Alphaproteobacteria,Rickettsiales,Mitochondria,NA,NA_NA
ASV_2845,Bacteria,Bacillota,Bacilli,Lactobacillales,Lactobacillaceae,Lactobacillus,Lactobacillus_porci
ASV_2846,Bacteria,Bacteroidota,Bacteroidia,Bacteroidales,Rikenellaceae,Rikenellaceae RC9 gut group,Rikenellaceae_RC9_gut_group_NA
ASV_2847,Bacteria,Pseudomonadota,Alphaproteobacteria,Hyphomicrobiales,Rhizobiaceae,Ferranicluibacter,Ferranicluibacter_rubi
ASV_2848,Bacteria,Thermodesulfobacteriota,Desulfovibrionia,Desulfovibrionales,Desulfovibrionaceae,NA,NA_NA
ASV_2849,Bacteria,Bacillota,Clostridia,Lachnospirales,Lachnospiraceae,Blautia,Blautia_faecis
ASV_2850,Bacteria,Bacillota,Clostridia,Lachnospirales,Lachnospiraceae,Lachnospiraceae NK4A136 group,Lachnospiraceae_NK4A136_group_NA
ASV_2851,Bacteria,Bacillota,Clostridia,Christensenellales,Christensenellaceae,Christensenellaceae R-7 group,Christensenellaceae_R-7_group_NA
ASV_2852,Bacteria,Bacillota,Clostridia,Oscillospirales,UCG-010,NA,NA_NA
ASV_2853,Bacteria,Bacillota,Clostridia,Lachnospirales,Lachnospiraceae,Lachnospiraceae NK4A136 group,Lachnospiraceae_NK4A136_group_NA
ASV_2854,Bacteria,Bacillota,Clostridia,Oscillospirales,UCG-010,NA,NA_NA
ASV_2855,Bacteria,Bacillota,Clostridia,Oscillospirales,Ruminococcaceae,Ruminococcus,Ruminococcus_NA
ASV_2856,Bacteria,Patescibacteria,Saccharimonadia,Saccharimonadales,Saccharimonadaceae,Candidatus Saccharimonas,Candidatus_Saccharimonas_NA
ASV_2857,Bacteria,Bacillota,Clostridia,Monoglobales,Monoglobaceae,Monoglobus,Monoglobus_NA
ASV_2858,Bacteria,Bacillota,Clostridia,Lachnospirales,Lachnospiraceae,Lachnospiraceae AC2044 group,Lachnospiraceae_AC2044_group_NA
ASV_2859,Bacteria,Actinomycetota,Coriobacteriia,Coriobacteriales,Eggerthellaceae,NA,NA_NA
ASV_2860,Bacteria,Bacteroidota,Bacteroidia,Bacteroidales,Rikenellaceae,Rikenellaceae RC9 gut group,Rikenellaceae_RC9_gut_group_NA
ASV_2861,Bacteria,Bacteroidota,Bacteroidia,Bacteroidales,Bacteroidaceae,Bacteroides,Bacteroides_coprophilus
ASV_2862,Bacteria,Bacillota,Clostridia,Oscillospirales,Butyricicoccaceae,NA,NA_NA
ASV_2863,Bacteria,Bacteroidota,Bacteroidia,Bacteroidales,Paludibacteraceae,NA,NA_NA
ASV_2864,Bacteria,Pseudomonadota,Gammaproteobacteria,Enterobacterales,Aeromonadaceae,Aeromonas,Aeromonas_salmonicida
ASV_2865,Bacteria,Pseudomonadota,Gammaproteobacteria,Burkholderiales,Alcaligenaceae,Achromobacter,Achromobacter_insolitus
ASV_2866,Bacteria,Bacillota,Clostridia,Oscillospirales,Oscillospiraceae,NK4A214 group,NK4A214_group_NA
ASV_2867,Bacteria,Bacillota,Clostridia,Clostridia UCG-014,NA,NA,NA_NA
ASV_2868,Bacteria,Bacillota,Bacilli,Erysipelotrichales,Erysipelotrichaceae,NA,NA_NA
ASV_2869,Bacteria,Bacillota,Clostridia,Lachnospirales,Lachnospiraceae,Butyribacter,Butyribacter_NA
ASV_2870,Bacteria,Thermodesulfobacteriota,Desulfovibrionia,Desulfovibrionales,NA,NA,NA_NA
ASV_2871,Bacteria,Bacillota,Negativicutes,Veillonellales-Selenomonadales,Selenomonadaceae,Quinella,Quinella_NA
ASV_2872,Bacteria,Bacteroidota,Bacteroidia,Bacteroidales,F082,NA,NA_NA
ASV_2873,Bacteria,Bacteroidota,Bacteroidia,Bacteroidales,p-2534-18B5 gut group,NA,NA_NA
ASV_2874,Bacteria,Bacillota,Clostridia,Monoglobales,Monoglobaceae,Monoglobus,Monoglobus_NA
ASV_2875,Bacteria,Bacillota,Clostridia,Oscillospirales,Ruminococcaceae,NA,NA_NA
ASV_2876,Bacteria,Bacillota,Clostridia,Oscillospirales,Ruminococcaceae,Ruminococcus,Ruminococcus_NA
ASV_2877,Bacteria,Bacillota,Clostridia,Oscillospirales,Ruminococcaceae,Ruminococcus,Ruminococcus_albus
ASV_2878,Bacteria,Pseudomonadota,Alphaproteobacteria,Hyphomicrobiales,Beijerinckiaceae,Lichenibacterium,Lichenibacterium_NA
ASV_2879,Bacteria,Pseudomonadota,Alphaproteobacteria,Hyphomicrobiales,Pleomorphomonadaceae,Pleomorphomonas,Pleomorphomonas_NA
ASV_2880,Bacteria,Bacillota,Clostridia,Oscillospirales,Oscillospiraceae,UCG-005,UCG-005_NA
ASV_2881,Bacteria,Actinomycetota,Coriobacteriia,Coriobacteriales,Atopobiaceae,Olsenella,Olsenella_NA
ASV_2882,Bacteria,Bacillota,Bacilli,Erysipelotrichales,Erysipelotrichaceae,Faecalicoccus,Faecalicoccus_pleomorphus
ASV_2883,Bacteria,Bacillota,Clostridia,Oscillospirales,Oscillospiraceae,Colidextribacter,Colidextribacter_NA
ASV_2884,Bacteria,Bacteroidota,Bacteroidia,Bacteroidales,Bacteroidales RF16 group,NA,NA_NA
ASV_2885,Bacteria,Bacillota,Clostridia,Clostridia UCG-014,NA,NA,NA_NA
ASV_2886,Bacteria,Bacillota,Clostridia,Peptostreptococcales-Tissierellales,Family XI,Tissierella,Tissierella_NA
ASV_2887,Bacteria,Bacillota,Clostridia,Oscillospirales,Ruminococcaceae,Clostridium,Clostridium_methylpentosum_group
ASV_2888,Bacteria,Bacillota,Clostridia,Lachnospirales,Lachnospiraceae,NA,NA_NA
ASV_2889,Bacteria,Bacillota,Clostridia,Oscillospirales,[Eubacterium] coprostanoligenes group,NA,NA_NA
ASV_2890,Bacteria,Bacillota,Clostridia,Oscillospirales,Ruminococcaceae,Ruminococcus,Ruminococcus_NA
ASV_2891,Bacteria,Bacillota,Clostridia,Oscillospirales,[Eubacterium] coprostanoligenes group,NA,NA_NA
ASV_2892,Bacteria,Bacillota,Bacilli,RF39,NA,NA,NA_NA
ASV_2893,Bacteria,Bacillota,Clostridia,Oscillospirales,UCG-010,NA,NA_NA
ASV_2894,Bacteria,Bacteroidota,Bacteroidia,Bacteroidales,F082,NA,NA_NA
ASV_2895,Bacteria,Pseudomonadota,Gammaproteobacteria,Enterobacterales,Enterobacteriaceae,Citrobacter,Citrobacter_freundii
ASV_2896,Bacteria,Bacteroidota,Bacteroidia,Cytophagales,Spirosomataceae,Spirosoma,Spirosoma_NA
ASV_2897,Bacteria,Bacteroidota,Bacteroidia,Bacteroidales,Bacteroidaceae,Bacteroides,Bacteroides_plebeius
ASV_2898,Bacteria,Actinomycetota,Coriobacteriia,Coriobacteriales,Eggerthellaceae,Berryella,Berryella_NA
ASV_2899,Bacteria,Bacteroidota,Bacteroidia,Bacteroidales,Prevotellaceae,Prevotellaceae UCG-001,Prevotellaceae_UCG-001_NA
ASV_2900,Bacteria,Bacillota,Clostridia,Christensenellales,Christensenellaceae,Christensenellaceae R-7 group,Christensenellaceae_R-7_group_NA
ASV_2901,Bacteria,Bacillota,Clostridia,Lachnospirales,Lachnospiraceae,NA,NA_NA
ASV_2902,Bacteria,Bacillota,Clostridia,Peptostreptococcales-Tissierellales,Anaerovoracaceae,Family XIII AD3011 group,Family_XIII_AD3011_group_NA
ASV_2903,Bacteria,Spirochaetota,Spirochaetia,Spirochaetales,Spirochaetaceae,Treponema,Treponema_berlinense
ASV_2904,Bacteria,Bacillota,Clostridia,Lachnospirales,Lachnospiraceae,Blautia,Blautia_hansenii
ASV_2905,Bacteria,Pseudomonadota,Gammaproteobacteria,Burkholderiales,Comamonadaceae,Comamonas,Comamonas_NA
ASV_2906,Bacteria,Bacillota,Clostridia,Lachnospirales,Lachnospiraceae,Enterocloster,Enterocloster_NA
ASV_2907,Bacteria,Bacteroidota,Bacteroidia,Bacteroidales,Prevotellaceae,Prevotella,Prevotella_NA
ASV_2908,Bacteria,Actinomycetota,Actinobacteria,Mycobacteriales,Nocardiaceae,Rhodococcus,Rhodococcus_fascians
ASV_2909,Bacteria,Pseudomonadota,Alphaproteobacteria,Sphingomonadales,Sphingomonadaceae,Sphingomonas,Sphingomonas_NA
ASV_2910,Bacteria,Bacillota,Clostridia,Oscillospirales,Oscillospiraceae,Oscillibacter,Oscillibacter_NA
ASV_2911,Bacteria,Bacillota,Clostridia,Oscillospirales,[Eubacterium] coprostanoligenes group,NA,NA_NA
ASV_2912,Bacteria,Bacteroidota,Bacteroidia,Bacteroidales,Prevotellaceae,Prevotellaceae UCG-001,Prevotellaceae_UCG-001_NA
ASV_2913,Bacteria,Bacillota,Clostridia,Oscillospirales,UCG-010,NA,NA_NA
ASV_2914,Bacteria,Bacillota,Clostridia,Lachnospirales,Lachnospiraceae,NA,NA_NA
ASV_2915,Bacteria,Bacteroidota,Bacteroidia,Bacteroidales,F082,NA,NA_NA
ASV_2916,Bacteria,Bacillota,Bacilli,RF39,NA,NA,NA_NA
ASV_2917,Bacteria,Bacteroidota,Bacteroidia,Bacteroidales,Bacteroidales RF16 group,NA,NA_NA
ASV_2918,Bacteria,Bacillota,Clostridia,Oscillospirales,[Eubacterium] coprostanoligenes group,NA,NA_NA
ASV_2919,Bacteria,Bacteroidota,Bacteroidia,Bacteroidales,Bacteroidales RF16 group,NA,NA_NA
ASV_2920,Bacteria,Bacillota,Clostridia,Oscillospirales,UCG-010,NA,NA_NA
ASV_2921,Bacteria,Bacillota,Clostridia,Christensenellales,Christensenellaceae,Christensenellaceae R-7 group,Christensenellaceae_R-7_group_NA
ASV_2922,Bacteria,Pseudomonadota,Alphaproteobacteria,Sphingomonadales,Sphingomonadaceae,Sphingobium,Sphingobium_NA
ASV_2923,Bacteria,Bacillota,Clostridia,Oscillospirales,Oscillospiraceae,Colidextribacter,Colidextribacter_NA
ASV_2924,Bacteria,Bacillota,Clostridia,Lachnospirales,Lachnospiraceae,Enterocloster,Enterocloster_NA
ASV_2925,Bacteria,Deferribacterota,Deferribacteres,Deferribacterales,Deferribacteraceae,Mucispirillum,Mucispirillum_schaedleri
ASV_2926,Bacteria,Bacillota,Clostridia,Lachnospirales,Lachnospiraceae,FD2005,FD2005_NA
ASV_2927,Bacteria,Actinomycetota,Actinobacteria,Micrococcales,Micrococcaceae,Paeniglutamicibacter,Paeniglutamicibacter_kerguelensis
ASV_2928,Bacteria,Pseudomonadota,Gammaproteobacteria,Enterobacterales,Succinivibrionaceae,Anaerobiospirillum,Anaerobiospirillum_succiniciproducens
ASV_2929,Bacteria,Bacillota,Clostridia,Oscillospirales,Ruminococcaceae,Ruminococcus,Ruminococcus_champanellensis
ASV_2930,Bacteria,Bacillota,Clostridia,Oscillospirales,Oscillospiraceae,Colidextribacter,Colidextribacter_NA
ASV_2931,Bacteria,Bacillota,Clostridia,Oscillospirales,Ruminococcaceae,NA,NA_NA
ASV_2932,Bacteria,Bacteroidota,Bacteroidia,Bacteroidales,Prevotellaceae,Xylanibacter,Xylanibacter_NA
ASV_2933,Bacteria,Bacillota,Clostridia,Oscillospirales,Oscillospiraceae,Oscillibacter,Oscillibacter_NA
ASV_2934,Bacteria,Bacillota,Clostridia,Oscillospirales,UCG-010,NA,NA_NA
ASV_2935,Bacteria,Bacillota,Clostridia,Oscillospirales,UCG-010,NA,NA_NA
ASV_2936,Bacteria,Bacillota,Clostridia,Oscillospirales,Oscillospiraceae,NA,NA_NA
ASV_2937,Bacteria,Bacillota,Clostridia,Oscillospirales,NA,NA,NA_NA
ASV_2938,Bacteria,Synergistota,Synergistia,Synergistales,Synergistaceae,Pyramidobacter,Pyramidobacter_NA
ASV_2939,Bacteria,Bacillota,Clostridia,Clostridia vadinBB60 group,NA,NA,NA_NA
ASV_2940,Bacteria,Bacillota,Clostridia,NA,NA,NA,NA_NA
ASV_2941,Bacteria,Pseudomonadota,Gammaproteobacteria,Cardiobacteriales,Wohlfahrtiimonadaceae,Ignatzschineria,Ignatzschineria_NA
ASV_2942,Bacteria,Verrucomicrobiota,Kiritimatiellia,WCHB1-41,NA,NA,NA_NA
ASV_2943,Bacteria,Actinomycetota,Coriobacteriia,Coriobacteriales,Coriobacteriaceae,Collinsella,Collinsella_tanakaei
ASV_2944,Bacteria,Pseudomonadota,Gammaproteobacteria,Pseudomonadales,Moraxellaceae,Acinetobacter,Acinetobacter_ursingii
ASV_2945,Bacteria,Bacteroidota,Bacteroidia,Bacteroidales,Prevotellaceae,Xylanibacter,Xylanibacter_NA
ASV_2946,Bacteria,Actinomycetota,Coriobacteriia,Coriobacteriales,Eggerthellaceae,NA,NA_NA
ASV_2947,Bacteria,Bacillota,Clostridia,Oscillospirales,Ruminococcaceae,Candidatus Soleaferrea,Candidatus_Soleaferrea_NA
ASV_2948,Bacteria,Bacillota,Clostridia,Oscillospirales,UCG-010,NA,NA_NA
ASV_2949,Bacteria,Bacillota,Clostridia,Lachnospirales,Lachnospiraceae,Lachnospiraceae XPB1014 group,Lachnospiraceae_XPB1014_group_NA
ASV_2950,Bacteria,Pseudomonadota,Alphaproteobacteria,Holosporales,Holosporaceae,NA,NA_NA
ASV_2951,Bacteria,Bacteroidota,Bacteroidia,Bacteroidales,Prevotellaceae,Prevotellaceae Ga6A1 group,Prevotellaceae_Ga6A1_group_NA
ASV_2952,Bacteria,Pseudomonadota,Gammaproteobacteria,Burkholderiales,Alcaligenaceae,Paenalcaligenes,Paenalcaligenes_suwonensis
ASV_2953,Bacteria,Pseudomonadota,Alphaproteobacteria,Hyphomicrobiales,Rhizobiaceae,Endobacterium,Endobacterium_NA
ASV_2954,Bacteria,Bacillota,Clostridia,Oscillospirales,[Eubacterium] coprostanoligenes group,NA,NA_NA
ASV_2955,Bacteria,Bacillota,Clostridia,Oscillospirales,UCG-010,NA,NA_NA
ASV_2956,Bacteria,Bacteroidota,Bacteroidia,Bacteroidales,Prevotellaceae,Prevotellaceae UCG-001,Prevotellaceae_UCG-001_NA
ASV_2957,Bacteria,Bacillota,Clostridia,Christensenellales,Christensenellaceae,Christensenellaceae R-7 group,Christensenellaceae_R-7_group_NA
ASV_2958,Bacteria,Bacillota,Bacilli,RF39,NA,NA,NA_NA
ASV_2959,Bacteria,Bacillota,Clostridia,Oscillospirales,[Eubacterium] coprostanoligenes group,NA,NA_NA
ASV_2960,Bacteria,Bacillota,Clostridia,NA,NA,NA,NA_NA
ASV_2961,Bacteria,Bacillota,Clostridia,Lachnospirales,Lachnospiraceae,Coprococcus,Coprococcus_NA
ASV_2962,Bacteria,Actinomycetota,Coriobacteriia,Coriobacteriales,Coriobacteriaceae,Collinsella,Collinsella_stercoris
ASV_2963,Bacteria,Pseudomonadota,Gammaproteobacteria,Enterobacterales,Enterobacteriaceae,NA,NA_NA
ASV_2964,Bacteria,Pseudomonadota,Alphaproteobacteria,Rickettsiales,Mitochondria,NA,NA_NA
ASV_2965,Bacteria,Bacteroidota,Bacteroidia,Bacteroidales,Bacteroidaceae,Bacteroides,Bacteroides_sp.
ASV_2966,Bacteria,Pseudomonadota,Alphaproteobacteria,Hyphomicrobiales,Rhizobiaceae,Ferranicluibacter,Ferranicluibacter_rubi
ASV_2967,Bacteria,Pseudomonadota,Gammaproteobacteria,Burkholderiales,NA,NA,NA_NA
ASV_2968,Bacteria,Bacteroidota,Bacteroidia,Bacteroidales,Bacteroidaceae,Bacteroides,Bacteroides_ovatus
ASV_2969,Bacteria,Pseudomonadota,Alphaproteobacteria,Hyphomicrobiales,Beijerinckiaceae,Methylobacterium,Methylobacterium_adhaesivum
ASV_2970,Bacteria,Bacteroidota,Bacteroidia,Bacteroidales,Muribaculaceae,NA,NA_NA
ASV_2971,Bacteria,Bacteroidota,Bacteroidia,Bacteroidales,Bacteroidales RF16 group,NA,NA_NA
ASV_2972,Bacteria,Bacillota,Clostridia,Oscillospirales,Oscillospiraceae,UCG-007,UCG-007_NA
ASV_2973,Bacteria,Bacillota,Clostridia,Oscillospirales,Oscillospiraceae,NK4A214 group,NK4A214_group_NA
ASV_2974,Bacteria,Bacillota,Clostridia,Oscillospirales,Oscillospiraceae,UCG-002,UCG-002_NA
ASV_2975,Bacteria,Bacillota,Clostridia,Oscillospirales,NA,NA,NA_NA
ASV_2976,Bacteria,Bacillota,Bacilli,RF39,NA,NA,NA_NA
ASV_2977,Bacteria,Bacillota,Bacilli,Lactobacillales,Lactobacillaceae,Liquorilactobacillus,Liquorilactobacillus_nagelii
ASV_2978,Bacteria,Bacteroidota,Bacteroidia,Bacteroidales,Bacteroidaceae,Bacteroides,Bacteroides_NA
ASV_2979,Bacteria,Bacteroidota,Bacteroidia,Bacteroidales,Bacteroidaceae,Bacteroides,Bacteroides_plebeius
ASV_2980,Bacteria,Pseudomonadota,Alphaproteobacteria,Rickettsiales,Mitochondria,NA,NA_NA
ASV_2981,Bacteria,Bacillota,Bacilli,Bacillales,Bacillaceae,Niallia,Niallia_NA
ASV_2982,Bacteria,Pseudomonadota,Gammaproteobacteria,Burkholderiales,Neisseriaceae,NA,NA_NA
ASV_2983,Bacteria,Bacillota,Clostridia,Lachnospirales,Lachnospiraceae,Cellulosilyticum,Cellulosilyticum_NA
ASV_2984,Bacteria,Bacillota,Clostridia,Oscillospirales,Butyricicoccaceae,Butyricicoccus,Butyricicoccus_NA
ASV_2985,Bacteria,Actinomycetota,Actinobacteria,Micrococcales,Micrococcaceae,Arthrobacter,Arthrobacter_alpinus
ASV_2986,Bacteria,Bacillota,Clostridia,Oscillospirales,Ruminococcaceae,Acutalibacter,Acutalibacter_NA
ASV_2987,Bacteria,Bacillota,Clostridia,Oscillospirales,[Eubacterium] coprostanoligenes group,NA,NA_NA
ASV_2988,Bacteria,Cyanobacteriota,Vampirivibrionia,Gastranaerophilales,Gastranaerophilaceae,Zag_111,Zag_111_NA
ASV_2989,Bacteria,Bacillota,Clostridia,Oscillospirales,UCG-010,NA,NA_NA
ASV_2990,Bacteria,Bacillota,Clostridia,Lachnospirales,Lachnospiraceae,Eubacterium,Eubacterium_ruminantium_group
ASV_2991,Bacteria,Bacillota,Clostridia,Oscillospirales,[Eubacterium] coprostanoligenes group,NA,NA_NA
ASV_2992,Bacteria,Pseudomonadota,Alphaproteobacteria,Hyphomicrobiales,Beijerinckiaceae,Lichenibacterium,Lichenibacterium_NA
ASV_2993,Bacteria,Bacteroidota,Bacteroidia,Bacteroidales,F082,NA,NA_NA
ASV_2994,Bacteria,Bacillota,Clostridia,Oscillospirales,Ruminococcaceae,NA,NA_NA
ASV_2995,Bacteria,Bacillota,Clostridia,Oscillospirales,Ruminococcaceae,NA,NA_NA
ASV_2996,Bacteria,Bacillota,Clostridia,Oscillospirales,Ruminococcaceae,Ruminococcus,Ruminococcus_NA
ASV_2997,Bacteria,Bacillota,Clostridia,Oscillospirales,UCG-010,NA,NA_NA
ASV_2998,Bacteria,Bacillota,Clostridia,Monoglobales,Monoglobaceae,Monoglobus,Monoglobus_NA
ASV_2999,Bacteria,Bacillota,Clostridia,Oscillospirales,Ruminococcaceae,Ruminococcus,Ruminococcus_flavefaciens
ASV_3000,Bacteria,Bacillota,Clostridia,Oscillospirales,Oscillospiraceae,Colidextribacter,Colidextribacter_NA
ASV_3001,Bacteria,Bacteroidota,Bacteroidia,Bacteroidales,Prevotellaceae,Prevotellaceae UCG-001,Prevotellaceae_UCG-001_NA
ASV_3002,Bacteria,Bacillota,Clostridia,Peptococcales,Peptococcaceae,Peptococcus,Peptococcus_NA
ASV_3003,Bacteria,Actinomycetota,Actinobacteria,Micrococcales,Intrasporangiaceae,Knoellia,Knoellia_NA
ASV_3004,Bacteria,Pseudomonadota,Alphaproteobacteria,Rickettsiales,Mitochondria,NA,NA_NA
ASV_3005,Bacteria,Pseudomonadota,Alphaproteobacteria,Hyphomicrobiales,Rhizobiaceae,NA,NA_NA
ASV_3006,Bacteria,Pseudomonadota,Gammaproteobacteria,Burkholderiales,Neisseriaceae,Vitreoscilla,Vitreoscilla_NA
ASV_3007,Bacteria,Bacteroidota,Bacteroidia,Bacteroidales,Bacteroidaceae,Bacteroides,Bacteroides_propionicifaciens
ASV_3008,Bacteria,Bacteroidota,Bacteroidia,Bacteroidales,Rikenellaceae,Rikenellaceae RC9 gut group,Rikenellaceae_RC9_gut_group_NA
ASV_3009,Bacteria,Pseudomonadota,Gammaproteobacteria,Cardiobacteriales,Wohlfahrtiimonadaceae,Ignatzschineria,Ignatzschineria_indica
ASV_3010,Bacteria,Bacillota,Clostridia,Lachnospirales,Lachnospiraceae,NA,NA_NA
ASV_3011,Bacteria,Pseudomonadota,Alphaproteobacteria,Hyphomicrobiales,Beijerinckiaceae,Lichenibacterium,Lichenibacterium_NA
ASV_3012,Bacteria,Bacteroidota,Bacteroidia,Bacteroidales,Prevotellaceae,Xylanibacter,Xylanibacter_NA
ASV_3013,Bacteria,Bacteroidota,Bacteroidia,Bacteroidales,F082,NA,NA_NA
ASV_3014,Bacteria,Bacillota,Clostridia,Christensenellales,Christensenellaceae,Christensenellaceae R-7 group,Christensenellaceae_R-7_group_NA
ASV_3015,Bacteria,Bacillota,Bacilli,Erysipelotrichales,Erysipelotrichaceae,NA,NA_NA
ASV_3016,Bacteria,Bacillota,Clostridia,Lachnospirales,Lachnospiraceae,NA,NA_NA
ASV_3017,Bacteria,Pseudomonadota,Alphaproteobacteria,Acetobacterales,Acetobacteraceae,Commensalibacter,Commensalibacter_NA
ASV_3018,Bacteria,Bacteroidota,Bacteroidia,Bacteroidales,Bacteroidaceae,Bacteroides,Bacteroides_reticulotermitis
ASV_3019,Bacteria,Bacillota,Bacilli,Lactobacillales,Lactobacillaceae,Lapidilactobacillus,Lapidilactobacillus_sp.
ASV_3020,Bacteria,Bacteroidota,Bacteroidia,Bacteroidales,Bacteroidaceae,Bacteroides,Bacteroides_acidifaciens
ASV_3021,Bacteria,Bacillota,Bacilli,Erysipelotrichales,Erysipelatoclostridiaceae,Thomasclavelia,Thomasclavelia_NA
ASV_3022,Bacteria,Pseudomonadota,Gammaproteobacteria,Burkholderiales,Comamonadaceae,Variovorax,Variovorax_paradoxus
ASV_3023,Bacteria,Deferribacterota,Deferribacteres,Deferribacterales,Deferribacteraceae,Mucispirillum,Mucispirillum_NA
ASV_3024,Bacteria,Bacteroidota,Bacteroidia,Bacteroidales,Prevotellaceae,NA,NA_NA
ASV_3025,Bacteria,Bacillota,Bacilli,Erysipelotrichales,Erysipelatoclostridiaceae,Longibaculum,Longibaculum_NA
ASV_3026,Bacteria,Bacillota,Bacilli,Lactobacillales,Lactobacillaceae,Lactobacillus,Lactobacillus_johnsonii
ASV_3027,Bacteria,Bacillota,Clostridia,Peptostreptococcales-Tissierellales,Anaerovoracaceae,Family XIII AD3011 group,Family_XIII_AD3011_group_NA
ASV_3028,Bacteria,Spirochaetota,Spirochaetia,Spirochaetales,Spirochaetaceae,Treponema,Treponema_NA
ASV_3029,Bacteria,Bacillota,Clostridia,Oscillospirales,[Eubacterium] coprostanoligenes group,NA,NA_NA
ASV_3030,Bacteria,Bacteroidota,Bacteroidia,Bacteroidales,Rikenellaceae,Rikenellaceae RC9 gut group,Rikenellaceae_RC9_gut_group_NA
ASV_3031,Bacteria,Bacteroidota,Bacteroidia,Bacteroidales,NA,NA,NA_NA
ASV_3032,Bacteria,Bacteroidota,Bacteroidia,Bacteroidales,Prevotellaceae,Segatella,Segatella_NA
ASV_3033,Bacteria,Bacillota,Clostridia,Clostridiales,Clostridiaceae,Clostridium,Clostridium_botulinum
ASV_3034,Bacteria,Bacillota,Clostridia,Oscillospirales,Oscillospiraceae,UCG-005,UCG-005_NA
ASV_3035,Bacteria,Bacillota,Clostridia,Peptostreptococcales-Tissierellales,Peptostreptococcaceae,Terrisporobacter,Terrisporobacter_NA
ASV_3036,Bacteria,Pseudomonadota,Alphaproteobacteria,Acetobacterales,Acetobacteraceae,Acidiphilium,Acidiphilium_NA
ASV_3037,Bacteria,Bacteroidota,Bacteroidia,Bacteroidales,Prevotellaceae,Xylanibacter,Xylanibacter_NA
ASV_3038,Bacteria,Bacillota,Clostridia,Lachnospirales,Lachnospiraceae,Lachnospiraceae NK4A136 group,Lachnospiraceae_NK4A136_group_NA
ASV_3039,Bacteria,Bacillota,Clostridia,Oscillospirales,UCG-010,NA,NA_NA
ASV_3040,Bacteria,Bacillota,Clostridia,Oscillospirales,Oscillospiraceae,UCG-005,UCG-005_NA
ASV_3041,Bacteria,Bacillota,Bacilli,RF39,NA,NA,NA_NA
ASV_3042,Bacteria,Bacillota,Clostridia,Oscillospirales,UCG-010,NA,NA_NA
ASV_3043,Bacteria,Bacillota,Clostridia,Oscillospirales,[Eubacterium] coprostanoligenes group,NA,NA_NA
ASV_3044,Bacteria,Bacteroidota,Bacteroidia,Bacteroidales,Prevotellaceae,Xylanibacter,Xylanibacter_NA
ASV_3045,Bacteria,Bacillota,Clostridia,Lachnospirales,Lachnospiraceae,Lachnospiraceae FCS020 group,Lachnospiraceae_FCS020_group_NA
ASV_3046,Bacteria,Bacillota,Clostridia,Oscillospirales,UCG-010,NA,NA_NA
ASV_3047,Bacteria,Bacteroidota,Bacteroidia,Bacteroidales,Bacteroidaceae,Bacteroides,Bacteroides_coprocola
ASV_3048,Bacteria,Actinomycetota,Actinobacteria,Bifidobacteriales,Bifidobacteriaceae,Bifidobacterium,Bifidobacterium_pullorum
ASV_3049,Bacteria,Actinomycetota,Coriobacteriia,Coriobacteriales,Coriobacteriaceae,Collinsella,Collinsella_aerofaciens
ASV_3050,Bacteria,Bacteroidota,Bacteroidia,Bacteroidales,Bacteroidales RF16 group,NA,NA_NA
ASV_3051,Bacteria,Bacillota,Clostridia,Lachnospirales,Lachnospiraceae,Tyzzerella,Tyzzerella_NA
ASV_3052,Bacteria,Bacillota,Bacilli,NA,NA,NA,NA_NA
ASV_3053,Bacteria,Bacillota,Bacilli,Lactobacillales,Lactobacillaceae,Ligilactobacillus,Ligilactobacillus_hayakitensis
ASV_3054,Bacteria,Bacillota,Negativicutes,Veillonellales-Selenomonadales,Selenomonadaceae,Anaerovibrio,Anaerovibrio_sp.
ASV_3055,Bacteria,Cyanobacteriota,Cyanobacteriia,Chloroplast,NA,NA,NA_NA
ASV_3056,Bacteria,Cyanobacteriota,Cyanobacteriia,Chloroplast,NA,NA,NA_NA
ASV_3057,Bacteria,Bacteroidota,Bacteroidia,Bacteroidales,Prevotellaceae,Segatella,Segatella_copri
ASV_3058,Bacteria,Bacillota,Clostridia,Oscillospirales,[Eubacterium] coprostanoligenes group,NA,NA_NA
ASV_3059,Bacteria,Bacillota,Clostridia,Oscillospirales,Oscillospiraceae,Intestinimonas,Intestinimonas_NA
ASV_3060,Bacteria,Bacteroidota,Bacteroidia,Bacteroidales,F082,NA,NA_NA
ASV_3061,Bacteria,Bacillota,Clostridia,Oscillospirales,UCG-010,NA,NA_NA
ASV_3062,Bacteria,Bacillota,Clostridia,Lachnospirales,Lachnospiraceae,Lachnospiraceae AC2044 group,Lachnospiraceae_AC2044_group_NA
ASV_3063,Bacteria,Bacillota,Clostridia,Oscillospirales,UCG-010,NA,NA_NA
ASV_3064,Bacteria,Pseudomonadota,Gammaproteobacteria,Burkholderiales,Neisseriaceae,Vitreoscilla,Vitreoscilla_NA
ASV_3065,Bacteria,Pseudomonadota,Gammaproteobacteria,Pseudomonadales,Moraxellaceae,Psychrobacter,Psychrobacter_cryohalolentis
ASV_3066,Bacteria,Bacillota,Bacilli,Lactobacillales,Lactobacillaceae,Holzapfeliella,Holzapfeliella_floricola
ASV_3067,Bacteria,Bacillota,Negativicutes,Veillonellales-Selenomonadales,Selenomonadaceae,Megamonas,Megamonas_funiformis
ASV_3068,Bacteria,Bacillota,Clostridia,Lachnospirales,Lachnospiraceae,Lachnospiraceae ND3007 group,Lachnospiraceae_ND3007_group_NA
ASV_3069,Bacteria,Bacillota,Bacilli,Erysipelotrichales,Erysipelotrichaceae,Erysipelothrix,Erysipelothrix_NA
ASV_3070,Bacteria,Bacteroidota,Bacteroidia,Bacteroidales,Bacteroidaceae,Bacteroides,Bacteroides_NA
ASV_3071,Bacteria,Bacillota,Clostridia,Lachnospirales,Lachnospiraceae,Oribacterium,Oribacterium_NA
ASV_3072,Bacteria,Bacteroidota,Bacteroidia,Bacteroidales,Rikenellaceae,dgA-11 gut group,dgA-11_gut_group_NA
ASV_3073,Bacteria,Bacillota,Clostridia,Oscillospirales,Oscillospiraceae,UCG-005,UCG-005_NA
ASV_3074,Bacteria,Verrucomicrobiota,Kiritimatiellia,WCHB1-41,NA,NA,NA_NA
ASV_3075,Bacteria,Verrucomicrobiota,Kiritimatiellia,WCHB1-41,NA,NA,NA_NA
ASV_3076,Bacteria,Bacteroidota,Bacteroidia,Bacteroidales,Rikenellaceae,dgA-11 gut group,dgA-11_gut_group_NA
ASV_3077,Bacteria,Bacillota,Bacilli,Erysipelotrichales,Erysipelotrichaceae,NA,NA_NA
ASV_3078,Bacteria,Bacillota,Bacilli,RF39,NA,NA,NA_NA
ASV_3079,Bacteria,Bacillota,Clostridia,Oscillospirales,UCG-010,NA,NA_NA
ASV_3080,Bacteria,Bacteroidota,Bacteroidia,Bacteroidales,Prevotellaceae,Xylanibacter,Xylanibacter_NA
ASV_3081,Bacteria,Cyanobacteriota,Vampirivibrionia,Gastranaerophilales,Gastranaerophilaceae,Zag_111,Zag_111_NA
ASV_3082,Bacteria,Bacillota,Bacilli,RF39,NA,NA,NA_NA
ASV_3083,Bacteria,Bacillota,Clostridia,Oscillospirales,UCG-010,NA,NA_NA
ASV_3084,Bacteria,Bacillota,Clostridia,Christensenellales,Christensenellaceae,Christensenellaceae R-7 group,Christensenellaceae_R-7_group_NA
ASV_3085,Bacteria,Pseudomonadota,Alphaproteobacteria,Rickettsiales,Mitochondria,NA,NA_NA
ASV_3086,Bacteria,Bacteroidota,Bacteroidia,Bacteroidales,Prevotellaceae,Segatella,Segatella_NA
ASV_3087,Bacteria,Pseudomonadota,Gammaproteobacteria,Pseudomonadales,Pseudomonadaceae,Pseudomonas,Pseudomonas_NA
ASV_3088,Bacteria,Bacillota,Bacilli,Erysipelotrichales,Erysipelotrichaceae,Solobacterium,Solobacterium_NA
ASV_3089,Bacteria,Pseudomonadota,Gammaproteobacteria,Cardiobacteriales,Cardiobacteriaceae,Suttonella,Suttonella_NA
ASV_3090,Bacteria,Bacteroidota,Bacteroidia,Flavobacteriales,Flavobacteriaceae,Myroides,Myroides_odoratimimus
ASV_3091,Bacteria,Pseudomonadota,Alphaproteobacteria,Hyphomicrobiales,Rhizobiaceae,Aurantimonas,Aurantimonas_NA
ASV_3092,Bacteria,Bacillota,Bacilli,Staphylococcales,Staphylococcaceae,Staphylococcus,Staphylococcus_pseudintermedius
ASV_3093,Bacteria,Bacillota,Clostridia,Lachnospirales,Lachnospiraceae,NA,NA_NA
ASV_3094,Bacteria,Bacillota,Clostridia,Clostridiales,Clostridiaceae,Hathewaya,Hathewaya_NA
ASV_3095,Bacteria,Bacteroidota,Bacteroidia,Bacteroidales,Prevotellaceae,Segatella,Segatella_NA
ASV_3096,Bacteria,Thermodesulfobacteriota,Desulfovibrionia,Desulfovibrionales,Desulfovibrionaceae,Desulfovibrio,Desulfovibrio_sp.
ASV_3097,Bacteria,Actinomycetota,Coriobacteriia,Coriobacteriales,Eggerthellaceae,NA,NA_NA
ASV_3098,Bacteria,Bacillota,Clostridia,Oscillospirales,Oscillospiraceae,UCG-002,UCG-002_NA
ASV_3099,Bacteria,Bacteroidota,Bacteroidia,Bacteroidales,Bacteroidales RF16 group,NA,NA_NA
ASV_3100,Bacteria,Bacillota,Clostridia,Christensenellales,Christensenellaceae,Christensenellaceae R-7 group,Christensenellaceae_R-7_group_NA
ASV_3101,Bacteria,Bacillota,Clostridia,NA,NA,NA,NA_NA
ASV_3102,Bacteria,Pseudomonadota,Gammaproteobacteria,Pseudomonadales,Pseudomonadaceae,Pseudomonas,Pseudomonas_NA
ASV_3103,Bacteria,Bacillota,Clostridia,Oscillospirales,Ruminococcaceae,NA,NA_NA
ASV_3104,Bacteria,Bacillota,Clostridia,Christensenellales,Christensenellaceae,NA,NA_NA
ASV_3105,Bacteria,Bacillota,Clostridia,Oscillospirales,UCG-010,NA,NA_NA
ASV_3106,Bacteria,Bacillota,Bacilli,RF39,NA,NA,NA_NA
ASV_3107,Bacteria,Bacillota,Clostridia,Oscillospirales,Oscillospiraceae,Intestinimonas,Intestinimonas_NA
ASV_3108,Bacteria,Bacillota,Clostridia,Oscillospirales,Oscillospiraceae,Oscillibacter,Oscillibacter_NA
ASV_3109,Bacteria,Bacillota,Clostridia,Lachnospirales,Lachnospiraceae,Eubacterium,Eubacterium_ventriosum_group
ASV_3110,Bacteria,Bacillota,Clostridia,Oscillospirales,UCG-010,NA,NA_NA
ASV_3111,Bacteria,Pseudomonadota,Gammaproteobacteria,Lysobacterales,Lysobacteraceae,Stenotrophomonas,Stenotrophomonas_rhizophila
ASV_3112,Bacteria,Bacillota,Clostridia,Oscillospirales,Butyricicoccaceae,Butyricicoccus,Butyricicoccus_NA
ASV_3113,Bacteria,Bacteroidota,Bacteroidia,Bacteroidales,NA,NA,NA_NA
ASV_3114,Bacteria,Bacillota,Bacilli,Mycoplasmatales,Mycoplasmataceae,Ureaplasma,Ureaplasma_NA
ASV_3115,Bacteria,Pseudomonadota,Gammaproteobacteria,Pseudomonadales,Moraxellaceae,Acinetobacter,Acinetobacter_sp.
ASV_3116,Bacteria,Verrucomicrobiota,Kiritimatiellia,WCHB1-41,NA,NA,NA_NA
ASV_3117,Bacteria,Bacillota,Bacilli,Bacillales,Planococcaceae,Sporosarcina,Sporosarcina_pasteurii
ASV_3118,Bacteria,Bacillota,Clostridia,Lachnospirales,Lachnospiraceae,Blautia,Blautia_NA
ASV_3119,Bacteria,Bacillota,Clostridia,Oscillospirales,Butyricicoccaceae,UCG-008,UCG-008_NA
ASV_3120,Bacteria,Bacteroidota,Bacteroidia,Bacteroidales,Bacteroidales RF16 group,NA,NA_NA
ASV_3121,Bacteria,Bacillota,Clostridia,Lachnospirales,Lachnospiraceae,Lachnospiraceae AC2044 group,Lachnospiraceae_AC2044_group_NA
ASV_3122,Bacteria,Bacillota,Clostridia,Christensenellales,Christensenellaceae,Christensenellaceae R-7 group,Christensenellaceae_R-7_group_NA
ASV_3123,Bacteria,Bacillota,Bacilli,Erysipelotrichales,Erysipelatoclostridiaceae,UCG-004,UCG-004_NA
ASV_3124,Bacteria,Bacillota,Bacilli,Lactobacillales,Lactobacillaceae,Leuconostoc,Leuconostoc_pseudomesenteroides
ASV_3125,Bacteria,Bacillota,Bacilli,Bacillales,Bacillaceae,Anoxybacillus,Anoxybacillus_NA
ASV_3126,Bacteria,Bacillota,Clostridia,Clostridiales,Clostridiaceae,Clostridium,Clostridium_moniliforme
ASV_3127,Bacteria,Bacillota,Clostridia,Lachnospirales,Lachnospiraceae,Lachnoclostridium,Lachnoclostridium_NA
ASV_3128,Bacteria,Pseudomonadota,Gammaproteobacteria,Pseudomonadales,Moraxellaceae,Enhydrobacter,Enhydrobacter_Moraxella_sp.
ASV_3129,Bacteria,Bacteroidota,Bacteroidia,Bacteroidales,Prevotellaceae,Xylanibacter,Xylanibacter_NA
ASV_3130,Bacteria,Bacillota,Clostridia,Christensenellales,Christensenellaceae,Christensenellaceae R-7 group,Christensenellaceae_R-7_group_NA
ASV_3131,Bacteria,Patescibacteria,Saccharimonadia,Saccharimonadales,Saccharimonadaceae,Candidatus Saccharimonas,Candidatus_Saccharimonas_NA
ASV_3132,Bacteria,Pseudomonadota,Alphaproteobacteria,Rickettsiales,Mitochondria,NA,NA_NA
ASV_3133,Bacteria,Actinomycetota,Acidimicrobiia,Acidimicrobiales,Acidimicrobiaceae,Acidiferrimicrobium,Acidiferrimicrobium_NA
ASV_3134,Bacteria,Pseudomonadota,Gammaproteobacteria,Burkholderiales,Alcaligenaceae,NA,NA_NA
ASV_3135,Bacteria,Bacillota,Clostridia,Oscillospirales,[Eubacterium] coprostanoligenes group,NA,NA_NA
ASV_3136,Bacteria,Pseudomonadota,Gammaproteobacteria,Burkholderiales,Comamonadaceae,Comamonas,Comamonas_antarctica
ASV_3137,Bacteria,Bacteroidota,Bacteroidia,Cytophagales,Hymenobacteraceae,Hymenobacter,Hymenobacter_NA
ASV_3138,Bacteria,Pseudomonadota,Gammaproteobacteria,Cardiobacteriales,Wohlfahrtiimonadaceae,Koukoulia,Koukoulia_aurantiaca
ASV_3139,Bacteria,Bacteroidota,Bacteroidia,Bacteroidales,Bacteroidales RF16 group,NA,NA_NA
ASV_3140,Bacteria,Bacillota,Clostridia,Oscillospirales,UCG-010,NA,NA_NA
ASV_3141,Bacteria,Bacillota,Clostridia,Lachnospirales,Lachnospiraceae,possible genus Sk018,possible_genus_Sk018_NA
ASV_3142,Bacteria,Bacillota,Clostridia,Clostridia UCG-014,NA,NA,NA_NA
ASV_3143,Bacteria,Bacillota,Bacilli,Erysipelotrichales,Erysipelatoclostridiaceae,UCG-004,UCG-004_NA
ASV_3144,Bacteria,Bacteroidota,Bacteroidia,Bacteroidales,Rikenellaceae,Rikenellaceae RC9 gut group,Rikenellaceae_RC9_gut_group_NA
ASV_3145,Bacteria,Bacteroidota,Bacteroidia,Bacteroidales,Tannerellaceae,Parabacteroides,Parabacteroides_NA
ASV_3146,Bacteria,Pseudomonadota,Alphaproteobacteria,Acetobacterales,Acetobacteraceae,Acidiphilium,Acidiphilium_NA
ASV_3147,Bacteria,Bacillota,Clostridia,Monoglobales,Monoglobaceae,Monoglobus,Monoglobus_NA
ASV_3148,Bacteria,Bacteroidota,Bacteroidia,Bacteroidales,F082,NA,NA_NA
ASV_3149,Bacteria,Bacillota,Clostridia,Lachnospirales,Lachnospiraceae,Tyzzerella,Tyzzerella_NA
ASV_3150,Bacteria,Bacillota,Clostridia,Lachnospirales,Lachnospiraceae,GCA-900066575,GCA-900066575_NA
ASV_3151,Bacteria,Bacillota,Clostridia,Christensenellales,Christensenellaceae,Christensenellaceae R-7 group,Christensenellaceae_R-7_group_NA
ASV_3152,Bacteria,Bacillota,Clostridia,Oscillospirales,UCG-010,NA,NA_NA
ASV_3153,Bacteria,Bacillota,Clostridia,Lachnospirales,Lachnospiraceae,NA,NA_NA
ASV_3154,Bacteria,Bacillota,Clostridia,Lachnospirales,Lachnospiraceae,Lachnospiraceae UCG-010,Lachnospiraceae_UCG-010_NA
ASV_3155,Bacteria,Bacillota,Clostridia,Oscillospirales,UCG-010,NA,NA_NA
ASV_3156,Bacteria,Bacillota,Clostridia,Oscillospirales,UCG-010,NA,NA_NA
ASV_3157,Bacteria,Cyanobacteriota,Cyanobacteriia,Cyanobacteriales,Chroococcidiopsaceae,NA,NA_NA
ASV_3158,Bacteria,Bacillota,Clostridia,NA,NA,NA,NA_NA
ASV_3159,Bacteria,Bacillota,Bacilli,Bacillales,Bacillaceae,Niallia,Niallia_NA
ASV_3160,Bacteria,Bacillota,Bacilli,Lactobacillales,Lactobacillaceae,Weissella,Weissella_cibaria
ASV_3161,Bacteria,Bacillota,Clostridia,Clostridiales,Clostridiaceae,Hathewaya,Hathewaya_NA
ASV_3162,Bacteria,Verrucomicrobiota,Kiritimatiellia,WCHB1-41,NA,NA,NA_NA
ASV_3163,Bacteria,Bacteroidota,Bacteroidia,Bacteroidales,Rikenellaceae,Rikenellaceae RC9 gut group,Rikenellaceae_RC9_gut_group_NA
ASV_3164,Bacteria,Bacillota,Clostridia,Clostridia UCG-014,NA,NA,NA_NA
ASV_3165,Bacteria,Verrucomicrobiota,Verrucomicrobiia,Chthoniobacterales,Terrimicrobiaceae,Terrimicrobium,Terrimicrobium_sacchariphilum
ASV_3166,Bacteria,Pseudomonadota,Alphaproteobacteria,Rickettsiales,Mitochondria,NA,NA_NA
ASV_3167,Bacteria,Verrucomicrobiota,Kiritimatiellia,WCHB1-41,NA,NA,NA_NA
ASV_3168,Bacteria,Bacillota,Clostridia,Oscillospirales,Ruminococcaceae,CAG-352,CAG-352_NA
ASV_3169,Bacteria,Bacillota,Clostridia,Oscillospirales,Oscillospiraceae,UCG-005,UCG-005_NA
ASV_3170,Bacteria,Bacteroidota,Bacteroidia,Bacteroidales,Prevotellaceae,Prevotellaceae UCG-001,Prevotellaceae_UCG-001_NA
ASV_3171,Bacteria,Bacteroidota,Bacteroidia,Bacteroidales,F082,NA,NA_NA
ASV_3172,Bacteria,Bacillota,Clostridia,Christensenellales,Christensenellaceae,Christensenellaceae R-7 group,Christensenellaceae_R-7_group_NA
ASV_3173,Bacteria,Bacteroidota,Bacteroidia,Bacteroidales,Prevotellaceae,Xylanibacter,Xylanibacter_NA
ASV_3174,Bacteria,Bacteroidota,Bacteroidia,Bacteroidales,Paludibacteraceae,NA,NA_NA
ASV_3175,Bacteria,Bacteroidota,Bacteroidia,Bacteroidales,F082,NA,NA_NA
ASV_3176,Bacteria,NA,NA,NA,NA,NA,NA_NA
ASV_3177,Bacteria,Bacillota,Clostridia,Oscillospirales,UCG-010,NA,NA_NA
ASV_3178,Bacteria,Bacteroidota,Bacteroidia,Bacteroidales,Rikenellaceae,Alistipes,Alistipes_NA
ASV_3179,Bacteria,Bacteroidota,Bacteroidia,Bacteroidales,Bacteroidaceae,Bacteroides,Bacteroides_NA
ASV_3180,Bacteria,Bacteroidota,Bacteroidia,Bacteroidales,Rikenellaceae,Alistipes,Alistipes_NA
ASV_3181,Bacteria,Pseudomonadota,Gammaproteobacteria,Enterobacterales,Succinivibrionaceae,Succinivibrio,Succinivibrio_NA
ASV_3182,Bacteria,Bacillota,Clostridia,Lachnospirales,Lachnospiraceae,Tyzzerella,Tyzzerella_nexile
ASV_3183,Bacteria,Bacillota,Bacilli,Erysipelotrichales,Clostridiaceae,Clostridium,Clostridium_innocuum_group
ASV_3184,Bacteria,NA,NA,NA,NA,NA,NA_NA
ASV_3185,Bacteria,Pseudomonadota,Gammaproteobacteria,Pseudomonadales,Pseudomonadaceae,Pseudomonas,Pseudomonas_syringae
ASV_3186,Bacteria,Pseudomonadota,Gammaproteobacteria,Pseudomonadales,Pseudomonadaceae,Pseudomonas,Pseudomonas_rhizosphaerae
ASV_3187,Bacteria,Bacteroidota,Bacteroidia,Bacteroidales,Bacteroidaceae,Bacteroides,Bacteroides_sp.
ASV_3188,Bacteria,Bacillota,Clostridia,Clostridia UCG-014,NA,NA,NA_NA
ASV_3189,Bacteria,Pseudomonadota,Gammaproteobacteria,Burkholderiales,Oxalobacteraceae,Massilia,Massilia_oculi
ASV_3190,Bacteria,Pseudomonadota,Alphaproteobacteria,Sphingomonadales,Sphingomonadaceae,Sphingomonas,Sphingomonas_NA
ASV_3191,Bacteria,Bacteroidota,Bacteroidia,Bacteroidales,Bacteroidaceae,Bacteroides,Bacteroides_NA
ASV_3192,Bacteria,Pseudomonadota,Alphaproteobacteria,Caulobacterales,Caulobacteraceae,Brevundimonas,Brevundimonas_diminuta
ASV_3193,Bacteria,Bacillota,Bacilli,Erysipelotrichales,Erysipelotrichaceae,Allobaculum,Allobaculum_NA
ASV_3194,Bacteria,Bacillota,Clostridia,NA,NA,NA,NA_NA
ASV_3195,Bacteria,Bacteroidota,Bacteroidia,Bacteroidales,Rikenellaceae,Rikenellaceae RC9 gut group,Rikenellaceae_RC9_gut_group_NA
ASV_3196,Bacteria,Verrucomicrobiota,Kiritimatiellia,WCHB1-41,NA,NA,NA_NA
ASV_3197,Bacteria,Verrucomicrobiota,Kiritimatiellia,WCHB1-41,NA,NA,NA_NA
ASV_3198,Bacteria,Bacillota,Clostridia,Peptostreptococcales-Tissierellales,Anaerovoracaceae,Anaerovorax,Anaerovorax_NA
ASV_3199,Bacteria,Bacillota,Clostridia,Oscillospirales,UCG-010,NA,NA_NA
ASV_3200,Bacteria,Bacillota,Bacilli,Lactobacillales,Vagococcaceae,Vagococcus,Vagococcus_teuberi
ASV_3201,Bacteria,Pseudomonadota,Gammaproteobacteria,Lysobacterales,Lysobacteraceae,Stenotrophomonas,Stenotrophomonas_rhizophila
ASV_3202,Bacteria,Bacillota,Clostridia,Christensenellales,Christensenellaceae,Christensenellaceae R-7 group,Christensenellaceae_R-7_group_NA
ASV_3203,Bacteria,Bacillota,Clostridia,Christensenellales,Christensenellaceae,NA,NA_NA
ASV_3204,Bacteria,Bacillota,Clostridia,Oscillospirales,Oscillospiraceae,NA,NA_NA
ASV_3205,Bacteria,Bacillota,Clostridia,Oscillospirales,Oscillospiraceae,UCG-005,UCG-005_NA
ASV_3206,Bacteria,Acidobacteriota,Acidobacteriae,Terriglobales,NA,NA,NA_NA
ASV_3207,Bacteria,Bacteroidota,Bacteroidia,Bacteroidales,F082,NA,NA_NA
ASV_3208,Bacteria,Bacillota,Clostridia,Oscillospirales,UCG-010,NA,NA_NA
ASV_3209,Bacteria,Pseudomonadota,Alphaproteobacteria,Rhodobacterales,Paracoccaceae,Paenirhodobacter,Paenirhodobacter_NA
ASV_3210,Bacteria,Pseudomonadota,Alphaproteobacteria,Sphingomonadales,Sphingomonadaceae,Sphingomonas,Sphingomonas_yunnanensis
ASV_3211,Bacteria,Pseudomonadota,Gammaproteobacteria,Pseudomonadales,Moraxellaceae,Psychrobacter,Psychrobacter_celer
ASV_3212,Bacteria,Bacillota,Clostridia,Peptostreptococcales-Tissierellales,Anaerovoracaceae,Mogibacterium,Mogibacterium_pumilum
ASV_3213,Bacteria,Bacillota,Clostridia,Peptostreptococcales-Tissierellales,Family XI,W5053,W5053_NA
ASV_3214,Bacteria,Actinomycetota,Coriobacteriia,Coriobacteriales,Atopobiaceae,Olsenella,Olsenella_NA
ASV_3215,Bacteria,Bacillota,Bacilli,RF39,NA,NA,NA_NA
ASV_3216,Bacteria,Bacteroidota,Bacteroidia,Bacteroidales,Bacteroidaceae,Bacteroides,Bacteroides_plebeius
ASV_3217,Bacteria,Bacteroidota,Bacteroidia,Bacteroidales,Bacteroidaceae,Bacteroides,Bacteroides_NA
ASV_3218,Archaea,Methanobacteriota,Methanobacteria,Methanobacteriales,Methanobacteriaceae,Methanobrevibacter,Methanobrevibacter_NA
ASV_3219,Bacteria,Bacillota,Clostridia,Clostridia UCG-014,NA,NA,NA_NA
ASV_3220,Bacteria,Bacillota,Bacilli,Lactobacillales,Catellicoccaceae,Catellicoccus,Catellicoccus_NA
ASV_3221,Bacteria,Bacillota,Clostridia,Oscillospirales,Oscillospiraceae,NK4A214 group,NK4A214_group_NA
ASV_3222,Bacteria,Verrucomicrobiota,Verrucomicrobiia,Verrucomicrobiales,Akkermansiaceae,Akkermansia,Akkermansia_NA
ASV_3223,Bacteria,Bacteroidota,Bacteroidia,Flavobacteriales,Weeksellaceae,Chryseobacterium,Chryseobacterium_NA
ASV_3224,Bacteria,Bacillota,Clostridia,Oscillospirales,Ruminococcaceae,Ruminococcus,Ruminococcus_flavefaciens
ASV_3225,Bacteria,Bacillota,Clostridia,Peptostreptococcales-Tissierellales,Anaerovoracaceae,Mogibacterium,Mogibacterium_NA
ASV_3226,Bacteria,Bacillota,Clostridia,Oscillospirales,[Eubacterium] coprostanoligenes group,NA,NA_NA
ASV_3227,Bacteria,Bacillota,Clostridia,Oscillospirales,Ruminococcaceae,NA,NA_NA
ASV_3228,Bacteria,Bacillota,Clostridia,Oscillospirales,Oscillospiraceae,Oscillibacter,Oscillibacter_NA
ASV_3229,Bacteria,Bacillota,Clostridia,Oscillospirales,Oscillospiraceae,UCG-005,UCG-005_NA
ASV_3230,Bacteria,Bacillota,Clostridia,Clostridia UCG-014,NA,NA,NA_NA
ASV_3231,Bacteria,Pseudomonadota,Gammaproteobacteria,Pseudomonadales,Pseudomonadaceae,Pseudomonas,Pseudomonas_cichorii
ASV_3232,Bacteria,Bacillota,Clostridia,Lachnospirales,Lachnospiraceae,Lachnospiraceae UCG-010,Lachnospiraceae_UCG-010_NA
ASV_3233,Bacteria,Actinomycetota,Actinobacteria,Pseudonocardiales,Pseudonocardiaceae,Saccharopolyspora,Saccharopolyspora_rectivirgula
ASV_3234,Bacteria,Pseudomonadota,Alphaproteobacteria,Acetobacterales,Acetobacteraceae,Gluconobacter,Gluconobacter_cerinus
ASV_3235,Bacteria,Bacillota,Clostridia,Lachnospirales,Lachnospiraceae,Coprococcus,Coprococcus_comes
ASV_3236,Bacteria,Actinomycetota,Coriobacteriia,Coriobacteriales,Eggerthellaceae,Adlercreutzia,Adlercreutzia_equolifaciens
ASV_3237,Bacteria,Thermodesulfobacteriota,Desulfovibrionia,Desulfovibrionales,Desulfovibrionaceae,Desulfovibrio,Desulfovibrio_piger
ASV_3238,Bacteria,Bacillota,Clostridia,Oscillospirales,Oscillospiraceae,Colidextribacter,Colidextribacter_NA
ASV_3239,Bacteria,Pseudomonadota,Alphaproteobacteria,Hyphomicrobiales,Xanthobacteraceae,NA,NA_NA
ASV_3240,Bacteria,Bacillota,Clostridia,Lachnospirales,Lachnospiraceae,Lachnospiraceae UCG-004,Lachnospiraceae_UCG-004_NA
ASV_3241,Bacteria,Pseudomonadota,Gammaproteobacteria,Burkholderiales,Alcaligenaceae,Alcaligenes,Alcaligenes_faecalis
ASV_3242,Bacteria,Actinomycetota,Actinobacteria,Mycobacteriales,Nocardiaceae,Rhodococcus,Rhodococcus_erythropolis
ASV_3243,Bacteria,Pseudomonadota,Gammaproteobacteria,Enterobacterales,Erwiniaceae,Erwinia,Erwinia_oleae
ASV_3244,Bacteria,Bacillota,Bacilli,Erysipelotrichales,Erysipelotrichaceae,NA,NA_NA
ASV_3245,Bacteria,Bacillota,Clostridia,Oscillospirales,[Eubacterium] coprostanoligenes group,NA,NA_NA
ASV_3246,Bacteria,Bacteroidota,Bacteroidia,Bacteroidales,NA,NA,NA_NA
ASV_3247,Bacteria,Pseudomonadota,Gammaproteobacteria,Enterobacterales,Succinivibrionaceae,Succinivibrio,Succinivibrio_NA
ASV_3248,Bacteria,Actinomycetota,Actinobacteria,Micrococcales,Micrococcaceae,Arthrobacter,Arthrobacter_alpinus
ASV_3249,Bacteria,Bacillota,Bacilli,Erysipelotrichales,Erysipelotrichaceae,Solobacterium,Solobacterium_NA
ASV_3250,Bacteria,Bacillota,Clostridia,Lachnospirales,Lachnospiraceae,NA,NA_NA
ASV_3251,Bacteria,Bacillota,Clostridia,Lachnospirales,Lachnospiraceae,Lachnospiraceae UCG-007,Lachnospiraceae_UCG-007_NA
ASV_3252,Bacteria,Bacillota,Clostridia,Oscillospirales,Oscillospiraceae,NK4A214 group,NK4A214_group_NA
ASV_3253,Bacteria,Bacillota,Clostridia,Oscillospirales,UCG-010,NA,NA_NA
ASV_3254,Bacteria,Bacillota,Clostridia,Lachnospirales,Lachnospiraceae,Lachnospiraceae NK3A20 group,Lachnospiraceae_NK3A20_group_NA
ASV_3255,Bacteria,Bacillota,Clostridia,Oscillospirales,UCG-010,NA,NA_NA
ASV_3256,Bacteria,Bacteroidota,Bacteroidia,Bacteroidales,Rikenellaceae,Rikenellaceae RC9 gut group,Rikenellaceae_RC9_gut_group_NA
ASV_3257,Bacteria,Bacillota,Clostridia,NA,NA,NA,NA_NA
ASV_3258,Bacteria,Bacillota,Clostridia,Oscillospirales,Oscillospiraceae,Oscillibacter,Oscillibacter_ruminantium
ASV_3259,Bacteria,Bacillota,Bacilli,Lactobacillales,Streptococcaceae,Lactococcus,Lactococcus_lactis
ASV_3260,Bacteria,Bacillota,Bacilli,Bacillales,Bacillaceae,Anaerobacillus,Anaerobacillus_sp.
ASV_3261,Bacteria,Bacteroidota,Bacteroidia,Bacteroidales,NA,NA,NA_NA
ASV_3262,Bacteria,Pseudomonadota,Gammaproteobacteria,Pseudomonadales,Pseudomonadaceae,Pseudomonas,Pseudomonas_NA
ASV_3263,Bacteria,Bacillota,Clostridia,Peptostreptococcales-Tissierellales,Peptostreptococcaceae,Romboutsia,Romboutsia_NA
ASV_3264,Bacteria,Bacillota,Clostridia,Lachnospirales,Lachnospiraceae,Lachnospiraceae NK3A20 group,Lachnospiraceae_NK3A20_group_NA
ASV_3265,Bacteria,Pseudomonadota,Gammaproteobacteria,Enterobacterales,Enterobacteriaceae,Citrobacter,Citrobacter_koseri
ASV_3266,Bacteria,Bacillota,Clostridia,Lachnospirales,Lachnospiraceae,Lachnospiraceae UCG-004,Lachnospiraceae_UCG-004_NA
ASV_3267,Bacteria,Pseudomonadota,Alphaproteobacteria,Hyphomicrobiales,A0839,NA,NA_NA
ASV_3268,Bacteria,Bacteroidota,Bacteroidia,Bacteroidales,p-251-o5,NA,NA_NA
ASV_3269,Bacteria,Bacillota,Clostridia,NA,NA,NA,NA_NA
ASV_3270,Bacteria,Pseudomonadota,Alphaproteobacteria,Rhodospirillales,NA,NA,NA_NA
ASV_3271,Bacteria,Thermodesulfobacteriota,Desulfovibrionia,Desulfovibrionales,Desulfovibrionaceae,Mailhella,Mailhella_NA
ASV_3272,Bacteria,Cyanobacteriota,Vampirivibrionia,Gastranaerophilales,Gastranaerophilaceae,Zag_111,Zag_111_NA
ASV_3273,Bacteria,Bacteroidota,Bacteroidia,Bacteroidales,Paludibacteraceae,NA,NA_NA
ASV_3274,Bacteria,Bacillota,Clostridia,Oscillospirales,Ruminococcaceae,NA,NA_NA
ASV_3275,Bacteria,Pseudomonadota,Gammaproteobacteria,Cardiobacteriales,Wohlfahrtiimonadaceae,Ignatzschineria,Ignatzschineria_sp.
ASV_3276,Bacteria,Bacillota,Negativicutes,Veillonellales-Selenomonadales,Veillonellaceae,Megasphaera,Megasphaera_stantonii
ASV_3277,Bacteria,Bacillota,Clostridia,Clostridiales,Clostridiaceae,Clostridium,Clostridium_NA
ASV_3278,Bacteria,Thermodesulfobacteriota,Desulfovibrionia,Desulfovibrionales,Desulfovibrionaceae,Desulfovibrio,Desulfovibrio_NA
ASV_3279,Bacteria,Bacillota,Clostridia,Lachnospirales,Lachnospiraceae,Tyzzerella,Tyzzerella_NA
ASV_3280,Bacteria,Bacillota,Clostridia,Lachnospirales,Lachnospiraceae,Lachnospiraceae NK3A20 group,Lachnospiraceae_NK3A20_group_NA
ASV_3281,Bacteria,Bacillota,Clostridia,Oscillospirales,[Eubacterium] coprostanoligenes group,NA,NA_NA
ASV_3282,Bacteria,Bacillota,Clostridia,Oscillospirales,Ruminococcaceae,Ruminococcus,Ruminococcus_albus
ASV_3283,Bacteria,Bacillota,Clostridia,Oscillospirales,Ruminococcaceae,Ruminococcus,Ruminococcus_flavefaciens
ASV_3284,Bacteria,Pseudomonadota,Gammaproteobacteria,Pseudomonadales,Moraxellaceae,Psychrobacter,Psychrobacter_phenylpyruvicus
ASV_3285,Bacteria,Pseudomonadota,Alphaproteobacteria,Hyphomicrobiales,Rhizobiaceae,Paenochrobactrum,Paenochrobactrum_NA
ASV_3286,Bacteria,Bacillota,Clostridia,Peptostreptococcales-Tissierellales,Peptostreptococcaceae,Romboutsia,Romboutsia_hominis
ASV_3287,Bacteria,Bacillota,Bacilli,Staphylococcales,Staphylococcaceae,Mammaliicoccus,Mammaliicoccus_NA
ASV_3288,Bacteria,Actinomycetota,Actinobacteria,Micrococcales,Micrococcaceae,Micrococcus,Micrococcus_luteus
ASV_3289,Bacteria,Bacillota,Negativicutes,Veillonellales-Selenomonadales,Veillonellaceae,Dialister,Dialister_sp.
ASV_3290,Bacteria,Bacillota,Bacilli,Lactobacillales,NA,NA,NA_NA
ASV_3291,Bacteria,Bacillota,Clostridia,Lachnospirales,Lachnospiraceae,Dorea,Dorea_formicigenerans
ASV_3292,Bacteria,Pseudomonadota,Gammaproteobacteria,Enterobacterales,Enterobacteriaceae,Klebsiella,Klebsiella_michiganensis
ASV_3293,Bacteria,Actinomycetota,Thermoleophilia,Solirubrobacterales,Solirubrobacteraceae,Patulibacter,Patulibacter_minatonensis
ASV_3294,Bacteria,Pseudomonadota,Gammaproteobacteria,Cardiobacteriales,Wohlfahrtiimonadaceae,Ignatzschineria,Ignatzschineria_populi
ASV_3295,Bacteria,Bacteroidota,Bacteroidia,Bacteroidales,Rikenellaceae,Alistipes,Alistipes_NA
ASV_3296,Bacteria,Bacteroidota,Bacteroidia,Bacteroidales,Prevotellaceae,Segatella,Segatella_NA
ASV_3297,Bacteria,Bacillota,Clostridia,Oscillospirales,UCG-010,NA,NA_NA
ASV_3298,Bacteria,Bacillota,Bacilli,Erysipelotrichales,Erysipelotrichaceae,NA,NA_NA
ASV_3299,Bacteria,Bacillota,Bacilli,Staphylococcales,Staphylococcaceae,Staphylococcus,Staphylococcus_equorum
ASV_3300,Bacteria,Pseudomonadota,Alphaproteobacteria,Rickettsiales,Mitochondria,NA,NA_NA
ASV_3301,Bacteria,Bacteroidota,Bacteroidia,Bacteroidales,Muribaculaceae,NA,NA_NA
ASV_3302,Bacteria,Bacillota,Clostridia,Lachnospirales,Lachnospiraceae,Butyrivibrio,Butyrivibrio_crossotus
ASV_3303,Bacteria,Cyanobacteriota,Cyanobacteriia,Chloroplast,NA,NA,NA_NA
ASV_3304,Bacteria,Bacillota,Bacilli,RF39,NA,NA,NA_NA
ASV_3305,Bacteria,Bacillota,Clostridia,Christensenellales,Christensenellaceae,Christensenellaceae R-7 group,Christensenellaceae_R-7_group_NA
ASV_3306,Bacteria,Bacillota,Clostridia,Oscillospirales,Oscillospiraceae,NA,NA_NA
ASV_3307,Bacteria,Bacillota,Negativicutes,Veillonellales-Selenomonadales,Selenomonadaceae,Selenomonas,Selenomonas_ruminantium
ASV_3308,Bacteria,Bacillota,Clostridia,Oscillospirales,UCG-010,NA,NA_NA
ASV_3309,Bacteria,Bacteroidota,Bacteroidia,Bacteroidales,Prevotellaceae,Prevotellaceae UCG-003,Prevotellaceae_UCG-003_NA
ASV_3310,Bacteria,Bacteroidota,Bacteroidia,Bacteroidales,F082,NA,NA_NA
ASV_3311,Bacteria,Bacteroidota,Bacteroidia,Bacteroidales,Rikenellaceae,Rikenellaceae RC9 gut group,Rikenellaceae_RC9_gut_group_NA
ASV_3312,Bacteria,Pseudomonadota,Gammaproteobacteria,Pseudomonadales,Pseudomonadaceae,Pseudomonas,Pseudomonas_NA
ASV_3313,Bacteria,Bacteroidota,Bacteroidia,Flavobacteriales,Flavobacteriaceae,Flavobacterium,Flavobacterium_NA
ASV_3314,Bacteria,Bacillota,Bacilli,Lactobacillales,Lactobacillaceae,Leuconostoc,Leuconostoc_pseudomesenteroides
ASV_3315,Bacteria,Bacteroidota,Bacteroidia,Bacteroidales,Bacteroidaceae,Bacteroides,Bacteroides_salanitronis
ASV_3316,Bacteria,Actinomycetota,Coriobacteriia,Coriobacteriales,Coriobacteriaceae,Collinsella,Collinsella_massiliensis
ASV_3317,Bacteria,Pseudomonadota,Alphaproteobacteria,Sphingomonadales,Sphingomonadaceae,Sphingomonas,Sphingomonas_faeni
ASV_3318,Bacteria,Actinomycetota,Actinobacteria,Micrococcales,Microbacteriaceae,Frondihabitans,Frondihabitans_NA
ASV_3319,Bacteria,Pseudomonadota,Alphaproteobacteria,Sphingomonadales,Sphingomonadaceae,Rhizorhabdus,Rhizorhabdus_NA
ASV_3320,Bacteria,Pseudomonadota,Gammaproteobacteria,Enterobacterales,Succinivibrionaceae,Anaerobiospirillum,Anaerobiospirillum_succiniciproducens
ASV_3321,Bacteria,Bacteroidota,Bacteroidia,Bacteroidales,Rikenellaceae,Alistipes,Alistipes_NA
ASV_3322,Bacteria,Bacillota,Bacilli,Lactobacillales,Vagococcaceae,Vagococcus,Vagococcus_teuberi
ASV_3323,Bacteria,Actinomycetota,Coriobacteriia,Coriobacteriales,Eggerthellaceae,NA,NA_NA
ASV_3324,Bacteria,Bacteroidota,Bacteroidia,Bacteroidales,Bacteroidaceae,Bacteroides,Bacteroides_sp.
ASV_3325,Bacteria,Bacillota,Bacilli,Erysipelotrichales,Erysipelotrichaceae,Solobacterium,Solobacterium_NA
ASV_3326,Bacteria,Bacillota,Clostridia,Christensenellales,Christensenellaceae,Christensenellaceae R-7 group,Christensenellaceae_R-7_group_NA
ASV_3327,Bacteria,Bacillota,Clostridia,Lachnospirales,Lachnospiraceae,NA,NA_NA
ASV_3328,Bacteria,Bacillota,Clostridia,Lachnospirales,Lachnospiraceae,Lachnospiraceae AC2044 group,Lachnospiraceae_AC2044_group_NA
ASV_3329,Bacteria,Bacteroidota,Bacteroidia,Flavobacteriales,Flavobacteriaceae,Myroides,Myroides_marinus
ASV_3330,Bacteria,Planctomycetota,Planctomycetes,Pirellulales,Pirellulaceae,NA,NA_NA
ASV_3331,Bacteria,Pseudomonadota,Gammaproteobacteria,Enterobacterales,Budviciaceae,Pragia,Pragia_NA
ASV_3332,Bacteria,Bacillota,Clostridia,Peptostreptococcales-Tissierellales,Anaerovoracaceae,NA,NA_NA
ASV_3333,Bacteria,Bacillota,Clostridia,Oscillospirales,Butyricicoccaceae,UCG-009,UCG-009_NA
ASV_3334,Bacteria,Acidobacteriota,Acidobacteriae,Bryobacterales,Bryobacteraceae,Bryobacter,Bryobacter_NA
ASV_3335,Bacteria,Bacteroidota,Bacteroidia,Bacteroidales,Prevotellaceae,Xylanibacter,Xylanibacter_NA
ASV_3336,Bacteria,Bacillota,Clostridia,Oscillospirales,UCG-010,NA,NA_NA
ASV_3337,Bacteria,Bacillota,Clostridia,Christensenellales,Christensenellaceae,Christensenellaceae R-7 group,Christensenellaceae_R-7_group_NA
ASV_3338,Bacteria,Bacillota,Clostridia,Lachnospirales,Lachnospiraceae,Lachnospiraceae NK3A20 group,Lachnospiraceae_NK3A20_group_NA
ASV_3339,Bacteria,Chlamydiota,Chlamydiia,Chlamydiales,Parachlamydiaceae,NA,NA_NA
ASV_3340,Bacteria,Bacillota,Bacilli,Erysipelotrichales,Erysipelatoclostridiaceae,Catenibacterium,Catenibacterium_NA
ASV_3341,Bacteria,Cyanobacteriota,Cyanobacteriia,Chloroplast,NA,NA,NA_NA
ASV_3342,Bacteria,Cyanobacteriota,Cyanobacteriia,Chloroplast,NA,NA,NA_NA
ASV_3343,Bacteria,Pseudomonadota,Gammaproteobacteria,Burkholderiales,Comamonadaceae,Comamonas,Comamonas_denitrificans
ASV_3344,Bacteria,Bacillota,Bacilli,Erysipelotrichales,Erysipelotrichaceae,Erysipelothrix,Erysipelothrix_NA
ASV_3345,Bacteria,Planctomycetota,vadinHA49,NA,NA,NA,NA_NA
ASV_3346,Bacteria,Bacillota,Clostridia,Peptostreptococcales-Tissierellales,NA,NA,NA_NA
ASV_3347,Bacteria,Bacillota,Bacilli,RF39,NA,NA,NA_NA
ASV_3348,Bacteria,Bacillota,Clostridia,Clostridiales,Clostridiaceae,Sarcina,Sarcina_NA
ASV_3349,Bacteria,Actinomycetota,Coriobacteriia,Coriobacteriales,Coriobacteriaceae,Collinsella,Collinsella_NA
ASV_3350,Bacteria,Bacteroidota,Bacteroidia,Flavobacteriales,Flavobacteriaceae,Myroides,Myroides_odoratus
ASV_3351,Bacteria,Bacillota,Clostridia,Oscillospirales,NA,NA,NA_NA
ASV_3352,Bacteria,Actinomycetota,Actinobacteria,Micrococcales,Microbacteriaceae,NA,NA_NA
ASV_3353,Bacteria,Pseudomonadota,Alphaproteobacteria,Rickettsiales,Mitochondria,NA,NA_NA
ASV_3354,Bacteria,Bacteroidota,Bacteroidia,Bacteroidales,Prevotellaceae,Prevotellaceae UCG-004,Prevotellaceae_UCG-004_NA
ASV_3355,Bacteria,Bacillota,Clostridia,Oscillospirales,UCG-010,NA,NA_NA
ASV_3356,Bacteria,Bacillota,Clostridia,Oscillospirales,Ruminococcaceae,Ruminococcus,Ruminococcus_NA
ASV_3357,Bacteria,Bacillota,Clostridia,Lachnospirales,Lachnospiraceae,Lachnospiraceae UCG-010,Lachnospiraceae_UCG-010_NA
ASV_3358,Bacteria,Pseudomonadota,Alphaproteobacteria,Holosporales,Holosporaceae,Holospora,Holospora_sp.
ASV_3359,Bacteria,Bacteroidota,Bacteroidia,Bacteroidales,Dysgonomonadaceae,Dysgonomonas,Dysgonomonas_alginatilytica
ASV_3360,Bacteria,Pseudomonadota,Alphaproteobacteria,Rhodobacterales,Paracoccaceae,Paracoccus,Paracoccus_marinus
ASV_3361,Bacteria,Bacteroidota,Bacteroidia,Flavobacteriales,Flavobacteriaceae,Myroides,Myroides_NA
ASV_3362,Bacteria,Pseudomonadota,Gammaproteobacteria,Pseudomonadales,Moraxellaceae,Acinetobacter,Acinetobacter_bereziniae
ASV_3363,Bacteria,Pseudomonadota,Alphaproteobacteria,Rickettsiales,Mitochondria,NA,NA_NA
ASV_3364,Bacteria,Bacteroidota,Bacteroidia,Bacteroidales,Bacteroidaceae,Bacteroides,Bacteroides_thetaiotaomicron
ASV_3365,Bacteria,Spirochaetota,Spirochaetia,Spirochaetales,Spirochaetaceae,Treponema,Treponema_brennaborense
ASV_3366,Bacteria,Bacillota,Clostridia,Oscillospirales,Butyricicoccaceae,Butyricicoccus,Butyricicoccus_NA
ASV_3367,Bacteria,Bacteroidota,Bacteroidia,Bacteroidales,Rikenellaceae,Rikenellaceae RC9 gut group,Rikenellaceae_RC9_gut_group_NA
ASV_3368,Bacteria,Bacteroidota,Bacteroidia,Bacteroidales,Bacteroidales RF16 group,NA,NA_NA
ASV_3369,Bacteria,Verrucomicrobiota,Kiritimatiellia,WCHB1-41,NA,NA,NA_NA
ASV_3370,Bacteria,Bacteroidota,Bacteroidia,Bacteroidales,Rikenellaceae,Rikenellaceae RC9 gut group,Rikenellaceae_RC9_gut_group_NA
ASV_3371,Bacteria,Bacillota,Clostridia,Lachnospirales,Lachnospiraceae,NA,NA_NA
ASV_3372,Bacteria,Bacillota,Clostridia,Oscillospirales,UCG-010,NA,NA_NA
ASV_3373,Bacteria,Bacillota,Clostridia,Oscillospirales,Ruminococcaceae,NA,NA_NA
ASV_3374,Bacteria,Bacteroidota,Bacteroidia,Flavobacteriales,Weeksellaceae,Chryseobacterium,Chryseobacterium_indologenes
ASV_3375,Bacteria,Bacillota,Clostridia,Peptostreptococcales-Tissierellales,Family XI,Tissierella,Tissierella_NA
ASV_3376,Bacteria,Pseudomonadota,Gammaproteobacteria,Pseudomonadales,Pseudomonadaceae,Pseudomonas,Pseudomonas_frederiksbergensis
ASV_3377,Bacteria,Bacteroidota,Bacteroidia,Bacteroidales,Tannerellaceae,Parabacteroides,Parabacteroides_NA
ASV_3378,Bacteria,Bacillota,Clostridia,Clostridia UCG-014,NA,NA,NA_NA
ASV_3379,Bacteria,Actinomycetota,Actinobacteria,Mycobacteriales,Mycobacteriaceae,Mycobacterium,Mycobacterium_NA
ASV_3380,Bacteria,Bacillota,Clostridia,Oscillospirales,Butyricicoccaceae,NA,NA_NA
ASV_3381,Bacteria,Bacillota,Clostridia,Oscillospirales,Ruminococcaceae,Ruminococcus,Ruminococcus_NA
ASV_3382,Bacteria,Bacillota,Clostridia,Monoglobales,Monoglobaceae,Monoglobus,Monoglobus_NA
ASV_3383,Bacteria,Bacteroidota,Bacteroidia,Bacteroidales,Prevotellaceae,Prevotellaceae UCG-001,Prevotellaceae_UCG-001_NA
ASV_3384,Bacteria,Bacillota,Clostridia,Oscillospirales,Ruminococcaceae,Ruminococcus,Ruminococcus_NA
ASV_3385,Bacteria,Bacillota,Clostridia,Oscillospirales,UCG-010,NA,NA_NA
ASV_3386,Bacteria,Bacteroidota,Bacteroidia,Bacteroidales,Bacteroidaceae,Bacteroides,Bacteroides_coprocola
ASV_3387,Bacteria,Bacillota,Negativicutes,Veillonellales-Selenomonadales,Selenomonadaceae,Megamonas,Megamonas_funiformis
ASV_3388,Bacteria,Pseudomonadota,Alphaproteobacteria,Sphingomonadales,Sphingomonadaceae,Sphingomonas,Sphingomonas_paucimobilis
ASV_3389,Bacteria,Bacillota,Clostridia,Oscillospirales,[Eubacterium] coprostanoligenes group,NA,NA_NA
ASV_3390,Bacteria,Bacillota,Clostridia,Peptostreptococcales-Tissierellales,Family XI,Peptoniphilus,Peptoniphilus_stercorisuis
ASV_3391,Bacteria,Pseudomonadota,Alphaproteobacteria,Rhodospirillales,NA,NA,NA_NA
ASV_3392,Bacteria,Bacillota,Clostridia,Oscillospirales,Ruminococcaceae,Acutalibacter,Acutalibacter_NA
ASV_3393,Bacteria,Pseudomonadota,Gammaproteobacteria,Pseudomonadales,Pseudomonadaceae,Pseudomonas,Pseudomonas_veronii
ASV_3394,Bacteria,Bacillota,Clostridia,Oscillospirales,[Eubacterium] coprostanoligenes group,NA,NA_NA
ASV_3395,Bacteria,Verrucomicrobiota,Kiritimatiellia,WCHB1-41,NA,NA,NA_NA
ASV_3396,Bacteria,Bacillota,Bacilli,Erysipelotrichales,Erysipelotrichaceae,NA,NA_NA
ASV_3397,Bacteria,Bacillota,Clostridia,Lachnospirales,Lachnospiraceae,Lachnospiraceae UCG-006,Lachnospiraceae_UCG-006_NA
ASV_3398,Bacteria,Bacillota,Clostridia,Peptostreptococcales-Tissierellales,Anaerovoracaceae,Mogibacterium,Mogibacterium_NA
ASV_3399,Bacteria,Bacteroidota,Bacteroidia,Bacteroidales,Bacteroidaceae,Bacteroides,Bacteroides_NA
ASV_3400,Bacteria,Bacillota,Clostridia,Lachnospirales,Lachnospiraceae,Lachnospiraceae NK4A136 group,Lachnospiraceae_NK4A136_group_NA
ASV_3401,Bacteria,Bacteroidota,Bacteroidia,Bacteroidales,Bacteroidales RF16 group,NA,NA_NA
ASV_3402,Bacteria,Pseudomonadota,Alphaproteobacteria,Rhodobacterales,Paracoccaceae,NA,NA_NA
ASV_3403,Bacteria,Bacillota,Clostridia,Oscillospirales,UCG-010,NA,NA_NA
ASV_3404,Bacteria,Bacillota,Clostridia,Oscillospirales,Oscillospiraceae,UCG-005,UCG-005_NA
ASV_3405,Bacteria,Bacillota,Clostridia,Oscillospirales,Ruminococcaceae,NA,NA_NA
ASV_3406,Bacteria,Bacillota,Clostridia,Oscillospirales,NA,NA,NA_NA
ASV_3407,Bacteria,Bacteroidota,Bacteroidia,Bacteroidales,Prevotellaceae,Prevotellaceae UCG-003,Prevotellaceae_UCG-003_NA
ASV_3408,Bacteria,Bacillota,Bacilli,RF39,NA,NA,NA_NA
ASV_3409,Bacteria,Bacteroidota,Bacteroidia,Bacteroidales,Dysgonomonadaceae,Dysgonomonas,Dysgonomonas_NA
ASV_3410,Bacteria,Bacillota,Clostridia,Lachnospirales,Lachnospiraceae,Blautia,Blautia_glucerasea
ASV_3411,Bacteria,Bacteroidota,Bacteroidia,Bacteroidales,Rikenellaceae,Rikenellaceae RC9 gut group,Rikenellaceae_RC9_gut_group_NA
ASV_3412,Bacteria,Bacteroidota,Bacteroidia,Bacteroidales,Bacteroidaceae,Bacteroides,Bacteroides_NA
ASV_3413,Bacteria,Bacteroidota,Bacteroidia,Flavobacteriales,Weeksellaceae,Empedobacter,Empedobacter_sp.
ASV_3414,Bacteria,Bacteroidota,Bacteroidia,Bacteroidales,Rikenellaceae,Rikenellaceae RC9 gut group,Rikenellaceae_RC9_gut_group_NA
ASV_3415,Eukaryota,NA,NA,NA,NA,NA,NA_NA
ASV_3416,Bacteria,Bacillota,Clostridia,Clostridiales,Clostridiaceae,Clostridium,Clostridium_sp.
ASV_3417,Bacteria,Bacteroidota,Bacteroidia,Bacteroidales,Tannerellaceae,Parabacteroides,Parabacteroides_distasonis
ASV_3418,Bacteria,Bacillota,Clostridia,Oscillospirales,[Eubacterium] coprostanoligenes group,NA,NA_NA
ASV_3419,Bacteria,Bacillota,Clostridia,Oscillospirales,Ruminococcaceae,Fournierella,Fournierella_NA
ASV_3420,Bacteria,Bacillota,Bacilli,Bacillales,Planococcaceae,Kurthia,Kurthia_sp.
ASV_3421,Bacteria,Cyanobacteriota,Vampirivibrionia,Gastranaerophilales,Gastranaerophilaceae,Zag_111,Zag_111_NA
ASV_3422,Bacteria,Bacillota,Bacilli,Bacillales,Bacillaceae,Neobacillus,Neobacillus_NA
ASV_3423,Bacteria,Pseudomonadota,Gammaproteobacteria,Burkholderiales,Rhodocyclaceae,C39,C39_NA
ASV_3424,Bacteria,Bacillota,Bacilli,Lactobacillales,Enterococcaceae,Enterococcus,Enterococcus_sulfureus
ASV_3425,Bacteria,Bacillota,Clostridia,Oscillospirales,Oscillospiraceae,UCG-005,UCG-005_NA
ASV_3426,Bacteria,Bacillota,Bacilli,RF39,NA,NA,NA_NA
ASV_3427,Bacteria,Verrucomicrobiota,Kiritimatiellia,WCHB1-41,NA,NA,NA_NA
ASV_3428,Bacteria,Bacteroidota,Bacteroidia,Bacteroidales,Bacteroidales RF16 group,NA,NA_NA
ASV_3429,Bacteria,Bacillota,Clostridia,Oscillospirales,UCG-010,NA,NA_NA
ASV_3430,Bacteria,Bacteroidota,Bacteroidia,Bacteroidales,Bacteroidales BS11 gut group,NA,NA_NA
ASV_3431,Bacteria,Bacteroidota,Bacteroidia,Bacteroidales,Bacteroidaceae,Bacteroides,Bacteroides_sp.
ASV_3432,Bacteria,Bacteroidota,Bacteroidia,Bacteroidales,Tannerellaceae,Parabacteroides,Parabacteroides_NA
ASV_3433,Bacteria,Pseudomonadota,Alphaproteobacteria,Acetobacterales,Acetobacteraceae,Tanticharoenia,Tanticharoenia_sakaeratensis
ASV_3434,Bacteria,Bacteroidota,Bacteroidia,Bacteroidales,Bacteroidaceae,Bacteroides,Bacteroides_plebeius
ASV_3435,Bacteria,Bacillota,Clostridia,Clostridia UCG-014,NA,NA,NA_NA
ASV_3436,Bacteria,Bacillota,Clostridia,Oscillospirales,Oscillospiraceae,Oscillospira,Oscillospira_NA
ASV_3437,Bacteria,Bacteroidota,Bacteroidia,Bacteroidales,Prevotellaceae,Prevotellaceae NK3B31 group,Prevotellaceae_NK3B31_group_NA
ASV_3438,Bacteria,Bacteroidota,Bacteroidia,Bacteroidales,Prevotellaceae,Xylanibacter,Xylanibacter_NA
ASV_3439,Bacteria,Bacillota,Bacilli,RF39,NA,NA,NA_NA
ASV_3440,Bacteria,Bacillota,Clostridia,Oscillospirales,UCG-010,NA,NA_NA
ASV_3441,Bacteria,Patescibacteria,Gracilibacteria,Absconditabacteriales (SR1),NA,NA,NA_NA
ASV_3442,Bacteria,Bacteroidota,Bacteroidia,Chitinophagales,Chitinophagaceae,Ferruginibacter,Ferruginibacter_NA
ASV_3443,Bacteria,Bacillota,Clostridia,Oscillospirales,Oscillospiraceae,NA,NA_NA
ASV_3444,Bacteria,Bacillota,Clostridia,Oscillospirales,UCG-010,NA,NA_NA
ASV_3445,Bacteria,Bacillota,Clostridia,Monoglobales,Monoglobaceae,Monoglobus,Monoglobus_NA
ASV_3446,Bacteria,Bacillota,Clostridia,Peptostreptococcales-Tissierellales,Family XI,Tissierella,Tissierella_NA
ASV_3447,Bacteria,Bacteroidota,Bacteroidia,Bacteroidales,Dysgonomonadaceae,Dysgonomonas,Dysgonomonas_NA
ASV_3448,Bacteria,Bacteroidota,Bacteroidia,Bacteroidales,Tannerellaceae,Macellibacteroides,Macellibacteroides_NA
ASV_3449,Eukaryota,NA,NA,NA,NA,NA,NA_NA
ASV_3450,Bacteria,Bacteroidota,Bacteroidia,Bacteroidales,Bacteroidaceae,Bacteroides,Bacteroides_NA
ASV_3451,Bacteria,Bacillota,Clostridia,Clostridia vadinBB60 group,NA,NA,NA_NA
ASV_3452,Bacteria,Pseudomonadota,Gammaproteobacteria,Enterobacterales,Erwiniaceae,Erwinia,Erwinia_amylovora
ASV_3453,Bacteria,Pseudomonadota,Alphaproteobacteria,Rhodobacterales,Paracoccaceae,NA,NA_NA
ASV_3454,Bacteria,Bacillota,Clostridia,Oscillospirales,Ruminococcaceae,Pygmaiobacter,Pygmaiobacter_NA
ASV_3455,Bacteria,Pseudomonadota,Gammaproteobacteria,Enterobacterales,Pasteurellaceae,Rodentibacter,Rodentibacter_NA
ASV_3456,Bacteria,Bacillota,Clostridia,Oscillospirales,Oscillospiraceae,NK4A214 group,NK4A214_group_NA
ASV_3457,Bacteria,Bacillota,Clostridia,Oscillospirales,[Eubacterium] coprostanoligenes group,NA,NA_NA
ASV_3458,Bacteria,Pseudomonadota,Gammaproteobacteria,Pseudomonadales,Pseudomonadaceae,Pseudomonas,Pseudomonas_viridiflava
ASV_3459,Bacteria,Thermodesulfobacteriota,Desulfovibrionia,Desulfovibrionales,Desulfovibrionaceae,Desulfovibrio,Desulfovibrio_sp.
ASV_3460,Bacteria,Pseudomonadota,Alphaproteobacteria,Rickettsiales,Mitochondria,NA,NA_NA
ASV_3461,Bacteria,Bacillota,Clostridia,Lachnospirales,Lachnospiraceae,Lachnospiraceae UCG-006,Lachnospiraceae_UCG-006_NA
ASV_3462,Bacteria,Bacillota,Clostridia,Lachnospirales,Lachnospiraceae,Lachnoclostridium,Lachnoclostridium_NA
ASV_3463,Bacteria,Bacillota,Clostridia,Oscillospirales,Oscillospiraceae,Intestinimonas,Intestinimonas_NA
ASV_3464,Bacteria,Bacillota,Clostridia,Oscillospirales,Oscillospiraceae,UCG-005,UCG-005_NA
ASV_3465,Bacteria,Bacteroidota,Bacteroidia,Bacteroidales,Prevotellaceae,Xylanibacter,Xylanibacter_NA
ASV_3466,Bacteria,Bacillota,Clostridia,Oscillospirales,Ruminococcaceae,Ruminococcus,Ruminococcus_NA
ASV_3467,Bacteria,Bacillota,Bacilli,RF39,NA,NA,NA_NA
ASV_3468,Bacteria,Bacillota,Clostridia,Oscillospirales,Butyricicoccaceae,NA,NA_NA
ASV_3469,Bacteria,Actinomycetota,Coriobacteriia,Coriobacteriales,Eggerthellaceae,Adlercreutzia,Adlercreutzia_NA
ASV_3470,Bacteria,Bacillota,Clostridia,Lachnospirales,Lachnospiraceae,NA,NA_NA
ASV_3471,Bacteria,Bacillota,Negativicutes,Acidaminococcales,Acidaminococcaceae,Acidaminococcus,Acidaminococcus_NA
ASV_3472,Bacteria,Actinomycetota,Coriobacteriia,Coriobacteriales,Atopobiaceae,Tractidigestivibacter,Tractidigestivibacter_montrealensis
ASV_3473,Bacteria,Bacteroidota,Bacteroidia,Bacteroidales,Dysgonomonadaceae,Dysgonomonas,Dysgonomonas_NA
ASV_3474,Bacteria,Bacillota,Clostridia,Oscillospirales,[Eubacterium] coprostanoligenes group,NA,NA_NA
ASV_3475,Bacteria,Bacteroidota,Bacteroidia,Bacteroidales,Bacteroidaceae,Bacteroides,Bacteroides_NA
ASV_3476,Bacteria,Pseudomonadota,Gammaproteobacteria,Pseudomonadales,Pseudomonadaceae,Pseudomonas,Pseudomonas_oryzihabitans
ASV_3477,Bacteria,Bacteroidota,Bacteroidia,Bacteroidales,Prevotellaceae,Segatella,Segatella_NA
ASV_3478,Bacteria,Bacillota,Negativicutes,Acidaminococcales,Acidaminococcaceae,Phascolarctobacterium,Phascolarctobacterium_NA
ASV_3479,Bacteria,Bacillota,Bacilli,Erysipelotrichales,Erysipelotrichaceae,Allobaculum,Allobaculum_sp.
ASV_3480,Bacteria,Bacteroidota,Bacteroidia,Bacteroidales,NA,NA,NA_NA
ASV_3481,Bacteria,Pseudomonadota,Gammaproteobacteria,Burkholderiales,Sutterellaceae,Sutterella,Sutterella_NA
ASV_3482,Bacteria,Pseudomonadota,Alphaproteobacteria,Rickettsiales,Mitochondria,NA,NA_NA
ASV_3483,Bacteria,Pseudomonadota,Gammaproteobacteria,Burkholderiales,Burkholderiaceae,Robbsia,Robbsia_andropogonis
ASV_3484,Bacteria,Spirochaetota,Spirochaetia,Spirochaetales,Spirochaetaceae,Treponema,Treponema_NA
ASV_3485,Bacteria,Actinomycetota,Coriobacteriia,Coriobacteriales,Eggerthellaceae,Slackia,Slackia_piriformis
ASV_3486,Bacteria,Bacillota,Clostridia,Oscillospirales,Oscillospiraceae,UCG-005,UCG-005_NA
ASV_3487,Bacteria,Bacillota,Clostridia,Oscillospirales,Oscillospiraceae,NA,NA_NA
ASV_3488,Bacteria,Bacillota,Clostridia,Oscillospirales,UCG-010,NA,NA_NA
ASV_3489,Bacteria,Bacillota,Clostridia,Lachnospirales,Lachnospiraceae,NA,NA_NA
ASV_3490,Bacteria,Bacillota,Negativicutes,Veillonellales-Selenomonadales,Selenomonadaceae,Schwartzia,Schwartzia_NA
ASV_3491,Bacteria,Bacteroidota,Bacteroidia,Bacteroidales,Bacteroidaceae,Bacteroides,Bacteroides_barnesiae
ASV_3492,Bacteria,Pseudomonadota,Gammaproteobacteria,Cardiobacteriales,Wohlfahrtiimonadaceae,Koukoulia,Koukoulia_aurantiaca
ASV_3493,Bacteria,Bacillota,Negativicutes,Acidaminococcales,Acidaminococcaceae,Succiniclasticum,Succiniclasticum_NA
ASV_3494,Bacteria,Bacteroidota,Bacteroidia,Bacteroidales,Tannerellaceae,NA,NA_NA
ASV_3495,Bacteria,Thermodesulfobacteriota,Desulfovibrionia,Desulfovibrionales,Desulfovibrionaceae,NA,NA_NA
ASV_3496,Bacteria,Bacteroidota,Bacteroidia,Bacteroidales,Muribaculaceae,NA,NA_NA
ASV_3497,Archaea,Methanobacteriota,Methanobacteria,Methanobacteriales,Methanobacteriaceae,Methanobrevibacter,Methanobrevibacter_wolinii
ASV_3498,Bacteria,Bacillota,Bacilli,RF39,NA,NA,NA_NA
ASV_3499,Bacteria,Bacillota,Clostridia,Oscillospirales,Ruminococcaceae,Ruminococcus,Ruminococcus_NA
ASV_3500,Bacteria,Bacteroidota,Bacteroidia,Bacteroidales,Prevotellaceae,Xylanibacter,Xylanibacter_NA
ASV_3501,Bacteria,NA,NA,NA,NA,NA,NA_NA
ASV_3502,Bacteria,Bacteroidota,Bacteroidia,Bacteroidales,F082,NA,NA_NA
ASV_3503,Bacteria,Bacillota,Clostridia,Lachnospirales,Lachnospiraceae,NA,NA_NA
ASV_3504,Bacteria,Bacillota,Bacilli,RF39,NA,NA,NA_NA
ASV_3505,Bacteria,Bacillota,Clostridia,Oscillospirales,Ruminococcaceae,NA,NA_NA
ASV_3506,Bacteria,Actinomycetota,Actinobacteria,Micrococcales,Dermacoccaceae,Dermacoccus,Dermacoccus_sp.
ASV_3507,Bacteria,Actinomycetota,Coriobacteriia,Coriobacteriales,Coriobacteriaceae,Collinsella,Collinsella_aerofaciens
ASV_3508,Bacteria,Bacillota,Clostridia,Lachnospirales,Lachnospiraceae,NA,NA_NA
ASV_3509,Bacteria,Bacillota,Clostridia,Oscillospirales,[Eubacterium] coprostanoligenes group,NA,NA_NA
ASV_3510,Bacteria,Bacteroidota,Bacteroidia,Bacteroidales,Bacteroidaceae,Bacteroides,Bacteroides_propionicifaciens
ASV_3511,Bacteria,Bacteroidota,Bacteroidia,Bacteroidales,Muribaculaceae,NA,NA_NA
ASV_3512,Bacteria,Bacillota,Clostridia,Lachnospirales,Lachnospiraceae,Fusicatenibacter,Fusicatenibacter_saccharivorans
ASV_3513,Bacteria,Bacillota,Clostridia,Lachnospirales,Lachnospiraceae,Lachnospiraceae NK3A20 group,Lachnospiraceae_NK3A20_group_NA
ASV_3514,Bacteria,Pseudomonadota,Alphaproteobacteria,Rickettsiales,Anaplasmataceae,Wolbachia,Wolbachia_NA
ASV_3515,Bacteria,Bacillota,Clostridia,Lachnospirales,Lachnospiraceae,Lachnospiraceae UCG-002,Lachnospiraceae_UCG-002_NA
ASV_3516,Bacteria,Bacteroidota,Bacteroidia,Sphingobacteriales,Sphingobacteriaceae,Pedobacter,Pedobacter_ginsengisoli
ASV_3517,Bacteria,Bacillota,Clostridia,Oscillospirales,[Eubacterium] coprostanoligenes group,NA,NA_NA
ASV_3518,Bacteria,Bacillota,Clostridia,Oscillospirales,[Eubacterium] coprostanoligenes group,NA,NA_NA
ASV_3519,Bacteria,Bacteroidota,Bacteroidia,Bacteroidales,Rikenellaceae,Rikenellaceae RC9 gut group,Rikenellaceae_RC9_gut_group_NA
ASV_3520,Bacteria,Bacillota,Clostridia,Oscillospirales,Oscillospiraceae,NK4A214 group,NK4A214_group_NA
ASV_3521,Bacteria,Bacillota,Clostridia,Oscillospirales,Ruminococcaceae,NA,NA_NA
ASV_3522,Bacteria,Verrucomicrobiota,Kiritimatiellia,WCHB1-41,NA,NA,NA_NA
ASV_3523,Bacteria,Bacteroidota,Bacteroidia,Bacteroidales,Dysgonomonadaceae,Dysgonomonas,Dysgonomonas_NA
ASV_3524,Bacteria,Bacillota,Clostridia,Oscillospirales,Oscillospiraceae,NK4A214 group,NK4A214_group_NA
ASV_3525,Bacteria,Bacillota,Clostridia,Oscillospirales,Ruminococcaceae,Acutalibacter,Acutalibacter_NA
ASV_3526,Bacteria,Bacillota,Bacilli,RF39,NA,NA,NA_NA
ASV_3527,Bacteria,Bacillota,Clostridia,Oscillospirales,UCG-010,NA,NA_NA
ASV_3528,Bacteria,Bacillota,Clostridia,Lachnospirales,Lachnospiraceae,Lachnospiraceae UCG-010,Lachnospiraceae_UCG-010_NA
ASV_3529,Bacteria,Patescibacteria,Saccharimonadia,Saccharimonadales,Saccharimonadaceae,Candidatus Saccharimonas,Candidatus_Saccharimonas_NA
ASV_3530,Bacteria,Bacillota,Bacilli,Erysipelotrichales,Erysipelatoclostridiaceae,Kandleria,Kandleria_vitulina
ASV_3531,Bacteria,Bacillota,Bacilli,RF39,NA,NA,NA_NA
ASV_3532,Bacteria,Bacillota,Clostridia,Oscillospirales,UCG-010,NA,NA_NA
ASV_3533,Bacteria,Bacillota,Clostridia,Lachnospirales,Lachnospiraceae,Mediterraneibacter,Mediterraneibacter_NA
ASV_3534,Bacteria,Bacillota,Clostridia,Lachnospirales,Lachnospiraceae,NA,NA_NA
ASV_3535,Bacteria,Actinomycetota,Actinobacteria,Micrococcales,Microbacteriaceae,Leucobacter,Leucobacter_sp.
ASV_3536,Bacteria,Bacillota,Clostridia,Peptostreptococcales-Tissierellales,Anaerovoracaceae,Mogibacterium,Mogibacterium_NA
ASV_3537,Bacteria,Actinomycetota,Actinobacteria,Mycobacteriales,Nocardiaceae,Rhodococcus,Rhodococcus_corynebacterioides
ASV_3538,Bacteria,Bacillota,Bacilli,Lactobacillales,Lactobacillaceae,Weissella,Weissella_viridescens
ASV_3539,Bacteria,Bacillota,Clostridia,Lachnospirales,Lachnospiraceae,NA,NA_NA
ASV_3540,Bacteria,Pseudomonadota,Gammaproteobacteria,Burkholderiales,Sutterellaceae,Parasutterella,Parasutterella_secunda
ASV_3541,Bacteria,Bacteroidota,Bacteroidia,Flavobacteriales,Flavobacteriaceae,Myroides,Myroides_profundi
ASV_3542,Bacteria,Bacillota,Bacilli,Erysipelotrichales,Erysipelatoclostridiaceae,Massiliomicrobiota,Massiliomicrobiota_timonensis
ASV_3543,Bacteria,Pseudomonadota,Alphaproteobacteria,Micavibrionales,NA,NA,NA_NA
ASV_3544,Bacteria,Bacteroidota,Bacteroidia,Chitinophagales,Chitinophagaceae,Ferruginibacter,Ferruginibacter_NA
ASV_3545,Bacteria,Bacillota,Bacilli,Lactobacillales,Lactobacillaceae,Limosilactobacillus,Limosilactobacillus_oris
ASV_3546,Bacteria,Bacteroidota,Bacteroidia,Bacteroidales,Rikenellaceae,dgA-11 gut group,dgA-11_gut_group_NA
ASV_3547,Bacteria,Bacillota,Clostridia,Lachnospirales,Lachnospiraceae,Anaerobutyricum,Anaerobutyricum_NA
ASV_3548,Bacteria,Bacillota,Clostridia,Oscillospirales,Ruminococcaceae,Ruminococcus,Ruminococcus_NA
ASV_3549,Bacteria,Bacteroidota,Bacteroidia,Bacteroidales,Rikenellaceae,Rikenellaceae RC9 gut group,Rikenellaceae_RC9_gut_group_NA
ASV_3550,Bacteria,Bacillota,Bacilli,RF39,NA,NA,NA_NA
ASV_3551,Bacteria,Bacillota,Clostridia,Lachnospirales,Lachnospiraceae,Oribacterium,Oribacterium_NA
ASV_3552,Bacteria,Bacillota,Negativicutes,Acidaminococcales,Acidaminococcaceae,Phascolarctobacterium,Phascolarctobacterium_NA
ASV_3553,Bacteria,Bacteroidota,Bacteroidia,Bacteroidales,Rikenellaceae,Rikenellaceae RC9 gut group,Rikenellaceae_RC9_gut_group_NA
ASV_3554,Bacteria,Bacillota,Clostridia,Lachnospirales,Lachnospiraceae,Lachnospiraceae ND3007 group,Lachnospiraceae_ND3007_group_NA
ASV_3555,Bacteria,Bacillota,Bacilli,Erysipelotrichales,Erysipelatoclostridiaceae,UCG-004,UCG-004_NA
ASV_3556,Bacteria,Bacillota,Clostridia,Clostridia UCG-014,NA,NA,NA_NA
ASV_3557,Bacteria,Bacillota,Clostridia,Peptostreptococcales-Tissierellales,Peptostreptococcaceae,Intestinibacter,Intestinibacter_NA
ASV_3558,Bacteria,Bacillota,Clostridia,Oscillospirales,Oscillospiraceae,NK4A214 group,NK4A214_group_NA
ASV_3559,Bacteria,Bacillota,Clostridia,Oscillospirales,UCG-010,NA,NA_NA
ASV_3560,Bacteria,Bacillota,Clostridia,Oscillospirales,UCG-010,NA,NA_NA
ASV_3561,Bacteria,Bacillota,Clostridia,Oscillospirales,Oscillospiraceae,NK4A214 group,NK4A214_group_NA
ASV_3562,Bacteria,Bacillota,Bacilli,RF39,NA,NA,NA_NA
ASV_3563,Bacteria,Bacillota,Bacilli,RF39,NA,NA,NA_NA
ASV_3564,Bacteria,Bacillota,Clostridia,Oscillospirales,Ruminococcaceae,NA,NA_NA
ASV_3565,Bacteria,Bacillota,Clostridia,Lachnospirales,Lachnospiraceae,NA,NA_NA
ASV_3566,Bacteria,Bacteroidota,Bacteroidia,Bacteroidales,Rikenellaceae,Rikenellaceae RC9 gut group,Rikenellaceae_RC9_gut_group_NA
ASV_3567,Bacteria,Bacillota,Clostridia,Oscillospirales,Ruminococcaceae,Ruminococcus,Ruminococcus_flavefaciens
ASV_3568,Bacteria,Verrucomicrobiota,Kiritimatiellia,WCHB1-41,NA,NA,NA_NA
ASV_3569,Bacteria,Bacillota,Clostridia,Oscillospirales,Ruminococcaceae,Ruthenibacterium,Ruthenibacterium_lactatiformans
ASV_3570,Bacteria,Bacillota,Bacilli,Lactobacillales,Streptococcaceae,Streptococcus,Streptococcus_hyointestinalis
ASV_3571,Bacteria,Pseudomonadota,Gammaproteobacteria,Pseudomonadales,Pseudomonadaceae,Pseudomonas,Pseudomonas_fragi
ASV_3572,Bacteria,Actinomycetota,Actinobacteria,Mycobacteriales,Corynebacteriaceae,Corynebacterium,Corynebacterium_pseudotuberculosis
ASV_3573,Bacteria,Actinomycetota,Coriobacteriia,Coriobacteriales,Coriobacteriaceae,NA,NA_NA
ASV_3574,Bacteria,Actinomycetota,Coriobacteriia,Coriobacteriales,Eggerthellaceae,Berryella,Berryella_NA
ASV_3575,Bacteria,Pseudomonadota,Gammaproteobacteria,Pseudomonadales,Moraxellaceae,Acinetobacter,Acinetobacter_bohemicus
ASV_3576,Bacteria,Bacteroidota,Bacteroidia,Bacteroidales,Bacteroidaceae,Bacteroides,Bacteroides_sp.
ASV_3577,Bacteria,Bacteroidota,Bacteroidia,Bacteroidales,Bacteroidaceae,Bacteroides,Bacteroides_NA
ASV_3578,Bacteria,Actinomycetota,Actinobacteria,Bifidobacteriales,Bifidobacteriaceae,Bifidobacterium,Bifidobacterium_catenulatum
ASV_3579,Bacteria,Pseudomonadota,Alphaproteobacteria,Rickettsiales,Mitochondria,NA,NA_NA
ASV_3580,Bacteria,Pseudomonadota,Alphaproteobacteria,Hyphomicrobiales,Beijerinckiaceae,Methylobacterium,Methylobacterium_adhaesivum
ASV_3581,Bacteria,Pseudomonadota,Gammaproteobacteria,Enterobacterales,Erwiniaceae,Tatumella,Tatumella_ptyseos
ASV_3582,Bacteria,Bacillota,Clostridia,Peptococcales,Peptococcaceae,Peptococcus,Peptococcus_NA
ASV_3583,Bacteria,Bacteroidota,Bacteroidia,Bacteroidales,Paludibacteraceae,NA,NA_NA
ASV_3584,Bacteria,Planctomycetota,Planctomycetes,Pirellulales,Pirellulaceae,p-1088-a5 gut group,p-1088-a5_gut_group_NA
ASV_3585,Bacteria,Cyanobacteriota,Vampirivibrionia,Gastranaerophilales,Gastranaerophilaceae,CAG-196,CAG-196_NA
ASV_3586,Bacteria,Bacillota,Clostridia,Oscillospirales,UCG-010,NA,NA_NA
ASV_3587,Bacteria,Bacillota,Clostridia,Oscillospirales,UCG-010,NA,NA_NA
ASV_3588,Bacteria,Bacillota,Clostridia,Lachnospirales,Lachnospiraceae,Lachnospiraceae NK4A136 group,Lachnospiraceae_NK4A136_group_NA
ASV_3589,Bacteria,Bacillota,Bacilli,Lactobacillales,Lactobacillaceae,Weissella,Weissella_paramesenteroides
ASV_3590,Bacteria,Bacillota,Clostridia,Oscillospirales,Oscillospiraceae,Intestinimonas,Intestinimonas_NA
ASV_3591,Bacteria,Bacillota,Clostridia,Christensenellales,Christensenellaceae,Christensenellaceae R-7 group,Christensenellaceae_R-7_group_NA
ASV_3592,Bacteria,Bacillota,Clostridia,Oscillospirales,Oscillospiraceae,Papillibacter,Papillibacter_NA
ASV_3593,Bacteria,Bacillota,Clostridia,Clostridia UCG-014,NA,NA,NA_NA
ASV_3594,Bacteria,Bacillota,Clostridia,Christensenellales,Christensenellaceae,Christensenellaceae R-7 group,Christensenellaceae_R-7_group_NA
ASV_3595,Bacteria,Bacillota,Clostridia,Oscillospirales,[Eubacterium] coprostanoligenes group,NA,NA_NA
ASV_3596,Bacteria,Bacillota,Clostridia,Christensenellales,Christensenellaceae,Christensenellaceae R-7 group,Christensenellaceae_R-7_group_NA
ASV_3597,Bacteria,Bacillota,Bacilli,RF39,NA,NA,NA_NA
ASV_3598,Bacteria,Cyanobacteriota,Vampirivibrionia,Gastranaerophilales,Gastranaerophilaceae,Zag_111,Zag_111_NA
ASV_3599,Bacteria,Bacillota,Bacilli,RF39,NA,NA,NA_NA
ASV_3600,Bacteria,Bacillota,Clostridia,Christensenellales,Christensenellaceae,Christensenellaceae R-7 group,Christensenellaceae_R-7_group_NA
ASV_3601,Bacteria,Bacteroidota,Bacteroidia,NA,NA,NA,NA_NA
ASV_3602,Bacteria,Bacillota,Clostridia,Lachnospirales,Lachnospiraceae,NA,NA_NA
ASV_3603,Bacteria,Bacteroidota,Bacteroidia,Bacteroidales,Bacteroidaceae,Bacteroides,Bacteroides_barnesiae
ASV_3604,Bacteria,Actinomycetota,Actinobacteria,Mycobacteriales,Corynebacteriaceae,Corynebacterium,Corynebacterium_sp.
ASV_3605,Bacteria,Bacillota,Clostridia,Clostridia vadinBB60 group,NA,NA,NA_NA
ASV_3606,Bacteria,Pseudomonadota,Alphaproteobacteria,Rickettsiales,Mitochondria,NA,NA_NA
ASV_3607,Bacteria,Pseudomonadota,Gammaproteobacteria,Pseudomonadales,Moraxellaceae,Acinetobacter,Acinetobacter_bohemicus
ASV_3608,NA,NA,NA,NA,NA,NA,NA_NA
ASV_3609,Bacteria,Campylobacterota,Campylobacteria,Campylobacterales,Helicobacteraceae,Helicobacter,Helicobacter_canadensis
ASV_3610,Bacteria,Bacillota,Bacilli,Erysipelotrichales,Erysipelotrichaceae,Absiella,Absiella_argi
ASV_3611,Bacteria,Bacillota,Clostridia,Oscillospirales,Oscillospiraceae,Oscillospira,Oscillospira_NA
ASV_3612,Bacteria,Bacteroidota,Bacteroidia,Bacteroidales,Paludibacteraceae,NA,NA_NA
ASV_3613,Bacteria,Bacillota,Clostridia,Peptostreptococcales-Tissierellales,Anaerovoracaceae,Mogibacterium,Mogibacterium_NA
ASV_3614,Bacteria,Bacillota,Clostridia,Oscillospirales,UCG-010,NA,NA_NA
ASV_3615,Bacteria,Bacillota,Bacilli,RF39,NA,NA,NA_NA
ASV_3616,Bacteria,Bacillota,Clostridia,Peptostreptococcales-Tissierellales,Anaerovoracaceae,Family XIII UCG-001,Family_XIII_UCG-001_NA
ASV_3617,Bacteria,Bacteroidota,Bacteroidia,Bacteroidales,Bacteroidaceae,Bacteroides,Bacteroides_sp.
ASV_3618,Bacteria,Actinomycetota,Actinobacteria,Micrococcales,Microbacteriaceae,Leucobacter,Leucobacter_chironomi
ASV_3619,Bacteria,Bacteroidota,Bacteroidia,Bacteroidales,Muribaculaceae,NA,NA_NA
ASV_3620,Bacteria,Bacillota,Clostridia,Lachnospirales,Lachnospiraceae,Shuttleworthia,Shuttleworthia_NA
ASV_3621,Bacteria,Bacteroidota,Bacteroidia,Bacteroidales,Prevotellaceae,Xylanibacter,Xylanibacter_NA
ASV_3622,Bacteria,Bacteroidota,Bacteroidia,Bacteroidales,Prevotellaceae,Xylanibacter,Xylanibacter_NA
ASV_3623,Bacteria,Bacillota,Clostridia,Oscillospirales,Ruminococcaceae,Ruminococcus,Ruminococcus_flavefaciens
ASV_3624,Bacteria,Bacillota,Clostridia,Oscillospirales,UCG-010,NA,NA_NA
ASV_3625,Bacteria,Bacteroidota,Bacteroidia,Bacteroidales,Muribaculaceae,NA,NA_NA
ASV_3626,Bacteria,Bacillota,Clostridia,Oscillospirales,UCG-010,NA,NA_NA
ASV_3627,Bacteria,Bacillota,Clostridia,Lachnospirales,Lachnospiraceae,Lachnoclostridium,Lachnoclostridium_NA
ASV_3628,Bacteria,Bacillota,Clostridia,Christensenellales,Christensenellaceae,Christensenellaceae R-7 group,Christensenellaceae_R-7_group_NA
ASV_3629,Bacteria,Bacteroidota,Bacteroidia,Bacteroidales,Rikenellaceae,U29-B03,U29-B03_NA
ASV_3630,Bacteria,Bacillota,Clostridia,Christensenellales,Christensenellaceae,Christensenellaceae R-7 group,Christensenellaceae_R-7_group_NA
ASV_3631,Bacteria,Bacillota,Clostridia,Christensenellales,Christensenellaceae,Christensenellaceae R-7 group,Christensenellaceae_R-7_group_NA
ASV_3632,Bacteria,Bacteroidota,Bacteroidia,Bacteroidales,Dysgonomonadaceae,Dysgonomonas,Dysgonomonas_alginatilytica
ASV_3633,Bacteria,Bacillota,Negativicutes,Veillonellales-Selenomonadales,Veillonellaceae,NA,NA_NA
ASV_3634,Bacteria,Pseudomonadota,Alphaproteobacteria,Sphingomonadales,Sphingomonadaceae,Sphingomonas,Sphingomonas_echinoides
ASV_3635,Bacteria,Pseudomonadota,Alphaproteobacteria,Hyphomicrobiales,Xanthobacteraceae,Afipia,Afipia_NA
ASV_3636,Bacteria,Bacteroidota,Bacteroidia,Flavobacteriales,Flavobacteriaceae,Flavobacterium,Flavobacterium_subsaxonicum
ASV_3637,Bacteria,Bacteroidota,Bacteroidia,Bacteroidales,Paludibacteraceae,NA,NA_NA
ASV_3638,Bacteria,Bacteroidota,Bacteroidia,Bacteroidales,Bacteroidaceae,Bacteroides,Bacteroides_NA
ASV_3639,Bacteria,Actinomycetota,Actinobacteria,Micrococcales,Brevibacteriaceae,Brevibacterium,Brevibacterium_sp.
ASV_3640,Bacteria,Bacillota,Clostridia,Lachnospirales,Lachnospiraceae,Lachnospiraceae UCG-010,Lachnospiraceae_UCG-010_NA
ASV_3641,Bacteria,Bacillota,Clostridia,Oscillospirales,Ruminococcaceae,NA,NA_NA
ASV_3642,Bacteria,Pseudomonadota,Gammaproteobacteria,Enterobacterales,Enterobacteriaceae,Escherichia-Shigella,Escherichia-Shigella_albertii
ASV_3643,Bacteria,Bacteroidota,Bacteroidia,Sphingobacteriales,Sphingobacteriaceae,Sphingobacterium,Sphingobacterium_NA
ASV_3644,Bacteria,Bacillota,Clostridia,Lachnospirales,Lachnospiraceae,NA,NA_NA
ASV_3645,Bacteria,Bacillota,Bacilli,Erysipelotrichales,Erysipelotrichaceae,Faecalitalea,Faecalitalea_cylindroides
ASV_3646,Bacteria,Bacillota,Clostridia,Oscillospirales,Ruminococcaceae,Paludicola,Paludicola_NA
ASV_3647,Bacteria,Bacillota,Negativicutes,Veillonellales-Selenomonadales,Selenomonadaceae,Megamonas,Megamonas_hypermegale
ASV_3648,Bacteria,Bacillota,Clostridia,Oscillospirales,[Eubacterium] coprostanoligenes group,NA,NA_NA
ASV_3649,Bacteria,Bacillota,Clostridia,Oscillospirales,UCG-010,NA,NA_NA
ASV_3650,Bacteria,Bacillota,Clostridia,Peptostreptococcales-Tissierellales,Family XI,NA,NA_NA
ASV_3651,Bacteria,Bacillota,Clostridia,Peptostreptococcales-Tissierellales,Family XI,W5053,W5053_NA
ASV_3652,Bacteria,Bacteroidota,Bacteroidia,Bacteroidales,Tannerellaceae,Parabacteroides,Parabacteroides_NA
ASV_3653,Bacteria,Bacillota,Clostridia,Clostridia vadinBB60 group,NA,NA,NA_NA
ASV_3654,Bacteria,Bacillota,Clostridia,Lachnospirales,Lachnospiraceae,NA,NA_NA
ASV_3655,Bacteria,Pseudomonadota,Gammaproteobacteria,Burkholderiales,Comamonadaceae,NA,NA_NA
ASV_3656,Bacteria,Bacteroidota,Bacteroidia,Bacteroidales,Rikenellaceae,Rikenellaceae RC9 gut group,Rikenellaceae_RC9_gut_group_NA
ASV_3657,Bacteria,Actinomycetota,Actinobacteria,Micrococcales,Dermabacteraceae,Brachybacterium,Brachybacterium_muris
ASV_3658,Bacteria,Actinomycetota,Actinobacteria,Mycobacteriales,Nocardiaceae,Rhodococcus,Rhodococcus_qingshengii
ASV_3659,Bacteria,Bacillota,Bacilli,RF39,NA,NA,NA_NA
ASV_3660,Bacteria,Bacillota,Clostridia,Peptostreptococcales-Tissierellales,Family XI,Tissierella,Tissierella_NA
ASV_3661,Bacteria,Bacillota,Clostridia,Christensenellales,Christensenellaceae,Christensenellaceae R-7 group,Christensenellaceae_R-7_group_NA
ASV_3662,Bacteria,Bacteroidota,Bacteroidia,Flavobacteriales,Weeksellaceae,Chryseobacterium,Chryseobacterium_NA
ASV_3663,Bacteria,Pseudomonadota,Alphaproteobacteria,Hyphomicrobiales,Beijerinckiaceae,Methylobacterium,Methylobacterium_NA
ASV_3664,Bacteria,Bacillota,Clostridia,Oscillospirales,Ruminococcaceae,Faecalibacterium,Faecalibacterium_NA
ASV_3665,Bacteria,Bacteroidota,Bacteroidia,Bacteroidales,Tannerellaceae,Parabacteroides,Parabacteroides_NA
ASV_3666,Bacteria,Bacteroidota,Bacteroidia,Bacteroidales,Rikenellaceae,Rikenellaceae RC9 gut group,Rikenellaceae_RC9_gut_group_NA
ASV_3667,Bacteria,Bacillota,Clostridia,Lachnospirales,Lachnospiraceae,NA,NA_NA
ASV_3668,Bacteria,Bacteroidota,Bacteroidia,Bacteroidales,Rikenellaceae,Rikenellaceae RC9 gut group,Rikenellaceae_RC9_gut_group_NA
ASV_3669,Bacteria,Bacillota,Clostridia,Oscillospirales,[Eubacterium] coprostanoligenes group,NA,NA_NA
ASV_3670,Bacteria,Bacteroidota,Bacteroidia,Bacteroidales,Rikenellaceae,Rikenellaceae RC9 gut group,Rikenellaceae_RC9_gut_group_NA
ASV_3671,Bacteria,Bacillota,Clostridia,Oscillospirales,UCG-010,NA,NA_NA
ASV_3672,Bacteria,Bacteroidota,Bacteroidia,Bacteroidales,Rikenellaceae,Alistipes,Alistipes_dispar
ASV_3673,Bacteria,Pseudomonadota,Alphaproteobacteria,Rickettsiales,Mitochondria,NA,NA_NA
ASV_3674,Bacteria,Actinomycetota,Actinobacteria,Bifidobacteriales,Bifidobacteriaceae,Bifidobacterium,Bifidobacterium_pseudolongum
ASV_3675,Eukaryota,NA,NA,NA,NA,NA,NA_NA
ASV_3676,Bacteria,Bacillota,Bacilli,RF39,NA,NA,NA_NA
ASV_3677,Bacteria,Bacillota,Clostridia,Oscillospirales,UCG-010,NA,NA_NA
ASV_3678,Bacteria,Bacillota,Clostridia,Lachnospirales,Lachnospiraceae,Roseburia,Roseburia_NA
ASV_3679,Bacteria,Bacillota,Clostridia,Lachnospirales,Lachnospiraceae,Lachnospiraceae NK4A136 group,Lachnospiraceae_NK4A136_group_bacterium
ASV_3680,Bacteria,Bacteroidota,Bacteroidia,Bacteroidales,Muribaculaceae,NA,NA_NA
ASV_3681,Bacteria,Pseudomonadota,Gammaproteobacteria,Pseudomonadales,Moraxellaceae,Psychrobacter,Psychrobacter_alimentarius
ASV_3682,Bacteria,Pseudomonadota,Alphaproteobacteria,Rhodobacterales,Paracoccaceae,NA,NA_NA
ASV_3683,Bacteria,Bacillota,Clostridia,Oscillospirales,Ruminococcaceae,Acutalibacter,Acutalibacter_NA
ASV_3684,Bacteria,Actinomycetota,Actinobacteria,Mycobacteriales,Nocardiaceae,Gordonia,Gordonia_NA
ASV_3685,Bacteria,Bacillota,Clostridia,Lachnospirales,Lachnospiraceae,NA,NA_NA
ASV_3686,Bacteria,Actinomycetota,Actinobacteria,Frankiales,Acidothermaceae,Acidothermus,Acidothermus_NA
ASV_3687,Bacteria,Verrucomicrobiota,Kiritimatiellia,WCHB1-41,NA,NA,NA_NA
ASV_3688,Bacteria,Bacillota,Bacilli,Erysipelotrichales,Erysipelatoclostridiaceae,UCG-004,UCG-004_NA
ASV_3689,Bacteria,Bacillota,Clostridia,Oscillospirales,UCG-010,NA,NA_NA
ASV_3690,Bacteria,Bacillota,Clostridia,Lachnospirales,Lachnospiraceae,NA,NA_NA
ASV_3691,Archaea,Methanobacteriota,Methanobacteria,Methanobacteriales,Methanobacteriaceae,Methanobrevibacter,Methanobrevibacter_NA
ASV_3692,Bacteria,Verrucomicrobiota,Kiritimatiellia,WCHB1-41,NA,NA,NA_NA
ASV_3693,Bacteria,Bacillota,Clostridia,Clostridia UCG-014,NA,NA,NA_NA
ASV_3694,Bacteria,Bacteroidota,Bacteroidia,Bacteroidales,Prevotellaceae,Prevotellaceae UCG-004,Prevotellaceae_UCG-004_NA
ASV_3695,Bacteria,Bacteroidota,Bacteroidia,Bacteroidales,Rikenellaceae,Rikenellaceae RC9 gut group,Rikenellaceae_RC9_gut_group_NA
ASV_3696,Bacteria,Bacillota,Clostridia,Lachnospirales,Lachnospiraceae,NA,NA_NA
ASV_3697,Bacteria,Pseudomonadota,Alphaproteobacteria,Rickettsiales,Mitochondria,NA,NA_NA
ASV_3698,Bacteria,Bacillota,Bacilli,Lactobacillales,Streptococcaceae,Floricoccus,Floricoccus_penangensis
ASV_3699,Bacteria,Bacillota,Clostridia,Clostridia UCG-014,NA,NA,NA_NA
ASV_3700,Bacteria,Bacillota,Clostridia,Lachnospirales,Lachnospiraceae,Roseburia,Roseburia_inulinivorans
ASV_3701,Bacteria,Bacteroidota,Bacteroidia,Bacteroidales,Prevotellaceae,Xylanibacter,Xylanibacter_NA
ASV_3702,Bacteria,Bacillota,Clostridia,Oscillospirales,Oscillospiraceae,NK4A214 group,NK4A214_group_NA
ASV_3703,Bacteria,Bacillota,Clostridia,Monoglobales,Monoglobaceae,Monoglobus,Monoglobus_NA
ASV_3704,Bacteria,Pseudomonadota,Alphaproteobacteria,Hyphomicrobiales,Beijerinckiaceae,Methylobacterium,Methylobacterium_komagatae
ASV_3705,Bacteria,Bacillota,Clostridia,Lachnospirales,Lachnospiraceae,Lachnospiraceae NK4A136 group,Lachnospiraceae_NK4A136_group_NA
ASV_3706,Bacteria,Pseudomonadota,Gammaproteobacteria,Burkholderiales,Comamonadaceae,Ramlibacter,Ramlibacter_NA
ASV_3707,Bacteria,Bacillota,Clostridia,Oscillospirales,UCG-010,NA,NA_NA
ASV_3708,Bacteria,Bacillota,Clostridia,Oscillospirales,UCG-010,NA,NA_NA
ASV_3709,Bacteria,Bacillota,Clostridia,Clostridia vadinBB60 group,NA,NA,NA_NA
ASV_3710,Bacteria,Bacillota,Bacilli,Lactobacillales,Enterococcaceae,Enterococcus,Enterococcus_cecorum
ASV_3711,Eukaryota,NA,NA,NA,NA,NA,NA_NA
ASV_3712,Bacteria,Pseudomonadota,Alphaproteobacteria,Acetobacterales,Acetobacteraceae,Acidiphilium,Acidiphilium_NA
ASV_3713,Bacteria,Bacteroidota,Bacteroidia,Cytophagales,Hymenobacteraceae,Hymenobacter,Hymenobacter_NA
ASV_3714,Bacteria,Bacillota,Clostridia,Lachnospirales,Lachnospiraceae,Shuttleworthia,Shuttleworthia_NA
ASV_3715,Bacteria,Bacteroidota,Bacteroidia,Bacteroidales,Muribaculaceae,NA,NA_NA
ASV_3716,Bacteria,Verrucomicrobiota,Kiritimatiellia,WCHB1-41,NA,NA,NA_NA
ASV_3717,Bacteria,Bacillota,Clostridia,Oscillospirales,[Eubacterium] coprostanoligenes group,NA,NA_NA
ASV_3718,Bacteria,Bacteroidota,Bacteroidia,Bacteroidales,Paludibacteraceae,NA,NA_NA
ASV_3719,Bacteria,Bacteroidota,Bacteroidia,Bacteroidales,Prevotellaceae,Xylanibacter,Xylanibacter_NA
ASV_3720,Bacteria,Bacillota,Bacilli,Lactobacillales,Lactobacillaceae,Ligilactobacillus,Ligilactobacillus_agilis
ASV_3721,Bacteria,Bacillota,Clostridia,Oscillospirales,Oscillospiraceae,NA,NA_NA
ASV_3722,Bacteria,Bacillota,Clostridia,Oscillospirales,UCG-010,NA,NA_NA
ASV_3723,Bacteria,Bacillota,Clostridia,Christensenellales,Christensenellaceae,Christensenellaceae R-7 group,Christensenellaceae_R-7_group_NA
ASV_3724,Bacteria,Bacteroidota,Bacteroidia,Bacteroidales,Prevotellaceae,Prevotellaceae UCG-001,Prevotellaceae_UCG-001_NA
ASV_3725,Bacteria,Bacillota,Clostridia,Oscillospirales,UCG-010,NA,NA_NA
ASV_3726,Bacteria,Verrucomicrobiota,Kiritimatiellia,WCHB1-41,NA,NA,NA_NA
ASV_3727,Bacteria,Bacillota,Clostridia,Lachnospirales,Lachnospiraceae,Lachnospiraceae NK4A136 group,Lachnospiraceae_NK4A136_group_NA
ASV_3728,Bacteria,Bacillota,Clostridia,Oscillospirales,UCG-010,NA,NA_NA
ASV_3729,Bacteria,Bacillota,Clostridia,Lachnospirales,Lachnospiraceae,Coprococcus,Coprococcus_NA
ASV_3730,Bacteria,Bacillota,Bacilli,Erysipelotrichales,Erysipelotrichaceae,Erysipelothrix,Erysipelothrix_NA
ASV_3731,Bacteria,Bacillota,Clostridia,Lachnospirales,Lachnospiraceae,NA,NA_NA
ASV_3732,Bacteria,Bacillota,Bacilli,Lactobacillales,Lactobacillaceae,Limosilactobacillus,Limosilactobacillus_mucosae
ASV_3733,Bacteria,Bacillota,Bacilli,Staphylococcales,Staphylococcaceae,Mammaliicoccus,Mammaliicoccus_NA
ASV_3734,Bacteria,Bacillota,Bacilli,Erysipelotrichales,Erysipelatoclostridiaceae,Thomasclavelia,Thomasclavelia_spiroformis
ASV_3735,Bacteria,Pseudomonadota,Gammaproteobacteria,Enterobacterales,NA,NA,NA_NA
ASV_3736,Bacteria,Pseudomonadota,Alphaproteobacteria,Sphingomonadales,Sphingomonadaceae,Sphingomonas,Sphingomonas_azotifigens
ASV_3737,Bacteria,Actinomycetota,Actinobacteria,Mycobacteriales,Mycobacteriaceae,Mycobacterium,Mycobacterium_NA
ASV_3738,Bacteria,Bacillota,Clostridia,Peptococcales,Peptococcaceae,Peptococcus,Peptococcus_NA
ASV_3739,Bacteria,Bacillota,Bacilli,RF39,NA,NA,NA_NA
ASV_3740,Bacteria,Pseudomonadota,Gammaproteobacteria,Cardiobacteriales,Wohlfahrtiimonadaceae,Ignatzschineria,Ignatzschineria_ureiclastica
ASV_3741,Bacteria,Bacillota,Clostridia,Clostridia UCG-014,NA,NA,NA_NA
ASV_3742,Bacteria,Bacillota,Clostridia,Clostridia UCG-014,NA,NA,NA_NA
ASV_3743,Bacteria,Bacteroidota,Bacteroidia,Bacteroidales,NA,NA,NA_NA
ASV_3744,Bacteria,Cyanobacteriota,Vampirivibrionia,Gastranaerophilales,Gastranaerophilaceae,Zag_111,Zag_111_NA
ASV_3745,Bacteria,Verrucomicrobiota,Kiritimatiellia,WCHB1-41,NA,NA,NA_NA
ASV_3746,Bacteria,Bacillota,Bacilli,RF39,NA,NA,NA_NA
ASV_3747,Bacteria,Pseudomonadota,Alphaproteobacteria,Hyphomicrobiales,Beijerinckiaceae,Methylobacterium,Methylobacterium_aerolatum
ASV_3748,Bacteria,Actinomycetota,Coriobacteriia,Coriobacteriales,Coriobacteriaceae,NA,NA_NA
ASV_3749,Bacteria,Bacillota,Clostridia,Oscillospirales,Oscillospiraceae,UCG-005,UCG-005_NA
ASV_3750,Bacteria,Verrucomicrobiota,Kiritimatiellia,WCHB1-41,NA,NA,NA_NA
ASV_3751,Bacteria,Bacteroidota,Bacteroidia,Bacteroidales,F082,NA,NA_NA
ASV_3752,Bacteria,Bacillota,Clostridia,Oscillospirales,Oscillospiraceae,NA,NA_NA
ASV_3753,Bacteria,Bacillota,Bacilli,RF39,NA,NA,NA_NA
ASV_3754,Bacteria,Bacillota,Clostridia,NA,NA,NA,NA_NA
ASV_3755,Bacteria,Bacillota,Clostridia,Oscillospirales,UCG-010,NA,NA_NA
ASV_3756,Bacteria,Bacteroidota,Bacteroidia,Bacteroidales,Rikenellaceae,Rikenellaceae RC9 gut group,Rikenellaceae_RC9_gut_group_NA
ASV_3757,Bacteria,Bacillota,Clostridia,Clostridia UCG-014,NA,NA,NA_NA
ASV_3758,Bacteria,Bacillota,Clostridia,Lachnospirales,Lachnospiraceae,NA,NA_NA
ASV_3759,Bacteria,Bacteroidota,Bacteroidia,Bacteroidales,Rikenellaceae,Rikenellaceae RC9 gut group,Rikenellaceae_RC9_gut_group_NA
ASV_3760,Bacteria,Verrucomicrobiota,Kiritimatiellia,WCHB1-41,NA,NA,NA_NA
ASV_3761,Bacteria,Bacillota,Clostridia,Oscillospirales,Ruminococcaceae,NA,NA_NA
ASV_3762,Bacteria,Bacteroidota,Bacteroidia,Flavobacteriales,Weeksellaceae,Chryseobacterium,Chryseobacterium_anthropi
ASV_3763,Bacteria,Bacillota,Clostridia,Lachnospirales,Lachnospiraceae,Lachnospiraceae FCS020 group,Lachnospiraceae_FCS020_group_NA
ASV_3764,Bacteria,Bacteroidota,Bacteroidia,Flavobacteriales,Flavobacteriaceae,Myroides,Myroides_injenensis
ASV_3765,Bacteria,Actinomycetota,Actinobacteria,Mycobacteriales,Corynebacteriaceae,Corynebacterium,Corynebacterium_sp.
ASV_3766,Bacteria,Bacillota,Clostridia,Clostridiales,Clostridiaceae,Clostridium,Clostridium_tyrobutyricum
ASV_3767,Bacteria,Bacillota,Clostridia,Oscillospirales,Oscillospiraceae,NK4A214 group,NK4A214_group_NA
ASV_3768,Bacteria,Bacteroidota,Bacteroidia,Flavobacteriales,Weeksellaceae,Chishuiella,Chishuiella_changwenlii
ASV_3769,Bacteria,Pseudomonadota,Gammaproteobacteria,Lysobacterales,Lysobacteraceae,Stenotrophomonas,Stenotrophomonas_maltophilia
ASV_3770,Bacteria,Bacillota,Clostridia,Oscillospirales,Ruminococcaceae,NA,NA_NA
ASV_3771,Bacteria,Pseudomonadota,Alphaproteobacteria,Hyphomicrobiales,Beijerinckiaceae,Lichenibacterium,Lichenibacterium_NA
ASV_3772,Bacteria,Bacteroidota,Bacteroidia,Bacteroidales,Rikenellaceae,Rikenellaceae RC9 gut group,Rikenellaceae_RC9_gut_group_NA
ASV_3773,Bacteria,Bacteroidota,Bacteroidia,Bacteroidales,Tannerellaceae,Parabacteroides,Parabacteroides_absconsus
ASV_3774,Bacteria,Bacteroidota,Bacteroidia,Bacteroidales,Prevotellaceae,Prevotellaceae UCG-003,Prevotellaceae_UCG-003_NA
ASV_3775,Bacteria,Cyanobacteriota,Vampirivibrionia,Gastranaerophilales,Gastranaerophilaceae,CAG-196,CAG-196_NA
ASV_3776,Bacteria,Pseudomonadota,Alphaproteobacteria,Rickettsiales,Mitochondria,NA,NA_NA
ASV_3777,Bacteria,Bacillota,Clostridia,Lachnospirales,Lachnospiraceae,Falcatimonas,Falcatimonas_NA
ASV_3778,Bacteria,Bacteroidota,Bacteroidia,Bacteroidales,Tannerellaceae,Parabacteroides,Parabacteroides_NA
ASV_3779,Bacteria,Pseudomonadota,Alphaproteobacteria,Paracaedibacterales,Paracaedibacteraceae,NA,NA_NA
ASV_3780,Bacteria,Bacteroidota,Bacteroidia,Bacteroidales,Rikenellaceae,NA,NA_NA
ASV_3781,Bacteria,Bacillota,Clostridia,Oscillospirales,UCG-010,NA,NA_NA
ASV_3782,Bacteria,Bacillota,Bacilli,Erysipelotrichales,Erysipelotrichaceae,NA,NA_NA
ASV_3783,Bacteria,Bacillota,Clostridia,Oscillospirales,UCG-010,NA,NA_NA
ASV_3784,Bacteria,Actinomycetota,Actinobacteria,Mycobacteriales,Corynebacteriaceae,Corynebacterium,Corynebacterium_sp.
ASV_3785,Bacteria,Bacteroidota,Bacteroidia,Bacteroidales,Muribaculaceae,NA,NA_NA
ASV_3786,Bacteria,Bacillota,Clostridia,Lachnospirales,Lachnospiraceae,NA,NA_NA
ASV_3787,Bacteria,Bacillota,Clostridia,Clostridia UCG-014,NA,NA,NA_NA
ASV_3788,Bacteria,Bacillota,Clostridia,Lachnospirales,Lachnospiraceae,Lachnospiraceae NK4A136 group,Lachnospiraceae_NK4A136_group_NA
ASV_3789,Bacteria,Pseudomonadota,Alphaproteobacteria,Rickettsiales,Mitochondria,NA,NA_NA
ASV_3790,Bacteria,Bacteroidota,Bacteroidia,Flavobacteriales,Weeksellaceae,Chryseobacterium,Chryseobacterium_NA
ASV_3791,Bacteria,Bacillota,Clostridia,Christensenellales,Christensenellaceae,Christensenellaceae R-7 group,Christensenellaceae_R-7_group_NA
ASV_3792,Bacteria,Bacillota,Clostridia,Oscillospirales,[Eubacterium] coprostanoligenes group,NA,NA_NA
ASV_3793,Bacteria,Bacillota,Bacilli,RF39,NA,NA,NA_NA
ASV_3794,Bacteria,Verrucomicrobiota,Kiritimatiellia,WCHB1-41,NA,NA,NA_NA
ASV_3795,Bacteria,Pseudomonadota,Gammaproteobacteria,Pseudomonadales,Moraxellaceae,Acinetobacter,Acinetobacter_NA
ASV_3796,Bacteria,Bacillota,Clostridia,Christensenellales,Christensenellaceae,Christensenellaceae R-7 group,Christensenellaceae_R-7_group_NA
ASV_3797,Bacteria,Pseudomonadota,Gammaproteobacteria,Pseudomonadales,Moraxellaceae,Psychrobacter,Psychrobacter_faecalis
ASV_3798,Bacteria,Actinomycetota,Actinobacteria,Mycobacteriales,Corynebacteriaceae,Corynebacterium,Corynebacterium_glutamicum
ASV_3799,Bacteria,Pseudomonadota,Gammaproteobacteria,Enterobacterales,Succinivibrionaceae,Anaerobiospirillum,Anaerobiospirillum_NA
ASV_3800,Bacteria,Actinomycetota,Actinobacteria,Micrococcales,Micrococcaceae,Micrococcus,Micrococcus_NA
ASV_3801,Eukaryota,NA,NA,NA,NA,NA,NA_NA
ASV_3802,Bacteria,Bacillota,Bacilli,Staphylococcales,Staphylococcaceae,Staphylococcus,Staphylococcus_simulans
ASV_3803,Bacteria,Bacillota,Clostridia,Oscillospirales,Ruminococcaceae,Faecalibacterium,Faecalibacterium_NA
ASV_3804,Bacteria,Actinomycetota,Actinobacteria,Mycobacteriales,Mycobacteriaceae,Mycobacterium,Mycobacterium_aurantiacum
ASV_3805,Bacteria,Pseudomonadota,Gammaproteobacteria,Burkholderiales,Oxalobacteraceae,Massilia,Massilia_NA
ASV_3806,Bacteria,Actinomycetota,Actinobacteria,Pseudonocardiales,Pseudonocardiaceae,Pseudonocardia,Pseudonocardia_petroleophila
ASV_3807,Bacteria,Bacillota,Clostridia,Clostridiales,Clostridiaceae,Clostridium,Clostridium_frigidicarnis
ASV_3808,Bacteria,Bacteroidota,Bacteroidia,Bacteroidales,Prevotellaceae,Prevotellaceae UCG-004,Prevotellaceae_UCG-004_NA
ASV_3809,Bacteria,Bacillota,Clostridia,Clostridia UCG-014,NA,NA,NA_NA
ASV_3810,Bacteria,Bacteroidota,Bacteroidia,Bacteroidales,Muribaculaceae,NA,NA_NA
ASV_3811,Bacteria,Bacillota,Clostridia,Oscillospirales,[Eubacterium] coprostanoligenes group,NA,NA_NA
ASV_3812,Bacteria,Bacillota,Clostridia,Oscillospirales,UCG-010,NA,NA_NA
ASV_3813,Bacteria,Bacillota,Clostridia,Lachnospirales,Lachnospiraceae,Lachnospiraceae ND3007 group,Lachnospiraceae_ND3007_group_NA
ASV_3814,Bacteria,Bacillota,Clostridia,Oscillospirales,UCG-010,NA,NA_NA
ASV_3815,Bacteria,Bacillota,Bacilli,Erysipelotrichales,Erysipelatoclostridiaceae,UCG-004,UCG-004_NA
ASV_3816,Bacteria,Bacillota,Clostridia,Oscillospirales,Oscillospiraceae,UCG-005,UCG-005_NA
ASV_3817,Bacteria,Bacillota,Clostridia,Lachnospirales,Lachnospiraceae,Blautia,Blautia_sp.
ASV_3818,Bacteria,Bacillota,Clostridia,Oscillospirales,UCG-010,NA,NA_NA
ASV_3819,Bacteria,Actinomycetota,Coriobacteriia,Coriobacteriales,Eggerthellaceae,NA,NA_NA
ASV_3820,Bacteria,Bacillota,Clostridia,Lachnospirales,Lachnospiraceae,Eubacterium,Eubacterium_xylanophilum_group
ASV_3821,Bacteria,Bacillota,Clostridia,Oscillospirales,Oscillospiraceae,UCG-005,UCG-005_NA
ASV_3822,Bacteria,Bacteroidota,Bacteroidia,Bacteroidales,Muribaculaceae,NA,NA_NA
ASV_3823,Bacteria,Bacillota,Clostridia,Oscillospirales,UCG-010,NA,NA_NA
ASV_3824,Bacteria,Bacteroidota,Bacteroidia,Bacteroidales,Muribaculaceae,NA,NA_NA
ASV_3825,Bacteria,Bacillota,Clostridia,Monoglobales,Monoglobaceae,Monoglobus,Monoglobus_NA
ASV_3826,Bacteria,Bacteroidota,Bacteroidia,Bacteroidales,Bacteroidaceae,Bacteroides,Bacteroides_sp.
ASV_3827,Bacteria,Bacteroidota,Bacteroidia,Bacteroidales,Rikenellaceae,Rikenellaceae RC9 gut group,Rikenellaceae_RC9_gut_group_NA
ASV_3828,Bacteria,Bacillota,Clostridia,Oscillospirales,Ruminococcaceae,Ruminococcus,Ruminococcus_NA
ASV_3829,Bacteria,Bacillota,Clostridia,Oscillospirales,UCG-010,NA,NA_NA
ASV_3830,Bacteria,Bacteroidota,Bacteroidia,Bacteroidales,Bacteroidaceae,Bacteroides,Bacteroides_NA
ASV_3831,Bacteria,Actinomycetota,Actinobacteria,Micrococcales,Microbacteriaceae,NA,NA_NA
ASV_3832,Bacteria,Bacteroidota,Bacteroidia,Bacteroidales,Bacteroidaceae,Bacteroides,Bacteroides_NA
ASV_3833,Bacteria,Pseudomonadota,Alphaproteobacteria,Sphingomonadales,Sphingomonadaceae,Sphingomonas,Sphingomonas_echinoides
ASV_3834,Bacteria,Bacillota,Bacilli,Erysipelotrichales,Erysipelotrichaceae,Turicibacter,Turicibacter_sanguinis
ASV_3835,Bacteria,Bacillota,Clostridia,Peptococcales,Peptococcaceae,Peptococcus,Peptococcus_NA
ASV_3836,Bacteria,Pseudomonadota,Gammaproteobacteria,Rickettsiellales,Rickettsiellaceae,NA,NA_NA
ASV_3837,Bacteria,Pseudomonadota,Alphaproteobacteria,Sphingomonadales,Sphingomonadaceae,Rhizorhabdus,Rhizorhabdus_NA
ASV_3838,Bacteria,Bacillota,Clostridia,Christensenellales,Christensenellaceae,Christensenellaceae R-7 group,Christensenellaceae_R-7_group_NA
ASV_3839,Bacteria,Bacillota,Clostridia,Peptostreptococcales-Tissierellales,Family XI,NA,NA_NA
ASV_3840,Bacteria,Pseudomonadota,Alphaproteobacteria,Rhodospirillales,NA,NA,NA_NA
ASV_3841,Bacteria,Pseudomonadota,Gammaproteobacteria,Burkholderiales,Sutterellaceae,Sutterella,Sutterella_NA
ASV_3842,Bacteria,Bacteroidota,Bacteroidia,Bacteroidales,Prevotellaceae,Prevotellaceae UCG-004,Prevotellaceae_UCG-004_NA
ASV_3843,Bacteria,Armatimonadota,NA,NA,NA,NA,NA_NA
ASV_3844,Bacteria,Bacillota,Clostridia,Clostridia vadinBB60 group,NA,NA,NA_NA
ASV_3845,Bacteria,Cyanobacteriota,Vampirivibrionia,Gastranaerophilales,Gastranaerophilaceae,CAG-196,CAG-196_NA
ASV_3846,Bacteria,Bacillota,Clostridia,Lachnospirales,Lachnospiraceae,Lachnospiraceae NK3A20 group,Lachnospiraceae_NK3A20_group_NA
ASV_3847,Bacteria,Pseudomonadota,Alphaproteobacteria,Hyphomicrobiales,Rhizobiaceae,Pseudochrobactrum,Pseudochrobactrum_saccharolyticum
ASV_3848,Bacteria,Pseudomonadota,Gammaproteobacteria,Lysobacterales,Lysobacteraceae,Stenotrophomonas,Stenotrophomonas_maltophilia
ASV_3849,Bacteria,Bacillota,Clostridia,Peptostreptococcales-Tissierellales,Anaerovoracaceae,Family XIII AD3011 group,Family_XIII_AD3011_group_NA
ASV_3850,Eukaryota,NA,NA,NA,NA,NA,NA_NA
ASV_3851,Bacteria,Bacillota,Clostridia,Oscillospirales,UCG-010,NA,NA_NA
ASV_3852,Bacteria,Bacillota,Clostridia,Oscillospirales,UCG-010,NA,NA_NA
ASV_3853,Bacteria,Bacillota,Clostridia,Oscillospirales,[Eubacterium] coprostanoligenes group,NA,NA_NA
ASV_3854,Bacteria,Bacillota,Clostridia,Oscillospirales,UCG-010,NA,NA_NA
ASV_3855,Bacteria,Bacillota,Clostridia,Lachnospirales,Lachnospiraceae,NA,NA_NA
ASV_3856,Bacteria,Bacillota,Clostridia,Oscillospirales,UCG-010,NA,NA_NA
ASV_3857,Bacteria,Bacteroidota,Bacteroidia,Bacteroidales,Prevotellaceae,Xylanibacter,Xylanibacter_NA
ASV_3858,Bacteria,Bacteroidota,Bacteroidia,Bacteroidales,Bacteroidaceae,Bacteroides,Bacteroides_fragilis
ASV_3859,Bacteria,Bacillota,Clostridia,Oscillospirales,UCG-010,NA,NA_NA
ASV_3860,Bacteria,Bacillota,Clostridia,NA,NA,NA,NA_NA
ASV_3861,Bacteria,Bacillota,Clostridia,Lachnospirales,Lachnospiraceae,NA,NA_NA
ASV_3862,Bacteria,Bacillota,Clostridia,Lachnospirales,Lachnospiraceae,Lachnospiraceae AC2044 group,Lachnospiraceae_AC2044_group_NA
ASV_3863,Bacteria,Bacteroidota,Bacteroidia,Bacteroidales,F082,NA,NA_NA
ASV_3864,Bacteria,Pseudomonadota,Alphaproteobacteria,Sphingomonadales,Sphingomonadaceae,Sphingomonas,Sphingomonas_azotifigens
ASV_3865,Bacteria,Pseudomonadota,Alphaproteobacteria,Hyphomicrobiales,Beijerinckiaceae,Bosea,Bosea_sp.
ASV_3866,Bacteria,Bacteroidota,Bacteroidia,Bacteroidales,Rikenellaceae,Rikenellaceae RC9 gut group,Rikenellaceae_RC9_gut_group_NA
ASV_3867,Bacteria,Cyanobacteriota,Sericytochromatia,NA,NA,NA,NA_NA
ASV_3868,Bacteria,Bacillota,Clostridia,Lachnospirales,Lachnospiraceae,Lachnospiraceae NK3A20 group,Lachnospiraceae_NK3A20_group_NA
ASV_3869,Bacteria,Actinomycetota,Coriobacteriia,Coriobacteriales,Eggerthellaceae,Slackia,Slackia_equolifaciens
ASV_3870,Bacteria,Bacillota,Clostridia,Oscillospirales,Oscillospiraceae,Colidextribacter,Colidextribacter_NA
ASV_3871,Bacteria,Pseudomonadota,Alphaproteobacteria,Hyphomicrobiales,Xanthobacteraceae,Bradyrhizobium,Bradyrhizobium_elkanii
ASV_3872,Bacteria,Thermodesulfobacteriota,Desulfovibrionia,Desulfovibrionales,Desulfovibrionaceae,Desulfovibrio,Desulfovibrio_sp.
ASV_3873,Bacteria,Bacillota,Clostridia,Oscillospirales,Ruminococcaceae,Gemmiger,Gemmiger_NA
ASV_3874,Bacteria,Bacteroidota,Bacteroidia,Bacteroidales,Rikenellaceae,Rikenellaceae RC9 gut group,Rikenellaceae_RC9_gut_group_NA
ASV_3875,Bacteria,Bacteroidota,Bacteroidia,Cytophagales,Hymenobacteraceae,Hymenobacter,Hymenobacter_NA
ASV_3876,Bacteria,Pseudomonadota,Gammaproteobacteria,Pseudomonadales,Moraxellaceae,Psychrobacter,Psychrobacter_cibarius
ASV_3877,Bacteria,Bacillota,Clostridia,Monoglobales,Monoglobaceae,Monoglobus,Monoglobus_NA
ASV_3878,Bacteria,Pseudomonadota,Gammaproteobacteria,Pseudomonadales,Moraxellaceae,Enhydrobacter,Enhydrobacter_Moraxella_sp.
ASV_3879,Bacteria,Bacteroidota,Bacteroidia,Sphingobacteriales,Sphingobacteriaceae,Sphingobacterium,Sphingobacterium_NA
ASV_3880,Bacteria,Bacillota,Bacilli,Staphylococcales,Staphylococcaceae,Staphylococcus,Staphylococcus_NA
ASV_3881,Bacteria,Pseudomonadota,Alphaproteobacteria,Hyphomicrobiales,Xanthobacteraceae,Bradyrhizobium,Bradyrhizobium_elkanii
ASV_3882,Bacteria,Bacillota,Clostridia,Clostridia vadinBB60 group,NA,NA,NA_NA
ASV_3883,Bacteria,Bacillota,Clostridia,Oscillospirales,UCG-010,NA,NA_NA
ASV_3884,Bacteria,Pseudomonadota,Alphaproteobacteria,Rickettsiales,Mitochondria,NA,NA_NA
ASV_3885,Bacteria,Bacteroidota,Bacteroidia,Bacteroidales,Prevotellaceae,Prevotellaceae UCG-003,Prevotellaceae_UCG-003_NA
ASV_3886,Bacteria,Bacteroidota,Bacteroidia,Bacteroidales,Paludibacteraceae,NA,NA_NA
ASV_3887,Bacteria,Bacillota,Clostridia,NA,NA,NA,NA_NA
ASV_3888,Bacteria,Bacillota,Clostridia,Lachnospirales,Lachnospiraceae,NA,NA_NA
ASV_3889,Bacteria,Verrucomicrobiota,Kiritimatiellia,WCHB1-41,NA,NA,NA_NA
ASV_3890,Bacteria,Bacteroidota,Bacteroidia,Bacteroidales,Rikenellaceae,Rikenellaceae RC9 gut group,Rikenellaceae_RC9_gut_group_NA
ASV_3891,Bacteria,Bacillota,Negativicutes,Acidaminococcales,Acidaminococcaceae,Phascolarctobacterium,Phascolarctobacterium_NA
ASV_3892,Bacteria,Bacteroidota,Bacteroidia,Bacteroidales,Tannerellaceae,Parabacteroides,Parabacteroides_distasonis
ASV_3893,Bacteria,Pseudomonadota,Gammaproteobacteria,Burkholderiales,Comamonadaceae,Acidovorax,Acidovorax_facilis
ASV_3894,Bacteria,Cyanobacteriota,Cyanobacteriia,Chloroplast,NA,NA,NA_NA
ASV_3895,Bacteria,Bacillota,Clostridia,Oscillospirales,Ruminococcaceae,Ruminococcus,Ruminococcus_flavefaciens
ASV_3896,Bacteria,Bacillota,Clostridia,Oscillospirales,Ruminococcaceae,Ruminococcus,Ruminococcus_NA
ASV_3897,Bacteria,Bacteroidota,Bacteroidia,Bacteroidales,Prevotellaceae,Xylanibacter,Xylanibacter_NA
ASV_3898,Bacteria,Bacillota,Clostridia,Lachnospirales,Lachnospiraceae,NA,NA_NA
ASV_3899,Bacteria,Bacillota,Clostridia,Oscillospirales,UCG-010,NA,NA_NA
ASV_3900,Bacteria,Bacteroidota,Bacteroidia,Bacteroidales,Rikenellaceae,Rikenellaceae RC9 gut group,Rikenellaceae_RC9_gut_group_NA
ASV_3901,Bacteria,Bacillota,Clostridia,Oscillospirales,Ruminococcaceae,Fournierella,Fournierella_NA
ASV_3902,Bacteria,Bacteroidota,Bacteroidia,Bacteroidales,Bacteroidaceae,Bacteroides,Bacteroides_NA
ASV_3903,Bacteria,Pseudomonadota,Alphaproteobacteria,Caulobacterales,Caulobacteraceae,Brevundimonas,Brevundimonas_vesicularis
ASV_3904,Bacteria,Bacteroidota,Bacteroidia,Bacteroidales,Dysgonomonadaceae,Dysgonomonas,Dysgonomonas_NA
ASV_3905,Bacteria,Pseudomonadota,Gammaproteobacteria,Pseudomonadales,Halomonadaceae,NA,NA_NA
ASV_3906,Bacteria,Actinomycetota,Actinobacteria,Micrococcales,Micrococcaceae,Rothia,Rothia_NA
ASV_3907,Bacteria,Actinomycetota,Actinobacteria,Frankiales,Acidothermaceae,Acidothermus,Acidothermus_NA
ASV_3908,Bacteria,Bacillota,Clostridia,Peptostreptococcales-Tissierellales,Peptostreptococcaceae,Romboutsia,Romboutsia_ilealis
ASV_3909,Bacteria,Pseudomonadota,Gammaproteobacteria,Burkholderiales,Comamonadaceae,Ramlibacter,Ramlibacter_NA
ASV_3910,Bacteria,Pseudomonadota,Alphaproteobacteria,Rickettsiales,Mitochondria,NA,NA_NA
ASV_3911,Bacteria,Myxococcota,Polyangiia,Haliangiales,Haliangiaceae,NA,NA_NA
ASV_3912,Bacteria,Bacteroidota,Bacteroidia,Bacteroidales,Bacteroidales RF16 group,NA,NA_NA
ASV_3913,Bacteria,Bacillota,Bacilli,Acholeplasmatales,Acholeplasmataceae,Anaeroplasma,Anaeroplasma_NA
ASV_3914,Bacteria,Pseudomonadota,Gammaproteobacteria,Enterobacterales,NA,NA,NA_NA
ASV_3915,Bacteria,Bacillota,Clostridia,Peptostreptococcales-Tissierellales,Peptostreptococcaceae,Romboutsia,Romboutsia_NA
ASV_3916,Bacteria,Bacteroidota,Bacteroidia,Bacteroidales,Prevotellaceae,NA,NA_NA
ASV_3917,Bacteria,Bacillota,Bacilli,RF39,NA,NA,NA_NA
ASV_3918,Bacteria,Bacteroidota,Bacteroidia,Bacteroidales,NA,NA,NA_NA
ASV_3919,Bacteria,Bacillota,Clostridia,Lachnospirales,Lachnospiraceae,Faecalimonas,Faecalimonas_NA
ASV_3920,Bacteria,Verrucomicrobiota,Kiritimatiellia,WCHB1-41,NA,NA,NA_NA
ASV_3921,Bacteria,Spirochaetota,MVP-15,NA,NA,NA,NA_NA
ASV_3922,Bacteria,Bacillota,Clostridia,Oscillospirales,[Eubacterium] coprostanoligenes group,NA,NA_NA
ASV_3923,Bacteria,Bacteroidota,Bacteroidia,Sphingobacteriales,Sphingobacteriaceae,Sphingobacterium,Sphingobacterium_multivorum
ASV_3924,Bacteria,Pseudomonadota,Gammaproteobacteria,Enterobacterales,Pectobacteriaceae,Pectobacterium,Pectobacterium_parmentieri
ASV_3925,Bacteria,Bacteroidota,Bacteroidia,Bacteroidales,Bacteroidaceae,Bacteroides,Bacteroides_NA
ASV_3926,Bacteria,Pseudomonadota,Gammaproteobacteria,Enterobacterales,Morganellaceae,Proteus,Proteus_NA
ASV_3927,Bacteria,Bacillota,Clostridia,Lachnospirales,Lachnospiraceae,Lachnospiraceae NK4A136 group,Lachnospiraceae_NK4A136_group_NA
ASV_3928,Bacteria,Bacillota,Clostridia,Oscillospirales,Oscillospiraceae,NA,NA_NA
ASV_3929,Bacteria,Bacteroidota,Bacteroidia,Bacteroidales,Rikenellaceae,Alistipes,Alistipes_NA
ASV_3930,Bacteria,Bacillota,Clostridia,Oscillospirales,UCG-010,NA,NA_NA
ASV_3931,Bacteria,Bacillota,Clostridia,Oscillospirales,Ruminococcaceae,Ruminococcus,Ruminococcus_flavefaciens
ASV_3932,Bacteria,Campylobacterota,Campylobacteria,Campylobacterales,Campylobacteraceae,Campylobacter,Campylobacter_sp.
ASV_3933,Bacteria,Pseudomonadota,Gammaproteobacteria,Enterobacterales,Morganellaceae,Proteus,Proteus_mirabilis
ASV_3934,Bacteria,Bacteroidota,Bacteroidia,Cytophagales,Hymenobacteraceae,Hymenobacter,Hymenobacter_NA
ASV_3935,Bacteria,Bacillota,Bacilli,Lactobacillales,Listeriaceae,Brochothrix,Brochothrix_thermosphacta
ASV_3936,Bacteria,Pseudomonadota,Gammaproteobacteria,Enterobacterales,Succinivibrionaceae,Anaerobiospirillum,Anaerobiospirillum_succiniciproducens
ASV_3937,Bacteria,Pseudomonadota,Gammaproteobacteria,Pseudomonadales,Pseudomonadaceae,Pseudomonas,Pseudomonas_NA
ASV_3938,Bacteria,Bacillota,Bacilli,Lactobacillales,Lactobacillaceae,Lactobacillus,Lactobacillus_acidophilus
ASV_3939,Bacteria,Bacillota,Bacilli,Bacillales,Planococcaceae,Planococcus,Planococcus_glaciei
ASV_3940,Bacteria,Pseudomonadota,Alphaproteobacteria,Rickettsiales,Mitochondria,NA,NA_NA
ASV_3941,Bacteria,Pseudomonadota,Alphaproteobacteria,Hyphomicrobiales,Rhizobiaceae,NA,NA_NA
ASV_3942,Bacteria,Bacillota,Clostridia,Monoglobales,Monoglobaceae,Monoglobus,Monoglobus_NA
ASV_3943,Bacteria,Planctomycetota,Planctomycetes,Pirellulales,Pirellulaceae,p-1088-a5 gut group,p-1088-a5_gut_group_NA
ASV_3944,Bacteria,Actinomycetota,Coriobacteriia,Coriobacteriales,NA,NA,NA_NA
ASV_3945,Bacteria,Pseudomonadota,Alphaproteobacteria,Hyphomicrobiales,Devosiaceae,Devosia,Devosia_sp.
ASV_3946,Bacteria,Bacillota,Clostridia,Lachnospirales,Lachnospiraceae,Lachnoclostridium,Lachnoclostridium_NA
ASV_3947,Bacteria,Bacillota,Clostridia,Lachnospirales,Lachnospiraceae,Butyribacter,Butyribacter_NA
ASV_3948,Bacteria,Pseudomonadota,Gammaproteobacteria,Burkholderiales,Alcaligenaceae,Achromobacter,Achromobacter_insolitus
ASV_3949,Bacteria,Bacillota,Clostridia,Oscillospirales,Oscillospiraceae,NK4A214 group,NK4A214_group_NA
ASV_3950,Bacteria,Bacillota,Bacilli,RF39,NA,NA,NA_NA
ASV_3951,Bacteria,Bacteroidota,Bacteroidia,Bacteroidales,Rikenellaceae,Rikenellaceae RC9 gut group,Rikenellaceae_RC9_gut_group_NA
ASV_3952,Bacteria,Bacillota,Clostridia,Oscillospirales,[Eubacterium] coprostanoligenes group,NA,NA_NA
ASV_3953,Bacteria,Bacillota,Clostridia,Oscillospirales,UCG-010,NA,NA_NA
ASV_3954,Bacteria,Bacillota,Clostridia,Lachnospirales,Lachnospiraceae,Tyzzerella,Tyzzerella_NA
ASV_3955,Bacteria,Bacillota,Clostridia,Lachnospirales,Lachnospiraceae,Blautia,Blautia_NA
ASV_3956,Bacteria,Actinomycetota,Coriobacteriia,Coriobacteriales,Eggerthellaceae,NA,NA_NA
ASV_3957,Bacteria,Bacillota,Clostridia,Lachnospirales,Lachnospiraceae,Lachnospiraceae UCG-006,Lachnospiraceae_UCG-006_NA
ASV_3958,Bacteria,Bacillota,Bacilli,Lactobacillales,Listeriaceae,Listeria,Listeria_monocytogenes
ASV_3959,Bacteria,Pseudomonadota,Alphaproteobacteria,Rickettsiales,Mitochondria,NA,NA_NA
ASV_3960,Bacteria,Bacillota,Clostridia,Lachnospirales,Lachnospiraceae,NA,NA_NA
ASV_3961,Bacteria,Bacillota,Clostridia,Oscillospirales,Oscillospiraceae,NA,NA_NA
ASV_3962,Bacteria,Bacillota,Clostridia,Monoglobales,Monoglobaceae,Monoglobus,Monoglobus_NA
ASV_3963,Bacteria,Synergistota,Synergistia,Synergistales,Synergistaceae,Pyramidobacter,Pyramidobacter_NA
ASV_3964,Eukaryota,NA,NA,NA,NA,NA,NA_NA
ASV_3965,Bacteria,Pseudomonadota,Gammaproteobacteria,Burkholderiales,Comamonadaceae,Paucibacter,Paucibacter_NA
ASV_3966,Bacteria,Pseudomonadota,Alphaproteobacteria,Sphingomonadales,Sphingomonadaceae,Sphingomonas,Sphingomonas_faeni
ASV_3967,Bacteria,Bacteroidota,Bacteroidia,Bacteroidales,Rikenellaceae,Rikenellaceae RC9 gut group,Rikenellaceae_RC9_gut_group_NA
ASV_3968,Bacteria,Pseudomonadota,Alphaproteobacteria,Holosporales,Holosporaceae,NA,NA_NA
ASV_3969,Bacteria,Pseudomonadota,Alphaproteobacteria,Rickettsiales,Mitochondria,NA,NA_NA
ASV_3970,Bacteria,Bacteroidota,Bacteroidia,Bacteroidales,Dysgonomonadaceae,Dysgonomonas,Dysgonomonas_NA
ASV_3971,Bacteria,Actinomycetota,Actinobacteria,Micrococcales,Microbacteriaceae,Rathayibacter,Rathayibacter_tritici
ASV_3972,Bacteria,Bacteroidota,Bacteroidia,Bacteroidales,Bacteroidaceae,Bacteroides,Bacteroides_caecigallinarum
ASV_3973,Bacteria,Pseudomonadota,Gammaproteobacteria,Lysobacterales,Rhodanobacteraceae,Rhodanobacter,Rhodanobacter_NA
ASV_3974,Bacteria,Pseudomonadota,Gammaproteobacteria,Burkholderiales,Oxalobacteraceae,Massilia,Massilia_NA
ASV_3975,Bacteria,Bacillota,Bacilli,Lactobacillales,Vagococcaceae,Vagococcus,Vagococcus_lutrae
ASV_3976,Bacteria,Bacteroidota,Bacteroidia,Bacteroidales,Tannerellaceae,Parabacteroides,Parabacteroides_NA
ASV_3977,Bacteria,Fibrobacterota,Fibrobacteria,Fibrobacterales,Fibrobacteraceae,Fibrobacter,Fibrobacter_NA
ASV_3978,Bacteria,Bacteroidota,Bacteroidia,Bacteroidales,Prevotellaceae,Xylanibacter,Xylanibacter_NA
ASV_3979,Bacteria,Bacteroidota,Bacteroidia,Bacteroidales,Rikenellaceae,Rikenellaceae RC9 gut group,Rikenellaceae_RC9_gut_group_NA
ASV_3980,Bacteria,Bacillota,Clostridia,Lachnospirales,Lachnospiraceae,Mediterraneibacter,Mediterraneibacter_NA
ASV_3981,Bacteria,Pseudomonadota,Alphaproteobacteria,Rickettsiales,Rickettsiaceae,Rickettsia,Rickettsia_NA
ASV_3982,Bacteria,Elusimicrobiota,Elusimicrobia,Elusimicrobiales,Elusimicrobiaceae,Elusimicrobium,Elusimicrobium_NA
ASV_3983,Bacteria,Bacteroidota,Bacteroidia,Bacteroidales,Prevotellaceae,Xylanibacter,Xylanibacter_NA
ASV_3984,Bacteria,Bacillota,Clostridia,Oscillospirales,UCG-010,NA,NA_NA
ASV_3985,Bacteria,Bacillota,Bacilli,RF39,NA,NA,NA_NA
ASV_3986,Bacteria,Bacteroidota,Bacteroidia,Bacteroidales,F082,NA,NA_NA
ASV_3987,Bacteria,Bacillota,Clostridia,Oscillospirales,Ruminococcaceae,Ruminococcus,Ruminococcus_NA
ASV_3988,Bacteria,Bacillota,Clostridia,Christensenellales,Christensenellaceae,Christensenellaceae R-7 group,Christensenellaceae_R-7_group_NA
ASV_3989,Bacteria,Bacillota,Clostridia,Christensenellales,Christensenellaceae,Christensenellaceae R-7 group,Christensenellaceae_R-7_group_NA
ASV_3990,Bacteria,Bacillota,Clostridia,Oscillospirales,Butyricicoccaceae,UCG-009,UCG-009_NA
ASV_3991,Bacteria,Pseudomonadota,Alphaproteobacteria,Rickettsiales,Mitochondria,NA,NA_NA
ASV_3992,Bacteria,Bacillota,Clostridia,Oscillospirales,UCG-010,NA,NA_NA
ASV_3993,Bacteria,Campylobacterota,Campylobacteria,Campylobacterales,Arcobacteraceae,Arcobacter,Arcobacter_butzleri
ASV_3994,Bacteria,Bacteroidota,Bacteroidia,Bacteroidales,Bacteroidaceae,Bacteroides,Bacteroides_plebeius
ASV_3995,Bacteria,Verrucomicrobiota,Kiritimatiellia,WCHB1-41,NA,NA,NA_NA
ASV_3996,Eukaryota,NA,NA,NA,NA,NA,NA_NA
ASV_3997,Bacteria,Actinomycetota,Actinobacteria,Mycobacteriales,Corynebacteriaceae,Corynebacterium,Corynebacterium_sp.
ASV_3998,Bacteria,Pseudomonadota,Alphaproteobacteria,Rickettsiales,Mitochondria,NA,NA_NA
ASV_3999,Bacteria,Bacillota,Clostridia,Peptostreptococcales-Tissierellales,Anaerovoracaceae,NA,NA_NA
ASV_4000,Bacteria,Bacillota,Clostridia,Clostridia UCG-014,NA,NA,NA_NA
ASV_4001,Eukaryota,NA,NA,NA,NA,NA,NA_NA
ASV_4002,Bacteria,Pseudomonadota,Gammaproteobacteria,Enterobacterales,Yersiniaceae,Yersinia,Yersinia_pestis
ASV_4003,Bacteria,Cyanobacteriota,Cyanobacteriia,Chloroplast,NA,NA,NA_NA
ASV_4004,Bacteria,Pseudomonadota,Gammaproteobacteria,Enterobacterales,Enterobacteriaceae,Raoultella,Raoultella_ornithinolytica
ASV_4005,Bacteria,Bacillota,Clostridia,Lachnospirales,Lachnospiraceae,NA,NA_NA
ASV_4006,Bacteria,Verrucomicrobiota,Kiritimatiellia,WCHB1-41,NA,NA,NA_NA
ASV_4007,Bacteria,Bacillota,Clostridia,Clostridia UCG-014,NA,NA,NA_NA
ASV_4008,Bacteria,Bacillota,Clostridia,Lachnospirales,Lachnospiraceae,Lachnospiraceae ND3007 group,Lachnospiraceae_ND3007_group_NA
ASV_4009,Bacteria,Bacillota,Clostridia,Oscillospirales,Oscillospiraceae,UCG-002,UCG-002_NA
ASV_4010,Bacteria,Bacillota,Bacilli,Erysipelotrichales,Erysipelatoclostridiaceae,Thomasclavelia,Thomasclavelia_NA
ASV_4011,Bacteria,Bacillota,Clostridia,Oscillospirales,Ruminococcaceae,Harryflintia,Harryflintia_NA
ASV_4012,Bacteria,Bacillota,Clostridia,Oscillospirales,Ruminococcaceae,Ruminococcus,Ruminococcus_NA
ASV_4013,Bacteria,Bacillota,Bacilli,RF39,NA,NA,NA_NA
ASV_4014,Bacteria,Bacteroidota,Bacteroidia,Bacteroidales,Prevotellaceae,Xylanibacter,Xylanibacter_NA
ASV_4015,Bacteria,Synergistota,Synergistia,Synergistales,Synergistaceae,Pyramidobacter,Pyramidobacter_NA
ASV_4016,Bacteria,Bacillota,Clostridia,Christensenellales,Christensenellaceae,Christensenellaceae R-7 group,Christensenellaceae_R-7_group_NA
ASV_4017,Bacteria,Bacillota,Clostridia,Oscillospirales,UCG-010,NA,NA_NA
ASV_4018,Bacteria,Bacillota,Clostridia,Oscillospirales,[Eubacterium] coprostanoligenes group,NA,NA_NA
ASV_4019,Bacteria,Bacteroidota,Bacteroidia,Flavobacteriales,Flavobacteriaceae,Myroides,Myroides_marinus
ASV_4020,Bacteria,Bacillota,Clostridia,Peptostreptococcales-Tissierellales,Anaerovoracaceae,Mogibacterium,Mogibacterium_NA
ASV_4021,Bacteria,Actinomycetota,Actinobacteria,Micrococcales,Microbacteriaceae,Leifsonia,Leifsonia_NA
ASV_4022,Bacteria,Bacteroidota,Bacteroidia,Bacteroidales,p-2534-18B5 gut group,NA,NA_NA
ASV_4023,Bacteria,Bacteroidota,Bacteroidia,Flavobacteriales,Weeksellaceae,Chryseobacterium,Chryseobacterium_balustinum
ASV_4024,Bacteria,Pseudomonadota,Gammaproteobacteria,Enterobacterales,Vibrionaceae,Photobacterium,Photobacterium_NA
ASV_4025,Bacteria,Bacteroidota,Bacteroidia,Bacteroidales,Bacteroidaceae,Bacteroides,Bacteroides_salanitronis
ASV_4026,Bacteria,Bacillota,Clostridia,Lachnospirales,Lachnospiraceae,Mediterraneibacter,Mediterraneibacter_gnavus
ASV_4027,Eukaryota,NA,NA,NA,NA,NA,NA_NA
ASV_4028,Bacteria,Bacteroidota,Bacteroidia,Bacteroidales,Bacteroidaceae,Bacteroides,Bacteroides_NA
ASV_4029,Bacteria,Bacteroidota,Bacteroidia,Bacteroidales,NA,NA,NA_NA
ASV_4030,Bacteria,Actinomycetota,Coriobacteriia,Coriobacteriales,Eggerthellaceae,Senegalimassilia,Senegalimassilia_NA
ASV_4031,Bacteria,Bacillota,Bacilli,Lactobacillales,Vagococcaceae,Vagococcus,Vagococcus_teuberi
ASV_4032,Bacteria,Cyanobacteriota,Cyanobacteriia,Leptolyngbyales,Leptolyngbyaceae,Leptolyngbya ANT.L52.2,Leptolyngbya_ANT.L52.2_NA
ASV_4033,Bacteria,Bacteroidota,Bacteroidia,Bacteroidales,F082,NA,NA_NA
ASV_4034,Bacteria,Actinomycetota,Coriobacteriia,Coriobacteriales,Eggerthellaceae,Adlercreutzia,Adlercreutzia_NA
ASV_4035,Bacteria,Bacillota,Clostridia,Oscillospirales,Oscillospiraceae,NA,NA_NA
ASV_4036,Bacteria,Bacillota,Bacilli,Erysipelotrichales,Erysipelotrichaceae,NA,NA_NA
ASV_4037,Bacteria,Bacillota,Clostridia,Peptostreptococcales-Tissierellales,Anaerovoracaceae,Family XIII AD3011 group,Family_XIII_AD3011_group_NA
ASV_4038,Bacteria,Bacteroidota,Bacteroidia,Bacteroidales,Rikenellaceae,Rikenellaceae RC9 gut group,Rikenellaceae_RC9_gut_group_NA
ASV_4039,Bacteria,Bacteroidota,Bacteroidia,Bacteroidales,Rikenellaceae,Rikenellaceae RC9 gut group,Rikenellaceae_RC9_gut_group_NA
ASV_4040,Bacteria,Bacillota,Bacilli,Lactobacillales,Lactobacillaceae,Apilactobacillus,Apilactobacillus_micheneri
ASV_4041,Bacteria,Bacillota,Bacilli,Lactobacillales,Streptococcaceae,Streptococcus,Streptococcus_NA
ASV_4042,Bacteria,Bacillota,Bacilli,Lactobacillales,Lactobacillaceae,Ligilactobacillus,Ligilactobacillus_ruminis
ASV_4043,Bacteria,Thermodesulfobacteriota,Desulfovibrionia,Desulfovibrionales,Desulfovibrionaceae,Desulfovibrio,Desulfovibrio_NA
ASV_4044,Bacteria,Bacteroidota,Bacteroidia,Bacteroidales,Rikenellaceae,Alistipes,Alistipes_NA
ASV_4045,Bacteria,Bacillota,Clostridia,Lachnospirales,Lachnospiraceae,Butyribacter,Butyribacter_NA
ASV_4046,Bacteria,Bacteroidota,Bacteroidia,Bacteroidales,Muribaculaceae,NA,NA_NA
ASV_4047,Bacteria,Bacillota,Clostridia,Lachnospirales,NA,NA,NA_NA
ASV_4048,Bacteria,Bacillota,Clostridia,Lachnospirales,Lachnospiraceae,Lachnospiraceae UCG-010,Lachnospiraceae_UCG-010_NA
ASV_4049,Bacteria,Bacillota,Clostridia,Lachnospirales,Lachnospiraceae,Tyzzerella,Tyzzerella_NA
ASV_4050,Bacteria,Bacillota,Clostridia,Oscillospirales,Ruminococcaceae,Paludicola,Paludicola_NA
ASV_4051,Bacteria,Bacillota,Bacilli,RF39,NA,NA,NA_NA
ASV_4052,Bacteria,Bacillota,Clostridia,Oscillospirales,Oscillospiraceae,Saccharofermentans,Saccharofermentans_NA
ASV_4053,Bacteria,Bacteroidota,Bacteroidia,Bacteroidales,Prevotellaceae,Prevotellaceae UCG-003,Prevotellaceae_UCG-003_NA
ASV_4054,Bacteria,Bacillota,Bacilli,RF39,NA,NA,NA_NA
ASV_4055,Bacteria,Bacillota,Clostridia,Lachnospirales,Lachnospiraceae,NA,NA_NA
ASV_4056,Bacteria,Bacillota,Bacilli,RF39,NA,NA,NA_NA
ASV_4057,Bacteria,Bacillota,Clostridia,Lachnospirales,Lachnospiraceae,NA,NA_NA
ASV_4058,Bacteria,Bacillota,Clostridia,Oscillospirales,Ruminococcaceae,Ruminococcus,Ruminococcus_NA
ASV_4059,Bacteria,Bacteroidota,Bacteroidia,Sphingobacteriales,Sphingobacteriaceae,Sphingobacterium,Sphingobacterium_NA
ASV_4060,Bacteria,Actinomycetota,Actinobacteria,Bifidobacteriales,Bifidobacteriaceae,Bifidobacterium,Bifidobacterium_crudilactis
ASV_4061,Bacteria,Bacteroidota,Bacteroidia,Bacteroidales,F082,NA,NA_NA
ASV_4062,Bacteria,Bacillota,Clostridia,Lachnospirales,Lachnospiraceae,Lachnospiraceae NK3A20 group,Lachnospiraceae_NK3A20_group_NA
ASV_4063,Bacteria,Bacillota,Clostridia,Oscillospirales,Oscillospiraceae,UCG-005,UCG-005_NA
ASV_4064,Bacteria,Bacteroidota,Bacteroidia,Bacteroidales,Dysgonomonadaceae,Dysgonomonas,Dysgonomonas_NA
ASV_4065,Bacteria,Actinomycetota,Actinobacteria,Micrococcales,Dermabacteraceae,Brachybacterium,Brachybacterium_paraconglomeratum
ASV_4066,Bacteria,Bacillota,Clostridia,Lachnospirales,Lachnospiraceae,Extibacter,Extibacter_NA
ASV_4067,Bacteria,Bacillota,Clostridia,Lachnospirales,Lachnospiraceae,NA,NA_NA
ASV_4068,Bacteria,Actinomycetota,Actinobacteria,Mycobacteriales,Mycobacteriaceae,Mycobacterium,Mycobacterium_parascrofulaceum
ASV_4069,Bacteria,Pseudomonadota,Alphaproteobacteria,Rickettsiales,Mitochondria,NA,NA_NA
ASV_4070,Bacteria,Pseudomonadota,Gammaproteobacteria,Enterobacterales,Orbaceae,NA,NA_NA
ASV_4071,Bacteria,Pseudomonadota,Alphaproteobacteria,Rhodobacterales,Paracoccaceae,Plastorhodobacter,Plastorhodobacter_NA
ASV_4072,Bacteria,Bacillota,Clostridia,Peptostreptococcales-Tissierellales,Family XI,Helcococcus,Helcococcus_NA
ASV_4073,Bacteria,Bacillota,Bacilli,RF39,NA,NA,NA_NA
ASV_4074,Bacteria,Bacteroidota,Bacteroidia,Bacteroidales,Bacteroidaceae,Bacteroides,Bacteroides_coprosuis
ASV_4075,Bacteria,Pseudomonadota,Gammaproteobacteria,Burkholderiales,Sutterellaceae,Sutterella,Sutterella_NA
ASV_4076,Bacteria,Cyanobacteriota,Cyanobacteriia,Chloroplast,NA,NA,NA_NA
ASV_4077,Bacteria,Pseudomonadota,Gammaproteobacteria,Pseudomonadales,Pseudomonadaceae,Pseudomonas,Pseudomonas_NA
ASV_4078,Bacteria,Bacillota,Clostridia,Oscillospirales,NA,NA,NA_NA
ASV_4079,Bacteria,Pseudomonadota,Alphaproteobacteria,Sphingomonadales,Sphingomonadaceae,Sphingomonas,Sphingomonas_NA
ASV_4080,Bacteria,Bacteroidota,Bacteroidia,Bacteroidales,Incertae Sedis,UCG-001,UCG-001_NA
ASV_4081,Bacteria,Bacteroidota,Bacteroidia,Bacteroidales,p-251-o5,NA,NA_NA
ASV_4082,Bacteria,Bacillota,Clostridia,Oscillospirales,UCG-010,NA,NA_NA
ASV_4083,Bacteria,Bacillota,Clostridia,Oscillospirales,[Eubacterium] coprostanoligenes group,NA,NA_NA
ASV_4084,Bacteria,Bacillota,Clostridia,Clostridia vadinBB60 group,NA,NA,NA_NA
ASV_4085,Bacteria,Bacillota,Bacilli,Erysipelotrichales,Erysipelotrichaceae,NA,NA_NA
ASV_4086,Bacteria,Bacillota,Clostridia,Oscillospirales,Oscillospiraceae,UCG-005,UCG-005_NA
ASV_4087,Bacteria,Actinomycetota,Coriobacteriia,Coriobacteriales,Atopobiaceae,NA,NA_NA
ASV_4088,Bacteria,Bacteroidota,Bacteroidia,Bacteroidales,Tannerellaceae,Parabacteroides,Parabacteroides_distasonis
ASV_4089,Bacteria,Pseudomonadota,Gammaproteobacteria,Burkholderiales,Comamonadaceae,Acidovorax,Acidovorax_facilis
ASV_4090,Bacteria,Pseudomonadota,Alphaproteobacteria,Acetobacterales,Acetobacteraceae,Swaminathania,Swaminathania_NA
ASV_4091,Bacteria,Bacillota,Clostridia,Lachnospirales,Lachnospiraceae,Coprococcus,Coprococcus_comes
ASV_4092,Bacteria,Pseudomonadota,Alphaproteobacteria,Hyphomicrobiales,Rhizobiaceae,Rhizobium,Rhizobium_NA
ASV_4093,Bacteria,Bacillota,Negativicutes,Veillonellales-Selenomonadales,Selenomonadaceae,Anaerovibrio,Anaerovibrio_lipolyticus
ASV_4094,Bacteria,Bacteroidota,Bacteroidia,Bacteroidales,Prevotellaceae,Xylanibacter,Xylanibacter_NA
ASV_4095,Bacteria,Patescibacteria,Saccharimonadia,Saccharimonadales,Saccharimonadaceae,Candidatus Saccharimonas,Candidatus_Saccharimonas_NA
ASV_4096,Bacteria,Patescibacteria,Saccharimonadia,Saccharimonadales,Saccharimonadaceae,Candidatus Saccharimonas,Candidatus_Saccharimonas_NA
ASV_4097,Bacteria,Bacillota,Negativicutes,Veillonellales-Selenomonadales,Selenomonadaceae,Quinella,Quinella_NA
ASV_4098,Bacteria,Bacillota,Bacilli,RF39,NA,NA,NA_NA
ASV_4099,Bacteria,Bacillota,Clostridia,Oscillospirales,Ruminococcaceae,Ruminococcus,Ruminococcus_NA
ASV_4100,Bacteria,Bacillota,Clostridia,Christensenellales,Christensenellaceae,Christensenellaceae R-7 group,Christensenellaceae_R-7_group_NA
ASV_4101,Bacteria,Bacillota,Clostridia,Oscillospirales,Ruminococcaceae,Candidatus Soleaferrea,Candidatus_Soleaferrea_NA
ASV_4102,Bacteria,Pseudomonadota,Alphaproteobacteria,Rhodobacterales,Paracoccaceae,Paracoccus,Paracoccus_marcusii
ASV_4103,Bacteria,Pseudomonadota,Gammaproteobacteria,Cardiobacteriales,Wohlfahrtiimonadaceae,Koukoulia,Koukoulia_aurantiaca
ASV_4104,Bacteria,Bacillota,Clostridia,Oscillospirales,UCG-010,NA,NA_NA
ASV_4105,Bacteria,Bacteroidota,Bacteroidia,Bacteroidales,Prevotellaceae,Prevotellaceae UCG-003,Prevotellaceae_UCG-003_NA
ASV_4106,Bacteria,Pseudomonadota,Gammaproteobacteria,Burkholderiales,Comamonadaceae,Lampropedia,Lampropedia_hyalina
ASV_4107,Bacteria,Bacteroidota,Bacteroidia,Bacteroidales,Bacteroidales RF16 group,NA,NA_NA
ASV_4108,Bacteria,Pseudomonadota,Alphaproteobacteria,Rhodobacterales,Paracoccaceae,Cereibacter,Cereibacter_changlensis
ASV_4109,Bacteria,Bacillota,Clostridia,Lachnospirales,Lachnospiraceae,Anaerobutyricum,Anaerobutyricum_NA
ASV_4110,Bacteria,Pseudomonadota,Alphaproteobacteria,Hyphomicrobiales,Devosiaceae,Devosia,Devosia_riboflavina
ASV_4111,Bacteria,Pseudomonadota,Alphaproteobacteria,NA,NA,NA,NA_NA
ASV_4112,Bacteria,Pseudomonadota,Gammaproteobacteria,Pseudomonadales,Halomonadaceae,Halotalea,Halotalea_alkalilenta
ASV_4113,Bacteria,Bacillota,Clostridia,Lachnospirales,Lachnospiraceae,NA,NA_NA
ASV_4114,Bacteria,Bacillota,Clostridia,Christensenellales,Christensenellaceae,Christensenellaceae R-7 group,Christensenellaceae_R-7_group_NA
ASV_4115,Bacteria,Bacillota,Clostridia,Oscillospirales,[Eubacterium] coprostanoligenes group,NA,NA_NA
ASV_4116,Bacteria,Bacillota,Clostridia,Lachnospirales,Lachnospiraceae,Lachnospiraceae AC2044 group,Lachnospiraceae_AC2044_group_NA
ASV_4117,Bacteria,Bacillota,Clostridia,Lachnospirales,Lachnospiraceae,Lachnospiraceae AC2044 group,Lachnospiraceae_AC2044_group_NA
ASV_4118,Bacteria,Bacillota,Bacilli,Mycoplasmatales,Mycoplasmataceae,Mycoplasma,Mycoplasma_NA
ASV_4119,Bacteria,Bacteroidota,Bacteroidia,Bacteroidales,Bacteroidales RF16 group,NA,NA_NA
ASV_4120,Bacteria,Bacillota,Clostridia,Lachnospirales,Lachnospiraceae,NA,NA_NA
ASV_4121,Bacteria,Bacillota,Clostridia,Christensenellales,Christensenellaceae,Christensenellaceae R-7 group,Christensenellaceae_R-7_group_NA
ASV_4122,Bacteria,Bacillota,Clostridia,Oscillospirales,UCG-010,NA,NA_NA
ASV_4123,Bacteria,Bacteroidota,Bacteroidia,Bacteroidales,Bacteroidaceae,Bacteroides,Bacteroides_caecicola
ASV_4124,Bacteria,Bacteroidota,Bacteroidia,Bacteroidales,Rikenellaceae,Rikenellaceae RC9 gut group,Rikenellaceae_RC9_gut_group_NA
ASV_4125,Bacteria,Pseudomonadota,Gammaproteobacteria,Pseudomonadales,Moraxellaceae,Acinetobacter,Acinetobacter_bohemicus
ASV_4126,Bacteria,Bacillota,Clostridia,Lachnospirales,Lachnospiraceae,NA,NA_NA
ASV_4127,Bacteria,Actinomycetota,Actinobacteria,Micrococcales,Micrococcaceae,Garicola,Garicola_NA
ASV_4128,Archaea,Methanobacteriota,Methanobacteria,Methanobacteriales,Methanobacteriaceae,Methanosphaera,Methanosphaera_NA
ASV_4129,Bacteria,Bacillota,Clostridia,Lachnospirales,Lachnospiraceae,NA,NA_NA
ASV_4130,Bacteria,Bacillota,Clostridia,Lachnospirales,Lachnospiraceae,NA,NA_NA
ASV_4131,Bacteria,Bacteroidota,Bacteroidia,Bacteroidales,Prevotellaceae,Xylanibacter,Xylanibacter_NA
ASV_4132,Bacteria,Bacillota,Clostridia,Christensenellales,Christensenellaceae,Christensenellaceae R-7 group,Christensenellaceae_R-7_group_NA
ASV_4133,Bacteria,Verrucomicrobiota,Lentisphaeria,Victivallales,Victivallaceae,NA,NA_NA
ASV_4134,Bacteria,Verrucomicrobiota,Kiritimatiellia,WCHB1-41,NA,NA,NA_NA
ASV_4135,Bacteria,Actinomycetota,Coriobacteriia,Coriobacteriales,Atopobiaceae,Olsenella,Olsenella_NA
ASV_4136,Bacteria,Bacillota,Bacilli,Lactobacillales,Vagococcaceae,Vagococcus,Vagococcus_fluvialis
ASV_4137,Bacteria,Bacillota,Clostridia,Monoglobales,Monoglobaceae,Monoglobus,Monoglobus_NA
ASV_4138,Bacteria,Bacteroidota,Bacteroidia,Bacteroidales,Prevotellaceae,Xylanibacter,Xylanibacter_NA
ASV_4139,Bacteria,Bacteroidota,Bacteroidia,Bacteroidales,Prevotellaceae,Xylanibacter,Xylanibacter_NA
ASV_4140,Bacteria,Bacillota,Clostridia,Oscillospirales,UCG-010,NA,NA_NA
ASV_4141,Bacteria,Pseudomonadota,Alphaproteobacteria,Rickettsiales,Mitochondria,NA,NA_NA
ASV_4142,Bacteria,Actinomycetota,Actinobacteria,Mycobacteriales,Mycobacteriales Incertae Sedis,Tomitella,Tomitella_NA
ASV_4143,Bacteria,Pseudomonadota,Alphaproteobacteria,Rickettsiales,Mitochondria,NA,NA_NA
ASV_4144,Bacteria,Bacteroidota,Bacteroidia,Flavobacteriales,Weeksellaceae,NA,NA_NA
ASV_4145,Bacteria,Bacteroidota,Bacteroidia,Bacteroidales,Prevotellaceae,Segatella,Segatella_NA
ASV_4146,Bacteria,Campylobacterota,Campylobacteria,Campylobacterales,Helicobacteraceae,Helicobacter,Helicobacter_NA
ASV_4147,Bacteria,Actinomycetota,Coriobacteriia,Coriobacteriales,Atopobiaceae,Parolsenella,Parolsenella_NA
ASV_4148,Bacteria,Bacteroidota,Bacteroidia,Bacteroidales,Bacteroidaceae,Bacteroides,Bacteroides_NA
ASV_4149,Bacteria,Bacillota,Bacilli,Staphylococcales,Staphylococcaceae,Macrococcus,Macrococcus_goetzii
ASV_4150,Bacteria,Bacillota,Clostridia,Oscillospirales,Ruminococcaceae,NA,NA_NA
ASV_4151,Bacteria,Bacteroidota,Bacteroidia,Bacteroidales,Tannerellaceae,Parabacteroides,Parabacteroides_merdae
ASV_4152,Bacteria,Pseudomonadota,Gammaproteobacteria,Burkholderiales,Comamonadaceae,Polaromonas,Polaromonas_jejuensis
ASV_4153,Bacteria,Bacteroidota,Bacteroidia,Bacteroidales,Rikenellaceae,Rikenellaceae RC9 gut group,Rikenellaceae_RC9_gut_group_NA
ASV_4154,Bacteria,Pseudomonadota,Gammaproteobacteria,Pseudomonadales,Moraxellaceae,Acinetobacter,Acinetobacter_marinus
ASV_4155,Bacteria,Bacillota,Negativicutes,Veillonellales-Selenomonadales,Veillonellaceae,Allisonella,Allisonella_sp.
ASV_4156,Bacteria,Cyanobacteriota,Vampirivibrionia,Gastranaerophilales,Gastranaerophilaceae,Zag_111,Zag_111_NA
ASV_4157,Bacteria,Bacillota,Clostridia,Oscillospirales,Oscillospiraceae,Oscillibacter,Oscillibacter_NA
ASV_4158,Bacteria,Bacillota,Clostridia,Oscillospirales,Ruminococcaceae,NA,NA_NA
ASV_4159,Bacteria,Bacillota,Bacilli,Bacillales,Planococcaceae,Lysinibacillus,Lysinibacillus_varians
ASV_4160,Bacteria,Thermodesulfobacteriota,Desulfovibrionia,Desulfovibrionales,Desulfovibrionaceae,Desulfovibrio,Desulfovibrio_fairfieldensis
ASV_4161,Bacteria,Bacillota,Bacilli,Erysipelotrichales,Erysipelotrichaceae,Erysipelothrix,Erysipelothrix_rhusiopathiae
ASV_4162,Bacteria,Bacteroidota,Bacteroidia,Flavobacteriales,Weeksellaceae,Chryseobacterium,Chryseobacterium_hominis
ASV_4163,Bacteria,Bacteroidota,Bacteroidia,Bacteroidales,Rikenellaceae,Rikenellaceae RC9 gut group,Rikenellaceae_RC9_gut_group_NA
ASV_4164,Bacteria,Bacteroidota,Bacteroidia,Bacteroidales,Muribaculaceae,NA,NA_NA
ASV_4165,Bacteria,Bacillota,Bacilli,Erysipelotrichales,Erysipelatoclostridiaceae,UCG-004,UCG-004_NA
ASV_4166,Bacteria,Bacillota,Clostridia,Oscillospirales,UCG-010,NA,NA_NA
ASV_4167,Bacteria,Bacillota,Clostridia,Oscillospirales,Oscillospiraceae,NA,NA_NA
ASV_4168,Bacteria,Pseudomonadota,Gammaproteobacteria,Burkholderiales,Comamonadaceae,NA,NA_NA
ASV_4169,Bacteria,Bacteroidota,Bacteroidia,Flavobacteriales,Flavobacteriaceae,Myroides,Myroides_phaeus
ASV_4170,Bacteria,Bacteroidota,Bacteroidia,Bacteroidales,Bacteroidaceae,Bacteroides,Bacteroides_NA
ASV_4171,Bacteria,Bacteroidota,Bacteroidia,Bacteroidales,Bacteroidaceae,Bacteroides,Bacteroides_NA
ASV_4172,Bacteria,Bacillota,Clostridia,Clostridia UCG-014,NA,NA,NA_NA
ASV_4173,Bacteria,Bacillota,Clostridia,Lachnospirales,Lachnospiraceae,Lachnospiraceae NK4A136 group,Lachnospiraceae_NK4A136_group_NA
ASV_4174,Bacteria,Actinomycetota,Actinobacteria,Micrococcales,Micrococcaceae,Rothia,Rothia_NA
ASV_4175,Bacteria,Actinomycetota,Actinobacteria,Mycobacteriales,Dietziaceae,Dietzia,Dietzia_NA
ASV_4176,Bacteria,Fibrobacterota,Fibrobacteria,Fibrobacterales,Fibrobacteraceae,Fibrobacter,Fibrobacter_NA
ASV_4177,Bacteria,Bacillota,Clostridia,Christensenellales,Christensenellaceae,Christensenellaceae R-7 group,Christensenellaceae_R-7_group_NA
ASV_4178,Bacteria,Bacillota,Clostridia,Christensenellales,Christensenellaceae,Christensenellaceae R-7 group,Christensenellaceae_R-7_group_NA
ASV_4179,Bacteria,Bacteroidota,Bacteroidia,Bacteroidales,F082,NA,NA_NA
ASV_4180,Bacteria,Bacillota,Clostridia,Oscillospirales,Ruminococcaceae,Ruminococcus,Ruminococcus_NA
ASV_4181,Bacteria,Bacillota,Clostridia,Oscillospirales,Oscillospiraceae,NK4A214 group,NK4A214_group_NA
ASV_4182,Bacteria,Bacillota,Clostridia,Lachnospirales,Lachnospiraceae,Lachnospiraceae UCG-010,Lachnospiraceae_UCG-010_NA
ASV_4183,Bacteria,Elusimicrobiota,Lineage IIa,NA,NA,NA,NA_NA
ASV_4184,Bacteria,Bacteroidota,Bacteroidia,Bacteroidales,Prevotellaceae,Pseudoprevotella,Pseudoprevotella_NA
ASV_4185,Eukaryota,NA,NA,NA,NA,NA,NA_NA
ASV_4186,Bacteria,Actinomycetota,Actinobacteria,Kitasatosporales,Streptomycetaceae,Streptomyces,Streptomyces_aureus
ASV_4187,Bacteria,Bacteroidota,Bacteroidia,Bacteroidales,Bacteroidales RF16 group,NA,NA_NA
ASV_4188,Bacteria,Pseudomonadota,Gammaproteobacteria,Burkholderiales,Oxalobacteraceae,Duganella,Duganella_vulcania
ASV_4189,Bacteria,Pseudomonadota,Gammaproteobacteria,Burkholderiales,Comamonadaceae,Lampropedia,Lampropedia_hyalina
ASV_4190,Bacteria,Bacillota,Clostridia,Lachnospirales,Lachnospiraceae,NA,NA_NA
ASV_4191,Bacteria,Bacteroidota,Bacteroidia,Bacteroidales,Rikenellaceae,Rikenellaceae RC9 gut group,Rikenellaceae_RC9_gut_group_NA
ASV_4192,Bacteria,Campylobacterota,Campylobacteria,Campylobacterales,Helicobacteraceae,Helicobacter,Helicobacter_canis
ASV_4193,Bacteria,Bacillota,Clostridia,Oscillospirales,Oscillospiraceae,UCG-005,UCG-005_NA
ASV_4194,Bacteria,Bacteroidota,Bacteroidia,Bacteroidales,Bacteroidaceae,Bacteroides,Bacteroides_sartorii
ASV_4195,Bacteria,Bacillota,Clostridia,Lachnospirales,Lachnospiraceae,Extibacter,Extibacter_NA
ASV_4196,Bacteria,Bacteroidota,Bacteroidia,Flavobacteriales,Weeksellaceae,Elizabethkingia,Elizabethkingia_ursingii
ASV_4197,Bacteria,Bacillota,Clostridia,Lachnospirales,Lachnospiraceae,Lachnospiraceae NK4A136 group,Lachnospiraceae_NK4A136_group_NA
ASV_4198,Bacteria,Actinomycetota,Coriobacteriia,Coriobacteriales,Atopobiaceae,Olsenella,Olsenella_NA
ASV_4199,Bacteria,Elusimicrobiota,Elusimicrobia,Elusimicrobiales,Elusimicrobiaceae,Elusimicrobium,Elusimicrobium_NA
ASV_4200,Bacteria,Bacillota,Clostridia,Oscillospirales,Oscillospiraceae,Oscillibacter,Oscillibacter_NA
ASV_4201,Bacteria,Bacillota,Clostridia,Christensenellales,Christensenellaceae,Christensenellaceae R-7 group,Christensenellaceae_R-7_group_NA
ASV_4202,Bacteria,Bacillota,Clostridia,Christensenellales,Christensenellaceae,Christensenellaceae R-7 group,Christensenellaceae_R-7_group_NA
ASV_4203,Bacteria,Bacillota,Clostridia,Oscillospirales,Ruminococcaceae,Anaerofilum,Anaerofilum_NA
ASV_4204,Bacteria,Bacillota,Negativicutes,Veillonellales-Selenomonadales,Veillonellaceae,Dialister,Dialister_sp.
ASV_4205,Bacteria,Bacteroidota,Bacteroidia,Bacteroidales,Rikenellaceae,dgA-11 gut group,dgA-11_gut_group_NA
ASV_4206,Bacteria,Bacillota,Clostridia,Lachnospirales,Lachnospiraceae,Marvinbryantia,Marvinbryantia_NA
ASV_4207,Bacteria,Bacteroidota,Bacteroidia,Bacteroidales,Rikenellaceae,SP3-e08,SP3-e08_NA
ASV_4208,Bacteria,Bacillota,Bacilli,Erysipelotrichales,Erysipelotrichaceae,NA,NA_NA
ASV_4209,Bacteria,Bacteroidota,Bacteroidia,Bacteroidales,Rikenellaceae,Rikenellaceae RC9 gut group,Rikenellaceae_RC9_gut_group_NA
ASV_4210,Bacteria,Bacteroidota,Bacteroidia,Bacteroidales,Rikenellaceae,Rikenellaceae RC9 gut group,Rikenellaceae_RC9_gut_group_NA
ASV_4211,Bacteria,Bacillota,Clostridia,Oscillospirales,Oscillospiraceae,UCG-002,UCG-002_NA
ASV_4212,Bacteria,Bacillota,Clostridia,Lachnospirales,Lachnospiraceae,Faecalimonas,Faecalimonas_NA
ASV_4213,Bacteria,Bacillota,Clostridia,Lachnospirales,Lachnospiraceae,Blautia,Blautia_NA
ASV_4214,Bacteria,Bacteroidota,Bacteroidia,Bacteroidales,Rikenellaceae,Rikenellaceae RC9 gut group,Rikenellaceae_RC9_gut_group_NA
ASV_4215,Bacteria,Bacteroidota,Bacteroidia,Bacteroidales,Bacteroidaceae,Bacteroides,Bacteroides_ovatus
ASV_4216,Bacteria,Bacillota,Bacilli,RF39,NA,NA,NA_NA
ASV_4217,Bacteria,Bacillota,Clostridia,Lachnospirales,Lachnospiraceae,Tyzzerella,Tyzzerella_NA
ASV_4218,Bacteria,Bacillota,Clostridia,Peptococcales,Peptococcaceae,Peptococcus,Peptococcus_NA
ASV_4219,Bacteria,Bacillota,Clostridia,Oscillospirales,UCG-010,NA,NA_NA
ASV_4220,Bacteria,Bacillota,Clostridia,Oscillospirales,UCG-010,NA,NA_NA
ASV_4221,Bacteria,Bacillota,Bacilli,RF39,NA,NA,NA_NA
ASV_4222,Bacteria,Bacillota,Clostridia,Oscillospirales,Ruminococcaceae,Acutalibacter,Acutalibacter_NA
ASV_4223,Bacteria,Bacillota,Clostridia,Lachnospirales,Lachnospiraceae,Lachnospiraceae NK4A136 group,Lachnospiraceae_NK4A136_group_bacterium
ASV_4224,Bacteria,Bacillota,Clostridia,Lachnospirales,Lachnospiraceae,Roseburia,Roseburia_NA
ASV_4225,Bacteria,Pseudomonadota,Gammaproteobacteria,Pseudomonadales,Pseudomonadaceae,Pseudomonas,Pseudomonas_frederiksbergensis
ASV_4226,Bacteria,Pseudomonadota,Alphaproteobacteria,Rickettsiales,Mitochondria,NA,NA_NA
ASV_4227,Bacteria,Actinomycetota,Actinobacteria,Kitasatosporales,Streptomycetaceae,Streptomyces,Streptomyces_thermoviolaceus
ASV_4228,Bacteria,Patescibacteria,Parcubacteria,Candidatus Kaiserbacteria,NA,NA,NA_NA
ASV_4229,Bacteria,Pseudomonadota,Gammaproteobacteria,Burkholderiales,Oxalobacteraceae,Massilia,Massilia_oculi
ASV_4230,Bacteria,Pseudomonadota,Alphaproteobacteria,Hyphomicrobiales,Beijerinckiaceae,Methylobacterium,Methylobacterium_NA
ASV_4231,Bacteria,Bacteroidota,Bacteroidia,Bacteroidales,Bacteroidaceae,Bacteroides,Bacteroides_NA
ASV_4232,Bacteria,Actinomycetota,Actinobacteria,Mycobacteriales,Nocardiaceae,Rhodococcus,Rhodococcus_fascians
ASV_4233,Bacteria,Pseudomonadota,Gammaproteobacteria,Burkholderiales,Comamonadaceae,Lampropedia,Lampropedia_hyalina
ASV_4234,Bacteria,Pseudomonadota,Gammaproteobacteria,Burkholderiales,Oxalobacteraceae,Duganella,Duganella_NA
ASV_4235,Bacteria,Bacteroidota,Bacteroidia,Bacteroidales,Rikenellaceae,Rikenellaceae RC9 gut group,Rikenellaceae_RC9_gut_group_NA
ASV_4236,Bacteria,Bacillota,Clostridia,Oscillospirales,UCG-010,NA,NA_NA
ASV_4237,Bacteria,Pseudomonadota,Gammaproteobacteria,Burkholderiales,Sutterellaceae,Sutterella,Sutterella_megalosphaeroides
ASV_4238,Bacteria,Actinomycetota,Coriobacteriia,Coriobacteriales,Coriobacteriaceae,Collinsella,Collinsella_tanakaei
ASV_4239,Bacteria,Bacillota,Clostridia,Oscillospirales,Butyricicoccaceae,Butyricicoccus,Butyricicoccus_NA
ASV_4240,Bacteria,Bacillota,Clostridia,Oscillospirales,Oscillospiraceae,Oscillibacter,Oscillibacter_NA
ASV_4241,Bacteria,Bacteroidota,Bacteroidia,Bacteroidales,Muribaculaceae,NA,NA_NA
ASV_4242,Bacteria,Bacillota,Clostridia,Lachnospirales,Lachnospiraceae,NA,NA_NA
ASV_4243,Bacteria,Actinomycetota,Actinobacteria,Micrococcales,Micrococcaceae,Rothia,Rothia_mucilaginosa
ASV_4244,Bacteria,Actinomycetota,Actinobacteria,Micrococcales,Microbacteriaceae,Frondihabitans,Frondihabitans_NA
ASV_4245,Bacteria,Bacillota,Bacilli,Lactobacillales,Lactobacillaceae,Apilactobacillus,Apilactobacillus_ozensis
ASV_4246,Bacteria,Bacillota,Clostridia,Lachnospirales,Lachnospiraceae,Blautia,Blautia_NA
ASV_4247,Bacteria,Bacteroidota,Bacteroidia,Bacteroidales,Muribaculaceae,NA,NA_NA
ASV_4248,Bacteria,Bacteroidota,Bacteroidia,Bacteroidales,Muribaculaceae,NA,NA_NA
ASV_4249,Bacteria,Bacteroidota,Bacteroidia,Bacteroidales,Rikenellaceae,Rikenellaceae RC9 gut group,Rikenellaceae_RC9_gut_group_NA
ASV_4250,Bacteria,Bacillota,Clostridia,Monoglobales,Monoglobaceae,Monoglobus,Monoglobus_NA
ASV_4251,Bacteria,Bacillota,Clostridia,Christensenellales,Christensenellaceae,Christensenellaceae R-7 group,Christensenellaceae_R-7_group_NA
ASV_4252,Bacteria,Bacillota,Clostridia,NA,NA,NA,NA_NA
ASV_4253,Archaea,Methanobacteriota,Methanobacteria,Methanobacteriales,Methanobacteriaceae,Methanobrevibacter,Methanobrevibacter_woesei
ASV_4254,Bacteria,Bacillota,Clostridia,Peptostreptococcales-Tissierellales,Family XI,Tissierella,Tissierella_NA
ASV_4255,Bacteria,Bacillota,Clostridia,Clostridia UCG-014,NA,NA,NA_NA
ASV_4256,Bacteria,Bacillota,Bacilli,Erysipelotrichales,Erysipelatoclostridiaceae,Tannockella,Tannockella_kyphosi
ASV_4257,Bacteria,Bacillota,Bacilli,RF39,NA,NA,NA_NA
ASV_4258,Bacteria,Bacillota,Clostridia,Lachnospirales,Lachnospiraceae,Lachnospiraceae UCG-006,Lachnospiraceae_UCG-006_NA
ASV_4259,Bacteria,Pseudomonadota,Alphaproteobacteria,Rhodospirillales,NA,NA,NA_NA
ASV_4260,Bacteria,Pseudomonadota,Alphaproteobacteria,Rhodobacterales,Paracoccaceae,Paracoccus,Paracoccus_sanguinis
ASV_4261,Bacteria,Pseudomonadota,Alphaproteobacteria,Hyphomicrobiales,Beijerinckiaceae,Enterovirga,Enterovirga_NA
ASV_4262,Bacteria,Actinomycetota,Coriobacteriia,Coriobacteriales,Eggerthellaceae,NA,NA_NA
ASV_4263,Bacteria,Bacillota,Clostridia,Oscillospirales,Ruminococcaceae,Ruminococcus,Ruminococcus_champanellensis
ASV_4264,Bacteria,Bacillota,Clostridia,Oscillospirales,Ruminococcaceae,Ruminococcus,Ruminococcus_NA
ASV_4265,Bacteria,Actinomycetota,Actinobacteria,Propionibacteriales,Nocardioidaceae,Nocardioides,Nocardioides_dokdonensis
ASV_4266,Bacteria,Verrucomicrobiota,Kiritimatiellia,WCHB1-41,NA,NA,NA_NA
ASV_4267,Bacteria,Bacillota,Bacilli,RF39,NA,NA,NA_NA
ASV_4268,Bacteria,Pseudomonadota,Alphaproteobacteria,Rickettsiales,Mitochondria,NA,NA_NA
ASV_4269,Bacteria,Bacteroidota,Bacteroidia,Bacteroidales,Muribaculaceae,NA,NA_NA
ASV_4270,Bacteria,Bacillota,Clostridia,Oscillospirales,Oscillospiraceae,NA,NA_NA
ASV_4271,Bacteria,Bacillota,Clostridia,Oscillospirales,[Eubacterium] coprostanoligenes group,NA,NA_NA
ASV_4272,Bacteria,Bacteroidota,Bacteroidia,Chitinophagales,Chitinophagaceae,Aurantisolimonas,Aurantisolimonas_haloimpatiens
ASV_4273,Bacteria,Actinomycetota,Actinobacteria,Mycobacteriales,Corynebacteriaceae,Corynebacterium,Corynebacterium_NA
ASV_4274,Bacteria,Bacteroidota,Bacteroidia,Bacteroidales,Paludibacteraceae,NA,NA_NA
ASV_4275,Bacteria,Bacteroidota,Bacteroidia,Sphingobacteriales,Sphingobacteriaceae,Pedobacter,Pedobacter_NA
ASV_4276,Bacteria,Bacteroidota,Bacteroidia,Bacteroidales,Muribaculaceae,NA,NA_NA
ASV_4277,Bacteria,Pseudomonadota,Alphaproteobacteria,Rickettsiales,Mitochondria,NA,NA_NA
ASV_4278,Bacteria,Bacillota,Bacilli,Erysipelotrichales,Erysipelotrichaceae,Catenisphaera,Catenisphaera_NA
ASV_4279,Bacteria,Pseudomonadota,Gammaproteobacteria,Burkholderiales,Sutterellaceae,Parasutterella,Parasutterella_secunda
ASV_4280,Bacteria,Bacillota,Clostridia,Lachnospirales,Lachnospiraceae,Lachnospiraceae NK4A136 group,Lachnospiraceae_NK4A136_group_NA
ASV_4281,Bacteria,Bacillota,Clostridia,NA,NA,NA,NA_NA
ASV_4282,Bacteria,Bacteroidota,Bacteroidia,Bacteroidales,F082,NA,NA_NA
ASV_4283,Bacteria,Bacteroidota,Bacteroidia,Flavobacteriales,Weeksellaceae,Chryseobacterium,Chryseobacterium_NA
ASV_4284,Bacteria,Bacteroidota,Bacteroidia,Bacteroidales,Bacteroidaceae,Bacteroides,Bacteroides_plebeius
ASV_4285,Bacteria,Bacillota,Clostridia,Oscillospirales,Ruminococcaceae,NA,NA_NA
ASV_4286,Bacteria,Bacillota,Bacilli,RF39,NA,NA,NA_NA
ASV_4287,Bacteria,NA,NA,NA,NA,NA,NA_NA
ASV_4288,Bacteria,Bacteroidota,Bacteroidia,Bacteroidales,Prevotellaceae,Prevotellaceae UCG-004,Prevotellaceae_UCG-004_NA
ASV_4289,Bacteria,Bacillota,Clostridia,Oscillospirales,[Eubacterium] coprostanoligenes group,NA,NA_NA
ASV_4290,Bacteria,Verrucomicrobiota,Lentisphaeria,Oligosphaerales,Oligosphaeraceae,Z20,Z20_NA
ASV_4291,Bacteria,Verrucomicrobiota,Kiritimatiellia,WCHB1-41,NA,NA,NA_NA
ASV_4292,Bacteria,Bacteroidota,Bacteroidia,Bacteroidales,Rikenellaceae,Rikenellaceae RC9 gut group,Rikenellaceae_RC9_gut_group_NA
ASV_4293,Bacteria,Pseudomonadota,Alphaproteobacteria,Acetobacterales,Acetobacteraceae,Gluconobacter,Gluconobacter_albidus
ASV_4294,Bacteria,Bacillota,Clostridia,Oscillospirales,Ruminococcaceae,Fournierella,Fournierella_NA
ASV_4295,Bacteria,Spirochaetota,Spirochaetia,Spirochaetales,Spirochaetaceae,Treponema,Treponema_bryantii
ASV_4296,Bacteria,Bacillota,Clostridia,Oscillospirales,Oscillospiraceae,Colidextribacter,Colidextribacter_NA
ASV_4297,Bacteria,Bacillota,Clostridia,Lachnospirales,Lachnospiraceae,Lachnospiraceae NK4A136 group,Lachnospiraceae_NK4A136_group_NA
ASV_4298,Bacteria,Pseudomonadota,Alphaproteobacteria,Acetobacterales,Acetobacteraceae,Acidiphilium,Acidiphilium_NA
ASV_4299,Bacteria,Bacillota,Clostridia,Lachnospirales,Lachnospiraceae,Dorea,Dorea_formicigenerans
ASV_4300,Bacteria,Actinomycetota,Actinobacteria,Micrococcales,Intrasporangiaceae,Knoellia,Knoellia_NA
ASV_4301,Bacteria,Bacillota,Clostridia,Oscillospirales,[Eubacterium] coprostanoligenes group,NA,NA_NA
ASV_4302,Bacteria,Patescibacteria,Saccharimonadia,Saccharimonadales,Saccharimonadaceae,Candidatus Saccharimonas,Candidatus_Saccharimonas_NA
ASV_4303,Bacteria,Bacillota,Clostridia,Oscillospirales,UCG-010,NA,NA_NA
ASV_4304,Bacteria,Bacillota,Clostridia,Christensenellales,Christensenellaceae,Christensenellaceae R-7 group,Christensenellaceae_R-7_group_NA
ASV_4305,Bacteria,Bacillota,Clostridia,Oscillospirales,Oscillospiraceae,Oscillibacter,Oscillibacter_NA
ASV_4306,Bacteria,Bacillota,Clostridia,Oscillospirales,UCG-010,NA,NA_NA
ASV_4307,Bacteria,Pseudomonadota,Gammaproteobacteria,Pseudomonadales,Moraxellaceae,Acinetobacter,Acinetobacter_pittii
ASV_4308,Bacteria,Bacillota,Clostridia,Oscillospirales,[Eubacterium] coprostanoligenes group,NA,NA_NA
ASV_4309,Bacteria,Bacteroidota,Bacteroidia,Bacteroidales,Prevotellaceae,Xylanibacter,Xylanibacter_NA
ASV_4310,Bacteria,Bacteroidota,Bacteroidia,Sphingobacteriales,Sphingobacteriaceae,Sphingobacterium,Sphingobacterium_mizutaii
ASV_4311,Bacteria,Bacteroidota,Bacteroidia,Bacteroidales,Marinifilaceae,Odoribacter,Odoribacter_NA
ASV_4312,Bacteria,Pseudomonadota,Gammaproteobacteria,Pseudomonadales,Moraxellaceae,Psychrobacter,Psychrobacter_nivimaris
ASV_4313,Bacteria,Verrucomicrobiota,Verrucomicrobiia,Chthoniobacterales,Chthoniobacteraceae,LD29,LD29_NA
ASV_4314,Bacteria,Bacillota,Clostridia,Oscillospirales,Butyricicoccaceae,UCG-009,UCG-009_NA
ASV_4315,Bacteria,Bacillota,Bacilli,Izemoplasmatales,NA,NA,NA_NA
ASV_4316,Bacteria,Actinomycetota,Coriobacteriia,Coriobacteriales,Atopobiaceae,NA,NA_NA
ASV_4317,Bacteria,Bacillota,Clostridia,Lachnospirales,Lachnospiraceae,Lachnospiraceae NK4A136 group,Lachnospiraceae_NK4A136_group_NA
ASV_4318,Bacteria,Bacillota,Bacilli,Exiguobacterales,Exiguobacteraceae,Exiguobacterium,Exiguobacterium_aurantiacum
ASV_4319,Bacteria,Pseudomonadota,Alphaproteobacteria,Sphingomonadales,Sphingomonadaceae,Sphingomonas,Sphingomonas_NA
ASV_4320,Bacteria,Fusobacteriota,Fusobacteriia,Fusobacteriales,Leptotrichiaceae,Sebaldella,Sebaldella_NA
ASV_4321,Bacteria,Pseudomonadota,Alphaproteobacteria,Rickettsiales,Mitochondria,NA,NA_NA
ASV_4322,Bacteria,Actinomycetota,Coriobacteriia,Coriobacteriales,Atopobiaceae,NA,NA_NA
ASV_4323,Bacteria,Bacillota,Clostridia,Peptostreptococcales-Tissierellales,Anaerovoracaceae,Family XIII AD3011 group,Family_XIII_AD3011_group_NA
ASV_4324,Bacteria,Pseudomonadota,Gammaproteobacteria,Burkholderiales,Alcaligenaceae,Candidatus Kinetoplastibacterium,Candidatus_Kinetoplastibacterium_crithidii
ASV_4325,Bacteria,Bacteroidota,Bacteroidia,Sphingobacteriales,Sphingobacteriaceae,Sphingobacterium,Sphingobacterium_faecium
ASV_4326,Bacteria,Bacillota,Clostridia,Lachnospirales,Lachnospiraceae,Eubacterium,Eubacterium_ruminantium_group
ASV_4327,Bacteria,Bacillota,Clostridia,Lachnospirales,Lachnospiraceae,NA,NA_NA
ASV_4328,Bacteria,Bacillota,Clostridia,Oscillospirales,Ruminococcaceae,Ruminococcus,Ruminococcus_NA
ASV_4329,Bacteria,Bacillota,Negativicutes,Veillonellales-Selenomonadales,Selenomonadaceae,Quinella,Quinella_NA
ASV_4330,Bacteria,Verrucomicrobiota,Kiritimatiellia,WCHB1-41,NA,NA,NA_NA
ASV_4331,Bacteria,Bacillota,Bacilli,RF39,NA,NA,NA_NA
ASV_4332,Bacteria,Bacteroidota,Bacteroidia,Bacteroidales,Rikenellaceae,Rikenellaceae RC9 gut group,Rikenellaceae_RC9_gut_group_NA
ASV_4333,Bacteria,Pseudomonadota,Gammaproteobacteria,Lysobacterales,Rhodanobacteraceae,Frateuria,Frateuria_aurantia
ASV_4334,Bacteria,Bacteroidota,Bacteroidia,Bacteroidales,PeH15,NA,NA_NA
ASV_4335,Bacteria,Bacillota,Bacilli,Erysipelotrichales,Erysipelotrichaceae,Erysipelothrix,Erysipelothrix_NA
ASV_4336,Bacteria,Actinomycetota,Coriobacteriia,Coriobacteriales,Eggerthellaceae,Slackia,Slackia_NA
ASV_4337,Bacteria,Cyanobacteriota,Cyanobacteriia,Chloroplast,NA,NA,NA_NA
ASV_4338,Bacteria,Bacillota,Clostridia,Lachnospirales,Lachnospiraceae,Lachnoclostridium,Lachnoclostridium_NA
ASV_4339,Bacteria,Bacillota,Clostridia,Lachnospirales,Lachnospiraceae,Oribacterium,Oribacterium_NA
ASV_4340,Bacteria,Bacteroidota,Bacteroidia,Bacteroidales,Prevotellaceae,Prevotellaceae UCG-003,Prevotellaceae_UCG-003_NA
ASV_4341,Bacteria,Bacillota,Bacilli,RF39,NA,NA,NA_NA
ASV_4342,Bacteria,Bacillota,Clostridia,Lachnospirales,Lachnospiraceae,NA,NA_NA
ASV_4343,Bacteria,Bacillota,Clostridia,Christensenellales,Christensenellaceae,Christensenellaceae R-7 group,Christensenellaceae_R-7_group_NA
ASV_4344,Bacteria,Bacteroidota,Bacteroidia,Bacteroidales,NA,NA,NA_NA
ASV_4345,Bacteria,Bacillota,Clostridia,Lachnospirales,Lachnospiraceae,Roseburia,Roseburia_intestinalis
ASV_4346,Bacteria,Bacillota,Bacilli,RF39,NA,NA,NA_NA
ASV_4347,Bacteria,Bacillota,Clostridia,Peptostreptococcales-Tissierellales,Anaerovoracaceae,Hornefia,Hornefia_NA
ASV_4348,Bacteria,Bacteroidota,Bacteroidia,Bacteroidales,Dysgonomonadaceae,Dysgonomonas,Dysgonomonas_NA
ASV_4349,Bacteria,Bacillota,Bacilli,Lactobacillales,Lactobacillaceae,Limosilactobacillus,Limosilactobacillus_secaliphilus
ASV_4350,Bacteria,Bacteroidota,Bacteroidia,Bacteroidales,F082,NA,NA_NA
ASV_4351,Bacteria,Bacillota,Clostridia,Lachnospirales,Lachnospiraceae,Agathobacter,Agathobacter_NA
ASV_4352,Bacteria,Actinomycetota,Actinobacteria,Micrococcales,Micrococcaceae,Glutamicibacter,Glutamicibacter_arilaitensis
ASV_4353,Bacteria,Bacillota,Clostridia,Lachnospirales,Lachnospiraceae,Ruminococcus,Ruminococcus_gauvreauii_group
ASV_4354,Bacteria,Bacteroidota,Bacteroidia,Bacteroidales,Bacteroidaceae,Bacteroides,Bacteroides_eggerthii
ASV_4355,Bacteria,Bacteroidota,Bacteroidia,Bacteroidales,Bacteroidaceae,Bacteroides,Bacteroides_NA
ASV_4356,Bacteria,Bacteroidota,Bacteroidia,Bacteroidales,Muribaculaceae,NA,NA_NA
ASV_4357,Bacteria,Bacteroidota,Bacteroidia,Bacteroidales,Muribaculaceae,NA,NA_NA
ASV_4358,Bacteria,Bacillota,Clostridia,Lachnospirales,Lachnospiraceae,Sellimonas,Sellimonas_NA
ASV_4359,Bacteria,Bacteroidota,Bacteroidia,Bacteroidales,NA,NA,NA_NA
ASV_4360,Bacteria,Bacillota,Clostridia,Oscillospirales,Oscillospiraceae,Oscillibacter,Oscillibacter_NA
ASV_4361,Bacteria,Cyanobacteriota,Cyanobacteriia,Chloroplast,NA,NA,NA_NA
ASV_4362,Bacteria,Myxococcota,Myxococcia,Myxococcales,Myxococcaceae,P3OB-42,P3OB-42_NA
ASV_4363,Bacteria,Bacillota,Clostridia,Peptostreptococcales-Tissierellales,Family XI,Anaerococcus,Anaerococcus_prevotii
ASV_4364,Bacteria,Actinomycetota,Actinobacteria,Propionibacteriales,Nocardioidaceae,Nocardioides,Nocardioides_plantarum
ASV_4365,Bacteria,Pseudomonadota,Alphaproteobacteria,Hyphomicrobiales,Rhizobiaceae,Brucella,Brucella_rhizosphaerae
ASV_4366,Bacteria,Bacillota,Clostridia,Monoglobales,Monoglobaceae,Monoglobus,Monoglobus_NA
ASV_4367,Bacteria,Bacillota,Clostridia,Lachnospirales,Lachnospiraceae,NA,NA_NA
ASV_4368,Bacteria,Pseudomonadota,Alphaproteobacteria,Rickettsiales,Mitochondria,NA,NA_NA
ASV_4369,Bacteria,Bacteroidota,Bacteroidia,Bacteroidales,Tannerellaceae,Parabacteroides,Parabacteroides_NA
ASV_4370,Bacteria,Bacillota,Clostridia,Lachnospirales,Lachnospiraceae,NA,NA_NA
ASV_4371,Bacteria,Bacillota,Clostridia,Monoglobales,Monoglobaceae,Monoglobus,Monoglobus_NA
ASV_4372,Bacteria,Bacillota,Bacilli,Staphylococcales,Gemellaceae,Gemella,Gemella_morbillorum
ASV_4373,Bacteria,Bacillota,Clostridia,Lachnospirales,Lachnospiraceae,Mediterraneibacter,Mediterraneibacter_NA
ASV_4374,Bacteria,Bacillota,Negativicutes,Acidaminococcales,Acidaminococcaceae,Acidaminococcus,Acidaminococcus_sp.
ASV_4375,Bacteria,Bacteroidota,Bacteroidia,Bacteroidales,Rikenellaceae,dgA-11 gut group,dgA-11_gut_group_NA
ASV_4376,Bacteria,Pseudomonadota,Gammaproteobacteria,Enterobacterales,Succinivibrionaceae,Anaerobiospirillum,Anaerobiospirillum_succiniciproducens
ASV_4377,Bacteria,Bacillota,Negativicutes,Veillonellales-Selenomonadales,Veillonellaceae,Megasphaera,Megasphaera_elsdenii
ASV_4378,Bacteria,Bacillota,Clostridia,Oscillospirales,Oscillospiraceae,NK4A214 group,NK4A214_group_NA
ASV_4379,Bacteria,Verrucomicrobiota,Kiritimatiellia,WCHB1-41,NA,NA,NA_NA
ASV_4380,Bacteria,Bacillota,Clostridia,NA,NA,NA,NA_NA
ASV_4381,Bacteria,Bacillota,Clostridia,Oscillospirales,Ruminococcaceae,Pygmaiobacter,Pygmaiobacter_NA
ASV_4382,Bacteria,Bacillota,Clostridia,Peptostreptococcales-Tissierellales,Anaerovoracaceae,Family XIII AD3011 group,Family_XIII_AD3011_group_NA
ASV_4383,Bacteria,Bacillota,Clostridia,Oscillospirales,Oscillospiraceae,Ruminiclostridium,Ruminiclostridium_NA
ASV_4384,Bacteria,Bacteroidota,Bacteroidia,Bacteroidales,Prevotellaceae,NA,NA_NA
ASV_4385,Bacteria,Bacteroidota,Bacteroidia,Bacteroidales,Bacteroidaceae,Bacteroides,Bacteroides_NA
ASV_4386,Bacteria,Bacillota,Clostridia,Peptostreptococcales-Tissierellales,Family XI,Tissierella,Tissierella_NA
ASV_4387,Bacteria,Bacillota,Clostridia,Lachnospirales,Lachnospiraceae,NA,NA_NA
ASV_4388,Bacteria,Bacillota,Clostridia,Clostridiales,Clostridiaceae,Clostridium,Clostridium_gasigenes
ASV_4389,Bacteria,Pseudomonadota,Gammaproteobacteria,Pseudomonadales,Moraxellaceae,Alkanindiges,Alkanindiges_NA
ASV_4390,Bacteria,Pseudomonadota,Alphaproteobacteria,Acetobacterales,Acetobacteraceae,Acidiphilium,Acidiphilium_NA
ASV_4391,Bacteria,Bacillota,Clostridia,Lachnospirales,Lachnospiraceae,Blautia,Blautia_NA
ASV_4392,Bacteria,Bacillota,Clostridia,Lachnospirales,Lachnospiraceae,Eubacterium,Eubacterium_xylanophilum_group
ASV_4393,Bacteria,Bacillota,Clostridia,Oscillospirales,[Eubacterium] coprostanoligenes group,NA,NA_NA
ASV_4394,Bacteria,Actinomycetota,Coriobacteriia,Coriobacteriales,NA,NA,NA_NA
ASV_4395,Bacteria,Bacillota,Clostridia,Christensenellales,Christensenellaceae,Christensenellaceae R-7 group,Christensenellaceae_R-7_group_NA
ASV_4396,Bacteria,Bacteroidota,Bacteroidia,Bacteroidales,Prevotellaceae,Xylanibacter,Xylanibacter_NA
ASV_4397,Bacteria,Bacillota,Clostridia,Oscillospirales,Oscillospiraceae,UCG-007,UCG-007_NA
ASV_4398,Bacteria,Bacillota,Clostridia,Oscillospirales,UCG-010,NA,NA_NA
ASV_4399,Bacteria,NA,NA,NA,NA,NA,NA_NA
ASV_4400,Bacteria,Bacillota,Bacilli,RF39,NA,NA,NA_NA
ASV_4401,Bacteria,Actinomycetota,Actinobacteria,Micrococcales,Microbacteriaceae,Curtobacterium,Curtobacterium_sp.
ASV_4402,Bacteria,Bacteroidota,Bacteroidia,Bacteroidales,Tannerellaceae,Parabacteroides,Parabacteroides_merdae
ASV_4403,Bacteria,Bacillota,Clostridia,Christensenellales,Christensenellaceae,Christensenellaceae R-7 group,Christensenellaceae_R-7_group_NA
ASV_4404,Bacteria,Bacteroidota,Bacteroidia,Bacteroidales,Paludibacteraceae,NA,NA_NA
ASV_4405,Bacteria,Bacillota,Bacilli,Lactobacillales,Carnobacteriaceae,Desemzia,Desemzia_incerta
ASV_4406,Bacteria,Bacteroidota,Bacteroidia,Bacteroidales,Bacteroidaceae,Bacteroides,Bacteroides_plebeius
ASV_4407,Bacteria,Bacteroidota,Bacteroidia,Bacteroidales,Bacteroidaceae,Bacteroides,Bacteroides_NA
ASV_4408,Bacteria,Pseudomonadota,Alphaproteobacteria,Acetobacterales,Acetobacteraceae,Belnapia,Belnapia_moabensis
ASV_4409,Bacteria,Bacillota,Clostridia,Clostridia UCG-014,NA,NA,NA_NA
ASV_4410,Bacteria,Bacillota,Clostridia,NA,NA,NA,NA_NA
ASV_4411,Bacteria,Deferribacterota,Deferribacteres,Deferribacterales,Deferribacteraceae,Mucispirillum,Mucispirillum_NA
ASV_4412,Bacteria,Pseudomonadota,Gammaproteobacteria,Pseudomonadales,Moraxellaceae,Acinetobacter,Acinetobacter_bohemicus
ASV_4413,Bacteria,Bacteroidota,Bacteroidia,Bacteroidales,F082,NA,NA_NA
ASV_4414,Bacteria,Bacillota,Clostridia,Oscillospirales,Ruminococcaceae,Ruminococcus,Ruminococcus_NA
ASV_4415,Bacteria,Bacillota,Clostridia,Peptostreptococcales-Tissierellales,Anaerovoracaceae,NA,NA_NA
ASV_4416,Bacteria,Bacteroidota,Bacteroidia,Bacteroidales,Rikenellaceae,Rikenellaceae RC9 gut group,Rikenellaceae_RC9_gut_group_NA
ASV_4417,Bacteria,Campylobacterota,Campylobacteria,Campylobacterales,Campylobacteraceae,Campylobacter,Campylobacter_helveticus
ASV_4418,Bacteria,Bacillota,Clostridia,Oscillospirales,Ruminococcaceae,NA,NA_NA
ASV_4419,Bacteria,Bacillota,Clostridia,Oscillospirales,[Eubacterium] coprostanoligenes group,NA,NA_NA
ASV_4420,Bacteria,Bacillota,Clostridia,Oscillospirales,Ruminococcaceae,NA,NA_NA
ASV_4421,Bacteria,Bacillota,Clostridia,Oscillospirales,UCG-010,NA,NA_NA
ASV_4422,Archaea,Methanobacteriota,Methanobacteria,Methanobacteriales,Methanobacteriaceae,Methanobrevibacter,Methanobrevibacter_NA
ASV_4423,Bacteria,Bacillota,Bacilli,RF39,NA,NA,NA_NA
ASV_4424,Bacteria,Bacillota,Bacilli,Erysipelotrichales,Erysipelatoclostridiaceae,Massiliomicrobiota,Massiliomicrobiota_NA
ASV_4425,Bacteria,Bacteroidota,Bacteroidia,Bacteroidales,Rikenellaceae,Rikenellaceae RC9 gut group,Rikenellaceae_RC9_gut_group_NA
ASV_4426,Bacteria,Bacillota,Clostridia,Lachnospirales,Lachnospiraceae,Lachnospiraceae ND3007 group,Lachnospiraceae_ND3007_group_NA
ASV_4427,Bacteria,Bacteroidota,Bacteroidia,Bacteroidales,Rikenellaceae,Rikenellaceae RC9 gut group,Rikenellaceae_RC9_gut_group_NA
ASV_4428,Bacteria,Bacillota,Bacilli,Bacillales,Planococcaceae,Kurthia,Kurthia_gibsonii
ASV_4429,Bacteria,Campylobacterota,Campylobacteria,Campylobacterales,Helicobacteraceae,Helicobacter,Helicobacter_canis
ASV_4430,Bacteria,Bacteroidota,Bacteroidia,Bacteroidales,Rikenellaceae,Rikenellaceae RC9 gut group,Rikenellaceae_RC9_gut_group_NA
ASV_4431,Bacteria,Pseudomonadota,Gammaproteobacteria,Burkholderiales,Sutterellaceae,Sutterella,Sutterella_NA
ASV_4432,Bacteria,Campylobacterota,Campylobacteria,Campylobacterales,Campylobacteraceae,Campylobacter,Campylobacter_helveticus
ASV_4433,Bacteria,Bacillota,Bacilli,Bacillales,Planococcaceae,Sporosarcina,Sporosarcina_siberiensis
ASV_4434,Bacteria,Pseudomonadota,Alphaproteobacteria,Sphingomonadales,Sphingomonadaceae,Sphingomonas,Sphingomonas_dokdonensis
ASV_4435,Bacteria,Bacillota,Clostridia,Peptostreptococcales-Tissierellales,Anaerovoracaceae,Mogibacterium,Mogibacterium_NA
ASV_4436,Bacteria,Bacteroidota,Bacteroidia,Bacteroidales,Muribaculaceae,NA,NA_NA
ASV_4437,Bacteria,Bacillota,Clostridia,Clostridia UCG-014,NA,NA,NA_NA
ASV_4438,Bacteria,Bacteroidota,Bacteroidia,Bacteroidales,Muribaculaceae,NA,NA_NA
ASV_4439,Bacteria,Bacillota,Clostridia,Lachnospirales,Lachnospiraceae,NA,NA_NA
ASV_4440,Bacteria,Actinomycetota,Coriobacteriia,Coriobacteriales,Eggerthellaceae,Adlercreutzia,Adlercreutzia_equolifaciens
ASV_4441,Bacteria,Bacillota,Bacilli,Erysipelotrichales,Erysipelotrichaceae,NA,NA_NA
ASV_4442,Bacteria,Bacillota,Clostridia,Monoglobales,Monoglobaceae,Monoglobus,Monoglobus_NA
ASV_4443,Bacteria,Bacillota,Clostridia,Christensenellales,Christensenellaceae,Christensenellaceae R-7 group,Christensenellaceae_R-7_group_NA
ASV_4444,Bacteria,Bacillota,Clostridia,Clostridia UCG-014,NA,NA,NA_NA
ASV_4445,Bacteria,Bacillota,Bacilli,RF39,NA,NA,NA_NA
ASV_4446,Bacteria,Bacillota,Clostridia,Christensenellales,Christensenellaceae,Christensenellaceae R-7 group,Christensenellaceae_R-7_group_NA
ASV_4447,Bacteria,Bacillota,Bacilli,Erysipelotrichales,Erysipelotrichaceae,Erysipelotrichaceae UCG-009,Erysipelotrichaceae_UCG-009_NA
ASV_4448,Bacteria,Bacillota,Clostridia,Lachnospirales,Lachnospiraceae,NA,NA_NA
ASV_4449,Bacteria,Bacteroidota,Bacteroidia,Bacteroidales,Rikenellaceae,Rikenellaceae RC9 gut group,Rikenellaceae_RC9_gut_group_NA
ASV_4450,Bacteria,Bacillota,Clostridia,Lachnospirales,Lachnospiraceae,NA,NA_NA
ASV_4451,Bacteria,Bacteroidota,Bacteroidia,Flavobacteriales,Weeksellaceae,NA,NA_NA
ASV_4452,Bacteria,Pseudomonadota,Gammaproteobacteria,Pseudomonadales,Pseudomonadaceae,Pseudomonas,Pseudomonas_NA
ASV_4453,Bacteria,Bacillota,Clostridia,Christensenellales,Christensenellaceae,Christensenellaceae R-7 group,Christensenellaceae_R-7_group_NA
ASV_4454,Bacteria,Bacteroidota,Bacteroidia,Bacteroidales,Rikenellaceae,Alistipes,Alistipes_NA
ASV_4455,Eukaryota,NA,NA,NA,NA,NA,NA_NA
ASV_4456,Bacteria,Bacteroidota,Bacteroidia,Cytophagales,Hymenobacteraceae,Hymenobacter,Hymenobacter_NA
ASV_4457,Bacteria,Bacteroidota,Bacteroidia,Bacteroidales,Prevotellaceae,NA,NA_NA
ASV_4458,Eukaryota,NA,NA,NA,NA,NA,NA_NA
ASV_4459,Bacteria,Actinomycetota,Actinobacteria,Mycobacteriales,Nocardiaceae,Williamsia,Williamsia_serinedens
ASV_4460,Bacteria,Chlamydiota,Chlamydiia,Chlamydiales,Parachlamydiaceae,NA,NA_NA
ASV_4461,Bacteria,Bacteroidota,Bacteroidia,Bacteroidales,Rikenellaceae,Alistipes,Alistipes_shahii
ASV_4462,Bacteria,Bacteroidota,Bacteroidia,Bacteroidales,Bacteroidales RF16 group,NA,NA_NA
ASV_4463,Bacteria,Bacillota,Clostridia,Oscillospirales,Ruminococcaceae,Paludicola,Paludicola_NA
ASV_4464,Bacteria,Bacillota,Clostridia,Clostridia vadinBB60 group,NA,NA,NA_NA
ASV_4465,Bacteria,Bacillota,Clostridia,Peptostreptococcales-Tissierellales,Peptostreptococcaceae,Paraclostridium,Paraclostridium_bifermentans
ASV_4466,Bacteria,Bacteroidota,Bacteroidia,Bacteroidales,Tannerellaceae,Parabacteroides,Parabacteroides_NA
ASV_4467,Bacteria,Bacteroidota,Bacteroidia,Bacteroidales,p-251-o5,NA,NA_NA
ASV_4468,Bacteria,Verrucomicrobiota,Kiritimatiellia,WCHB1-41,NA,NA,NA_NA
ASV_4469,Bacteria,Verrucomicrobiota,Kiritimatiellia,WCHB1-41,NA,NA,NA_NA
ASV_4470,Bacteria,Bacteroidota,Bacteroidia,Bacteroidales,Rikenellaceae,Rikenellaceae RC9 gut group,Rikenellaceae_RC9_gut_group_NA
ASV_4471,Bacteria,Bacillota,Clostridia,Oscillospirales,UCG-010,NA,NA_NA
ASV_4472,Bacteria,Bacillota,Clostridia,Oscillospirales,UCG-010,NA,NA_NA
ASV_4473,Bacteria,Bacillota,Clostridia,Oscillospirales,UCG-010,NA,NA_NA
ASV_4474,Bacteria,Bacteroidota,Bacteroidia,Bacteroidales,F082,NA,NA_NA
ASV_4475,Bacteria,Bacteroidota,Bacteroidia,Bacteroidales,Bacteroidaceae,Bacteroides,Bacteroides_ovatus
ASV_4476,Bacteria,Actinomycetota,Actinobacteria,Mycobacteriales,Corynebacteriaceae,Corynebacterium,Corynebacterium_halotolerans
ASV_4477,Bacteria,Bacillota,Clostridia,Clostridia UCG-014,NA,NA,NA_NA
ASV_4478,Bacteria,Bacillota,Bacilli,Lactobacillales,Carnobacteriaceae,Atopostipes,Atopostipes_NA
ASV_4479,Bacteria,Cyanobacteriota,Cyanobacteriia,Cyanobacteriales,NA,NA,NA_NA
ASV_4480,Bacteria,Bacillota,Clostridia,Oscillospirales,Ruminococcaceae,Anaerotruncus,Anaerotruncus_NA
ASV_4481,Bacteria,Bdellovibrionota,Bdellovibrionia,Bdellovibrionales,Pseudobdellovibrionaceae,Bdellovibrio,Bdellovibrio_NA
ASV_4482,Bacteria,Bacteroidota,Bacteroidia,Bacteroidales,Muribaculaceae,NA,NA_NA
ASV_4483,Bacteria,Bacillota,Clostridia,Clostridia UCG-014,NA,NA,NA_NA
ASV_4484,Bacteria,Bacillota,Clostridia,Oscillospirales,Ruminococcaceae,Ruminococcus,Ruminococcus_bicirculans
ASV_4485,Bacteria,Bacillota,Bacilli,RF39,NA,NA,NA_NA
ASV_4486,Bacteria,Bacillota,Clostridia,Oscillospirales,UCG-010,NA,NA_NA
ASV_4487,Bacteria,Bacillota,Clostridia,Oscillospirales,UCG-010,NA,NA_NA
ASV_4488,Bacteria,Bacillota,Clostridia,Oscillospirales,UCG-010,NA,NA_NA
ASV_4489,Bacteria,Bacillota,Clostridia,Lachnospirales,Lachnospiraceae,Acetitomaculum,Acetitomaculum_NA
ASV_4490,Bacteria,Bacillota,Bacilli,Bacillales,Planococcaceae,Planococcus,Planococcus_rifietoensis
ASV_4491,Bacteria,Bacillota,Clostridia,Lachnospirales,Lachnospiraceae,Cellulosilyticum,Cellulosilyticum_NA
ASV_4492,Bacteria,Pseudomonadota,Alphaproteobacteria,Rickettsiales,Mitochondria,NA,NA_NA
ASV_4493,Bacteria,Actinomycetota,Actinobacteria,Micrococcales,Dermacoccaceae,Kytococcus,Kytococcus_sedentarius
ASV_4494,Bacteria,Bacillota,Clostridia,Lachnospirales,Lachnospiraceae,Mediterraneibacter,Mediterraneibacter_NA
ASV_4495,Bacteria,Bacillota,Clostridia,Clostridia UCG-014,NA,NA,NA_NA
ASV_4496,Bacteria,Pseudomonadota,Alphaproteobacteria,Rickettsiales,Mitochondria,NA,NA_NA
ASV_4497,Bacteria,Abditibacteriota,Abditibacteriia,Abditibacteriales,Abditibacteriaceae,Abditibacterium,Abditibacterium_utsteinense
ASV_4498,Bacteria,Cyanobacteriota,Cyanobacteriia,Chloroplast,NA,NA,NA_NA
ASV_4499,Bacteria,Acidobacteriota,Vicinamibacteria,Vicinamibacterales,NA,NA,NA_NA
ASV_4500,Bacteria,Pseudomonadota,Alphaproteobacteria,Sphingomonadales,Sphingomonadaceae,Novosphingobium,Novosphingobium_fluoreni
ASV_4501,Bacteria,Pseudomonadota,Gammaproteobacteria,Burkholderiales,Alcaligenaceae,Verticiella,Verticiella_NA
ASV_4502,Bacteria,Bacillota,Clostridia,Eubacteriales,Eubacteriaceae,Pseudoramibacter,Pseudoramibacter_NA
ASV_4503,Bacteria,Bacillota,Clostridia,Peptostreptococcales-Tissierellales,Anaerovoracaceae,Mogibacterium,Mogibacterium_NA
ASV_4504,Bacteria,Bacillota,Clostridia,Lachnospirales,Lachnospiraceae,NA,NA_NA
ASV_4505,Bacteria,Pseudomonadota,Gammaproteobacteria,Burkholderiales,Comamonadaceae,Simplicispira,Simplicispira_NA
ASV_4506,Bacteria,Verrucomicrobiota,Kiritimatiellia,WCHB1-41,NA,NA,NA_NA
ASV_4507,Bacteria,Pseudomonadota,Gammaproteobacteria,Enterobacterales,Succinivibrionaceae,Anaerobiospirillum,Anaerobiospirillum_succiniciproducens
ASV_4508,Bacteria,Actinomycetota,Actinobacteria,Micrococcales,Micrococcaceae,Paeniglutamicibacter,Paeniglutamicibacter_sp.
ASV_4509,Bacteria,Actinomycetota,Coriobacteriia,Coriobacteriales,NA,NA,NA_NA
ASV_4510,Bacteria,Bacteroidota,Bacteroidia,Sphingobacteriales,Sphingobacteriaceae,Mucilaginibacter,Mucilaginibacter_NA
ASV_4511,Bacteria,Pseudomonadota,Alphaproteobacteria,Hyphomicrobiales,Beijerinckiaceae,Methylocella,Methylocella_NA
ASV_4512,Bacteria,Bacteroidota,Bacteroidia,Bacteroidales,NA,NA,NA_NA
ASV_4513,Bacteria,Actinomycetota,Thermoleophilia,Solirubrobacterales,Solirubrobacteraceae,Conexibacter,Conexibacter_NA
ASV_4514,Bacteria,Bacillota,Clostridia,Oscillospirales,Ruminococcaceae,NA,NA_NA
ASV_4515,Bacteria,Bacteroidota,Bacteroidia,Bacteroidales,F082,NA,NA_NA
ASV_4516,Bacteria,Actinomycetota,Coriobacteriia,Coriobacteriales,Eggerthellaceae,NA,NA_NA
ASV_4517,Bacteria,Bacillota,Clostridia,Lachnospirales,Lachnospiraceae,Lachnospiraceae ND3007 group,Lachnospiraceae_ND3007_group_NA
ASV_4518,Bacteria,Verrucomicrobiota,Kiritimatiellia,WCHB1-41,NA,NA,NA_NA
ASV_4519,Bacteria,Bacteroidota,Bacteroidia,Bacteroidales,Prevotellaceae,NA,NA_NA
ASV_4520,Bacteria,Bacillota,Clostridia,Lachnospirales,Lachnospiraceae,Lachnospiraceae AC2044 group,Lachnospiraceae_AC2044_group_NA
ASV_4521,Bacteria,Bacillota,Bacilli,RF39,NA,NA,NA_NA
ASV_4522,Bacteria,Verrucomicrobiota,Kiritimatiellia,WCHB1-41,NA,NA,NA_NA
ASV_4523,Bacteria,Bacillota,Bacilli,Izemoplasmatales,Izemoplasmataceae,NA,NA_NA
ASV_4524,Bacteria,Pseudomonadota,Gammaproteobacteria,NA,NA,NA,NA_NA
ASV_4525,Bacteria,Bacillota,Bacilli,RF39,NA,NA,NA_NA
ASV_4526,Bacteria,Pseudomonadota,Gammaproteobacteria,Enterobacterales,Succinivibrionaceae,Anaerobiospirillum,Anaerobiospirillum_NA
ASV_4527,Bacteria,Bacteroidota,Bacteroidia,NA,NA,NA,NA_NA
ASV_4528,Bacteria,Bacillota,Bacilli,Erysipelotrichales,Erysipelotrichaceae,Erysipelothrix,Erysipelothrix_tonsillarum
ASV_4529,Bacteria,Thermodesulfobacteriota,Desulfovibrionia,Desulfovibrionales,Desulfovibrionaceae,Desulfovibrio,Desulfovibrio_NA
ASV_4530,Bacteria,Pseudomonadota,Alphaproteobacteria,Hyphomicrobiales,Beijerinckiaceae,Microvirga,Microvirga_NA
ASV_4531,Bacteria,Bacteroidota,Bacteroidia,Bacteroidales,Tannerellaceae,Parabacteroides,Parabacteroides_NA
ASV_4532,Bacteria,Pseudomonadota,Gammaproteobacteria,Pseudomonadales,Moraxellaceae,Acinetobacter,Acinetobacter_harbinensis
ASV_4533,Bacteria,Bacillota,Clostridia,Peptostreptococcales-Tissierellales,Anaerovoracaceae,Family XIII AD3011 group,Family_XIII_AD3011_group_NA
ASV_4534,Bacteria,Bacteroidota,Bacteroidia,Bacteroidales,Bacteroidaceae,Bacteroides,Bacteroides_NA
ASV_4535,Bacteria,Bacillota,Bacilli,RF39,NA,NA,NA_NA
ASV_4536,Bacteria,Pseudomonadota,Gammaproteobacteria,Rickettsiellales,Rickettsiellaceae,Rickettsiella,Rickettsiella_viridis
ASV_4537,Bacteria,Bacillota,Clostridia,Christensenellales,Christensenellaceae,Christensenellaceae R-7 group,Christensenellaceae_R-7_group_NA
ASV_4538,Bacteria,NA,NA,NA,NA,NA,NA_NA
ASV_4539,Bacteria,Bacteroidota,Bacteroidia,Bacteroidales,Rikenellaceae,Alistipes,Alistipes_sp.
ASV_4540,Bacteria,Bacteroidota,Bacteroidia,Bacteroidales,F082,NA,NA_NA
ASV_4541,Bacteria,Bacillota,Clostridia,Oscillospirales,Oscillospiraceae,Sporobacter,Sporobacter_NA
ASV_4542,Bacteria,Bacillota,Clostridia,Monoglobales,Monoglobaceae,Monoglobus,Monoglobus_NA
ASV_4543,Bacteria,Bacillota,Clostridia,Oscillospirales,Ruminococcaceae,Ruminococcus,Ruminococcus_NA
ASV_4544,Bacteria,Pseudomonadota,Gammaproteobacteria,Burkholderiales,Comamonadaceae,NA,NA_NA
ASV_4545,Bacteria,Pseudomonadota,Gammaproteobacteria,Burkholderiales,Comamonadaceae,Acidovorax,Acidovorax_carolinensis
ASV_4546,Bacteria,Cyanobacteriota,Cyanobacteriia,Chloroplast,NA,NA,NA_NA
ASV_4547,Bacteria,Bacteroidota,Bacteroidia,Bacteroidales,Rikenellaceae,Rikenellaceae RC9 gut group,Rikenellaceae_RC9_gut_group_NA
ASV_4548,Bacteria,Bacteroidota,Bacteroidia,Flavobacteriales,Weeksellaceae,Chryseobacterium,Chryseobacterium_chaponense
ASV_4549,Bacteria,Bacillota,Clostridia,Oscillospirales,Oscillospiraceae,Oscillibacter,Oscillibacter_NA
ASV_4550,Bacteria,Bacteroidota,Bacteroidia,Flavobacteriales,Weeksellaceae,Chryseobacterium,Chryseobacterium_balustinum
ASV_4551,Bacteria,Bacteroidota,Bacteroidia,Sphingobacteriales,Sphingobacteriaceae,Pedobacter,Pedobacter_agri
ASV_4552,Bacteria,Bacillota,Clostridia,Monoglobales,Monoglobaceae,Monoglobus,Monoglobus_NA
ASV_4553,Bacteria,Pseudomonadota,Alphaproteobacteria,Rickettsiales,Mitochondria,NA,NA_NA
ASV_4554,Bacteria,Bacillota,Clostridia,Lachnospirales,Lachnospiraceae,Extibacter,Extibacter_NA
ASV_4555,Bacteria,Bacteroidota,Bacteroidia,Bacteroidales,Rikenellaceae,Rikenellaceae RC9 gut group,Rikenellaceae_RC9_gut_group_NA
ASV_4556,Bacteria,Bacteroidota,Bacteroidia,Bacteroidales,Rikenellaceae,Alistipes,Alistipes_NA
ASV_4557,Bacteria,Bacillota,Clostridia,Christensenellales,Christensenellaceae,Christensenellaceae R-7 group,Christensenellaceae_R-7_group_NA
ASV_4558,Bacteria,Bacteroidota,Bacteroidia,Bacteroidales,Bacteroidaceae,Bacteroides,Bacteroides_NA
ASV_4559,Bacteria,Pseudomonadota,Gammaproteobacteria,Burkholderiales,Comamonadaceae,Variovorax,Variovorax_NA
ASV_4560,Bacteria,Pseudomonadota,Gammaproteobacteria,Burkholderiales,Oxalobacteraceae,Collimonas,Collimonas_arenae
ASV_4561,Bacteria,Bacillota,Clostridia,Clostridia UCG-014,NA,NA,NA_NA
ASV_4562,Bacteria,Bacillota,Clostridia,Oscillospirales,Oscillospiraceae,NA,NA_NA
ASV_4563,Bacteria,Pseudomonadota,Gammaproteobacteria,Enterobacterales,Pasteurellaceae,Haemophilus,Haemophilus_parainfluenzae
ASV_4564,Bacteria,Bacillota,Clostridia,Oscillospirales,[Eubacterium] coprostanoligenes group,NA,NA_NA
ASV_4565,Bacteria,Bacillota,Bacilli,Acholeplasmatales,Acholeplasmataceae,Anaeroplasma,Anaeroplasma_sp.
ASV_4566,Bacteria,Bacillota,Bacilli,RF39,NA,NA,NA_NA
ASV_4567,Bacteria,Bacillota,Clostridia,Clostridia vadinBB60 group,NA,NA,NA_NA
ASV_4568,Bacteria,Bacillota,Clostridia,Oscillospirales,Oscillospiraceae,UCG-005,UCG-005_NA
ASV_4569,Bacteria,Bacillota,Bacilli,Izemoplasmatales,NA,NA,NA_NA
ASV_4570,Bacteria,Bacteroidota,Bacteroidia,Bacteroidales,Bacteroidales RF16 group,NA,NA_NA
ASV_4571,Bacteria,Bacillota,Clostridia,Oscillospirales,Oscillospiraceae,NA,NA_NA
ASV_4572,Bacteria,Bacillota,Clostridia,Oscillospirales,UCG-010,NA,NA_NA
ASV_4573,Bacteria,Bacteroidota,Bacteroidia,Bacteroidales,Rikenellaceae,Alistipes,Alistipes_onderdonkii
ASV_4574,Bacteria,Bacillota,Clostridia,Oscillospirales,[Eubacterium] coprostanoligenes group,NA,NA_NA
ASV_4575,Bacteria,Bacillota,Clostridia,Oscillospirales,Oscillospiraceae,UCG-005,UCG-005_NA
ASV_4576,Bacteria,Bacillota,Bacilli,Erysipelotrichales,Erysipelatoclostridiaceae,NA,NA_NA
ASV_4577,Bacteria,Bacillota,Clostridia,Lachnospirales,Lachnospiraceae,NA,NA_NA
ASV_4578,Bacteria,Bacillota,Clostridia,Lachnospirales,Lachnospiraceae,Anaerostipes,Anaerostipes_NA
ASV_4579,Archaea,Methanobacteriota,Methanobacteria,Methanobacteriales,Methanobacteriaceae,Methanobrevibacter,Methanobrevibacter_smithii
ASV_4580,Bacteria,Bacillota,Clostridia,Oscillospirales,Oscillospiraceae,Oscillospira,Oscillospira_NA
ASV_4581,Bacteria,Bacillota,Clostridia,Oscillospirales,Oscillospiraceae,NA,NA_NA
ASV_4582,Bacteria,Bacillota,Clostridia,Peptostreptococcales-Tissierellales,Anaerovoracaceae,Mogibacterium,Mogibacterium_NA
ASV_4583,Bacteria,Bacillota,Bacilli,Lactobacillales,Streptococcaceae,Streptococcus,Streptococcus_NA
ASV_4584,Bacteria,Verrucomicrobiota,Kiritimatiellia,WCHB1-41,NA,NA,NA_NA
ASV_4585,Bacteria,Bacteroidota,Bacteroidia,Bacteroidales,F082,NA,NA_NA
ASV_4586,Bacteria,Bacillota,Clostridia,Clostridia UCG-014,NA,NA,NA_NA
ASV_4587,Bacteria,Bacillota,Bacilli,RF39,NA,NA,NA_NA
ASV_4588,Bacteria,Bacillota,Clostridia,Oscillospirales,Ruminococcaceae,NA,NA_NA
ASV_4589,Bacteria,Bacteroidota,Bacteroidia,Bacteroidales,F082,NA,NA_NA
ASV_4590,Bacteria,Bacillota,Bacilli,Exiguobacterales,Exiguobacteraceae,Exiguobacterium,Exiguobacterium_acetylicum
ASV_4591,Bacteria,Bacteroidota,Bacteroidia,Bacteroidales,Rikenellaceae,Rikenellaceae RC9 gut group,Rikenellaceae_RC9_gut_group_NA
ASV_4592,Bacteria,Bacillota,Clostridia,Oscillospirales,UCG-010,NA,NA_NA
ASV_4593,Bacteria,Bacteroidota,Bacteroidia,Bacteroidales,NA,NA,NA_NA
ASV_4594,Bacteria,Cyanobacteriota,Cyanobacteriia,Cyanobacteriales,Chroococcidiopsaceae,NA,NA_NA
ASV_4595,Bacteria,Bacillota,Clostridia,Lachnospirales,Lachnospiraceae,Lacrimispora,Lacrimispora_defluvii
ASV_4596,Bacteria,Actinomycetota,Actinobacteria,Mycobacteriales,Corynebacteriaceae,Corynebacterium,Corynebacterium_variabile
ASV_4597,Bacteria,Actinomycetota,Actinobacteria,Micrococcales,Micrococcaceae,Rothia,Rothia_mucilaginosa
ASV_4598,Bacteria,Bacteroidota,Bacteroidia,Bacteroidales,Muribaculaceae,NA,NA_NA
ASV_4599,Bacteria,Pseudomonadota,Alphaproteobacteria,Rickettsiales,Mitochondria,NA,NA_NA
ASV_4600,Bacteria,Bacteroidota,Bacteroidia,Bacteroidales,Prevotellaceae,Segatella,Segatella_NA
ASV_4601,Bacteria,Bacteroidota,Bacteroidia,Bacteroidales,Bacteroidaceae,Bacteroides,Bacteroides_NA
ASV_4602,Bacteria,Bacillota,Clostridia,Eubacteriales,Eubacteriaceae,Eubacterium,Eubacterium_NA
ASV_4603,Bacteria,Pseudomonadota,Gammaproteobacteria,Burkholderiales,Comamonadaceae,Variovorax,Variovorax_NA
ASV_4604,Bacteria,Bacteroidota,Bacteroidia,Bacteroidales,Bacteroidaceae,Bacteroides,Bacteroides_NA
ASV_4605,Bacteria,Bacillota,Clostridia,Oscillospirales,Oscillospiraceae,Colidextribacter,Colidextribacter_NA
ASV_4606,Bacteria,Bacillota,Bacilli,RF39,NA,NA,NA_NA
ASV_4607,Bacteria,Pseudomonadota,Alphaproteobacteria,Rickettsiales,Rickettsiaceae,Ac37b,Ac37b_NA
ASV_4608,Bacteria,Pseudomonadota,Alphaproteobacteria,Hyphomicrobiales,Rhizobiaceae,Rhizobium,Rhizobium_phaseoli
ASV_4609,Bacteria,Pseudomonadota,Alphaproteobacteria,Rickettsiales,Mitochondria,NA,NA_NA
ASV_4610,Bacteria,Pseudomonadota,Alphaproteobacteria,Rhodospirillales,NA,NA,NA_NA
ASV_4611,Bacteria,Cyanobacteriota,Vampirivibrionia,Gastranaerophilales,Gastranaerophilaceae,Zag_111,Zag_111_NA
ASV_4612,Bacteria,Bacillota,Clostridia,Oscillospirales,Butyricicoccaceae,NA,NA_NA
ASV_4613,Bacteria,Bacillota,Bacilli,Lactobacillales,Catellicoccaceae,Catellicoccus,Catellicoccus_NA
ASV_4614,Bacteria,Bacillota,Clostridia,Oscillospirales,[Eubacterium] coprostanoligenes group,NA,NA_NA
ASV_4615,Bacteria,Bacillota,Clostridia,Lachnospirales,Lachnospiraceae,Lachnospiraceae ND3007 group,Lachnospiraceae_ND3007_group_bacterium
ASV_4616,Bacteria,Verrucomicrobiota,Verrucomicrobiia,Verrucomicrobiales,Akkermansiaceae,Akkermansia,Akkermansia_NA
ASV_4617,Bacteria,Verrucomicrobiota,Kiritimatiellia,WCHB1-41,NA,NA,NA_NA
ASV_4618,Bacteria,Bacteroidota,Bacteroidia,Bacteroidales,Prevotellaceae,Prevotella,Prevotella_sp.
ASV_4619,Bacteria,Pseudomonadota,Alphaproteobacteria,Rhodospirillales,NA,NA,NA_NA
ASV_4620,Bacteria,Verrucomicrobiota,Kiritimatiellia,WCHB1-41,NA,NA,NA_NA
ASV_4621,Bacteria,Bacillota,Clostridia,Christensenellales,Christensenellaceae,Christensenellaceae R-7 group,Christensenellaceae_R-7_group_NA
ASV_4622,Bacteria,Bacteroidota,Bacteroidia,Bacteroidales,Muribaculaceae,NA,NA_NA
ASV_4623,Bacteria,Pseudomonadota,Gammaproteobacteria,Enterobacterales,Succinivibrionaceae,Anaerobiospirillum,Anaerobiospirillum_succiniciproducens
ASV_4624,Bacteria,Pseudomonadota,Alphaproteobacteria,Hyphomicrobiales,Xanthobacteraceae,NA,NA_NA
ASV_4625,Bacteria,Actinomycetota,Coriobacteriia,Coriobacteriales,Eggerthellaceae,Adlercreutzia,Adlercreutzia_NA
ASV_4626,Bacteria,Pseudomonadota,Alphaproteobacteria,Rhodospirillales,Rhodospirillaceae,NA,NA_NA
ASV_4627,Bacteria,Bacillota,Clostridia,Oscillospirales,Butyricicoccaceae,Agathobaculum,Agathobaculum_NA
ASV_4628,Bacteria,Bacillota,Clostridia,Peptostreptococcales-Tissierellales,Family XI,Anaerococcus,Anaerococcus_mediterraneensis
ASV_4629,Bacteria,Bacillota,Clostridia,Monoglobales,Monoglobaceae,Monoglobus,Monoglobus_NA
ASV_4630,Bacteria,Bacteroidota,Bacteroidia,Bacteroidales,Prevotellaceae,Xylanibacter,Xylanibacter_NA
ASV_4631,Bacteria,Bacillota,Clostridia,Oscillospirales,Ruminococcaceae,NA,NA_NA
ASV_4632,Bacteria,Bacillota,Clostridia,Lachnospirales,Lachnospiraceae,Tyzzerella,Tyzzerella_NA
ASV_4633,Bacteria,Bacillota,Clostridia,Oscillospirales,Ruminococcaceae,Caproiciproducens,Caproiciproducens_NA
ASV_4634,Bacteria,Pseudomonadota,Gammaproteobacteria,Enterobacterales,Enterobacteriaceae,Buttiauxella,Buttiauxella_NA
ASV_4635,Bacteria,Bacillota,Clostridia,Oscillospirales,Ruminococcaceae,Candidatus Soleaferrea,Candidatus_Soleaferrea_NA
ASV_4636,Bacteria,Bacillota,Bacilli,Lactobacillales,Carnobacteriaceae,Carnobacterium,Carnobacterium_funditum
ASV_4637,Bacteria,Bacteroidota,Bacteroidia,Bacteroidales,Dysgonomonadaceae,Dysgonomonas,Dysgonomonas_NA
ASV_4638,Bacteria,Actinomycetota,Actinobacteria,Bifidobacteriales,Bifidobacteriaceae,Bifidobacterium,Bifidobacterium_pseudolongum
ASV_4639,Bacteria,Deferribacterota,Deferribacteres,Deferribacterales,Deferribacteraceae,Mucispirillum,Mucispirillum_NA
ASV_4640,Bacteria,Actinomycetota,Actinobacteria,Micrococcales,Microbacteriaceae,Pseudoclavibacter,Pseudoclavibacter_caeni
ASV_4641,Bacteria,Actinomycetota,Coriobacteriia,Coriobacteriales,Atopobiaceae,Tractidigestivibacter,Tractidigestivibacter_NA
ASV_4642,Bacteria,Bacillota,Clostridia,Lachnospirales,Lachnospiraceae,NA,NA_NA
ASV_4643,Bacteria,Pseudomonadota,Alphaproteobacteria,Rickettsiales,Mitochondria,NA,NA_NA
ASV_4644,Bacteria,Bacteroidota,Bacteroidia,Bacteroidales,Prevotellaceae,NA,NA_NA
ASV_4645,Bacteria,Bacteroidota,Bacteroidia,Bacteroidales,Rikenellaceae,Rikenellaceae RC9 gut group,Rikenellaceae_RC9_gut_group_NA
ASV_4646,Bacteria,Bacteroidota,Bacteroidia,Bacteroidales,Tannerellaceae,Candidatus Vestibaculum,Candidatus_Vestibaculum_NA
ASV_4647,Bacteria,Pseudomonadota,Gammaproteobacteria,Pseudomonadales,Moraxellaceae,Acinetobacter,Acinetobacter_NA
ASV_4648,Bacteria,Pseudomonadota,Gammaproteobacteria,Pseudomonadales,Pseudomonadaceae,Pseudomonas,Pseudomonas_oryzihabitans
ASV_4649,Bacteria,Pseudomonadota,Alphaproteobacteria,Sphingomonadales,Sphingomonadaceae,Sphingomonas,Sphingomonas_frigidaeris
ASV_4650,Bacteria,Pseudomonadota,Alphaproteobacteria,Sphingomonadales,Sphingomonadaceae,Sphingobium,Sphingobium_rhizovicinum
ASV_4651,Bacteria,Pseudomonadota,Gammaproteobacteria,Pseudomonadales,Moraxellaceae,Alkanindiges,Alkanindiges_NA
ASV_4652,Bacteria,Bacillota,Bacilli,Erysipelotrichales,Erysipelotrichaceae,Allobaculum,Allobaculum_stercoricanis
ASV_4653,Bacteria,Bacillota,Clostridia,Peptostreptococcales-Tissierellales,Anaerovoracaceae,NA,NA_NA
ASV_4654,Bacteria,Cyanobacteriota,Vampirivibrionia,Gastranaerophilales,Gastranaerophilaceae,Zag_111,Zag_111_NA
ASV_4655,Bacteria,Pseudomonadota,Gammaproteobacteria,Burkholderiales,Comamonadaceae,Comamonas,Comamonas_aquatica
ASV_4656,Bacteria,Bacillota,Clostridia,Oscillospirales,UCG-010,NA,NA_NA
ASV_4657,Bacteria,Bacillota,Clostridia,Oscillospirales,Oscillospiraceae,UCG-002,UCG-002_NA
ASV_4658,Bacteria,Bacillota,Clostridia,Oscillospirales,UCG-010,NA,NA_NA
ASV_4659,Bacteria,Actinomycetota,Coriobacteriia,Coriobacteriales,Eggerthellaceae,NA,NA_NA
ASV_4660,Bacteria,Bacteroidota,Bacteroidia,Bacteroidales,Rikenellaceae,Alistipes,Alistipes_sp.
ASV_4661,Bacteria,Bacteroidota,Bacteroidia,Bacteroidales,Bacteroidaceae,Bacteroides,Bacteroides_thetaiotaomicron
ASV_4662,Bacteria,Bacteroidota,Bacteroidia,Bacteroidales,Dysgonomonadaceae,Dysgonomonas,Dysgonomonas_NA
ASV_4663,Bacteria,Thermodesulfobacteriota,Desulfovibrionia,Desulfovibrionales,Desulfovibrionaceae,Desulfovibrio,Desulfovibrio_NA
ASV_4664,Bacteria,Bacillota,Bacilli,Erysipelotrichales,Erysipelotrichaceae,Dielma,Dielma_NA
ASV_4665,Bacteria,Bacillota,Bacilli,RF39,NA,NA,NA_NA
ASV_4666,Bacteria,Bacteroidota,Bacteroidia,Bacteroidales,Dysgonomonadaceae,Dysgonomonas,Dysgonomonas_NA
ASV_4667,Bacteria,Bacillota,Bacilli,Lactobacillales,Lactobacillaceae,Weissella,Weissella_oryzae
ASV_4668,Bacteria,Bacillota,Clostridia,Lachnospirales,Lachnospiraceae,NA,NA_NA
ASV_4669,Bacteria,Verrucomicrobiota,Verrucomicrobiia,Verrucomicrobiales,Akkermansiaceae,Akkermansia,Akkermansia_sp.
ASV_4670,Bacteria,Bacillota,Bacilli,Bacillales,Bacillaceae,NA,NA_NA
ASV_4671,Bacteria,Bacillota,Clostridia,Oscillospirales,Ruminococcaceae,NA,NA_NA
ASV_4672,Bacteria,Bacillota,Clostridia,Oscillospirales,[Eubacterium] coprostanoligenes group,NA,NA_NA
ASV_4673,Bacteria,Bacillota,Clostridia,Oscillospirales,Ruminococcaceae,NA,NA_NA
ASV_4674,Bacteria,Bacteroidota,Bacteroidia,Bacteroidales,Rikenellaceae,Rikenellaceae RC9 gut group,Rikenellaceae_RC9_gut_group_NA
ASV_4675,Bacteria,Bacillota,Clostridia,Lachnospirales,Lachnospiraceae,Acetitomaculum,Acetitomaculum_NA
ASV_4676,Bacteria,Bacteroidota,Bacteroidia,Sphingobacteriales,Sphingobacteriaceae,Sphingobacterium,Sphingobacterium_paucimobilis
ASV_4677,Bacteria,Bacteroidota,Bacteroidia,Bacteroidales,Bacteroidaceae,Bacteroides,Bacteroides_reticulotermitis
ASV_4678,Bacteria,Pseudomonadota,Gammaproteobacteria,Enterobacterales,Pectobacteriaceae,Pectobacterium,Pectobacterium_carotovorum
ASV_4679,Bacteria,Bacteroidota,Bacteroidia,Bacteroidales,Rikenellaceae,Alistipes,Alistipes_NA
ASV_4680,Bacteria,Pseudomonadota,Gammaproteobacteria,Lysobacterales,Lysobacteraceae,Lysobacter,Lysobacter_NA
ASV_4681,Bacteria,Bacillota,Clostridia,Oscillospirales,UCG-010,NA,NA_NA
ASV_4682,Bacteria,Bacteroidota,Bacteroidia,Bacteroidales,Marinifilaceae,Odoribacter,Odoribacter_NA
ASV_4683,Bacteria,Bacteroidota,Bacteroidia,Bacteroidales,Rikenellaceae,Alistipes,Alistipes_sp.
ASV_4684,Bacteria,Bacteroidota,Bacteroidia,Bacteroidales,Bacteroidaceae,Bacteroides,Bacteroides_coprophilus
ASV_4685,Eukaryota,NA,NA,NA,NA,NA,NA_NA
ASV_4686,Bacteria,Pseudomonadota,Alphaproteobacteria,Rickettsiales,Mitochondria,NA,NA_NA
ASV_4687,Bacteria,Bacteroidota,Bacteroidia,Flavobacteriales,Flavobacteriaceae,Flavobacterium,Flavobacterium_NA
ASV_4688,Bacteria,Pseudomonadota,Gammaproteobacteria,Burkholderiales,Oxalobacteraceae,Oxalobacter,Oxalobacter_formigenes
ASV_4689,Bacteria,Pseudomonadota,Gammaproteobacteria,Enterobacterales,Succinivibrionaceae,Anaerobiospirillum,Anaerobiospirillum_NA
ASV_4690,Bacteria,Bacteroidota,Bacteroidia,Bacteroidales,Prevotellaceae,Prevotellaceae UCG-001,Prevotellaceae_UCG-001_NA
ASV_4691,Bacteria,Pseudomonadota,Gammaproteobacteria,Enterobacterales,Succinivibrionaceae,Anaerobiospirillum,Anaerobiospirillum_NA
ASV_4692,Bacteria,Pseudomonadota,Gammaproteobacteria,Pseudomonadales,Moraxellaceae,Acinetobacter,Acinetobacter_equi
ASV_4693,Bacteria,Pseudomonadota,Alphaproteobacteria,Hyphomicrobiales,Rhizobiaceae,Rhizobium,Rhizobium_mesosinicum
ASV_4694,Bacteria,Pseudomonadota,Gammaproteobacteria,Burkholderiales,Chromobacteriaceae,Vogesella,Vogesella_perlucida
ASV_4695,Bacteria,Bacillota,Bacilli,Erysipelotrichales,Erysipelatoclostridiaceae,Thomasclavelia,Thomasclavelia_NA
ASV_4696,Bacteria,Bacteroidota,Bacteroidia,Bacteroidales,Prevotellaceae,Prevotellaceae UCG-004,Prevotellaceae_UCG-004_NA
ASV_4697,Bacteria,Verrucomicrobiota,Kiritimatiellia,WCHB1-41,NA,NA,NA_NA
ASV_4698,Bacteria,Bacteroidota,Bacteroidia,Bacteroidales,Muribaculaceae,NA,NA_NA
ASV_4699,Bacteria,Cyanobacteriota,Vampirivibrionia,Gastranaerophilales,Gastranaerophilaceae,NA,NA_NA
ASV_4700,Bacteria,Pseudomonadota,NA,NA,NA,NA,NA_NA
ASV_4701,Bacteria,Bacteroidota,Bacteroidia,Bacteroidales,Prevotellaceae,Prevotellaceae UCG-001,Prevotellaceae_UCG-001_NA
ASV_4702,Bacteria,Bacteroidota,Bacteroidia,NA,NA,NA,NA_NA
ASV_4703,Bacteria,Bacillota,Bacilli,RF39,NA,NA,NA_NA
ASV_4704,Bacteria,Bacillota,Bacilli,Erysipelotrichales,Erysipelotrichaceae,NA,NA_NA
ASV_4705,Bacteria,Bacillota,Clostridia,Oscillospirales,UCG-010,NA,NA_NA
ASV_4706,Bacteria,Bacillota,Clostridia,Oscillospirales,UCG-010,NA,NA_NA
ASV_4707,Bacteria,Bacillota,Clostridia,Lachnospirales,Lachnospiraceae,Roseburia,Roseburia_NA
ASV_4708,Bacteria,Bacillota,Bacilli,Erysipelotrichales,Erysipelatoclostridiaceae,UCG-004,UCG-004_NA
ASV_4709,Bacteria,Bacteroidota,Bacteroidia,Bacteroidales,Tannerellaceae,Candidatus Vestibaculum,Candidatus_Vestibaculum_NA
ASV_4710,Bacteria,Pseudomonadota,Alphaproteobacteria,Acetobacterales,Acetobacteraceae,Asaia,Asaia_astilbis
ASV_4711,Bacteria,Bacillota,Clostridia,Peptostreptococcales-Tissierellales,Family XI,NA,NA_NA
ASV_4712,Bacteria,Bacteroidota,Bacteroidia,Bacteroidales,Rikenellaceae,Alistipes,Alistipes_NA
ASV_4713,Bacteria,Pseudomonadota,Gammaproteobacteria,Pseudomonadales,Moraxellaceae,Psychrobacter,Psychrobacter_alimentarius
ASV_4714,Bacteria,Bacillota,Clostridia,Lachnospirales,Lachnospiraceae,Roseburia,Roseburia_NA
ASV_4715,Bacteria,Bacillota,Bacilli,RF39,NA,NA,NA_NA
ASV_4716,Bacteria,Bacillota,Clostridia,Lachnospirales,Lachnospiraceae,GCA-900066575,GCA-900066575_NA
ASV_4717,Bacteria,Bacillota,Clostridia,Oscillospirales,Oscillospiraceae,NA,NA_NA
ASV_4718,Bacteria,Bacteroidota,Bacteroidia,Bacteroidales,Prevotellaceae,Xylanibacter,Xylanibacter_NA
ASV_4719,Bacteria,Bacillota,Negativicutes,Veillonellales-Selenomonadales,Selenomonadaceae,Selenomonas,Selenomonas_NA
ASV_4720,Bacteria,Bacillota,Bacilli,RF39,NA,NA,NA_NA
ASV_4721,Bacteria,Bacillota,Bacilli,Lactobacillales,Lactobacillaceae,HT002,HT002_NA
ASV_4722,Bacteria,NA,NA,NA,NA,NA,NA_NA
ASV_4723,Bacteria,Bacillota,Clostridia,Peptostreptococcales-Tissierellales,Anaerovoracaceae,Family XIII AD3011 group,Family_XIII_AD3011_group_NA
ASV_4724,Bacteria,Spirochaetota,Spirochaetia,Spirochaetales,Spirochaetaceae,Treponema,Treponema_bryantii
ASV_4725,Bacteria,Bacillota,Clostridia,Christensenellales,Christensenellaceae,Christensenellaceae R-7 group,Christensenellaceae_R-7_group_NA
ASV_4726,Bacteria,Bacteroidota,Bacteroidia,Bacteroidales,Bacteroidales RF16 group,NA,NA_NA
ASV_4727,Bacteria,Bacillota,Clostridia,Christensenellales,Christensenellaceae,NA,NA_NA
ASV_4728,Bacteria,Actinomycetota,Coriobacteriia,Coriobacteriales,Eggerthellaceae,Berryella,Berryella_NA
ASV_4729,Bacteria,Bacillota,Clostridia,Oscillospirales,UCG-010,NA,NA_NA
ASV_4730,Bacteria,Bacteroidota,Bacteroidia,Bacteroidales,Bacteroidales RF16 group,NA,NA_NA
ASV_4731,Bacteria,Bacillota,Clostridia,Monoglobales,Monoglobaceae,Monoglobus,Monoglobus_NA
ASV_4732,Bacteria,Bacillota,Clostridia,Oscillospirales,UCG-010,NA,NA_NA
ASV_4733,Bacteria,Bacillota,Bacilli,Lactobacillales,Streptococcaceae,Streptococcus,Streptococcus_parauberis
ASV_4734,Bacteria,Pseudomonadota,Gammaproteobacteria,Pseudomonadales,Moraxellaceae,Psychrobacter,Psychrobacter_nivimaris
ASV_4735,Bacteria,Cyanobacteriota,Cyanobacteriia,Cyanobacteriales,Chroococcidiopsaceae,NA,NA_NA
ASV_4736,Bacteria,Bacillota,Clostridia,Lachnospirales,Lachnospiraceae,NA,NA_NA
ASV_4737,Bacteria,Bacillota,NA,NA,NA,NA,NA_NA
ASV_4738,Bacteria,Actinomycetota,Coriobacteriia,Coriobacteriales,Coriobacteriaceae,Collinsella,Collinsella_provencensis
ASV_4739,Bacteria,Bacteroidota,Bacteroidia,Flavobacteriales,Weeksellaceae,Chryseobacterium,Chryseobacterium_soldanellicola
ASV_4740,Bacteria,Bacillota,Clostridia,Oscillospirales,Oscillospiraceae,Oscillospira,Oscillospira_NA
ASV_4741,Bacteria,Pseudomonadota,Alphaproteobacteria,Rickettsiales,Mitochondria,NA,NA_NA
ASV_4742,Bacteria,Bacteroidota,Bacteroidia,Flavobacteriales,Weeksellaceae,Chryseobacterium,Chryseobacterium_NA
ASV_4743,Bacteria,Actinomycetota,Thermoleophilia,Solirubrobacterales,Solirubrobacteraceae,NA,NA_NA
ASV_4744,Bacteria,Pseudomonadota,Gammaproteobacteria,Burkholderiales,Sutterellaceae,Sutterella,Sutterella_NA
ASV_4745,Bacteria,Pseudomonadota,Alphaproteobacteria,Hyphomicrobiales,Xanthobacteraceae,Rhodopseudomonas,Rhodopseudomonas_NA
ASV_4746,Bacteria,Synergistota,Synergistia,Synergistales,Synergistaceae,Candidatus Tammella,Candidatus_Tammella_NA
ASV_4747,Bacteria,Planctomycetota,Planctomycetes,Isosphaerales,Isosphaeraceae,Tundrisphaera,Tundrisphaera_NA
ASV_4748,Bacteria,Bacteroidota,Bacteroidia,Bacteroidales,Rikenellaceae,Rikenellaceae RC9 gut group,Rikenellaceae_RC9_gut_group_NA
ASV_4749,Bacteria,Bacteroidota,Bacteroidia,Bacteroidales,Rikenellaceae,Rikenellaceae RC9 gut group,Rikenellaceae_RC9_gut_group_NA
ASV_4750,Bacteria,Bacillota,Clostridia,Oscillospirales,Oscillospiraceae,Flavonifractor,Flavonifractor_NA
ASV_4751,Bacteria,Bacillota,Bacilli,RF39,NA,NA,NA_NA
ASV_4752,Bacteria,Bacteroidota,Bacteroidia,Bacteroidales,Bacteroidaceae,Bacteroides,Bacteroides_NA
ASV_4753,Bacteria,Bacteroidota,Bacteroidia,Bacteroidales,Rikenellaceae,Rikenellaceae RC9 gut group,Rikenellaceae_RC9_gut_group_NA
ASV_4754,Bacteria,Bacillota,Negativicutes,Veillonellales-Selenomonadales,Selenomonadaceae,Mitsuokella,Mitsuokella_NA
ASV_4755,Bacteria,Verrucomicrobiota,Verrucomicrobiia,Chthoniobacterales,Chthoniobacteraceae,LD29,LD29_NA
ASV_4756,Bacteria,Bacillota,Clostridia,Oscillospirales,Ruminococcaceae,NA,NA_NA
ASV_4757,Bacteria,Bacillota,Clostridia,Monoglobales,Monoglobaceae,Monoglobus,Monoglobus_NA
ASV_4758,Bacteria,Bacillota,Clostridia,Oscillospirales,[Eubacterium] coprostanoligenes group,NA,NA_NA
ASV_4759,Bacteria,Bacteroidota,Bacteroidia,Bacteroidales,p-2534-18B5 gut group,NA,NA_NA
ASV_4760,Bacteria,Bacillota,Bacilli,RF39,NA,NA,NA_NA
ASV_4761,Bacteria,Bacillota,Clostridia,Oscillospirales,UCG-010,NA,NA_NA
ASV_4762,Bacteria,Bacillota,Clostridia,Clostridia UCG-014,NA,NA,NA_NA
ASV_4763,Bacteria,Bacillota,Clostridia,Oscillospirales,UCG-010,NA,NA_NA
ASV_4764,Bacteria,Bacteroidota,Bacteroidia,Bacteroidales,p-251-o5,NA,NA_NA
ASV_4765,Bacteria,Bacillota,Clostridia,Oscillospirales,UCG-010,NA,NA_NA
ASV_4766,Bacteria,Bacillota,Bacilli,Erysipelotrichales,Erysipelatoclostridiaceae,Longibaculum,Longibaculum_NA
ASV_4767,Bacteria,Bacteroidota,Bacteroidia,Flavobacteriales,Weeksellaceae,Chryseobacterium,Chryseobacterium_NA
ASV_4768,Bacteria,Pseudomonadota,Alphaproteobacteria,Rickettsiales,Mitochondria,NA,NA_NA
ASV_4769,Bacteria,Actinomycetota,Coriobacteriia,Coriobacteriales,Eggerthellaceae,Adlercreutzia,Adlercreutzia_NA
ASV_4770,Bacteria,Thermodesulfobacteriota,Desulfovibrionia,Desulfovibrionales,Desulfovibrionaceae,NA,NA_NA
ASV_4771,Bacteria,Bacillota,Clostridia,Peptococcales,Peptococcaceae,NA,NA_NA
ASV_4772,Bacteria,Bacillota,Clostridia,Lachnospirales,Lachnospiraceae,NA,NA_NA
ASV_4773,Bacteria,Bacillota,Clostridia,Oscillospirales,Ruminococcaceae,Paludicola,Paludicola_NA
ASV_4774,Bacteria,Pseudomonadota,Gammaproteobacteria,Pseudomonadales,Moraxellaceae,Acinetobacter,Acinetobacter_bohemicus
ASV_4775,Bacteria,Bacillota,Bacilli,Erysipelotrichales,Erysipelotrichaceae,NA,NA_NA
ASV_4776,Bacteria,Bacteroidota,Bacteroidia,Bacteroidales,Muribaculaceae,NA,NA_NA
ASV_4777,Bacteria,Bacillota,Clostridia,Oscillospirales,Oscillospiraceae,UCG-002,UCG-002_NA
ASV_4778,Bacteria,Thermodesulfobacteriota,Desulfovibrionia,Desulfovibrionales,Desulfovibrionaceae,Desulfovibrio,Desulfovibrio_NA
ASV_4779,Bacteria,Verrucomicrobiota,Kiritimatiellia,WCHB1-41,NA,NA,NA_NA
ASV_4780,Bacteria,Bacteroidota,Bacteroidia,Bacteroidales,Bacteroidaceae,Bacteroides,Bacteroides_NA
ASV_4781,Bacteria,Bacillota,Clostridia,Oscillospirales,Ruminococcaceae,Pygmaiobacter,Pygmaiobacter_NA
ASV_4782,Bacteria,Bacillota,Clostridia,Lachnospirales,Lachnospiraceae,NA,NA_NA
ASV_4783,Bacteria,Bacteroidota,Bacteroidia,Bacteroidales,Rikenellaceae,Alistipes,Alistipes_NA
ASV_4784,Bacteria,Bacillota,Clostridia,Lachnospirales,Lachnospiraceae,Lachnospira,Lachnospira_multipara
ASV_4785,Bacteria,Bacillota,Clostridia,Lachnospirales,Lachnospiraceae,Extibacter,Extibacter_NA
ASV_4786,Bacteria,Bacillota,Clostridia,Oscillospirales,UCG-010,NA,NA_NA
ASV_4787,Bacteria,Bacillota,Clostridia,Peptostreptococcales-Tissierellales,Natronincolaceae,Alkaliphilus,Alkaliphilus_oremlandii
ASV_4788,Bacteria,Bacillota,Clostridia,Lachnospirales,Lachnospiraceae,Cellulosilyticum,Cellulosilyticum_NA
ASV_4789,Bacteria,Bacillota,Clostridia,Oscillospirales,Oscillospiraceae,UCG-002,UCG-002_NA
ASV_4790,Bacteria,Bacillota,Clostridia,Peptostreptococcales-Tissierellales,Anaerovoracaceae,Mogibacterium,Mogibacterium_pumilum
ASV_4791,Bacteria,Synergistota,Synergistia,Synergistales,Synergistaceae,Candidatus Tammella,Candidatus_Tammella_NA
ASV_4792,Bacteria,Bacteroidota,Bacteroidia,Bacteroidales,Rikenellaceae,Rikenellaceae RC9 gut group,Rikenellaceae_RC9_gut_group_NA
ASV_4793,Bacteria,Pseudomonadota,Alphaproteobacteria,Sphingomonadales,Sphingomonadaceae,Sphingomonas,Sphingomonas_melonis
ASV_4794,Bacteria,Bacillota,Clostridia,Peptostreptococcales-Tissierellales,Anaerovoracaceae,Family XIII AD3011 group,Family_XIII_AD3011_group_NA
ASV_4795,Bacteria,Bacteroidota,Bacteroidia,Sphingobacteriales,Sphingobacteriaceae,Sphingobacterium,Sphingobacterium_mizutaii
ASV_4796,Bacteria,Bacteroidota,Bacteroidia,Bacteroidales,Marinifilaceae,Odoribacter,Odoribacter_NA
ASV_4797,Bacteria,Bacillota,Bacilli,Lactobacillales,Lactobacillaceae,Lactobacillus,Lactobacillus_intestinalis
ASV_4798,Bacteria,Pseudomonadota,Alphaproteobacteria,Rickettsiales,Mitochondria,NA,NA_NA
ASV_4799,Bacteria,Cyanobacteriota,Cyanobacteriia,Chloroplast,NA,NA,NA_NA
ASV_4800,Bacteria,Pseudomonadota,Alphaproteobacteria,Rickettsiales,Mitochondria,NA,NA_NA
ASV_4801,Bacteria,Bacteroidota,Bacteroidia,Bacteroidales,Prevotellaceae,Prevotellaceae UCG-001,Prevotellaceae_UCG-001_NA
ASV_4802,Bacteria,Bacteroidota,Bacteroidia,Bacteroidales,Muribaculaceae,NA,NA_NA
ASV_4803,Bacteria,Fusobacteriota,Fusobacteriia,Fusobacteriales,Fusobacteriaceae,Fusobacterium,Fusobacterium_russii
ASV_4804,Bacteria,Pseudomonadota,Alphaproteobacteria,Hyphomicrobiales,Xanthobacteraceae,Rhodopseudomonas,Rhodopseudomonas_NA
ASV_4805,Bacteria,Bacteroidota,Bacteroidia,Bacteroidales,Dysgonomonadaceae,Dysgonomonas,Dysgonomonas_alginatilytica
ASV_4806,Bacteria,Bacillota,Clostridia,Lachnospirales,Lachnospiraceae,Lachnospiraceae NK3A20 group,Lachnospiraceae_NK3A20_group_NA
ASV_4807,Bacteria,Pseudomonadota,Gammaproteobacteria,Pseudomonadales,Pseudomonadaceae,Pseudomonas,Pseudomonas_NA
ASV_4808,Bacteria,Bacteroidota,Bacteroidia,Bacteroidales,Muribaculaceae,NA,NA_NA
ASV_4809,Bacteria,Bacteroidota,Bacteroidia,Bacteroidales,Muribaculaceae,NA,NA_NA
ASV_4810,Bacteria,Bacillota,Clostridia,Lachnospirales,Lachnospiraceae,Lachnospiraceae UCG-010,Lachnospiraceae_UCG-010_NA
ASV_4811,Bacteria,Bacteroidota,Bacteroidia,Bacteroidales,Rikenellaceae,Rikenella,Rikenella_NA
ASV_4812,Bacteria,Bacteroidota,Bacteroidia,Bacteroidales,Prevotellaceae,Prevotellaceae UCG-001,Prevotellaceae_UCG-001_NA
ASV_4813,Bacteria,Bacteroidota,Bacteroidia,Bacteroidales,NA,NA,NA_NA
ASV_4814,Bacteria,Actinomycetota,Coriobacteriia,Coriobacteriales,Eggerthellaceae,Slackia,Slackia_piriformis
ASV_4815,Bacteria,Bacillota,Bacilli,Erysipelotrichales,Erysipelatoclostridiaceae,Thomasclavelia,Thomasclavelia_ramosa
ASV_4816,Bacteria,Bacillota,Clostridia,Clostridiales,Clostridiaceae,Sarcina,Sarcina_NA
ASV_4817,Bacteria,Bacteroidota,Bacteroidia,Bacteroidales,Prevotellaceae,Prevotellaceae UCG-003,Prevotellaceae_UCG-003_NA
ASV_4818,Bacteria,Bacteroidota,Bacteroidia,Bacteroidales,Rikenellaceae,SP3-e08,SP3-e08_NA
ASV_4819,Bacteria,Bacillota,Bacilli,RF39,NA,NA,NA_NA
ASV_4820,Bacteria,Bacillota,Clostridia,Oscillospirales,UCG-010,NA,NA_NA
ASV_4821,Bacteria,Bacillota,Clostridia,Lachnospirales,Lachnospiraceae,NA,NA_NA
ASV_4822,Bacteria,Bacillota,Clostridia,NA,NA,NA,NA_NA
ASV_4823,Bacteria,Bacillota,Clostridia,Lachnospirales,Lachnospiraceae,FD2005,FD2005_NA
ASV_4824,Bacteria,Bacteroidota,Bacteroidia,Bacteroidales,NA,NA,NA_NA
ASV_4825,Bacteria,Pseudomonadota,Gammaproteobacteria,Enterobacterales,Pasteurellaceae,Canicola,Canicola_haemoglobinophilus
ASV_4826,Bacteria,Fusobacteriota,Fusobacteriia,Fusobacteriales,Fusobacteriaceae,Fusobacterium,Fusobacterium_necrophorum
ASV_4827,Archaea,Methanobacteriota,Methanobacteria,Methanobacteriales,Methanobacteriaceae,Methanobrevibacter,Methanobrevibacter_NA
ASV_4828,Bacteria,Bacteroidota,Bacteroidia,Bacteroidales,Tannerellaceae,Parabacteroides,Parabacteroides_NA
ASV_4829,Bacteria,Bacillota,Clostridia,Lachnospirales,Lachnospiraceae,Lachnospiraceae NK4A136 group,Lachnospiraceae_NK4A136_group_NA
ASV_4830,Bacteria,Bacillota,Clostridia,Christensenellales,Christensenellaceae,Christensenellaceae R-7 group,Christensenellaceae_R-7_group_NA
ASV_4831,Bacteria,Bacillota,Negativicutes,Veillonellales-Selenomonadales,Selenomonadaceae,NA,NA_NA
ASV_4832,Bacteria,Bacillota,Clostridia,Peptostreptococcales-Tissierellales,Anaerovoracaceae,Family XIII AD3011 group,Family_XIII_AD3011_group_NA
ASV_4833,Bacteria,Bacillota,Clostridia,Oscillospirales,Oscillospiraceae,NA,NA_NA
ASV_4834,Bacteria,Bacillota,Bacilli,RF39,NA,NA,NA_NA
ASV_4835,Bacteria,Bacteroidota,Bacteroidia,Bacteroidales,F082,NA,NA_NA
ASV_4836,Bacteria,Bacillota,Clostridia,NA,NA,NA,NA_NA
ASV_4837,Bacteria,Pseudomonadota,Gammaproteobacteria,Burkholderiales,Oxalobacteraceae,Janthinobacterium,Janthinobacterium_svalbardensis
ASV_4838,Bacteria,Pseudomonadota,Gammaproteobacteria,Burkholderiales,Alcaligenaceae,Bordetella,Bordetella_parapertussis
ASV_4839,Bacteria,Pseudomonadota,Gammaproteobacteria,Enterobacterales,NA,NA,NA_NA
ASV_4840,Bacteria,Pseudomonadota,Gammaproteobacteria,Pseudomonadales,Pseudomonadaceae,Pseudomonas,Pseudomonas_NA
ASV_4841,Bacteria,Bacillota,Clostridia,Peptostreptococcales-Tissierellales,Peptostreptococcaceae,Paeniclostridium,Paeniclostridium_sordellii
ASV_4842,Bacteria,Bacteroidota,Bacteroidia,Bacteroidales,Dysgonomonadaceae,Dysgonomonas,Dysgonomonas_NA
ASV_4843,Bacteria,Pseudomonadota,Alphaproteobacteria,Rhodobacterales,Paracoccaceae,NA,NA_NA
ASV_4844,Bacteria,Pseudomonadota,Alphaproteobacteria,Acetobacterales,Acetobacteraceae,Roseomonas,Roseomonas_gilardii
ASV_4845,Bacteria,Verrucomicrobiota,Kiritimatiellia,WCHB1-41,NA,NA,NA_NA
ASV_4846,Bacteria,Bacillota,Clostridia,Oscillospirales,UCG-010,NA,NA_NA
ASV_4847,Bacteria,Spirochaetota,Spirochaetia,Spirochaetales,Spirochaetaceae,GWE2-31-10,GWE2-31-10_NA
ASV_4848,Bacteria,Bacteroidota,Bacteroidia,Flavobacteriales,Weeksellaceae,NA,NA_NA
ASV_4849,Bacteria,Bacillota,Clostridia,Lachnospirales,Lachnospiraceae,Marvinbryantia,Marvinbryantia_NA
ASV_4850,Bacteria,Bacillota,Bacilli,Erysipelotrichales,Erysipelatoclostridiaceae,Longibaculum,Longibaculum_NA
ASV_4851,Bacteria,Pseudomonadota,Gammaproteobacteria,Enterobacterales,Orbaceae,NA,NA_NA
ASV_4852,Bacteria,Verrucomicrobiota,Kiritimatiellia,WCHB1-41,NA,NA,NA_NA
ASV_4853,Bacteria,Bacteroidota,Bacteroidia,Bacteroidales,p-251-o5,NA,NA_NA
ASV_4854,Bacteria,Bacillota,Clostridia,Oscillospirales,[Eubacterium] coprostanoligenes group,NA,NA_NA
ASV_4855,Bacteria,Pseudomonadota,Gammaproteobacteria,Burkholderiales,Neisseriaceae,NA,NA_NA
ASV_4856,Bacteria,Synergistota,Synergistia,Synergistales,Synergistaceae,Synergistes,Synergistes_NA
ASV_4857,Bacteria,Pseudomonadota,Gammaproteobacteria,Enterobacterales,Enterobacteriaceae,Buttiauxella,Buttiauxella_sp.
ASV_4858,Bacteria,Pseudomonadota,Alphaproteobacteria,Rickettsiales,Mitochondria,NA,NA_NA
ASV_4859,Bacteria,Pseudomonadota,Alphaproteobacteria,Acetobacterales,Acetobacteraceae,Roseomonas,Roseomonas_NA
ASV_4860,Bacteria,Pseudomonadota,Gammaproteobacteria,Pseudomonadales,Pseudomonadaceae,Pseudomonas,Pseudomonas_NA
ASV_4861,Bacteria,Bacillota,Clostridia,Clostridia vadinBB60 group,NA,NA,NA_NA
ASV_4862,Bacteria,Bacillota,Clostridia,Clostridiales,Clostridiaceae,Clostridium,Clostridium_haemolyticum
ASV_4863,Bacteria,Pseudomonadota,Alphaproteobacteria,Acetobacterales,Acetobacteraceae,NA,NA_NA
ASV_4864,Bacteria,Actinomycetota,Coriobacteriia,Coriobacteriales,NA,NA,NA_NA
ASV_4865,Bacteria,Bacteroidota,Bacteroidia,Bacteroidales,Prevotellaceae,NA,NA_NA
ASV_4866,Bacteria,Bacteroidota,Bacteroidia,Bacteroidales,Tannerellaceae,Parabacteroides,Parabacteroides_merdae
ASV_4867,Bacteria,Bacillota,Clostridia,Clostridia UCG-014,NA,NA,NA_NA
ASV_4868,Bacteria,Bacillota,Clostridia,Oscillospirales,Oscillospiraceae,Intestinimonas,Intestinimonas_NA
ASV_4869,Bacteria,Bacteroidota,Bacteroidia,Bacteroidales,Rikenellaceae,Rikenellaceae RC9 gut group,Rikenellaceae_RC9_gut_group_NA
ASV_4870,Bacteria,Verrucomicrobiota,Kiritimatiellia,WCHB1-41,NA,NA,NA_NA
ASV_4871,Bacteria,Bacteroidota,Bacteroidia,Bacteroidales,Prevotellaceae,Segatella,Segatella_NA
ASV_4872,Bacteria,Bacillota,Clostridia,Oscillospirales,Oscillospiraceae,Saccharofermentans,Saccharofermentans_NA
ASV_4873,Bacteria,Bacillota,Clostridia,Peptostreptococcales-Tissierellales,Anaerovoracaceae,Family XIII AD3011 group,Family_XIII_AD3011_group_NA
ASV_4874,Bacteria,Bacillota,Bacilli,RF39,NA,NA,NA_NA
ASV_4875,Bacteria,Verrucomicrobiota,Lentisphaeria,Oligosphaerales,Oligosphaeraceae,horsej-a03,horsej-a03_NA
ASV_4876,Bacteria,Verrucomicrobiota,Kiritimatiellia,WCHB1-41,NA,NA,NA_NA
ASV_4877,Bacteria,Verrucomicrobiota,Kiritimatiellia,WCHB1-41,NA,NA,NA_NA
ASV_4878,Bacteria,Bacillota,NA,NA,NA,NA,NA_NA
ASV_4879,Bacteria,Bacillota,Clostridia,Oscillospirales,Oscillospiraceae,Colidextribacter,Colidextribacter_NA
ASV_4880,Bacteria,Bacillota,Clostridia,Oscillospirales,Ruminococcaceae,NA,NA_NA
ASV_4881,Bacteria,Bacillota,Clostridia,Lachnospirales,Lachnospiraceae,NA,NA_NA
ASV_4882,Bacteria,Bacillota,Clostridia,Oscillospirales,Oscillospiraceae,NK4A214 group,NK4A214_group_NA
ASV_4883,Bacteria,Bacillota,Clostridia,Lachnospirales,Lachnospiraceae,Mediterraneibacter,Mediterraneibacter_NA
ASV_4884,Bacteria,Bacillota,Bacilli,Erysipelotrichales,Erysipelatoclostridiaceae,Massiliomicrobiota,Massiliomicrobiota_NA
ASV_4885,Bacteria,Campylobacterota,Campylobacteria,Campylobacterales,Helicobacteraceae,Helicobacter,Helicobacter_bilis
ASV_4886,Bacteria,Bacillota,Clostridia,Oscillospirales,Ruminococcaceae,Faecalibacterium,Faecalibacterium_NA
ASV_4887,Bacteria,Pseudomonadota,Alphaproteobacteria,Hyphomicrobiales,Rhizobiaceae,NA,NA_NA
ASV_4888,Bacteria,Bacillota,Clostridia,Lachnospirales,Lachnospiraceae,NA,NA_NA
ASV_4889,Bacteria,Bacillota,Bacilli,RF39,NA,NA,NA_NA
ASV_4890,Bacteria,Bacillota,Clostridia,Lachnospirales,Lachnospiraceae,NA,NA_NA
ASV_4891,Bacteria,Bacillota,Clostridia,Christensenellales,Christensenellaceae,Christensenellaceae R-7 group,Christensenellaceae_R-7_group_NA
ASV_4892,Bacteria,Pseudomonadota,Alphaproteobacteria,Acetobacterales,Acetobacteraceae,Commensalibacter,Commensalibacter_NA
ASV_4893,Bacteria,Pseudomonadota,Gammaproteobacteria,Burkholderiales,Comamonadaceae,Ottowia,Ottowia_NA
ASV_4894,Bacteria,Bacillota,Bacilli,Thermoactinomycetales,Thermoactinomycetaceae,Thermoactinomyces,Thermoactinomyces_NA
ASV_4895,Bacteria,Bacillota,Clostridia,Monoglobales,Monoglobaceae,Monoglobus,Monoglobus_NA
ASV_4896,Bacteria,Bacteroidota,Bacteroidia,Bacteroidales,Prevotellaceae,Prevotellaceae UCG-001,Prevotellaceae_UCG-001_NA
ASV_4897,Bacteria,Bacillota,Clostridia,Clostridia UCG-014,NA,NA,NA_NA
ASV_4898,Bacteria,Bacillota,Bacilli,RF39,NA,NA,NA_NA
ASV_4899,Bacteria,Bacillota,Clostridia,Monoglobales,Monoglobaceae,Monoglobus,Monoglobus_NA
ASV_4900,Bacteria,Bacillota,Clostridia,Oscillospirales,Ruminococcaceae,NA,NA_NA
ASV_4901,Bacteria,Bacillota,Clostridia,Oscillospirales,[Eubacterium] coprostanoligenes group,NA,NA_NA
ASV_4902,Bacteria,Bacillota,Clostridia,Lachnospirales,Lachnospiraceae,NA,NA_NA
ASV_4903,Bacteria,Pseudomonadota,Gammaproteobacteria,Enterobacterales,NA,NA,NA_NA
ASV_4904,Bacteria,Bacillota,Clostridia,Oscillospirales,Ruminococcaceae,Ruminococcus,Ruminococcus_NA
ASV_4905,Bacteria,Bacteroidota,Bacteroidia,Bacteroidales,Rikenellaceae,Rikenellaceae RC9 gut group,Rikenellaceae_RC9_gut_group_NA
ASV_4906,Bacteria,Pseudomonadota,Gammaproteobacteria,Burkholderiales,Oxalobacteraceae,Massilia,Massilia_NA
ASV_4907,Bacteria,Bacillota,Bacilli,Lactobacillales,Streptococcaceae,Streptococcus,Streptococcus_NA
ASV_4908,Bacteria,Campylobacterota,Campylobacteria,Campylobacterales,Helicobacteraceae,Helicobacter,Helicobacter_canadensis
ASV_4909,Bacteria,Bacillota,Clostridia,Oscillospirales,Butyricicoccaceae,Agathobaculum,Agathobaculum_NA
ASV_4910,Bacteria,Bacillota,Clostridia,Oscillospirales,Ruminococcaceae,Caproiciproducens,Caproiciproducens_NA
ASV_4911,Bacteria,Bacteroidota,Bacteroidia,Bacteroidales,Prevotellaceae,Prevotellaceae NK3B31 group,Prevotellaceae_NK3B31_group_NA
ASV_4912,Bacteria,Bacillota,Bacilli,Lactobacillales,Lactobacillaceae,Limosilactobacillus,Limosilactobacillus_NA
ASV_4913,Bacteria,Bacillota,Bacilli,Erysipelotrichales,Erysipelatoclostridiaceae,Coprobacillus,Coprobacillus_cateniformis
ASV_4914,Bacteria,Planctomycetota,Planctomycetes,Pirellulales,Pirellulaceae,NA,NA_NA
ASV_4915,Bacteria,Bacillota,Clostridia,Oscillospirales,Butyricicoccaceae,Agathobaculum,Agathobaculum_NA
ASV_4916,Bacteria,Pseudomonadota,Gammaproteobacteria,Burkholderiales,Comamonadaceae,Caldimonas,Caldimonas_aquatica
ASV_4917,Bacteria,Pseudomonadota,Gammaproteobacteria,Cardiobacteriales,Wohlfahrtiimonadaceae,NA,NA_NA
ASV_4918,Bacteria,Bacillota,Negativicutes,Acidaminococcales,Acidaminococcaceae,Phascolarctobacterium,Phascolarctobacterium_NA
ASV_4919,Bacteria,Bacteroidota,Bacteroidia,Bacteroidales,Dysgonomonadaceae,Dysgonomonas,Dysgonomonas_NA
ASV_4920,Bacteria,Bacillota,Clostridia,Oscillospirales,[Eubacterium] coprostanoligenes group,NA,NA_NA
ASV_4921,Bacteria,Bacillota,Clostridia,Clostridia UCG-014,NA,NA,NA_NA
ASV_4922,Bacteria,Bacteroidota,Bacteroidia,NA,NA,NA,NA_NA
ASV_4923,Bacteria,Bacillota,Clostridia,Clostridia vadinBB60 group,NA,NA,NA_NA
ASV_4924,Bacteria,Bacillota,Bacilli,RF39,NA,NA,NA_NA
ASV_4925,Bacteria,Bacillota,Bacilli,RF39,NA,NA,NA_NA
ASV_4926,Bacteria,Bacteroidota,Bacteroidia,Bacteroidales,Bacteroidaceae,Bacteroides,Bacteroides_uniformis
ASV_4927,Bacteria,Bacillota,Bacilli,Lactobacillales,Streptococcaceae,Floricoccus,Floricoccus_penangensis
ASV_4928,Bacteria,Bacillota,Bacilli,Lactobacillales,Catellicoccaceae,Catellicoccus,Catellicoccus_NA
ASV_4929,Bacteria,Cyanobacteriota,Cyanobacteriia,Chloroplast,NA,NA,NA_NA
ASV_4930,Bacteria,Bacillota,Clostridia,Oscillospirales,Ruminococcaceae,Angelakisella,Angelakisella_NA
ASV_4931,Bacteria,Bacillota,Clostridia,Clostridiales,Clostridiaceae,Clostridium,Clostridium_moniliforme
ASV_4932,Bacteria,Pseudomonadota,Alphaproteobacteria,Hyphomicrobiales,Devosiaceae,Devosia,Devosia_insulae
ASV_4933,Bacteria,Bacteroidota,Bacteroidia,Bacteroidales,Dysgonomonadaceae,Dysgonomonas,Dysgonomonas_NA
ASV_4934,Bacteria,Bacteroidota,Bacteroidia,Bacteroidales,Paludibacteraceae,NA,NA_NA
ASV_4935,Bacteria,Cyanobacteriota,Cyanobacteriia,Chloroplast,NA,NA,NA_NA
ASV_4936,Bacteria,Bacteroidota,Bacteroidia,Bacteroidales,Prevotellaceae,Prevotellaceae UCG-003,Prevotellaceae_UCG-003_NA
ASV_4937,Bacteria,Bacillota,Bacilli,Erysipelotrichales,Erysipelotrichaceae,NA,NA_NA
ASV_4938,Bacteria,Bacillota,Clostridia,Oscillospirales,UCG-010,NA,NA_NA
ASV_4939,Bacteria,Bacillota,Clostridia,Lachnospirales,Lachnospiraceae,Agathobacter,Agathobacter_NA
ASV_4940,Bacteria,Bacillota,Clostridia,Clostridia vadinBB60 group,NA,NA,NA_NA
ASV_4941,Bacteria,Bacillota,Clostridia,Oscillospirales,Butyricicoccaceae,UCG-008,UCG-008_NA
ASV_4942,Bacteria,Bacillota,Clostridia,Oscillospirales,[Eubacterium] coprostanoligenes group,NA,NA_NA
ASV_4943,Bacteria,Bacteroidota,Bacteroidia,Bacteroidales,Prevotellaceae,Prevotellaceae UCG-003,Prevotellaceae_UCG-003_NA
ASV_4944,Bacteria,Bacillota,Clostridia,Clostridia vadinBB60 group,NA,NA,NA_NA
ASV_4945,Bacteria,Bacteroidota,Bacteroidia,Bacteroidales,Bacteroidales RF16 group,NA,NA_NA
ASV_4946,Bacteria,Bacteroidota,Bacteroidia,Bacteroidales,Rikenellaceae,Rikenellaceae RC9 gut group,Rikenellaceae_RC9_gut_group_NA
ASV_4947,Bacteria,Pseudomonadota,Gammaproteobacteria,Burkholderiales,Sutterellaceae,Parasutterella,Parasutterella_NA
ASV_4948,Bacteria,Bacillota,Clostridia,Peptostreptococcales-Tissierellales,Peptostreptococcaceae,NA,NA_NA
ASV_4949,Bacteria,Pseudomonadota,Gammaproteobacteria,Lysobacterales,Lysobacteraceae,Stenotrophomonas,Stenotrophomonas_nitritireducens
ASV_4950,Bacteria,Bacteroidota,Bacteroidia,Flavobacteriales,Flavobacteriaceae,NA,NA_NA
ASV_4951,Bacteria,Bacteroidota,Bacteroidia,Bacteroidales,F082,NA,NA_NA
ASV_4952,Bacteria,Bacillota,Clostridia,Peptostreptococcales-Tissierellales,Peptostreptococcaceae,Peptostreptococcus,Peptostreptococcus_NA
ASV_4953,Bacteria,Bacteroidota,Bacteroidia,Bacteroidales,Bacteroidaceae,Bacteroides,Bacteroides_NA
ASV_4954,Bacteria,Bacteroidota,Bacteroidia,Bacteroidales,Bacteroidaceae,Bacteroides,Bacteroides_NA
ASV_4955,Bacteria,Pseudomonadota,Alphaproteobacteria,Hyphomicrobiales,Rhizobiaceae,Ferranicluibacter,Ferranicluibacter_rubi
ASV_4956,Bacteria,Bacteroidota,Bacteroidia,Bacteroidales,Tannerellaceae,Parabacteroides,Parabacteroides_NA
ASV_4957,Bacteria,Bacillota,Bacilli,RF39,NA,NA,NA_NA
ASV_4958,Bacteria,Cyanobacteriota,Vampirivibrionia,Gastranaerophilales,Gastranaerophilaceae,Zag_111,Zag_111_NA
ASV_4959,Bacteria,Bacteroidota,Bacteroidia,Bacteroidales,Muribaculaceae,NA,NA_NA
ASV_4960,Bacteria,Bacteroidota,Bacteroidia,Bacteroidales,Prevotellaceae,Prevotellaceae NK3B31 group,Prevotellaceae_NK3B31_group_NA
ASV_4961,Bacteria,Bacillota,Clostridia,Oscillospirales,Oscillospiraceae,NK4A214 group,NK4A214_group_NA
ASV_4962,Bacteria,Bacillota,Clostridia,Lachnospirales,Lachnospiraceae,Lachnospiraceae UCG-009,Lachnospiraceae_UCG-009_NA
ASV_4963,Bacteria,Bacillota,Clostridia,Oscillospirales,UCG-010,NA,NA_NA
ASV_4964,Bacteria,Bacteroidota,Bacteroidia,Bacteroidales,Bacteroidaceae,Bacteroides,Bacteroides_coprophilus
ASV_4965,Bacteria,Bacillota,Bacilli,Erysipelotrichales,Erysipelotrichaceae,Turicibacter,Turicibacter_sanguinis
ASV_4966,Bacteria,Bacillota,Clostridia,Lachnospirales,Lachnospiraceae,Sellimonas,Sellimonas_NA
ASV_4967,Bacteria,Bacteroidota,Bacteroidia,Bacteroidales,Bacteroidaceae,Bacteroides,Bacteroides_NA
ASV_4968,Bacteria,Bacteroidota,Bacteroidia,Bacteroidales,Muribaculaceae,NA,NA_NA
ASV_4969,Eukaryota,NA,NA,NA,NA,NA,NA_NA
ASV_4970,Bacteria,Pseudomonadota,Alphaproteobacteria,Sphingomonadales,Sphingomonadaceae,Sphingomonas,Sphingomonas_NA
ASV_4971,Bacteria,Bacillota,Bacilli,Erysipelotrichales,Erysipelatoclostridiaceae,UCG-004,UCG-004_NA
ASV_4972,Bacteria,Bacillota,Clostridia,Oscillospirales,Ruminococcaceae,NA,NA_NA
ASV_4973,Bacteria,Pseudomonadota,Gammaproteobacteria,Enterobacterales,Enterobacteriaceae,Cronobacter,Cronobacter_sakazakii
ASV_4974,Bacteria,Bacillota,Clostridia,Oscillospirales,UCG-010,NA,NA_NA
ASV_4975,Bacteria,Bacillota,Negativicutes,Veillonellales-Selenomonadales,Selenomonadaceae,Mitsuokella,Mitsuokella_NA
ASV_4976,Bacteria,Bacillota,Clostridia,Lachnospirales,Lachnospiraceae,Howardella,Howardella_NA
ASV_4977,Bacteria,Pseudomonadota,Alphaproteobacteria,Rickettsiales,Mitochondria,NA,NA_NA
ASV_4978,Bacteria,Cyanobacteriota,Cyanobacteriia,Chloroplast,NA,NA,NA_NA
ASV_4979,Eukaryota,NA,NA,NA,NA,NA,NA_NA
ASV_4980,Bacteria,Pseudomonadota,Alphaproteobacteria,Sphingomonadales,Sphingomonadaceae,NA,NA_NA
ASV_4981,Bacteria,Actinomycetota,Actinobacteria,Propionibacteriales,Nocardioidaceae,Nocardioides,Nocardioides_NA
ASV_4982,Bacteria,Bacillota,Clostridia,Lachnospirales,Lachnospiraceae,NA,NA_NA
ASV_4983,Bacteria,Bacteroidota,Bacteroidia,Bacteroidales,Rikenellaceae,dgA-11 gut group,dgA-11_gut_group_NA
ASV_4984,Bacteria,Bacillota,Clostridia,Peptostreptococcales-Tissierellales,Family XI,Tissierella,Tissierella_NA
ASV_4985,Bacteria,Bacteroidota,Bacteroidia,Bacteroidales,Tannerellaceae,Parabacteroides,Parabacteroides_merdae
ASV_4986,Bacteria,Verrucomicrobiota,Verrucomicrobiia,Chthoniobacterales,Chthoniobacteraceae,LD29,LD29_NA
ASV_4987,Bacteria,Bacteroidota,Bacteroidia,Bacteroidales,Marinifilaceae,Butyricimonas,Butyricimonas_sp.
ASV_4988,Bacteria,Bacillota,Clostridia,Oscillospirales,Oscillospiraceae,NA,NA_NA
ASV_4989,Bacteria,Pseudomonadota,Gammaproteobacteria,Cardiobacteriales,Wohlfahrtiimonadaceae,Ignatzschineria,Ignatzschineria_NA
ASV_4990,Bacteria,Bacteroidota,Bacteroidia,Bacteroidales,Prevotellaceae,Prevotellaceae UCG-003,Prevotellaceae_UCG-003_NA
ASV_4991,Bacteria,Bacillota,Clostridia,Oscillospirales,UCG-010,NA,NA_NA
ASV_4992,Bacteria,Bacillota,Clostridia,Oscillospirales,Oscillospiraceae,UCG-005,UCG-005_NA
ASV_4993,Bacteria,Actinomycetota,Coriobacteriia,Coriobacteriales,NA,NA,NA_NA
ASV_4994,Bacteria,Bacillota,Clostridia,Christensenellales,Christensenellaceae,Christensenellaceae R-7 group,Christensenellaceae_R-7_group_NA
ASV_4995,Bacteria,Verrucomicrobiota,Kiritimatiellia,WCHB1-41,NA,NA,NA_NA
ASV_4996,Bacteria,Spirochaetota,Spirochaetia,Spirochaetales,Spirochaetaceae,Treponema,Treponema_NA
ASV_4997,Bacteria,Bacillota,Bacilli,RF39,NA,NA,NA_NA
ASV_4998,Bacteria,Bacillota,Clostridia,Lachnospirales,Lachnospiraceae,Lachnospiraceae UCG-009,Lachnospiraceae_UCG-009_NA
ASV_4999,Bacteria,Verrucomicrobiota,Kiritimatiellia,WCHB1-41,NA,NA,NA_NA
ASV_5000,Bacteria,Verrucomicrobiota,Kiritimatiellia,WCHB1-41,NA,NA,NA_NA
ASV_5001,Bacteria,Actinomycetota,Coriobacteriia,Coriobacteriales,Coriobacteriales Incertae Sedis,NA,NA_NA
ASV_5002,Bacteria,Bacillota,Bacilli,RF39,NA,NA,NA_NA
ASV_5003,Bacteria,Bacillota,Clostridia,Oscillospirales,UCG-010,NA,NA_NA
ASV_5004,Bacteria,Bacillota,Clostridia,Oscillospirales,UCG-010,NA,NA_NA
ASV_5005,Bacteria,Bacteroidota,Bacteroidia,Bacteroidales,Bacteroidaceae,Bacteroides,Bacteroides_coprocola
ASV_5006,Bacteria,Bacillota,Clostridia,Peptostreptococcales-Tissierellales,Family XI,Tissierella,Tissierella_NA
ASV_5007,Bacteria,Bacteroidota,Bacteroidia,Bacteroidales,Rikenellaceae,Rikenellaceae RC9 gut group,Rikenellaceae_RC9_gut_group_NA
ASV_5008,Eukaryota,NA,NA,NA,NA,NA,NA_NA
ASV_5009,Bacteria,Pseudomonadota,Alphaproteobacteria,Rhodobacterales,Paracoccaceae,Paracoccus,Paracoccus_onubensis
ASV_5010,Bacteria,Bacillota,Clostridia,Clostridiales,Clostridiaceae,Sarcina,Sarcina_NA
ASV_5011,Bacteria,Actinomycetota,Coriobacteriia,Coriobacteriales,Atopobiaceae,NA,NA_NA
ASV_5012,Bacteria,Pseudomonadota,Alphaproteobacteria,Hyphomicrobiales,Beijerinckiaceae,Lichenibacterium,Lichenibacterium_NA
ASV_5013,Bacteria,Bacteroidota,Bacteroidia,Flavobacteriales,Weeksellaceae,Apibacter,Apibacter_NA
ASV_5014,Bacteria,Bacillota,Clostridia,Oscillospirales,UCG-010,NA,NA_NA
ASV_5015,Eukaryota,NA,NA,NA,NA,NA,NA_NA
ASV_5016,Bacteria,Bacteroidota,Bacteroidia,Bacteroidales,Prevotellaceae,Xylanibacter,Xylanibacter_NA
ASV_5017,Bacteria,Bacillota,Clostridia,Christensenellales,Christensenellaceae,Christensenellaceae R-7 group,Christensenellaceae_R-7_group_NA
ASV_5018,Bacteria,Pseudomonadota,Alphaproteobacteria,Rickettsiales,Mitochondria,NA,NA_NA
ASV_5019,Bacteria,Verrucomicrobiota,Kiritimatiellia,WCHB1-41,NA,NA,NA_NA
ASV_5020,Bacteria,Bacillota,Clostridia,Oscillospirales,Ruminococcaceae,Ruminococcus,Ruminococcus_NA
ASV_5021,Bacteria,Bacillota,Clostridia,Oscillospirales,UCG-010,NA,NA_NA
ASV_5022,Bacteria,Bacillota,Clostridia,Oscillospirales,Ruminococcaceae,Eubacterium,Eubacterium_siraeum_group
ASV_5023,Bacteria,Bacteroidota,Bacteroidia,Bacteroidales,Prevotellaceae,Prevotellaceae UCG-001,Prevotellaceae_UCG-001_NA
ASV_5024,Bacteria,Bacillota,Clostridia,Lachnospirales,Lachnospiraceae,NA,NA_NA
ASV_5025,Bacteria,Bacillota,Bacilli,RF39,NA,NA,NA_NA
ASV_5026,Bacteria,Bacillota,Clostridia,Oscillospirales,UCG-010,NA,NA_NA
ASV_5027,Bacteria,Bacteroidota,Bacteroidia,Bacteroidales,Prevotellaceae,Xylanibacter,Xylanibacter_NA
ASV_5028,Bacteria,Bacteroidota,Bacteroidia,Bacteroidales,Prevotellaceae,NA,NA_NA
ASV_5029,Bacteria,Bacillota,Clostridia,Clostridia UCG-014,NA,NA,NA_NA
ASV_5030,Bacteria,Bacillota,Clostridia,Lachnospirales,Lachnospiraceae,NA,NA_NA
ASV_5031,Bacteria,Bacillota,Clostridia,Oscillospirales,UCG-010,NA,NA_NA
ASV_5032,Bacteria,Actinomycetota,Actinobacteria,Mycobacteriales,Corynebacteriaceae,Corynebacterium,Corynebacterium_glyciniphilum
ASV_5033,Bacteria,Bacillota,Clostridia,NA,NA,NA,NA_NA
ASV_5034,Bacteria,Bacillota,Clostridia,Oscillospirales,UCG-010,NA,NA_NA
ASV_5035,Bacteria,Campylobacterota,Campylobacteria,Campylobacterales,Helicobacteraceae,Helicobacter,Helicobacter_NA
ASV_5036,Bacteria,Pseudomonadota,Gammaproteobacteria,Enterobacterales,Succinivibrionaceae,Anaerobiospirillum,Anaerobiospirillum_succiniciproducens
ASV_5037,Bacteria,Actinomycetota,Actinobacteria,Micrococcales,Dermacoccaceae,Dermacoccus,Dermacoccus_profundi
ASV_5038,Bacteria,Actinomycetota,Actinobacteria,Micrococcales,Micrococcaceae,Rothia,Rothia_dentocariosa
ASV_5039,Bacteria,Bacteroidota,Bacteroidia,Bacteroidales,Rikenellaceae,Rikenellaceae RC9 gut group,Rikenellaceae_RC9_gut_group_NA
ASV_5040,Bacteria,Bacteroidota,Bacteroidia,Flavobacteriales,Weeksellaceae,Apibacter,Apibacter_adventoris
ASV_5041,Bacteria,Bacteroidota,Bacteroidia,Bacteroidales,Bacteroidaceae,Bacteroides,Bacteroides_plebeius
ASV_5042,Bacteria,Pseudomonadota,Alphaproteobacteria,Rickettsiales,Mitochondria,NA,NA_NA
ASV_5043,Bacteria,Bacillota,Clostridia,Lachnospirales,Lachnospiraceae,Lachnoclostridium,Lachnoclostridium_NA
ASV_5044,Bacteria,Bacteroidota,Bacteroidia,Bacteroidales,Rikenellaceae,Rikenellaceae RC9 gut group,Rikenellaceae_RC9_gut_group_NA
ASV_5045,Bacteria,Bacillota,Clostridia,Oscillospirales,Oscillospiraceae,UCG-005,UCG-005_NA
ASV_5046,Bacteria,Verrucomicrobiota,Kiritimatiellia,WCHB1-41,NA,NA,NA_NA
ASV_5047,Bacteria,Bacillota,Clostridia,Oscillospirales,Ruminococcaceae,NA,NA_NA
ASV_5048,Bacteria,Bacillota,Clostridia,Clostridiales,Clostridiaceae,Candidatus Arthromitus,Candidatus_Arthromitus_NA
ASV_5049,Bacteria,Actinomycetota,Thermoleophilia,Solirubrobacterales,Solirubrobacteraceae,Solirubrobacter,Solirubrobacter_NA
ASV_5050,Bacteria,Bacillota,Bacilli,Erysipelotrichales,Erysipelotrichaceae,Holdemanella,Holdemanella_porci
ASV_5051,Archaea,Methanobacteriota,Methanobacteria,Methanobacteriales,Methanobacteriaceae,Methanobrevibacter,Methanobrevibacter_NA
ASV_5052,Bacteria,Bacillota,Clostridia,Clostridia UCG-014,NA,NA,NA_NA
ASV_5053,Bacteria,Pseudomonadota,Alphaproteobacteria,Rickettsiales,Mitochondria,NA,NA_NA
ASV_5054,Bacteria,Bacillota,Clostridia,Lachnospirales,Lachnospiraceae,Blautia,Blautia_NA
ASV_5055,Bacteria,Pseudomonadota,Alphaproteobacteria,Rhodospirillales,NA,NA,NA_NA
ASV_5056,Bacteria,Bacteroidota,Bacteroidia,Bacteroidales,Rikenellaceae,Rikenellaceae RC9 gut group,Rikenellaceae_RC9_gut_group_NA
ASV_5057,Bacteria,Bacillota,Clostridia,Oscillospirales,Ruminococcaceae,Paludicola,Paludicola_NA
ASV_5058,Bacteria,Bacteroidota,Bacteroidia,Bacteroidales,Bacteroidaceae,Bacteroides,Bacteroides_NA
ASV_5059,Bacteria,Pseudomonadota,Alphaproteobacteria,Acetobacterales,Acetobacteraceae,Komagataeibacter,Komagataeibacter_rhaeticus
ASV_5060,Bacteria,Bacillota,Negativicutes,Acidaminococcales,Acidaminococcaceae,Phascolarctobacterium,Phascolarctobacterium_NA
ASV_5061,Bacteria,Bacillota,Clostridia,Lachnospirales,Lachnospiraceae,Acetitomaculum,Acetitomaculum_NA
ASV_5062,Bacteria,Bacillota,Clostridia,Oscillospirales,Ruminococcaceae,UCG-001,UCG-001_NA
ASV_5063,Bacteria,Bacteroidota,Bacteroidia,Bacteroidales,Bacteroidaceae,Bacteroides,Bacteroides_NA
ASV_5064,Bacteria,Bacteroidota,Bacteroidia,Bacteroidales,Rikenellaceae,dgA-11 gut group,dgA-11_gut_group_NA
ASV_5065,Bacteria,Bacillota,Clostridia,Lachnospirales,Lachnospiraceae,NA,NA_NA
ASV_5066,Bacteria,Verrucomicrobiota,Verrucomicrobiia,Verrucomicrobiales,Akkermansiaceae,Akkermansia,Akkermansia_NA
ASV_5067,Bacteria,Bacillota,Clostridia,Clostridia UCG-014,NA,NA,NA_NA
ASV_5068,Bacteria,Spirochaetota,Spirochaetia,Spirochaetales,Spirochaetaceae,Treponema,Treponema_porcinum
ASV_5069,Bacteria,Bacillota,Clostridia,Oscillospirales,UCG-010,NA,NA_NA
ASV_5070,Bacteria,Bacillota,Clostridia,Lachnospirales,Lachnospiraceae,NA,NA_NA
ASV_5071,Bacteria,Bacteroidota,Bacteroidia,Bacteroidales,Bacteroidales RF16 group,NA,NA_NA
ASV_5072,Bacteria,Cyanobacteriota,Vampirivibrionia,Gastranaerophilales,Gastranaerophilaceae,NA,NA_NA
ASV_5073,Bacteria,Bacillota,Clostridia,Lachnospirales,Lachnospiraceae,Lachnospiraceae NK4A136 group,Lachnospiraceae_NK4A136_group_NA
ASV_5074,Bacteria,Verrucomicrobiota,Kiritimatiellia,WCHB1-41,NA,NA,NA_NA
ASV_5075,Bacteria,Verrucomicrobiota,Verrucomicrobiia,Chthoniobacterales,Chthoniobacteraceae,LD29,LD29_NA
ASV_5076,Bacteria,Bacillota,Clostridia,Oscillospirales,Ruminococcaceae,Harryflintia,Harryflintia_NA
ASV_5077,Bacteria,Bacillota,Clostridia,Peptostreptococcales-Tissierellales,Anaerovoracaceae,Mogibacterium,Mogibacterium_NA
ASV_5078,Bacteria,Pseudomonadota,Alphaproteobacteria,Rickettsiales,Mitochondria,NA,NA_NA
ASV_5079,Bacteria,Spirochaetota,Spirochaetia,Spirochaetales,Spirochaetaceae,Treponema,Treponema_NA
ASV_5080,Bacteria,Bacillota,Negativicutes,Veillonellales-Selenomonadales,NA,NA,NA_NA
ASV_5081,Bacteria,Bacillota,Clostridia,Lachnospirales,Lachnospiraceae,Butyrivibrio,Butyrivibrio_crossotus
ASV_5082,Bacteria,Bacillota,Clostridia,Lachnospirales,Lachnospiraceae,Butyrivibrio,Butyrivibrio_NA
ASV_5083,Bacteria,Bacillota,Clostridia,Oscillospirales,Oscillospiraceae,NA,NA_NA
ASV_5084,Bacteria,Bacillota,Clostridia,Oscillospirales,UCG-010,NA,NA_NA
ASV_5085,Bacteria,Bacillota,Bacilli,Erysipelotrichales,Erysipelotrichaceae,NA,NA_NA
ASV_5086,Bacteria,Bacillota,Clostridia,Oscillospirales,Oscillospiraceae,UCG-005,UCG-005_NA
ASV_5087,Bacteria,Bacillota,Clostridia,Oscillospirales,[Eubacterium] coprostanoligenes group,NA,NA_NA
ASV_5088,Bacteria,Bacillota,Clostridia,Oscillospirales,UCG-010,NA,NA_NA
ASV_5089,Bacteria,Bacteroidota,Bacteroidia,Bacteroidales,Prevotellaceae,Xylanibacter,Xylanibacter_NA
ASV_5090,Bacteria,Bacteroidota,Bacteroidia,Bacteroidales,Prevotellaceae,Xylanibacter,Xylanibacter_NA
ASV_5091,Bacteria,Bacillota,Bacilli,Paenibacillales,Paenibacillaceae,Paenibacillus,Paenibacillus_barengoltzii
ASV_5092,Bacteria,Bacillota,Clostridia,Oscillospirales,UCG-010,NA,NA_NA
ASV_5093,Bacteria,Bacteroidota,Bacteroidia,Bacteroidales,Rikenellaceae,Rikenellaceae RC9 gut group,Rikenellaceae_RC9_gut_group_NA
ASV_5094,Bacteria,Bacillota,Bacilli,Bacillales,Planococcaceae,Sporosarcina,Sporosarcina_siberiensis
ASV_5095,Bacteria,Bacillota,Clostridia,Oscillospirales,UCG-010,NA,NA_NA
ASV_5096,Bacteria,Pseudomonadota,Alphaproteobacteria,Hyphomicrobiales,Rhizobiaceae,Falsochrobactrum,Falsochrobactrum_NA
ASV_5097,Bacteria,Pseudomonadota,Alphaproteobacteria,Acetobacterales,Acetobacteraceae,NA,NA_NA
ASV_5098,Bacteria,Acidobacteriota,Subgroup 22,NA,NA,NA,NA_NA
ASV_5099,Bacteria,Verrucomicrobiota,Kiritimatiellia,WCHB1-41,NA,NA,NA_NA
ASV_5100,Bacteria,Pseudomonadota,Gammaproteobacteria,Lysobacterales,Rhodanobacteraceae,Luteibacter,Luteibacter_rhizovicinus
ASV_5101,Bacteria,Bacillota,Bacilli,Lactobacillales,Streptococcaceae,Streptococcus,Streptococcus_NA
ASV_5102,Bacteria,Bacillota,Clostridia,Christensenellales,Christensenellaceae,Christensenellaceae R-7 group,Christensenellaceae_R-7_group_NA
ASV_5103,Bacteria,Bacteroidota,Bacteroidia,Bacteroidales,NA,NA,NA_NA
ASV_5104,Bacteria,Actinomycetota,Actinobacteria,Micrococcales,Intrasporangiaceae,Janibacter,Janibacter_limosus
ASV_5105,Bacteria,Pseudomonadota,Alphaproteobacteria,Hyphomicrobiales,Beijerinckiaceae,Methylobacterium,Methylobacterium_NA
ASV_5106,Bacteria,Pseudomonadota,Gammaproteobacteria,Lysobacterales,Lysobacteraceae,Stenotrophomonas,Stenotrophomonas_koreensis
ASV_5107,Bacteria,Actinomycetota,Actinobacteria,Micrococcales,Microbacteriaceae,Leucobacter,Leucobacter_japonicus
ASV_5108,Bacteria,Bacillota,Clostridia,Clostridia UCG-014,NA,NA,NA_NA
ASV_5109,Bacteria,Bacteroidota,Bacteroidia,Bacteroidales,Bacteroidaceae,Bacteroides,Bacteroides_NA
ASV_5110,Bacteria,Pseudomonadota,Alphaproteobacteria,Rickettsiales,Mitochondria,NA,NA_NA
ASV_5111,Bacteria,Bacillota,Negativicutes,Veillonellales-Selenomonadales,Selenomonadaceae,Propionispira,Propionispira_NA
ASV_5112,Bacteria,Pseudomonadota,Alphaproteobacteria,Rhodobacterales,Paracoccaceae,Parasedimentitalea,Parasedimentitalea_NA
ASV_5113,Bacteria,Bacteroidota,Bacteroidia,Cytophagales,Hymenobacteraceae,Hymenobacter,Hymenobacter_NA
ASV_5114,Bacteria,Bacillota,Bacilli,Erysipelotrichales,Erysipelatoclostridiaceae,Thomasclavelia,Thomasclavelia_ramosa
ASV_5115,Bacteria,Bacteroidota,Bacteroidia,Bacteroidales,Rikenellaceae,Rikenellaceae RC9 gut group,Rikenellaceae_RC9_gut_group_NA
ASV_5116,Bacteria,Bacillota,Clostridia,Oscillospirales,Ruminococcaceae,NA,NA_NA
ASV_5117,Bacteria,Bacillota,Bacilli,Erysipelotrichales,Erysipelotrichaceae,Solobacterium,Solobacterium_NA
ASV_5118,Bacteria,Bacillota,Clostridia,Oscillospirales,Ruminococcaceae,NA,NA_NA
ASV_5119,Bacteria,Bacillota,Clostridia,Oscillospirales,Butyricicoccaceae,UCG-008,UCG-008_NA
ASV_5120,Bacteria,Bacillota,Bacilli,Bacillales,Bacillaceae,Anaerobacillus,Anaerobacillus_sp.
ASV_5121,Bacteria,Bacillota,Clostridia,Lachnospirales,Lachnospiraceae,NA,NA_NA
ASV_5122,Bacteria,Bacillota,Clostridia,Lachnospirales,Lachnospiraceae,NA,NA_NA
ASV_5123,Bacteria,Bacteroidota,Bacteroidia,Bacteroidales,Muribaculaceae,NA,NA_NA
ASV_5124,Bacteria,Bacillota,Clostridia,Lachnospirales,Lachnospiraceae,NA,NA_NA
ASV_5125,Bacteria,Bacillota,Clostridia,Lachnospirales,Lachnospiraceae,Mediterraneibacter,Mediterraneibacter_NA
ASV_5126,Bacteria,Bacillota,Bacilli,Erysipelotrichales,Erysipelatoclostridiaceae,Tannockella,Tannockella_NA
ASV_5127,Bacteria,Bacillota,Clostridia,Oscillospirales,[Eubacterium] coprostanoligenes group,NA,NA_NA
ASV_5128,Bacteria,Bacillota,Clostridia,Peptococcales,Peptococcaceae,Peptococcus,Peptococcus_NA
ASV_5129,Bacteria,Bacteroidota,Bacteroidia,Bacteroidales,Rikenellaceae,Rikenellaceae RC9 gut group,Rikenellaceae_RC9_gut_group_NA
ASV_5130,Bacteria,Bacillota,Clostridia,Clostridia UCG-014,NA,NA,NA_NA
ASV_5131,Bacteria,Bacteroidota,Bacteroidia,Bacteroidales,Prevotellaceae,Prevotellaceae UCG-001,Prevotellaceae_UCG-001_NA
ASV_5132,Bacteria,Bacillota,Bacilli,Erysipelotrichales,Erysipelotrichaceae,NA,NA_NA
ASV_5133,Bacteria,Verrucomicrobiota,Kiritimatiellia,WCHB1-41,NA,NA,NA_NA
ASV_5134,Bacteria,Bacteroidota,Bacteroidia,Bacteroidales,Rikenellaceae,Rikenellaceae RC9 gut group,Rikenellaceae_RC9_gut_group_NA
ASV_5135,Bacteria,Bacillota,Clostridia,Lachnospirales,Lachnospiraceae,NA,NA_NA
ASV_5136,Bacteria,Bacillota,Bacilli,Erysipelotrichales,Erysipelotrichaceae,NA,NA_NA
ASV_5137,Bacteria,Bacillota,Clostridia,Oscillospirales,Oscillospiraceae,UCG-005,UCG-005_NA
ASV_5138,Bacteria,Bacteroidota,Bacteroidia,Bacteroidales,Prevotellaceae,Prevotellaceae UCG-001,Prevotellaceae_UCG-001_NA
ASV_5139,Bacteria,Bacillota,Negativicutes,Acidaminococcales,Acidaminococcaceae,Succiniclasticum,Succiniclasticum_NA
ASV_5140,Bacteria,Bacteroidota,Bacteroidia,Bacteroidales,Tannerellaceae,Parabacteroides,Parabacteroides_NA
ASV_5141,Bacteria,Bacillota,Clostridia,Clostridia UCG-014,NA,NA,NA_NA
ASV_5142,Bacteria,Bacillota,Clostridia,Oscillospirales,Oscillospiraceae,UCG-005,UCG-005_NA
ASV_5143,Bacteria,Bacillota,Bacilli,RF39,NA,NA,NA_NA
ASV_5144,Bacteria,Bacillota,Clostridia,Oscillospirales,Oscillospiraceae,UCG-005,UCG-005_NA
ASV_5145,Bacteria,Bacillota,Clostridia,Lachnospirales,Lachnospiraceae,Lachnospiraceae NK3A20 group,Lachnospiraceae_NK3A20_group_NA
ASV_5146,Bacteria,Bacillota,Clostridia,Lachnospirales,Lachnospiraceae,Faecalimonas,Faecalimonas_NA
ASV_5147,Bacteria,Bacteroidota,Bacteroidia,Bacteroidales,Prevotellaceae,Xylanibacter,Xylanibacter_NA
ASV_5148,Bacteria,Bacteroidota,Bacteroidia,Bacteroidales,Prevotellaceae,Xylanibacter,Xylanibacter_NA
ASV_5149,Bacteria,Bacillota,Clostridia,Lachnospirales,Lachnospiraceae,Oribacterium,Oribacterium_NA
ASV_5150,Bacteria,Bacillota,Bacilli,RF39,NA,NA,NA_NA
ASV_5151,Bacteria,Bacillota,Clostridia,Oscillospirales,Oscillospiraceae,UCG-005,UCG-005_NA
ASV_5152,Bacteria,Bacillota,Clostridia,Lachnospirales,Lachnospiraceae,Lachnospiraceae AC2044 group,Lachnospiraceae_AC2044_group_NA
ASV_5153,Bacteria,Bacteroidota,Bacteroidia,Bacteroidales,Prevotellaceae,NA,NA_NA
ASV_5154,Bacteria,Bacteroidota,Bacteroidia,Bacteroidales,Rikenellaceae,Alistipes,Alistipes_NA
ASV_5155,Bacteria,Bacillota,Clostridia,Lachnospirales,Lachnospiraceae,NA,NA_NA
ASV_5156,Bacteria,Bacillota,Clostridia,Clostridiales,Clostridiaceae,Clostridium,Clostridium_neonatale
ASV_5157,Bacteria,Bacillota,Clostridia,Oscillospirales,UCG-010,NA,NA_NA
ASV_5158,Bacteria,Bacteroidota,Bacteroidia,Bacteroidales,Rikenellaceae,Rikenellaceae RC9 gut group,Rikenellaceae_RC9_gut_group_NA
ASV_5159,Bacteria,Bacillota,Clostridia,Peptostreptococcales-Tissierellales,Anaerovoracaceae,Eubacterium,Eubacterium_sp
ASV_5160,Bacteria,Bacillota,Clostridia,Oscillospirales,Ruminococcaceae,NA,NA_NA
ASV_5161,Bacteria,Bacillota,Clostridia,Oscillospirales,UCG-010,NA,NA_NA
ASV_5162,Bacteria,Pseudomonadota,Gammaproteobacteria,Enterobacterales,Erwiniaceae,Pantoea,Pantoea_sp.
ASV_5163,Bacteria,Bacillota,Clostridia,Lachnospirales,Lachnospiraceae,Mediterraneibacter,Mediterraneibacter_NA
ASV_5164,Bacteria,Bacillota,Bacilli,RF39,NA,NA,NA_NA
ASV_5165,Bacteria,Bacteroidota,Bacteroidia,Bacteroidales,Dysgonomonadaceae,Petrimonas,Petrimonas_NA
ASV_5166,Bacteria,Bacillota,Clostridia,Lachnospirales,Lachnospiraceae,Lachnoclostridium,Lachnoclostridium_NA
ASV_5167,Bacteria,Actinomycetota,Actinobacteria,Actinomycetales,Actinomycetaceae,Actinomyces,Actinomyces_NA
ASV_5168,Bacteria,Pseudomonadota,Gammaproteobacteria,Enterobacterales,NA,NA,NA_NA
ASV_5169,Bacteria,Pseudomonadota,Gammaproteobacteria,Pseudomonadales,Moraxellaceae,Psychrobacter,Psychrobacter_faecalis
ASV_5170,Bacteria,Bacteroidota,Bacteroidia,Flavobacteriales,Weeksellaceae,Chishuiella,Chishuiella_changwenlii
ASV_5171,Bacteria,Pseudomonadota,Gammaproteobacteria,Burkholderiales,Alcaligenaceae,Verticiella,Verticiella_NA
ASV_5172,Bacteria,Bacteroidota,Bacteroidia,Flavobacteriales,Weeksellaceae,Chryseobacterium,Chryseobacterium_NA
ASV_5173,Bacteria,Bacillota,Clostridia,Oscillospirales,Ruminococcaceae,Faecalibacterium,Faecalibacterium_NA
ASV_5174,Bacteria,Bacillota,Clostridia,Oscillospirales,Oscillospiraceae,NA,NA_NA
ASV_5175,Bacteria,Actinomycetota,Actinobacteria,Propionibacteriales,Nocardioidaceae,Nocardioides,Nocardioides_halotolerans
ASV_5176,Bacteria,Actinomycetota,Actinobacteria,Micrococcales,Micrococcaceae,NA,NA_NA
ASV_5177,Bacteria,Bacillota,Clostridia,Lachnospirales,Lachnospiraceae,Extibacter,Extibacter_NA
ASV_5178,Bacteria,Bacteroidota,Bacteroidia,Bacteroidales,Bacteroidaceae,Bacteroides,Bacteroides_NA
ASV_5179,Bacteria,Pseudomonadota,Alphaproteobacteria,Acetobacterales,Acetobacteraceae,Endobacter,Endobacter_NA
ASV_5180,Bacteria,Verrucomicrobiota,Verrucomicrobiia,Chthoniobacterales,Xiphinematobacteraceae,Candidatus Xiphinematobacter,Candidatus_Xiphinematobacter_NA
ASV_5181,Bacteria,Bacillota,Clostridia,Lachnospirales,Lachnospiraceae,Eubacterium,Eubacterium_xylanophilum_group
ASV_5182,Bacteria,Bacillota,Bacilli,RF39,NA,NA,NA_NA
ASV_5183,Bacteria,Bacillota,Clostridia,Lachnospirales,Lachnospiraceae,Lachnospiraceae UCG-006,Lachnospiraceae_UCG-006_NA
ASV_5184,Bacteria,Actinomycetota,Actinobacteria,Frankiales,Nakamurellaceae,Nakamurella,Nakamurella_multipartita
ASV_5185,Bacteria,Bacillota,Clostridia,Clostridiales,Clostridiaceae,Clostridium,Clostridium_subterminale
ASV_5186,Bacteria,Bacillota,Clostridia,Oscillospirales,Oscillospiraceae,NK4A214 group,NK4A214_group_NA
ASV_5187,Bacteria,Bacillota,Clostridia,Oscillospirales,Ruminococcaceae,Caproiciproducens,Caproiciproducens_NA
ASV_5188,Bacteria,Bacillota,Clostridia,Oscillospirales,Ruminococcaceae,Ruminococcus,Ruminococcus_NA
ASV_5189,Bacteria,Bacillota,Clostridia,Clostridia UCG-014,NA,NA,NA_NA
ASV_5190,Bacteria,Bacteroidota,Bacteroidia,Bacteroidales,Rikenellaceae,Rikenellaceae RC9 gut group,Rikenellaceae_RC9_gut_group_NA
ASV_5191,Bacteria,Bacteroidota,Bacteroidia,Bacteroidales,Rikenellaceae,Rikenellaceae RC9 gut group,Rikenellaceae_RC9_gut_group_NA
ASV_5192,Bacteria,Bacteroidota,Bacteroidia,Bacteroidales,Bacteroidales RF16 group,NA,NA_NA
ASV_5193,Bacteria,Bacillota,Clostridia,Oscillospirales,NA,NA,NA_NA
ASV_5194,Bacteria,Bacillota,Clostridia,Oscillospirales,UCG-010,NA,NA_NA
ASV_5195,Bacteria,Bacillota,Bacilli,Erysipelotrichales,Erysipelotrichaceae,NA,NA_NA
ASV_5196,Bacteria,Bacillota,Clostridia,Peptostreptococcales-Tissierellales,Anaerovoracaceae,Family XIII AD3011 group,Family_XIII_AD3011_group_NA
ASV_5197,Bacteria,Bacillota,Clostridia,Oscillospirales,Ruminococcaceae,NA,NA_NA
ASV_5198,Bacteria,Verrucomicrobiota,Kiritimatiellia,WCHB1-41,NA,NA,NA_NA
ASV_5199,Bacteria,Bacillota,Clostridia,Oscillospirales,[Eubacterium] coprostanoligenes group,NA,NA_NA
ASV_5200,Bacteria,Bacillota,Bacilli,RF39,NA,NA,NA_NA
ASV_5201,Bacteria,Bacillota,Clostridia,Lachnospirales,Lachnospiraceae,Lachnospiraceae AC2044 group,Lachnospiraceae_AC2044_group_NA
ASV_5202,Bacteria,Bacteroidota,Bacteroidia,Bacteroidales,Prevotellaceae,NA,NA_NA
ASV_5203,Bacteria,Bacteroidota,Bacteroidia,Flavobacteriales,Flavobacteriaceae,Myroides,Myroides_profundi
ASV_5204,Bacteria,Pseudomonadota,Alphaproteobacteria,Caulobacterales,Caulobacteraceae,Brevundimonas,Brevundimonas_vesicularis
ASV_5205,Bacteria,Bacteroidota,Bacteroidia,Flavobacteriales,Weeksellaceae,Chryseobacterium,Chryseobacterium_indologenes
ASV_5206,Bacteria,Pseudomonadota,Gammaproteobacteria,Burkholderiales,Sutterellaceae,Parasutterella,Parasutterella_secunda
ASV_5207,Bacteria,Bacillota,Clostridia,Oscillospirales,Ruminococcaceae,NA,NA_NA
ASV_5208,Bacteria,Bacteroidota,Bacteroidia,Bacteroidales,Tannerellaceae,Parabacteroides,Parabacteroides_NA
ASV_5209,Bacteria,Bacillota,Clostridia,Lachnospirales,Lachnospiraceae,Lachnoclostridium,Lachnoclostridium_NA
ASV_5210,Bacteria,Bacillota,Clostridia,Lachnospirales,Lachnospiraceae,Blautia,Blautia_NA
ASV_5211,Bacteria,Bacillota,Clostridia,Lachnospirales,Lachnospiraceae,Cellulosilyticum,Cellulosilyticum_NA
ASV_5212,Bacteria,Bacillota,Clostridia,Oscillospirales,Ruminococcaceae,Clostridium,Clostridium_methylpentosum_group
ASV_5213,Bacteria,Bacillota,Clostridia,Oscillospirales,Oscillospiraceae,Oscillospira,Oscillospira_NA
ASV_5214,Bacteria,Pseudomonadota,Alphaproteobacteria,Rhodospirillales,NA,NA,NA_NA
ASV_5215,Bacteria,Bacteroidota,Bacteroidia,Bacteroidales,Prevotellaceae,Prevotellaceae UCG-001,Prevotellaceae_UCG-001_NA
ASV_5216,Bacteria,Bacteroidota,Bacteroidia,Bacteroidales,F082,NA,NA_NA
ASV_5217,Bacteria,Bacillota,Bacilli,RF39,NA,NA,NA_NA
ASV_5218,Bacteria,Bacillota,Clostridia,Oscillospirales,NA,NA,NA_NA
ASV_5219,Bacteria,Bacillota,Clostridia,Lachnospirales,Lachnospiraceae,GCA-900066575,GCA-900066575_NA
ASV_5220,Bacteria,Bacillota,Clostridia,Oscillospirales,[Eubacterium] coprostanoligenes group,NA,NA_NA
ASV_5221,Bacteria,Bacillota,Clostridia,Monoglobales,Monoglobaceae,Monoglobus,Monoglobus_NA
ASV_5222,Bacteria,Bacillota,Clostridia,Oscillospirales,UCG-010,NA,NA_NA
ASV_5223,Bacteria,Bacteroidota,Bacteroidia,Bacteroidales,Rikenellaceae,Rikenellaceae RC9 gut group,Rikenellaceae_RC9_gut_group_NA
ASV_5224,Bacteria,Spirochaetota,Spirochaetia,Spirochaetales,Spirochaetaceae,Treponema,Treponema_NA
ASV_5225,Bacteria,Spirochaetota,Spirochaetia,Spirochaetales,Spirochaetaceae,Treponema,Treponema_NA
ASV_5226,Bacteria,Bacillota,Clostridia,Oscillospirales,Ruminococcaceae,Ruminococcus,Ruminococcus_NA
ASV_5227,Bacteria,Bacillota,Clostridia,Clostridia UCG-014,NA,NA,NA_NA
ASV_5228,Bacteria,Bacillota,Clostridia,Christensenellales,Christensenellaceae,Christensenellaceae R-7 group,Christensenellaceae_R-7_group_NA
ASV_5229,Bacteria,Bacteroidota,Bacteroidia,Bacteroidales,F082,NA,NA_NA
ASV_5230,Bacteria,Pseudomonadota,Alphaproteobacteria,Hyphomicrobiales,Xanthobacteraceae,NA,NA_NA
ASV_5231,Bacteria,Bacteroidota,Bacteroidia,Flavobacteriales,Flavobacteriaceae,Flavobacterium,Flavobacterium_cloacae
ASV_5232,Bacteria,Actinomycetota,Actinobacteria,Bifidobacteriales,Bifidobacteriaceae,Bifidobacterium,Bifidobacterium_animalis
ASV_5233,Bacteria,Pseudomonadota,Alphaproteobacteria,Hyphomicrobiales,Rhizobiaceae,Agrobacterium,Agrobacterium_radiobacter
ASV_5234,Bacteria,Pseudomonadota,Alphaproteobacteria,Sphingomonadales,Sphingomonadaceae,Novosphingobium,Novosphingobium_NA
ASV_5235,Bacteria,Bacillota,Clostridia,Christensenellales,Christensenellaceae,Christensenellaceae R-7 group,Christensenellaceae_R-7_group_NA
ASV_5236,Bacteria,Bacteroidota,Bacteroidia,Bacteroidales,Bacteroidaceae,Bacteroides,Bacteroides_caecigallinarum
ASV_5237,Bacteria,Bacteroidota,Bacteroidia,Sphingobacteriales,Sphingobacteriaceae,Sphingobacterium,Sphingobacterium_alimentarium
ASV_5238,Bacteria,Actinomycetota,Coriobacteriia,Coriobacteriales,Eggerthellaceae,Adlercreutzia,Adlercreutzia_NA
ASV_5239,Bacteria,Bacteroidota,Bacteroidia,Bacteroidales,Dysgonomonadaceae,Dysgonomonas,Dysgonomonas_NA
ASV_5240,Bacteria,Bacteroidota,Bacteroidia,Bacteroidales,Bacteroidales RF16 group,NA,NA_NA
ASV_5241,Bacteria,Bacteroidota,Bacteroidia,Bacteroidales,Bacteroidaceae,Bacteroides,Bacteroides_vulgatus
ASV_5242,Bacteria,Pseudomonadota,Alphaproteobacteria,Hyphomicrobiales,Beijerinckiaceae,Lichenibacterium,Lichenibacterium_NA
ASV_5243,Bacteria,Pseudomonadota,Alphaproteobacteria,Rickettsiales,Rickettsiaceae,Ac37b,Ac37b_NA
ASV_5244,Bacteria,Thermodesulfobacteriota,Desulfovibrionia,Desulfovibrionales,Desulfovibrionaceae,Desulfovibrio,Desulfovibrio_sp.
ASV_5245,Bacteria,Bacteroidota,Bacteroidia,Bacteroidales,NA,NA,NA_NA
ASV_5246,Bacteria,Bacteroidota,Bacteroidia,Bacteroidales,Tannerellaceae,Parabacteroides,Parabacteroides_sp.
ASV_5247,Bacteria,Bacillota,Clostridia,Oscillospirales,Ruminococcaceae,Faecalibacterium,Faecalibacterium_NA
ASV_5248,Bacteria,Bacillota,Bacilli,Lactobacillales,Streptococcaceae,Streptococcus,Streptococcus_NA
ASV_5249,Bacteria,Bacillota,Clostridia,Peptostreptococcales-Tissierellales,Peptostreptococcaceae,Peptoclostridium,Peptoclostridium_hiranonis
ASV_5250,Bacteria,Pseudomonadota,Alphaproteobacteria,Rickettsiales,Mitochondria,NA,NA_NA
ASV_5251,Bacteria,Pseudomonadota,Alphaproteobacteria,Rickettsiales,Mitochondria,NA,NA_NA
ASV_5252,Bacteria,Pseudomonadota,Alphaproteobacteria,Rickettsiales,Mitochondria,NA,NA_NA
ASV_5253,Bacteria,Bacteroidota,Bacteroidia,Chitinophagales,Chitinophagaceae,Ferruginibacter,Ferruginibacter_NA
ASV_5254,Bacteria,Bacteroidota,Bacteroidia,Bacteroidales,Rikenellaceae,Rikenellaceae RC9 gut group,Rikenellaceae_RC9_gut_group_NA
ASV_5255,Bacteria,Bacillota,Bacilli,Erysipelotrichales,Erysipelotrichaceae,Erysipelothrix,Erysipelothrix_NA
ASV_5256,Bacteria,Bacteroidota,Bacteroidia,Bacteroidales,Rikenellaceae,Rikenellaceae RC9 gut group,Rikenellaceae_RC9_gut_group_NA
ASV_5257,Bacteria,Bacillota,Clostridia,Clostridia UCG-014,NA,NA,NA_NA
ASV_5258,Bacteria,Pseudomonadota,Alphaproteobacteria,Rickettsiales,Mitochondria,NA,NA_NA
ASV_5259,Bacteria,Actinomycetota,Actinobacteria,Mycobacteriales,Corynebacteriaceae,Corynebacterium,Corynebacterium_urealyticum
ASV_5260,Bacteria,Bacteroidota,Bacteroidia,Bacteroidales,Rikenellaceae,Alistipes,Alistipes_finegoldii
ASV_5261,Bacteria,Bacillota,Clostridia,Lachnospirales,Lachnospiraceae,NA,NA_NA
ASV_5262,Bacteria,Actinomycetota,Actinobacteria,Propionibacteriales,Nocardioidaceae,Nocardioides,Nocardioides_NA
ASV_5263,Bacteria,Pseudomonadota,Alphaproteobacteria,Rickettsiales,Rickettsiaceae,Ac37b,Ac37b_NA
ASV_5264,Bacteria,Pseudomonadota,Alphaproteobacteria,Hyphomicrobiales,Rhizobiaceae,Aminobacter,Aminobacter_sp.
ASV_5265,Bacteria,Bacillota,Clostridia,Oscillospirales,Ruminococcaceae,Negativibacillus,Negativibacillus_NA
ASV_5266,Bacteria,Thermodesulfobacteriota,Desulfovibrionia,Desulfovibrionales,Desulfovibrionaceae,NA,NA_NA
ASV_5267,Bacteria,Bacillota,Bacilli,Lactobacillales,Lactobacillaceae,Lactobacillus,Lactobacillus_acidophilus
ASV_5268,Bacteria,Bacillota,Clostridia,Oscillospirales,Ruminococcaceae,NA,NA_NA
ASV_5269,Bacteria,Bacteroidota,Bacteroidia,Bacteroidales,Prevotellaceae,NA,NA_NA
ASV_5270,Bacteria,Bacillota,Clostridia,Oscillospirales,Ruminococcaceae,Candidatus Soleaferrea,Candidatus_Soleaferrea_NA
ASV_5271,Bacteria,Bacillota,Clostridia,Oscillospirales,[Eubacterium] coprostanoligenes group,NA,NA_NA
ASV_5272,Bacteria,Bacillota,Bacilli,RF39,NA,NA,NA_NA
ASV_5273,Bacteria,Verrucomicrobiota,Kiritimatiellia,WCHB1-41,NA,NA,NA_NA
ASV_5274,Bacteria,Bacillota,Clostridia,Oscillospirales,UCG-010,NA,NA_NA
ASV_5275,Bacteria,Spirochaetota,Spirochaetia,Spirochaetales,Spirochaetaceae,Treponema,Treponema_NA
ASV_5276,Bacteria,Bacillota,Clostridia,Oscillospirales,UCG-010,NA,NA_NA
ASV_5277,Bacteria,Verrucomicrobiota,Kiritimatiellia,WCHB1-41,NA,NA,NA_NA
ASV_5278,Bacteria,Bacillota,Clostridia,Clostridia vadinBB60 group,NA,NA,NA_NA
ASV_5279,Bacteria,Bacteroidota,Bacteroidia,Bacteroidales,Muribaculaceae,NA,NA_NA
ASV_5280,Bacteria,Bacillota,Clostridia,Peptostreptococcales-Tissierellales,Peptostreptococcaceae,Peptostreptococcus,Peptostreptococcus_NA
ASV_5281,Bacteria,Bacillota,Clostridia,Oscillospirales,Butyricicoccaceae,Agathobaculum,Agathobaculum_NA
ASV_5282,Bacteria,Bacteroidota,Bacteroidia,Flavobacteriales,Flavobacteriaceae,Myroides,Myroides_odoratus
ASV_5283,Bacteria,Bacillota,Clostridia,Peptostreptococcales-Tissierellales,Family XI,Miniphocaeibacter,Miniphocaeibacter_NA
ASV_5284,Bacteria,Pseudomonadota,Gammaproteobacteria,Burkholderiales,Neisseriaceae,Vitreoscilla,Vitreoscilla_NA
ASV_5285,Bacteria,Bacteroidota,Bacteroidia,Bacteroidales,Rikenellaceae,Rikenellaceae RC9 gut group,Rikenellaceae_RC9_gut_group_NA
ASV_5286,Bacteria,Bacillota,Clostridia,Peptostreptococcales-Tissierellales,Anaerovoracaceae,Eubacterium,Eubacterium_sp
ASV_5287,Bacteria,Bacillota,Bacilli,RF39,NA,NA,NA_NA
ASV_5288,Bacteria,Bacillota,Clostridia,Oscillospirales,Ruminococcaceae,Pygmaiobacter,Pygmaiobacter_NA
ASV_5289,Bacteria,Bacillota,Clostridia,Lachnospirales,Lachnospiraceae,Eubacterium,Eubacterium_xylanophilum_group
ASV_5290,Bacteria,Bacillota,Clostridia,Christensenellales,Christensenellaceae,Christensenellaceae R-7 group,Christensenellaceae_R-7_group_NA
ASV_5291,Bacteria,Bacillota,Bacilli,Aneurinibacillales,Aneurinibacillaceae,Aneurinibacillus,Aneurinibacillus_thermoaerophilus
ASV_5292,Bacteria,Bacillota,Clostridia,Oscillospirales,UCG-010,NA,NA_NA
ASV_5293,Bacteria,Bacillota,Clostridia,Oscillospirales,UCG-010,NA,NA_NA
ASV_5294,Bacteria,Bacillota,Clostridia,Oscillospirales,Oscillospiraceae,NA,NA_NA
ASV_5295,Bacteria,Bacillota,Clostridia,Lachnospirales,Lachnospiraceae,Acetitomaculum,Acetitomaculum_NA
ASV_5296,Bacteria,Bacillota,Clostridia,Oscillospirales,Ruminococcaceae,Ruminococcus,Ruminococcus_flavefaciens
ASV_5297,Bacteria,Pseudomonadota,Gammaproteobacteria,Cardiobacteriales,Wohlfahrtiimonadaceae,Ignatzschineria,Ignatzschineria_indica
ASV_5298,Bacteria,Bacillota,Clostridia,Lachnospirales,Lachnospiraceae,Moryella,Moryella_NA
ASV_5299,Bacteria,Bacillota,Clostridia,Lachnospirales,Lachnospiraceae,Acetitomaculum,Acetitomaculum_NA
ASV_5300,Bacteria,Bacillota,Clostridia,Christensenellales,Christensenellaceae,Christensenellaceae R-7 group,Christensenellaceae_R-7_group_NA
ASV_5301,Bacteria,Bacillota,Clostridia,Oscillospirales,Ruminococcaceae,NA,NA_NA
ASV_5302,Bacteria,Bacillota,Bacilli,Lactobacillales,Lactobacillaceae,Ligilactobacillus,Ligilactobacillus_NA
ASV_5303,Bacteria,Bacillota,Clostridia,Lachnospirales,Lachnospiraceae,NA,NA_NA
ASV_5304,Bacteria,Bacillota,Clostridia,Oscillospirales,Ruminococcaceae,Pygmaiobacter,Pygmaiobacter_NA
ASV_5305,Bacteria,Pseudomonadota,Gammaproteobacteria,Burkholderiales,Alcaligenaceae,Paenalcaligenes,Paenalcaligenes_suwonensis
ASV_5306,Bacteria,Bacillota,Bacilli,Staphylococcales,Staphylococcaceae,Jeotgalicoccus,Jeotgalicoccus_psychrophilus
ASV_5307,Bacteria,Bacillota,Bacilli,Lactobacillales,Catellicoccaceae,Catellicoccus,Catellicoccus_NA
ASV_5308,Bacteria,Pseudomonadota,Alphaproteobacteria,Rhodobacterales,Paracoccaceae,Ketogulonicigenium,Ketogulonicigenium_vulgare
ASV_5309,Bacteria,Pseudomonadota,Alphaproteobacteria,Sphingomonadales,Sphingomonadaceae,NA,NA_NA
ASV_5310,Bacteria,Bacteroidota,Bacteroidia,Bacteroidales,p-2534-18B5 gut group,NA,NA_NA
ASV_5311,Bacteria,Pseudomonadota,Alphaproteobacteria,Hyphomicrobiales,Devosiaceae,Devosia,Devosia_sp.
ASV_5312,Eukaryota,NA,NA,NA,NA,NA,NA_NA
ASV_5313,Bacteria,Actinomycetota,Actinobacteria,Micrococcales,Micrococcaceae,Kocuria,Kocuria_palustris
ASV_5314,Bacteria,Actinomycetota,Actinobacteria,Micrococcales,Microbacteriaceae,Clavibacter,Clavibacter_michiganensis
ASV_5315,Bacteria,Pseudomonadota,Alphaproteobacteria,Rickettsiales,Mitochondria,NA,NA_NA
ASV_5316,Bacteria,Bacteroidota,Bacteroidia,Bacteroidales,Prevotellaceae,NA,NA_NA
ASV_5317,Bacteria,Bacillota,Clostridia,Lachnospirales,Lachnospiraceae,NA,NA_NA
ASV_5318,Bacteria,Pseudomonadota,Gammaproteobacteria,Pseudomonadales,Moraxellaceae,Alkanindiges,Alkanindiges_NA
ASV_5319,Bacteria,Bacillota,Clostridia,Oscillospirales,Ruminococcaceae,NA,NA_NA
ASV_5320,Bacteria,Bacillota,Bacilli,Erysipelotrichales,Erysipelotrichaceae,Faecalitalea,Faecalitalea_cylindroides
ASV_5321,Bacteria,Bacteroidota,Bacteroidia,Bacteroidales,Muribaculaceae,NA,NA_NA
ASV_5322,Bacteria,Bacteroidota,Bacteroidia,Bacteroidales,Bacteroidaceae,Bacteroides,Bacteroides_NA
ASV_5323,Bacteria,Pseudomonadota,Alphaproteobacteria,Hyphomicrobiales,Devosiaceae,Devosia,Devosia_glacialis
ASV_5324,Bacteria,Bacteroidota,Bacteroidia,Cytophagales,Hymenobacteraceae,Hymenobacter,Hymenobacter_metalli
ASV_5325,Bacteria,Pseudomonadota,Alphaproteobacteria,Sphingomonadales,Sphingomonadaceae,Novosphingobium,Novosphingobium_NA
ASV_5326,Bacteria,Cyanobacteriota,Cyanobacteriia,Chloroplast,NA,NA,NA_NA
ASV_5327,Eukaryota,NA,NA,NA,NA,NA,NA_NA
ASV_5328,Eukaryota,NA,NA,NA,NA,NA,NA_NA
ASV_5329,Bacteria,Bacillota,Clostridia,Clostridia UCG-014,NA,NA,NA_NA
ASV_5330,Bacteria,Bacillota,Clostridia,Oscillospirales,Oscillospiraceae,NK4A214 group,NK4A214_group_NA
ASV_5331,Bacteria,Bacillota,Clostridia,Clostridia vadinBB60 group,NA,NA,NA_NA
ASV_5332,Bacteria,Pseudomonadota,Alphaproteobacteria,Rickettsiales,Mitochondria,NA,NA_NA
ASV_5333,Bacteria,Bacteroidota,Bacteroidia,Bacteroidales,Bacteroidaceae,Bacteroides,Bacteroides_caecigallinarum
ASV_5334,Bacteria,Bacillota,Bacilli,Lactobacillales,Enterococcaceae,Enterococcus,Enterococcus_italicus
ASV_5335,Bacteria,Bacillota,Clostridia,Lachnospirales,Lachnospiraceae,Dorea,Dorea_formicigenerans
ASV_5336,Bacteria,Pseudomonadota,Gammaproteobacteria,Pseudomonadales,Moraxellaceae,Acinetobacter,Acinetobacter_sp.
ASV_5337,Bacteria,Bacillota,Clostridia,Lachnospirales,Lachnospiraceae,Lachnospiraceae NK4A136 group,Lachnospiraceae_NK4A136_group_NA
ASV_5338,Bacteria,Thermodesulfobacteriota,Desulfovibrionia,Desulfovibrionales,Desulfovibrionaceae,NA,NA_NA
ASV_5339,Bacteria,Bacillota,Bacilli,Bacillales,Planococcaceae,Kurthia,Kurthia_sp.
ASV_5340,Bacteria,Planctomycetota,Planctomycetes,Isosphaerales,Isosphaeraceae,Aquisphaera,Aquisphaera_NA
ASV_5341,Bacteria,Bacillota,Clostridia,Oscillospirales,Oscillospiraceae,UCG-002,UCG-002_NA
ASV_5342,Bacteria,Verrucomicrobiota,Kiritimatiellia,WCHB1-41,NA,NA,NA_NA
ASV_5343,Bacteria,Bacillota,Bacilli,Lactobacillales,Lactobacillaceae,Lactobacillus,Lactobacillus_intestinalis
ASV_5344,Bacteria,Bacillota,Clostridia,Oscillospirales,Ruminococcaceae,NA,NA_NA
ASV_5345,Bacteria,Bacillota,Clostridia,Oscillospirales,Ruminococcaceae,NA,NA_NA
ASV_5346,Bacteria,Bacteroidota,Bacteroidia,Bacteroidales,Prevotellaceae,Prevotellaceae UCG-003,Prevotellaceae_UCG-003_NA
ASV_5347,Bacteria,Bacteroidota,Bacteroidia,Bacteroidales,Prevotellaceae,Prevotellaceae UCG-003,Prevotellaceae_UCG-003_NA
ASV_5348,Bacteria,Bacillota,Bacilli,Erysipelotrichales,Erysipelatoclostridiaceae,UCG-004,UCG-004_NA
ASV_5349,Bacteria,Bacteroidota,Bacteroidia,Bacteroidales,Prevotellaceae,Prevotellaceae UCG-004,Prevotellaceae_UCG-004_NA
ASV_5350,Bacteria,Bacillota,Clostridia,Oscillospirales,Ruminococcaceae,Candidatus Soleaferrea,Candidatus_Soleaferrea_NA
ASV_5351,Bacteria,Bacteroidota,Bacteroidia,Bacteroidales,Paludibacteraceae,NA,NA_NA
ASV_5352,Bacteria,Bacillota,Clostridia,Oscillospirales,[Eubacterium] coprostanoligenes group,NA,NA_NA
ASV_5353,Bacteria,Bacillota,Clostridia,Oscillospirales,Oscillospiraceae,NK4A214 group,NK4A214_group_NA
ASV_5354,Bacteria,Cyanobacteriota,Cyanobacteriia,Chloroplast,NA,NA,NA_NA
ASV_5355,Bacteria,Bacillota,Bacilli,Bacillales,Planococcaceae,Kurthia,Kurthia_NA
ASV_5356,Bacteria,Deferribacterota,Deferribacteres,Deferribacterales,Deferribacteraceae,Mucispirillum,Mucispirillum_schaedleri
ASV_5357,Bacteria,Bacteroidota,Bacteroidia,Bacteroidales,Rikenellaceae,Alistipes,Alistipes_shahii
ASV_5358,Bacteria,Bacillota,Bacilli,Lactobacillales,Lactobacillaceae,Leuconostoc,Leuconostoc_lactis
ASV_5359,Bacteria,Bacteroidota,Bacteroidia,Flavobacteriales,Flavobacteriaceae,Flavobacterium,Flavobacterium_NA
ASV_5360,Bacteria,Bacillota,Clostridia,Peptostreptococcales-Tissierellales,Family XI,Tissierella,Tissierella_NA
ASV_5361,Bacteria,Bacillota,Clostridia,Lachnospirales,Lachnospiraceae,NA,NA_NA
ASV_5362,Bacteria,Bacteroidota,Bacteroidia,Bacteroidales,Rikenellaceae,Alistipes,Alistipes_NA
ASV_5363,Bacteria,Actinomycetota,Coriobacteriia,Coriobacteriales,Eggerthellaceae,NA,NA_NA
ASV_5364,Bacteria,Bacillota,Clostridia,Oscillospirales,Oscillospiraceae,UCG-005,UCG-005_NA
ASV_5365,Bacteria,Bacteroidota,Bacteroidia,Bacteroidales,Muribaculaceae,NA,NA_NA
ASV_5366,Bacteria,Bacillota,Clostridia,Lachnospirales,Lachnospiraceae,Blautia,Blautia_NA
ASV_5367,Bacteria,Bacillota,Clostridia,Oscillospirales,Ruminococcaceae,NA,NA_NA
ASV_5368,Bacteria,Bacillota,Bacilli,RF39,NA,NA,NA_NA
ASV_5369,Bacteria,Chlamydiota,Chlamydiia,Chlamydiales,Parachlamydiaceae,NA,NA_NA
ASV_5370,Bacteria,Bacillota,Clostridia,Peptostreptococcales-Tissierellales,Anaerovoracaceae,Family XIII AD3011 group,Family_XIII_AD3011_group_NA
ASV_5371,Bacteria,Bacillota,Clostridia,Oscillospirales,Ruminococcaceae,NA,NA_NA
ASV_5372,Bacteria,Bacteroidota,Bacteroidia,Bacteroidales,Prevotellaceae,Xylanibacter,Xylanibacter_NA
ASV_5373,Bacteria,Bacillota,Clostridia,Oscillospirales,Ruminococcaceae,Hydrogenoanaerobacterium,Hydrogenoanaerobacterium_NA
ASV_5374,Bacteria,Bacillota,Clostridia,Christensenellales,Christensenellaceae,Christensenellaceae R-7 group,Christensenellaceae_R-7_group_NA
ASV_5375,Eukaryota,NA,NA,NA,NA,NA,NA_NA
ASV_5376,Bacteria,Bacillota,Clostridia,Peptostreptococcales-Tissierellales,Family XI,Tissierella,Tissierella_NA
ASV_5377,Bacteria,Bacillota,Bacilli,RF39,NA,NA,NA_NA
ASV_5378,NA,NA,NA,NA,NA,NA,NA_NA
ASV_5379,Bacteria,Bacteroidota,Bacteroidia,Bacteroidales,Dysgonomonadaceae,Dysgonomonas,Dysgonomonas_NA
ASV_5380,Bacteria,Bacillota,Clostridia,Peptostreptococcales-Tissierellales,Family XI,Helcococcus,Helcococcus_NA
ASV_5381,Bacteria,Myxococcota,Myxococcia,Myxococcales,Anaeromyxobacteraceae,Anaeromyxobacter,Anaeromyxobacter_NA
ASV_5382,Bacteria,Pseudomonadota,Gammaproteobacteria,Enterobacterales,Orbaceae,NA,NA_NA
ASV_5383,Bacteria,Bacillota,Clostridia,Clostridia UCG-014,NA,NA,NA_NA
ASV_5384,Bacteria,Bacillota,Clostridia,Oscillospirales,Oscillospiraceae,Colidextribacter,Colidextribacter_NA
ASV_5385,Bacteria,Verrucomicrobiota,Kiritimatiellia,WCHB1-41,NA,NA,NA_NA
ASV_5386,Bacteria,Pseudomonadota,Alphaproteobacteria,Sphingomonadales,Sphingomonadaceae,Rhizorhapis,Rhizorhapis_NA
ASV_5387,Bacteria,Pseudomonadota,Gammaproteobacteria,Enterobacterales,Succinivibrionaceae,Anaerobiospirillum,Anaerobiospirillum_NA
ASV_5388,Bacteria,Bacteroidota,Bacteroidia,Bacteroidales,Dysgonomonadaceae,Dysgonomonas,Dysgonomonas_alginatilytica
ASV_5389,Bacteria,Bacillota,Clostridia,Lachnospirales,Lachnospiraceae,Faecalicatena,Faecalicatena_NA
ASV_5390,Eukaryota,NA,NA,NA,NA,NA,NA_NA
ASV_5391,Bacteria,Bacteroidota,Bacteroidia,Bacteroidales,Rikenellaceae,Alistipes,Alistipes_sp.
ASV_5392,Bacteria,Bacillota,Bacilli,RF39,NA,NA,NA_NA
ASV_5393,Bacteria,Pseudomonadota,Alphaproteobacteria,Caulobacterales,Caulobacteraceae,Brevundimonas,Brevundimonas_staleyi
ASV_5394,Eukaryota,NA,NA,NA,NA,NA,NA_NA
ASV_5395,Eukaryota,NA,NA,NA,NA,NA,NA_NA
ASV_5396,Bacteria,Pseudomonadota,Alphaproteobacteria,Rhodobacterales,Paracoccaceae,Paracoccus,Paracoccus_hibisci
ASV_5397,Bacteria,Pseudomonadota,Alphaproteobacteria,Sphingomonadales,Sphingomonadaceae,Rhizorhapis,Rhizorhapis_NA
ASV_5398,Bacteria,Bacteroidota,Bacteroidia,Bacteroidales,Bacteroidaceae,Bacteroides,Bacteroides_NA
ASV_5399,Bacteria,Actinomycetota,Actinobacteria,Mycobacteriales,Dietziaceae,Dietzia,Dietzia_lutea
ASV_5400,Bacteria,Bacillota,Clostridia,Lachnospirales,Lachnospiraceae,Agathobacter,Agathobacter_NA
ASV_5401,Bacteria,Bacillota,Clostridia,Peptostreptococcales-Tissierellales,Anaerovoracaceae,Mogibacterium,Mogibacterium_NA
ASV_5402,Bacteria,Verrucomicrobiota,Kiritimatiellia,WCHB1-41,NA,NA,NA_NA
ASV_5403,Bacteria,Bacteroidota,Bacteroidia,Bacteroidales,Tannerellaceae,Parabacteroides,Parabacteroides_NA
ASV_5404,Bacteria,Bacillota,Clostridia,Oscillospirales,Ruminococcaceae,Negativibacillus,Negativibacillus_NA
ASV_5405,Bacteria,Actinomycetota,Coriobacteriia,Coriobacteriales,Coriobacteriaceae,Enorma,Enorma_NA
ASV_5406,Bacteria,Bacteroidota,Bacteroidia,Bacteroidales,Dysgonomonadaceae,Dysgonomonas,Dysgonomonas_NA
ASV_5407,Bacteria,Bacteroidota,Bacteroidia,Bacteroidales,Muribaculaceae,NA,NA_NA
ASV_5408,Bacteria,Bacillota,Clostridia,Oscillospirales,Ruminococcaceae,Acutalibacter,Acutalibacter_NA
ASV_5409,Bacteria,Bacillota,Clostridia,Oscillospirales,Oscillospiraceae,Colidextribacter,Colidextribacter_NA
ASV_5410,Bacteria,Bacillota,Clostridia,Oscillospirales,[Eubacterium] coprostanoligenes group,NA,NA_NA
ASV_5411,Bacteria,Bacillota,Clostridia,Oscillospirales,Oscillospiraceae,NK4A214 group,NK4A214_group_NA
ASV_5412,Bacteria,Bacillota,Clostridia,Peptostreptococcales-Tissierellales,Anaerovoracaceae,Family XIII AD3011 group,Family_XIII_AD3011_group_NA
ASV_5413,Bacteria,Bacteroidota,Bacteroidia,Bacteroidales,Prevotellaceae,Prevotellaceae UCG-003,Prevotellaceae_UCG-003_NA
ASV_5414,Bacteria,Bacteroidota,Bacteroidia,Bacteroidales,Rikenellaceae,Rikenellaceae RC9 gut group,Rikenellaceae_RC9_gut_group_NA
ASV_5415,Bacteria,Bacillota,Clostridia,Clostridia vadinBB60 group,NA,NA,NA_NA
ASV_5416,Bacteria,Bacteroidota,Bacteroidia,Bacteroidales,Rikenellaceae,Rikenellaceae RC9 gut group,Rikenellaceae_RC9_gut_group_NA
ASV_5417,Bacteria,Bacillota,Clostridia,Oscillospirales,Ruminococcaceae,Ruminococcus,Ruminococcus_NA
ASV_5418,Bacteria,Bacillota,NA,NA,NA,NA,NA_NA
ASV_5419,Bacteria,Bacillota,Clostridia,Christensenellales,Christensenellaceae,Christensenellaceae R-7 group,Christensenellaceae_R-7_group_NA
ASV_5420,Bacteria,Bacillota,Clostridia,Oscillospirales,UCG-010,NA,NA_NA
ASV_5421,Bacteria,Bacillota,Clostridia,Oscillospirales,UCG-010,NA,NA_NA
ASV_5422,Bacteria,Bacteroidota,Bacteroidia,Bacteroidales,p-251-o5,NA,NA_NA
ASV_5423,Bacteria,Bacillota,Bacilli,Erysipelotrichales,Erysipelotrichaceae,Catenisphaera,Catenisphaera_NA
ASV_5424,Bacteria,Bacillota,Clostridia,Lachnospirales,Lachnospiraceae,Ruminococcus,Ruminococcus_gauvreauii_group
ASV_5425,Bacteria,Bacteroidota,Bacteroidia,Bacteroidales,Bacteroidaceae,Bacteroides,Bacteroides_NA
ASV_5426,Bacteria,Bacteroidota,Bacteroidia,Bacteroidales,Rikenellaceae,Alistipes,Alistipes_putredinis
ASV_5427,Bacteria,Thermodesulfobacteriota,Desulfovibrionia,Desulfovibrionales,Desulfovibrionaceae,Bilophila,Bilophila_wadsworthia
ASV_5428,Bacteria,Bacillota,Bacilli,Lactobacillales,Lactobacillaceae,Pediococcus,Pediococcus_pentosaceus
ASV_5429,Bacteria,Bacillota,Clostridia,Lachnospirales,Lachnospiraceae,NA,NA_NA
ASV_5430,Bacteria,Verrucomicrobiota,Verrucomicrobiia,Verrucomicrobiales,Rubritaleaceae,Luteolibacter,Luteolibacter_NA
ASV_5431,Bacteria,Bacillota,Bacilli,Erysipelotrichales,Erysipelotrichaceae,Catenisphaera,Catenisphaera_NA
ASV_5432,Bacteria,Bacteroidota,Bacteroidia,Bacteroidales,Bacteroidaceae,Bacteroides,Bacteroides_NA
ASV_5433,Bacteria,Bacillota,Negativicutes,Veillonellales-Selenomonadales,Selenomonadaceae,Anaerovibrio,Anaerovibrio_NA
ASV_5434,Bacteria,Bacteroidota,Bacteroidia,Bacteroidales,Dysgonomonadaceae,NA,NA_NA
ASV_5435,Bacteria,Acidobacteriota,Acidobacteriae,Subgroup 2,NA,NA,NA_NA
ASV_5436,Bacteria,Bacteroidota,Bacteroidia,Bacteroidales,Prevotellaceae,Prevotellaceae UCG-001,Prevotellaceae_UCG-001_NA
ASV_5437,Bacteria,Bacteroidota,Bacteroidia,Bacteroidales,F082,NA,NA_NA
ASV_5438,Bacteria,Pseudomonadota,Alphaproteobacteria,Sphingomonadales,Sphingomonadaceae,Sphingomonas,Sphingomonas_glacialis
ASV_5439,Bacteria,Bacillota,Bacilli,RF39,NA,NA,NA_NA
ASV_5440,Bacteria,Bacillota,Clostridia,Oscillospirales,Ruminococcaceae,Caproiciproducens,Caproiciproducens_NA
ASV_5441,Bacteria,Bacillota,Bacilli,Lactobacillales,Streptococcaceae,Streptococcus,Streptococcus_sanguinis
ASV_5442,Bacteria,Bacillota,Clostridia,Monoglobales,Monoglobaceae,Monoglobus,Monoglobus_NA
ASV_5443,Bacteria,Bacillota,Clostridia,Oscillospirales,[Eubacterium] coprostanoligenes group,NA,NA_NA
ASV_5444,Bacteria,Bacillota,Clostridia,Oscillospirales,UCG-010,NA,NA_NA
ASV_5445,Bacteria,Bacillota,Bacilli,Bacillales,Planococcaceae,NA,NA_NA
ASV_5446,Bacteria,Bacteroidota,Bacteroidia,Bacteroidales,F082,NA,NA_NA
ASV_5447,Bacteria,Bacillota,Bacilli,RF39,NA,NA,NA_NA
ASV_5448,Bacteria,Bacteroidota,Bacteroidia,Bacteroidales,Prevotellaceae,Xylanibacter,Xylanibacter_NA
ASV_5449,Bacteria,Bacillota,Clostridia,Clostridiales,Clostridiaceae,Clostridium,Clostridium_beijerinckii
ASV_5450,Bacteria,Pseudomonadota,Gammaproteobacteria,Burkholderiales,Neisseriaceae,Neisseria,Neisseria_bacilliformis
ASV_5451,Bacteria,Pseudomonadota,Alphaproteobacteria,Sphingomonadales,Sphingomonadaceae,Rhizorhabdus,Rhizorhabdus_NA
ASV_5452,Bacteria,Bacteroidota,Bacteroidia,Bacteroidales,F082,NA,NA_NA
ASV_5453,Bacteria,Bacteroidota,Bacteroidia,Flavobacteriales,Weeksellaceae,Apibacter,Apibacter_muscae
ASV_5454,Bacteria,Bacillota,Clostridia,Lachnospirales,Lachnospiraceae,Cellulosilyticum,Cellulosilyticum_NA
ASV_5455,Bacteria,Bacteroidota,Bacteroidia,Flavobacteriales,Weeksellaceae,Chryseobacterium,Chryseobacterium_NA
ASV_5456,Bacteria,Cyanobacteriota,Cyanobacteriia,Chloroplast,NA,NA,NA_NA
ASV_5457,Bacteria,Bacillota,Bacilli,Lactobacillales,Vagococcaceae,Vagococcus,Vagococcus_teuberi
ASV_5458,Bacteria,Pseudomonadota,Alphaproteobacteria,Hyphomicrobiales,Beijerinckiaceae,Methylocella,Methylocella_NA
ASV_5459,Bacteria,Bacillota,Clostridia,Oscillospirales,[Eubacterium] coprostanoligenes group,NA,NA_NA
ASV_5460,Bacteria,Bacillota,Clostridia,Oscillospirales,Oscillospiraceae,Intestinimonas,Intestinimonas_NA
ASV_5461,Bacteria,Pseudomonadota,Gammaproteobacteria,Enterobacterales,Succinivibrionaceae,Succinatimonas,Succinatimonas_hippei
ASV_5462,Bacteria,Bacillota,Bacilli,Lactobacillales,Carnobacteriaceae,Carnobacterium,Carnobacterium_inhibens
ASV_5463,Bacteria,Pseudomonadota,Alphaproteobacteria,Hyphomicrobiales,NA,NA,NA_NA
ASV_5464,Bacteria,Pseudomonadota,Gammaproteobacteria,Lysobacterales,Lysobacteraceae,Pseudoxanthomonas,Pseudoxanthomonas_NA
ASV_5465,Bacteria,Actinomycetota,Actinobacteria,Kineosporiales,Kineosporiaceae,Kineosporia,Kineosporia_aurantiaca
ASV_5466,Bacteria,Pseudomonadota,Gammaproteobacteria,Enterobacterales,Succinivibrionaceae,Anaerobiospirillum,Anaerobiospirillum_NA
ASV_5467,Bacteria,Bacillota,Clostridia,Oscillospirales,NA,NA,NA_NA
ASV_5468,Bacteria,Bacillota,Clostridia,Oscillospirales,Ruminococcaceae,NA,NA_NA
ASV_5469,Bacteria,Pseudomonadota,Alphaproteobacteria,Sphingomonadales,Sphingomonadaceae,Sphingomonas,Sphingomonas_NA
ASV_5470,Bacteria,Pseudomonadota,Gammaproteobacteria,Burkholderiales,Sutterellaceae,Sutterella,Sutterella_NA
ASV_5471,Bacteria,Pseudomonadota,Gammaproteobacteria,Pseudomonadales,Moraxellaceae,Acinetobacter,Acinetobacter_bohemicus
ASV_5472,Bacteria,Bacillota,Clostridia,Peptostreptococcales-Tissierellales,Anaerovoracaceae,NA,NA_NA
ASV_5473,Bacteria,Bacillota,Clostridia,Clostridia UCG-014,NA,NA,NA_NA
ASV_5474,Bacteria,Bacillota,Clostridia,Oscillospirales,Ruminococcaceae,Negativibacillus,Negativibacillus_NA
ASV_5475,Bacteria,Actinomycetota,Actinobacteria,Mycobacteriales,Mycobacteriaceae,Mycobacterium,Mycobacterium_NA
ASV_5476,Bacteria,Bacillota,Clostridia,Oscillospirales,Ruminococcaceae,Ruminococcus,Ruminococcus_bromii
ASV_5477,Bacteria,Verrucomicrobiota,Kiritimatiellia,WCHB1-41,NA,NA,NA_NA
ASV_5478,Bacteria,Bacillota,Clostridia,Peptostreptococcales-Tissierellales,Anaerovoracaceae,Family XIII AD3011 group,Family_XIII_AD3011_group_NA
ASV_5479,Bacteria,Bacillota,Clostridia,Lachnospirales,Lachnospiraceae,Blautia,Blautia_sp.
ASV_5480,Bacteria,Bacillota,Clostridia,Lachnospirales,Lachnospiraceae,NA,NA_NA
ASV_5481,Bacteria,Bacillota,Clostridia,Monoglobales,Monoglobaceae,Monoglobus,Monoglobus_NA
ASV_5482,Bacteria,Bacillota,Clostridia,Clostridia UCG-014,NA,NA,NA_NA
ASV_5483,Bacteria,Bacteroidota,Bacteroidia,Bacteroidales,Prevotellaceae,Pseudoprevotella,Pseudoprevotella_NA
ASV_5484,Bacteria,Bacteroidota,Bacteroidia,Bacteroidales,Rikenellaceae,Rikenellaceae RC9 gut group,Rikenellaceae_RC9_gut_group_NA
ASV_5485,Bacteria,Bacillota,Clostridia,Lachnospirales,Lachnospiraceae,Lachnospiraceae ND3007 group,Lachnospiraceae_ND3007_group_NA
ASV_5486,Eukaryota,NA,NA,NA,NA,NA,NA_NA
ASV_5487,Bacteria,Bacteroidota,Bacteroidia,Bacteroidales,Bacteroidaceae,Bacteroides,Bacteroides_NA
ASV_5488,Bacteria,Bacillota,Clostridia,Peptococcales,Peptococcaceae,Peptococcus,Peptococcus_NA
ASV_5489,Bacteria,Bacillota,Bacilli,Lactobacillales,Enterococcaceae,Enterococcus,Enterococcus_cecorum
ASV_5490,Bacteria,Bacteroidota,Bacteroidia,Bacteroidales,Rikenellaceae,Alistipes,Alistipes_NA
ASV_5491,Bacteria,Bacteroidota,Bacteroidia,Bacteroidales,NA,NA,NA_NA
ASV_5492,Bacteria,Actinomycetota,Actinobacteria,Micrococcales,Microbacteriaceae,Curtobacterium,Curtobacterium_sp.
ASV_5493,Bacteria,Bacillota,Negativicutes,Veillonellales-Selenomonadales,Sporomusaceae,Sporomusa,Sporomusa_NA
ASV_5494,Bacteria,Bacillota,Clostridia,Peptostreptococcales-Tissierellales,Anaerovoracaceae,Anaerovorax,Anaerovorax_NA
ASV_5495,Bacteria,Bacillota,Clostridia,Oscillospirales,Ruminococcaceae,Ruminococcus,Ruminococcus_NA
ASV_5496,Bacteria,Bacillota,Clostridia,Oscillospirales,Oscillospiraceae,UCG-005,UCG-005_NA
ASV_5497,Bacteria,Bacillota,Clostridia,Lachnospirales,Lachnospiraceae,Butyribacter,Butyribacter_NA
ASV_5498,Bacteria,Bacillota,Clostridia,Lachnospirales,Lachnospiraceae,NA,NA_NA
ASV_5499,Bacteria,Bacillota,Negativicutes,Veillonellales-Selenomonadales,Veillonellaceae,Allisonella,Allisonella_histaminiformans
ASV_5500,Bacteria,Pseudomonadota,Alphaproteobacteria,Rickettsiales,Mitochondria,NA,NA_NA
ASV_5501,Bacteria,Deinococcota,Deinococci,Deinococcales,Deinococcaceae,Deinococcus,Deinococcus_sp.
ASV_5502,Bacteria,Bacillota,Clostridia,Oscillospirales,Ruminococcaceae,Ruminococcus,Ruminococcus_NA
ASV_5503,Bacteria,Bacillota,Bacilli,RF39,NA,NA,NA_NA
ASV_5504,Bacteria,Bacillota,Clostridia,Lachnospirales,Lachnospiraceae,FD2005,FD2005_NA
ASV_5505,Bacteria,Actinomycetota,Coriobacteriia,Coriobacteriales,Eggerthellaceae,NA,NA_NA
ASV_5506,Bacteria,Bacillota,Clostridia,Oscillospirales,UCG-010,NA,NA_NA
ASV_5507,Bacteria,Bacillota,Clostridia,Oscillospirales,UCG-010,NA,NA_NA
ASV_5508,Bacteria,Bacillota,Clostridia,Oscillospirales,Oscillospiraceae,Intestinimonas,Intestinimonas_NA
ASV_5509,Bacteria,Bacillota,Clostridia,Oscillospirales,UCG-010,NA,NA_NA
ASV_5510,Bacteria,Bacillota,Clostridia,Oscillospirales,UCG-010,NA,NA_NA
ASV_5511,Bacteria,Fibrobacterota,Fibrobacteria,Fibrobacterales,Fibrobacteraceae,Fibrobacter,Fibrobacter_succinogenes
ASV_5512,Bacteria,Bacillota,Clostridia,Christensenellales,Christensenellaceae,Christensenellaceae R-7 group,Christensenellaceae_R-7_group_NA
ASV_5513,Archaea,Methanobacteriota,Methanobacteria,Methanobacteriales,Methanobacteriaceae,Methanosphaera,Methanosphaera_NA
ASV_5514,Bacteria,Bacteroidota,Bacteroidia,Bacteroidales,p-2534-18B5 gut group,NA,NA_NA
ASV_5515,Bacteria,Bacillota,Clostridia,Monoglobales,Monoglobaceae,Monoglobus,Monoglobus_NA
ASV_5516,Bacteria,Bacteroidota,Bacteroidia,Bacteroidales,Bacteroidaceae,Bacteroides,Bacteroides_NA
ASV_5517,Bacteria,Bacillota,Clostridia,Oscillospirales,Oscillospiraceae,NK4A214 group,NK4A214_group_NA
ASV_5518,Bacteria,Bacteroidota,Bacteroidia,Chitinophagales,Chitinophagaceae,Parafilimonas,Parafilimonas_NA
ASV_5519,Bacteria,Actinomycetota,Actinobacteria,Mycobacteriales,Nocardiaceae,Gordonia,Gordonia_caeni
ASV_5520,Bacteria,Bacteroidota,Bacteroidia,Bacteroidales,Dysgonomonadaceae,Dysgonomonas,Dysgonomonas_NA
ASV_5521,Bacteria,Bacillota,Clostridia,Peptostreptococcales-Tissierellales,Peptostreptococcaceae,Terrisporobacter,Terrisporobacter_NA
ASV_5522,Bacteria,Bacteroidota,Bacteroidia,Bacteroidales,Bacteroidaceae,Bacteroides,Bacteroides_NA
ASV_5523,Bacteria,Bacillota,Clostridia,Oscillospirales,Ruminococcaceae,NA,NA_NA
ASV_5524,Bacteria,Bacillota,Clostridia,Clostridiales,Clostridiaceae,Clostridium,Clostridium_mediterraneense
ASV_5525,Bacteria,Pseudomonadota,Gammaproteobacteria,Burkholderiales,Comamonadaceae,Comamonas,Comamonas_koreensis
ASV_5526,Bacteria,Bacteroidota,Bacteroidia,Bacteroidales,Rikenellaceae,Rikenellaceae RC9 gut group,Rikenellaceae_RC9_gut_group_NA
ASV_5527,Bacteria,Bacteroidota,Bacteroidia,Bacteroidales,Tannerellaceae,Parabacteroides,Parabacteroides_NA
ASV_5528,Bacteria,Pseudomonadota,Gammaproteobacteria,Lysobacterales,Lysobacteraceae,Thermomonas,Thermomonas_NA
ASV_5529,Bacteria,Bacteroidota,Bacteroidia,Sphingobacteriales,Sphingobacteriaceae,Mucilaginibacter,Mucilaginibacter_NA
ASV_5530,Bacteria,Bacillota,Negativicutes,Veillonellales-Selenomonadales,Selenomonadaceae,Megamonas,Megamonas_funiformis
ASV_5531,Bacteria,Bacillota,Bacilli,Bacillales,Bacillaceae,Bacillus,Bacillus_sp.
ASV_5532,Bacteria,Bacillota,Clostridia,Oscillospirales,UCG-010,NA,NA_NA
ASV_5533,Bacteria,Verrucomicrobiota,Lentisphaeria,Victivallales,Victivallaceae,Victivallis,Victivallis_vadensis
ASV_5534,Bacteria,Bacteroidota,Bacteroidia,Bacteroidales,Rikenellaceae,Rikenellaceae RC9 gut group,Rikenellaceae_RC9_gut_group_NA
ASV_5535,Bacteria,Bacteroidota,Bacteroidia,Bacteroidales,NA,NA,NA_NA
ASV_5536,Bacteria,Pseudomonadota,Alphaproteobacteria,Rickettsiales,Mitochondria,NA,NA_NA
ASV_5537,Bacteria,Pseudomonadota,Gammaproteobacteria,Cardiobacteriales,Wohlfahrtiimonadaceae,Wohlfahrtiimonas,Wohlfahrtiimonas_populi
ASV_5538,Bacteria,Pseudomonadota,Alphaproteobacteria,Rickettsiales,Mitochondria,NA,NA_NA
ASV_5539,Bacteria,Actinomycetota,Actinobacteria,Micrococcales,Micrococcaceae,Rothia,Rothia_dentocariosa
ASV_5540,Bacteria,Planctomycetota,Planctomycetes,Gemmatales,Gemmataceae,NA,NA_NA
ASV_5541,Bacteria,Acidobacteriota,Blastocatellia,Pyrinomonadales,Pyrinomonadaceae,NA,NA_NA
ASV_5542,Bacteria,Actinomycetota,Actinobacteria,Micrococcales,Intrasporangiaceae,Terrabacter,Terrabacter_NA
ASV_5543,Bacteria,Pseudomonadota,Alphaproteobacteria,Rickettsiales,Rickettsiaceae,Rickettsia,Rickettsia_prowazekii
ASV_5544,Bacteria,Actinomycetota,Actinobacteria,Mycobacteriales,Mycobacteriales Incertae Sedis,Tomitella,Tomitella_sp.
ASV_5545,Bacteria,Bacteroidota,Bacteroidia,Bacteroidales,Dysgonomonadaceae,NA,NA_NA
ASV_5546,Bacteria,Bacteroidota,Bacteroidia,Bacteroidales,Bacteroidaceae,Bacteroides,Bacteroides_NA
ASV_5547,Bacteria,Verrucomicrobiota,Lentisphaeria,Victivallales,vadinBE97,NA,NA_NA
ASV_5548,Bacteria,Spirochaetota,Spirochaetia,Spirochaetales,Spirochaetaceae,Treponema,Treponema_NA
ASV_5549,Bacteria,Pseudomonadota,Gammaproteobacteria,Rickettsiellales,Rickettsiellaceae,Rickettsiella,Rickettsiella_NA
ASV_5550,Bacteria,Bacteroidota,Bacteroidia,Cytophagales,Spirosomataceae,Spirosoma,Spirosoma_NA
ASV_5551,Bacteria,Verrucomicrobiota,Kiritimatiellia,WCHB1-41,NA,NA,NA_NA
ASV_5552,Bacteria,Pseudomonadota,Alphaproteobacteria,Rhodospirillales,NA,NA,NA_NA
ASV_5553,Bacteria,Bacteroidota,Bacteroidia,Bacteroidales,Muribaculaceae,NA,NA_NA
ASV_5554,Bacteria,Bacteroidota,Bacteroidia,Bacteroidales,Tannerellaceae,Parabacteroides,Parabacteroides_NA
ASV_5555,Bacteria,Bacillota,Clostridia,Oscillospirales,Ruminococcaceae,NA,NA_NA
ASV_5556,Bacteria,Actinomycetota,Actinobacteria,PeM15,NA,NA,NA_NA
ASV_5557,Bacteria,Bacillota,Negativicutes,Veillonellales-Selenomonadales,Veillonellaceae,Veillonella,Veillonella_ratti
ASV_5558,Bacteria,Bacteroidota,Bacteroidia,Flavobacteriales,Weeksellaceae,Chryseobacterium,Chryseobacterium_hominis
ASV_5559,Bacteria,Bacteroidota,Bacteroidia,Bacteroidales,Prevotellaceae,Prevotella,Prevotella_melaninogenica
ASV_5560,Bacteria,Actinomycetota,Actinobacteria,Propionibacteriales,Nocardioidaceae,Nocardioides,Nocardioides_NA
ASV_5561,Bacteria,Bacillota,Clostridia,Clostridia vadinBB60 group,NA,NA,NA_NA
ASV_5562,Bacteria,Bacteroidota,Bacteroidia,Bacteroidales,Rikenellaceae,Rikenellaceae RC9 gut group,Rikenellaceae_RC9_gut_group_NA
ASV_5563,Bacteria,Bacillota,Bacilli,RF39,NA,NA,NA_NA
ASV_5564,Bacteria,Verrucomicrobiota,Kiritimatiellia,WCHB1-41,NA,NA,NA_NA
ASV_5565,Bacteria,Spirochaetota,Spirochaetia,Spirochaetales,Spirochaetaceae,Treponema,Treponema_NA
ASV_5566,Bacteria,Bacillota,Clostridia,Lachnospirales,Lachnospiraceae,NA,NA_NA
ASV_5567,Bacteria,NA,NA,NA,NA,NA,NA_NA
ASV_5568,Bacteria,Bacillota,Clostridia,Oscillospirales,UCG-010,NA,NA_NA
ASV_5569,Bacteria,Bacillota,Bacilli,Lactobacillales,Lactobacillaceae,Limosilactobacillus,Limosilactobacillus_mucosae
ASV_5570,Bacteria,Bacillota,Clostridia,Clostridiales,Clostridiaceae,Clostridium,Clostridium_butyricum
ASV_5571,Bacteria,Bacillota,Clostridia,Oscillospirales,UCG-010,NA,NA_NA
ASV_5572,Bacteria,Bacillota,Clostridia,Clostridiales,Clostridiaceae,Sarcina,Sarcina_NA
ASV_5573,Bacteria,Pseudomonadota,Gammaproteobacteria,Enterobacterales,Succinivibrionaceae,Anaerobiospirillum,Anaerobiospirillum_NA
ASV_5574,Bacteria,Pseudomonadota,Gammaproteobacteria,Burkholderiales,Sutterellaceae,Parasutterella,Parasutterella_secunda
ASV_5575,Bacteria,Bacillota,Clostridia,Oscillospirales,[Eubacterium] coprostanoligenes group,NA,NA_NA
ASV_5576,Bacteria,Bacteroidota,Bacteroidia,Bacteroidales,Prevotellaceae,Prevotellaceae UCG-001,Prevotellaceae_UCG-001_NA
ASV_5577,Bacteria,Bacillota,Clostridia,Peptostreptococcales-Tissierellales,Anaerovoracaceae,Anaerovorax,Anaerovorax_NA
ASV_5578,Bacteria,Pseudomonadota,Alphaproteobacteria,Rickettsiales,Rickettsiaceae,Rickettsia,Rickettsia_NA
ASV_5579,Bacteria,Thermodesulfobacteriota,Desulfovibrionia,Desulfovibrionales,Desulfovibrionaceae,Desulfovibrio,Desulfovibrio_cuneatus
ASV_5580,Bacteria,Bacteroidota,Bacteroidia,Bacteroidales,Bacteroidaceae,Bacteroides,Bacteroides_NA
ASV_5581,Bacteria,Bacillota,Clostridia,Lachnospirales,Lachnospiraceae,NA,NA_NA
ASV_5582,Bacteria,Bacillota,Clostridia,NA,NA,NA,NA_NA
ASV_5583,Bacteria,Bacteroidota,Bacteroidia,Bacteroidales,Marinifilaceae,Odoribacter,Odoribacter_NA
ASV_5584,Bacteria,Bacteroidota,Bacteroidia,Bacteroidales,Prevotellaceae,NA,NA_NA
ASV_5585,Bacteria,Bacillota,Clostridia,Clostridia UCG-014,NA,NA,NA_NA
ASV_5586,Bacteria,Bacteroidota,Bacteroidia,Bacteroidales,Prevotellaceae,Prevotellaceae UCG-001,Prevotellaceae_UCG-001_NA
ASV_5587,Bacteria,Bacillota,Clostridia,Lachnospirales,Lachnospiraceae,NA,NA_NA
ASV_5588,Archaea,Thermoplasmatota,Thermoplasmata,Methanomassiliicoccales,Methanomethylophilaceae,Methanomassiliicoccales,Methanomassiliicoccales_archaeon
ASV_5589,Bacteria,Actinomycetota,Actinobacteria,Mycobacteriales,Corynebacteriaceae,Corynebacterium,Corynebacterium_accolens
ASV_5590,Bacteria,Bacillota,Bacilli,RF39,NA,NA,NA_NA
ASV_5591,Bacteria,Bacillota,Clostridia,Oscillospirales,UCG-010,NA,NA_NA
ASV_5592,Bacteria,Bacillota,Bacilli,Erysipelotrichales,Erysipelotrichaceae,NA,NA_NA
ASV_5593,Bacteria,Bacillota,Clostridia,Oscillospirales,Ruminococcaceae,Candidatus Soleaferrea,Candidatus_Soleaferrea_NA
ASV_5594,Bacteria,Bacteroidota,Bacteroidia,Bacteroidales,p-2534-18B5 gut group,NA,NA_NA
ASV_5595,Bacteria,Bacillota,Clostridia,Lachnospirales,Lachnospiraceae,NA,NA_NA
ASV_5596,Bacteria,Bacillota,Clostridia,Lachnospirales,Lachnospiraceae,Lachnospiraceae UCG-003,Lachnospiraceae_UCG-003_NA
ASV_5597,Bacteria,Bacteroidota,Bacteroidia,Bacteroidales,Bacteroidales RF16 group,NA,NA_NA
ASV_5598,Bacteria,Bacteroidota,Bacteroidia,Bacteroidales,Rikenellaceae,Rikenellaceae RC9 gut group,Rikenellaceae_RC9_gut_group_NA
ASV_5599,Bacteria,Bacillota,Bacilli,RF39,NA,NA,NA_NA
ASV_5600,Bacteria,Bacillota,Clostridia,Oscillospirales,Ruminococcaceae,Ruminococcus,Ruminococcus_NA
ASV_5601,Bacteria,Bacillota,Clostridia,Lachnospirales,Lachnospiraceae,Tyzzerella,Tyzzerella_NA
ASV_5602,Bacteria,Bacillota,Clostridia,Oscillospirales,Ruminococcaceae,NA,NA_NA
ASV_5603,Bacteria,Bacillota,Clostridia,Monoglobales,Monoglobaceae,Monoglobus,Monoglobus_NA
ASV_5604,Bacteria,Pseudomonadota,Alphaproteobacteria,Rhodospirillales,NA,NA,NA_NA
ASV_5605,Bacteria,Cyanobacteriota,Vampirivibrionia,Gastranaerophilales,Gastranaerophilaceae,CAG-196,CAG-196_NA
ASV_5606,Eukaryota,NA,NA,NA,NA,NA,NA_NA
ASV_5607,Bacteria,Bacillota,Clostridia,Oscillospirales,UCG-010,NA,NA_NA
ASV_5608,Bacteria,Bacillota,Clostridia,Oscillospirales,Butyricicoccaceae,UCG-009,UCG-009_NA
ASV_5609,Bacteria,Bacillota,Clostridia,Oscillospirales,UCG-010,NA,NA_NA
ASV_5610,Bacteria,Bacillota,Clostridia,Oscillospirales,Ruminococcaceae,Ruminococcus,Ruminococcus_NA
ASV_5611,Bacteria,Bacillota,Clostridia,Oscillospirales,UCG-010,NA,NA_NA
ASV_5612,Bacteria,Bacillota,Clostridia,NA,NA,NA,NA_NA
ASV_5613,Bacteria,Bacillota,Clostridia,Oscillospirales,UCG-010,NA,NA_NA
ASV_5614,Bacteria,Pseudomonadota,Gammaproteobacteria,Burkholderiales,Comamonadaceae,Aquabacterium,Aquabacterium_commune
ASV_5615,Bacteria,Bacillota,Bacilli,Erysipelotrichales,Erysipelotrichaceae,Solobacterium,Solobacterium_NA
ASV_5616,Bacteria,Actinomycetota,Actinobacteria,Streptosporangiales,Thermomonosporaceae,Actinomadura,Actinomadura_keratinilytica
ASV_5617,Bacteria,Bacillota,Bacilli,Lactobacillales,Streptococcaceae,NA,NA_NA
ASV_5618,Bacteria,Bacillota,Clostridia,Lachnospirales,Lachnospiraceae,Robinsoniella,Robinsoniella_peoriensis
ASV_5619,Bacteria,Pseudomonadota,Alphaproteobacteria,Acetobacterales,Acetobacteraceae,Saccharibacter,Saccharibacter_NA
ASV_5620,Bacteria,Pseudomonadota,Alphaproteobacteria,Sphingomonadales,Sphingomonadaceae,Novosphingobium,Novosphingobium_resinovorum
ASV_5621,Bacteria,Bacteroidota,Bacteroidia,Bacteroidales,Prevotellaceae,Prevotellaceae UCG-001,Prevotellaceae_UCG-001_NA
ASV_5622,Bacteria,Bacillota,Clostridia,Oscillospirales,Butyricicoccaceae,UCG-008,UCG-008_NA
ASV_5623,Bacteria,Cyanobacteriota,Cyanobacteriia,Chloroplast,NA,NA,NA_NA
ASV_5624,Bacteria,Thermodesulfobacteriota,Desulfuromonadia,Bradymonadales,NA,NA,NA_NA
ASV_5625,Bacteria,Verrucomicrobiota,Kiritimatiellia,WCHB1-41,NA,NA,NA_NA
ASV_5626,Bacteria,Bacteroidota,Bacteroidia,Bacteroidales,NA,NA,NA_NA
ASV_5627,Bacteria,Bacillota,Bacilli,Erysipelotrichales,Erysipelatoclostridiaceae,Massiliomicrobiota,Massiliomicrobiota_NA
ASV_5628,Bacteria,Bacteroidota,Bacteroidia,Cytophagales,Spirosomataceae,Spirosoma,Spirosoma_NA
ASV_5629,Bacteria,Bacillota,Bacilli,Exiguobacterales,Exiguobacteraceae,Exiguobacterium,Exiguobacterium_sibiricum
ASV_5630,Bacteria,Pseudomonadota,Alphaproteobacteria,Rickettsiales,Mitochondria,NA,NA_NA
ASV_5631,Bacteria,Bacteroidota,Bacteroidia,Flavobacteriales,Flavobacteriaceae,Flavobacterium,Flavobacterium_soli
ASV_5632,Bacteria,Actinomycetota,Actinobacteria,Frankiales,Frankiaceae,Jatrophihabitans,Jatrophihabitans_NA
ASV_5633,Bacteria,Pseudomonadota,Alphaproteobacteria,Hyphomicrobiales,Devosiaceae,Devosia,Devosia_riboflavina
ASV_5634,Bacteria,Bdellovibrionota,Bdellovibrionia,Bdellovibrionales,Pseudobdellovibrionaceae,NA,NA_NA
ASV_5635,Bacteria,Bacteroidota,Bacteroidia,Flavobacteriales,Flavobacteriaceae,Flavobacterium,Flavobacterium_NA
ASV_5636,Bacteria,Bacteroidota,Bacteroidia,Cytophagales,Hymenobacteraceae,Hymenobacter,Hymenobacter_NA
ASV_5637,Bacteria,Bacillota,Clostridia,Oscillospirales,Ruminococcaceae,Candidatus Soleaferrea,Candidatus_Soleaferrea_NA
ASV_5638,Bacteria,Bacillota,Clostridia,Peptostreptococcales-Tissierellales,Anaerovoracaceae,Eubacterium,Eubacterium_sp
ASV_5639,Bacteria,Bacteroidota,Bacteroidia,Flavobacteriales,Weeksellaceae,Chryseobacterium,Chryseobacterium_hagamense
ASV_5640,Bacteria,Abditibacteriota,Abditibacteriia,Abditibacteriales,Abditibacteriaceae,Abditibacterium,Abditibacterium_NA
ASV_5641,Bacteria,Pseudomonadota,Gammaproteobacteria,Lysobacterales,Lysobacteraceae,Pseudoxanthomonas,Pseudoxanthomonas_NA
ASV_5642,Bacteria,Actinomycetota,Coriobacteriia,Coriobacteriales,Eggerthellaceae,NA,NA_NA
ASV_5643,Bacteria,Bacillota,Clostridia,Oscillospirales,Ruminococcaceae,NA,NA_NA
ASV_5644,Bacteria,Bacillota,Clostridia,Christensenellales,Christensenellaceae,Christensenellaceae R-7 group,Christensenellaceae_R-7_group_NA
ASV_5645,Bacteria,Bacillota,Clostridia,Lachnospirales,Lachnospiraceae,Frisingicoccus,Frisingicoccus_NA
ASV_5646,Bacteria,Bacillota,Clostridia,Monoglobales,Monoglobaceae,Monoglobus,Monoglobus_NA
ASV_5647,Bacteria,Bacteroidota,Bacteroidia,Bacteroidales,Rikenellaceae,Rikenellaceae RC9 gut group,Rikenellaceae_RC9_gut_group_NA
ASV_5648,Bacteria,Bacillota,Clostridia,Oscillospirales,Butyricicoccaceae,Agathobaculum,Agathobaculum_NA
ASV_5649,Bacteria,NA,NA,NA,NA,NA,NA_NA
ASV_5650,Bacteria,Actinomycetota,Actinobacteria,Micrococcales,Microbacteriaceae,Herbiconiux,Herbiconiux_NA
ASV_5651,Bacteria,Thermodesulfobacteriota,Desulfovibrionia,Desulfovibrionales,Desulfovibrionaceae,Desulfovibrio,Desulfovibrio_NA
ASV_5652,Bacteria,Bacteroidota,Bacteroidia,Bacteroidales,Rikenellaceae,Alistipes,Alistipes_NA
ASV_5653,Bacteria,Bacillota,Clostridia,Oscillospirales,Oscillospiraceae,NA,NA_NA
ASV_5654,Bacteria,Bacillota,Bacilli,Izemoplasmatales,NA,NA,NA_NA
ASV_5655,Bacteria,Bacteroidota,Bacteroidia,Bacteroidales,Rikenellaceae,Rikenellaceae RC9 gut group,Rikenellaceae_RC9_gut_group_NA
ASV_5656,Bacteria,Chloroflexota,Anaerolineae,Anaerolineales,Anaerolineaceae,Flexilinea,Flexilinea_NA
ASV_5657,Bacteria,Bacteroidota,Bacteroidia,Bacteroidales,Rikenellaceae,Rikenellaceae RC9 gut group,Rikenellaceae_RC9_gut_group_NA
ASV_5658,Bacteria,Bacillota,Clostridia,Lachnospirales,Lachnospiraceae,Eubacterium,Eubacterium_ruminantium_group
ASV_5659,Bacteria,Bacillota,Clostridia,Oscillospirales,[Eubacterium] coprostanoligenes group,NA,NA_NA
ASV_5660,Bacteria,Bacillota,Clostridia,Clostridia UCG-014,NA,NA,NA_NA
ASV_5661,Bacteria,Pseudomonadota,Gammaproteobacteria,Lysobacterales,Lysobacteraceae,Xanthomonas,Xanthomonas_citri
ASV_5662,Bacteria,Bacillota,Clostridia,Lachnospirales,Lachnospiraceae,Eubacterium,Eubacterium_ventriosum_group
ASV_5663,Bacteria,Bacteroidota,Bacteroidia,Bacteroidales,Tannerellaceae,Parabacteroides,Parabacteroides_distasonis
ASV_5664,Bacteria,Bacteroidota,Bacteroidia,Bacteroidales,Rikenellaceae,Rikenellaceae RC9 gut group,Rikenellaceae_RC9_gut_group_NA
ASV_5665,Bacteria,Bacteroidota,Bacteroidia,Bacteroidales,Rikenellaceae,Rikenellaceae RC9 gut group,Rikenellaceae_RC9_gut_group_NA
ASV_5666,Bacteria,Bacteroidota,Bacteroidia,Bacteroidales,Rikenellaceae,Rikenellaceae RC9 gut group,Rikenellaceae_RC9_gut_group_NA
ASV_5667,Bacteria,Bacteroidota,Bacteroidia,Bacteroidales,Prevotellaceae,Segatella,Segatella_NA
ASV_5668,Bacteria,Bacteroidota,Bacteroidia,Bacteroidales,Dysgonomonadaceae,Dysgonomonas,Dysgonomonas_alginatilytica
ASV_5669,Bacteria,Bacillota,Bacilli,Lactobacillales,Lactobacillaceae,Weissella,Weissella_viridescens
ASV_5670,Bacteria,Bacteroidota,Bacteroidia,Bacteroidales,Muribaculaceae,NA,NA_NA
ASV_5671,Bacteria,Pseudomonadota,Alphaproteobacteria,Acetobacterales,Acetobacteraceae,Roseomonas,Roseomonas_pecuniae
ASV_5672,Bacteria,Bacillota,Clostridia,Clostridia UCG-014,NA,NA,NA_NA
ASV_5673,Bacteria,Actinomycetota,Actinobacteria,Kitasatosporales,Streptomycetaceae,Streptomyces,Streptomyces_NA
ASV_5674,Bacteria,Actinomycetota,Actinobacteria,Kitasatosporales,Streptomycetaceae,Streptomyces,Streptomyces_NA
ASV_5675,Bacteria,Patescibacteria,Saccharimonadia,Saccharimonadales,Saccharimonadaceae,Candidatus Saccharimonas,Candidatus_Saccharimonas_NA
ASV_5676,Bacteria,Bacillota,Clostridia,Lachnospirales,Lachnospiraceae,Extibacter,Extibacter_NA
ASV_5677,Bacteria,Bacillota,Clostridia,Lachnospirales,Lachnospiraceae,Lachnospiraceae NK4A136 group,Lachnospiraceae_NK4A136_group_NA
ASV_5678,Bacteria,Bacteroidota,Bacteroidia,Bacteroidales,Prevotellaceae,NA,NA_NA
ASV_5679,Bacteria,Actinomycetota,Actinobacteria,Kitasatosporales,Streptomycetaceae,Streptomyces,Streptomyces_aureus
ASV_5680,Bacteria,Bacteroidota,Bacteroidia,Bacteroidales,Prevotellaceae,Xylanibacter,Xylanibacter_NA
ASV_5681,Bacteria,Bacillota,Clostridia,Peptococcales,Peptococcaceae,NA,NA_NA
ASV_5682,Bacteria,Verrucomicrobiota,Kiritimatiellia,WCHB1-41,NA,NA,NA_NA
ASV_5683,Bacteria,Bacteroidota,Bacteroidia,Bacteroidales,Rikenellaceae,dgA-11 gut group,dgA-11_gut_group_NA
ASV_5684,Bacteria,Bacillota,Clostridia,Oscillospirales,UCG-010,NA,NA_NA
ASV_5685,Bacteria,Bacillota,Clostridia,Oscillospirales,[Eubacterium] coprostanoligenes group,NA,NA_NA
ASV_5686,Bacteria,Verrucomicrobiota,Verrucomicrobiia,Verrucomicrobiales,Akkermansiaceae,Akkermansia,Akkermansia_NA
ASV_5687,Bacteria,Bacillota,Clostridia,Oscillospirales,UCG-010,NA,NA_NA
ASV_5688,Bacteria,Actinomycetota,Actinobacteria,Propionibacteriales,Propionibacteriaceae,Cutibacterium,Cutibacterium_acnes
ASV_5689,Bacteria,Bacillota,Clostridia,Peptostreptococcales-Tissierellales,Family XI,NA,NA_NA
ASV_5690,Bacteria,Bacteroidota,Bacteroidia,Bacteroidales,p-2534-18B5 gut group,NA,NA_NA
ASV_5691,Bacteria,Bacteroidota,Bacteroidia,Bacteroidales,Prevotellaceae,Xylanibacter,Xylanibacter_NA
ASV_5692,Bacteria,Pseudomonadota,Alphaproteobacteria,Hyphomicrobiales,Beijerinckiaceae,Methylorubrum,Methylorubrum_extorquens
ASV_5693,Bacteria,Bacillota,Bacilli,Lactobacillales,Lactobacillaceae,Loigolactobacillus,Loigolactobacillus_bifermentans
ASV_5694,Bacteria,Bacillota,Bacilli,Lactobacillales,Streptococcaceae,Streptococcus,Streptococcus_pneumoniae
ASV_5695,Bacteria,Cyanobacteriota,Cyanobacteriia,Chloroplast,NA,NA,NA_NA
ASV_5696,Bacteria,Bacteroidota,Bacteroidia,Bacteroidales,Prevotellaceae,Segatella,Segatella_NA
ASV_5697,Bacteria,Pseudomonadota,Alphaproteobacteria,NA,NA,NA,NA_NA
ASV_5698,Bacteria,Actinomycetota,Coriobacteriia,Coriobacteriales,Atopobiaceae,NA,NA_NA
ASV_5699,Bacteria,Pseudomonadota,Alphaproteobacteria,Hyphomicrobiales,Labraceae,Labrys,Labrys_NA
ASV_5700,Bacteria,Bacteroidota,Bacteroidia,Sphingobacteriales,Sphingobacteriaceae,Pedobacter,Pedobacter_NA
ASV_5701,Bacteria,Bacteroidota,Bacteroidia,Cytophagales,Hymenobacteraceae,Hymenobacter,Hymenobacter_NA
ASV_5702,Bacteria,Bacillota,Bacilli,Lactobacillales,Lactobacillaceae,Fructobacillus,Fructobacillus_NA
ASV_5703,Bacteria,Actinomycetota,Thermoleophilia,Solirubrobacterales,Solirubrobacteraceae,Paraconexibacter,Paraconexibacter_NA
ASV_5704,Bacteria,Bacillota,Negativicutes,Veillonellales-Selenomonadales,Veillonellaceae,Megasphaera,Megasphaera_stantonii
ASV_5705,Bacteria,Pseudomonadota,Gammaproteobacteria,Burkholderiales,Sutterellaceae,Parasutterella,Parasutterella_NA
ASV_5706,Bacteria,Pseudomonadota,Alphaproteobacteria,Rickettsiales,Mitochondria,NA,NA_NA
ASV_5707,Bacteria,Spirochaetota,Spirochaetia,Spirochaetales,Spirochaetaceae,Treponema,Treponema_NA
ASV_5708,Bacteria,Bacteroidota,Bacteroidia,Cytophagales,Spirosomataceae,Fibrella,Fibrella_aestuarina
ASV_5709,Bacteria,Bacteroidota,Bacteroidia,Cytophagales,Spirosomataceae,Spirosoma,Spirosoma_NA
ASV_5710,Bacteria,Pseudomonadota,Alphaproteobacteria,Hyphomicrobiales,Xanthobacteraceae,Bradyrhizobium,Bradyrhizobium_sp.
ASV_5711,Bacteria,Bacillota,Negativicutes,Veillonellales-Selenomonadales,Veillonellaceae,Allisonella,Allisonella_histaminiformans
ASV_5712,Bacteria,Bacillota,Clostridia,Oscillospirales,Ruminococcaceae,NA,NA_NA
ASV_5713,Bacteria,Bacillota,Clostridia,NA,NA,NA,NA_NA
ASV_5714,Bacteria,Pseudomonadota,Gammaproteobacteria,Pseudomonadales,Moraxellaceae,Acinetobacter,Acinetobacter_chinensis
ASV_5715,Bacteria,Bacteroidota,Bacteroidia,Bacteroidales,Bacteroidaceae,Bacteroides,Bacteroides_caecigallinarum
ASV_5716,Bacteria,Bacillota,Bacilli,Bacillales,Planococcaceae,Lysinibacillus,Lysinibacillus_NA
ASV_5717,Bacteria,Bacteroidota,Bacteroidia,Sphingobacteriales,Sphingobacteriaceae,Mucilaginibacter,Mucilaginibacter_NA
ASV_5718,Bacteria,Bacillota,Clostridia,Oscillospirales,Oscillospiraceae,Colidextribacter,Colidextribacter_NA
ASV_5719,Bacteria,Bacillota,Clostridia,Clostridia vadinBB60 group,NA,NA,NA_NA
ASV_5720,Bacteria,Bacillota,Clostridia,Lachnospirales,Lachnospiraceae,Lachnospiraceae UCG-004,Lachnospiraceae_UCG-004_NA
ASV_5721,Bacteria,Bacteroidota,Bacteroidia,Bacteroidales,Prevotellaceae,Prevotellaceae NK3B31 group,Prevotellaceae_NK3B31_group_NA
ASV_5722,Bacteria,Bacillota,Clostridia,Lachnospirales,Lachnospiraceae,NA,NA_NA
ASV_5723,Bacteria,Bacteroidota,Bacteroidia,Flavobacteriales,Weeksellaceae,Apibacter,Apibacter_adventoris
ASV_5724,Bacteria,Bacteroidota,Bacteroidia,Bacteroidales,Rikenellaceae,Rikenellaceae RC9 gut group,Rikenellaceae_RC9_gut_group_NA
ASV_5725,Bacteria,Bacillota,Clostridia,Clostridia UCG-014,NA,NA,NA_NA
ASV_5726,Bacteria,Pseudomonadota,Alphaproteobacteria,Hyphomicrobiales,Beijerinckiaceae,Methylobacterium,Methylobacterium_adhaesivum
ASV_5727,Bacteria,Bacillota,Clostridia,Lachnospirales,Lachnospiraceae,Tyzzerella,Tyzzerella_NA
ASV_5728,Bacteria,Bacteroidota,Bacteroidia,Flavobacteriales,Flavobacteriaceae,Myroides,Myroides_odoratus
ASV_5729,Bacteria,Bacteroidota,Bacteroidia,Bacteroidales,Rikenellaceae,Rikenellaceae RC9 gut group,Rikenellaceae_RC9_gut_group_NA
ASV_5730,Bacteria,Bacillota,Clostridia,Oscillospirales,Oscillospiraceae,UCG-005,UCG-005_NA
ASV_5731,Bacteria,Bacteroidota,Bacteroidia,Bacteroidales,Muribaculaceae,NA,NA_NA
ASV_5732,Bacteria,Fibrobacterota,Fibrobacteria,Fibrobacterales,Fibrobacteraceae,Fibrobacter,Fibrobacter_NA
ASV_5733,Bacteria,Bacillota,Bacilli,RF39,NA,NA,NA_NA
ASV_5734,Bacteria,Bacillota,Clostridia,Lachnospirales,Lachnospiraceae,Dorea,Dorea_sp.
ASV_5735,Bacteria,Pseudomonadota,Gammaproteobacteria,Enterobacterales,Succinivibrionaceae,Anaerobiospirillum,Anaerobiospirillum_succiniciproducens
ASV_5736,Bacteria,Bacteroidota,Bacteroidia,Bacteroidales,Rikenellaceae,Rikenellaceae RC9 gut group,Rikenellaceae_RC9_gut_group_NA
ASV_5737,Bacteria,Pseudomonadota,Alphaproteobacteria,Sphingomonadales,Sphingomonadaceae,Sphingomonas,Sphingomonas_NA
ASV_5738,Bacteria,Bacillota,Clostridia,Lachnospirales,Lachnospiraceae,NA,NA_NA
ASV_5739,Bacteria,Bacillota,Clostridia,Oscillospirales,Ruminococcaceae,Faecalibacterium,Faecalibacterium_prausnitzii
ASV_5740,Bacteria,Thermodesulfobacteriota,Desulfovibrionia,Desulfovibrionales,Desulfovibrionaceae,NA,NA_NA
ASV_5741,Bacteria,Actinomycetota,Coriobacteriia,Coriobacteriales,Atopobiaceae,Coriobacteriaceae UCG-002,Coriobacteriaceae_UCG-002_NA
ASV_5742,Bacteria,Bacillota,Bacilli,RF39,NA,NA,NA_NA
ASV_5743,Bacteria,Bacillota,Clostridia,Peptostreptococcales-Tissierellales,Anaerovoracaceae,NA,NA_NA
ASV_5744,Bacteria,Bacteroidota,Bacteroidia,Bacteroidales,Bacteroidaceae,Bacteroides,Bacteroides_ovatus
ASV_5745,Bacteria,Bacillota,Clostridia,Lachnospirales,Lachnospiraceae,Lachnospiraceae NK4A136 group,Lachnospiraceae_NK4A136_group_NA
ASV_5746,Bacteria,Bacillota,Negativicutes,Veillonellales-Selenomonadales,Selenomonadaceae,Mitsuokella,Mitsuokella_NA
ASV_5747,Bacteria,Bacteroidota,Bacteroidia,Bacteroidales,Bacteroidaceae,Bacteroides,Bacteroides_NA
ASV_5748,Bacteria,Bacillota,Clostridia,Oscillospirales,Oscillospiraceae,NK4A214 group,NK4A214_group_NA
ASV_5749,Bacteria,Bacteroidota,Bacteroidia,Bacteroidales,Prevotellaceae,NA,NA_NA
ASV_5750,Bacteria,Bacteroidota,Bacteroidia,Bacteroidales,Prevotellaceae,Segatella,Segatella_NA
ASV_5751,Bacteria,Bacillota,Bacilli,RF39,NA,NA,NA_NA
ASV_5752,Bacteria,Bacillota,Clostridia,NA,NA,NA,NA_NA
ASV_5753,Bacteria,Bacillota,Clostridia,Lachnospirales,Lachnospiraceae,Eubacterium,Eubacterium_ruminantium_group
ASV_5754,Bacteria,Verrucomicrobiota,Kiritimatiellia,WCHB1-41,NA,NA,NA_NA
ASV_5755,Bacteria,Pseudomonadota,Gammaproteobacteria,Enterobacterales,Succinivibrionaceae,Succinivibrionaceae UCG-002,Succinivibrionaceae_UCG-002_NA
ASV_5756,Bacteria,Pseudomonadota,Gammaproteobacteria,NA,NA,NA,NA_NA
ASV_5757,Bacteria,Bacillota,Clostridia,Lachnospirales,Lachnospiraceae,NA,NA_NA
ASV_5758,Bacteria,Bacillota,Bacilli,Bacillales,Bacillaceae,Weizmannia,Weizmannia_NA
ASV_5759,Bacteria,Bacteroidota,Bacteroidia,Bacteroidales,Muribaculaceae,NA,NA_NA
ASV_5760,Bacteria,Bacillota,Clostridia,Lachnospirales,Lachnospiraceae,Acetitomaculum,Acetitomaculum_NA
ASV_5761,Bacteria,Bacillota,Clostridia,Oscillospirales,UCG-010,NA,NA_NA
ASV_5762,Bacteria,Bacillota,Clostridia,Oscillospirales,UCG-010,NA,NA_NA
ASV_5763,Bacteria,Bacteroidota,Bacteroidia,Bacteroidales,Bacteroidaceae,Bacteroides,Bacteroides_NA
ASV_5764,Bacteria,Bacillota,Clostridia,Clostridiales,Clostridiaceae,Clostridium,Clostridium_novyi
ASV_5765,Bacteria,Bacillota,Clostridia,Oscillospirales,UCG-010,NA,NA_NA
ASV_5766,Bacteria,Bacillota,Clostridia,Oscillospirales,Oscillospiraceae,NA,NA_NA
ASV_5767,Bacteria,Bacillota,Clostridia,Eubacteriales,Eubacteriaceae,Pseudoramibacter,Pseudoramibacter_NA
ASV_5768,Bacteria,Bacillota,Clostridia,Lachnospirales,Lachnospiraceae,Lachnospiraceae NK3A20 group,Lachnospiraceae_NK3A20_group_NA
ASV_5769,Bacteria,Bacillota,Clostridia,Christensenellales,Christensenellaceae,Christensenellaceae R-7 group,Christensenellaceae_R-7_group_NA
ASV_5770,Bacteria,Bacillota,Bacilli,Lactobacillales,Lactobacillaceae,Lactobacillus,Lactobacillus_gallinarum
ASV_5771,Bacteria,Bacteroidota,Bacteroidia,Bacteroidales,Rikenellaceae,Alistipes,Alistipes_dispar
ASV_5772,Eukaryota,NA,NA,NA,NA,NA,NA_NA
ASV_5773,Bacteria,Bacillota,Clostridia,Lachnospirales,Lachnospiraceae,Lachnospiraceae UCG-010,Lachnospiraceae_UCG-010_NA
ASV_5774,Bacteria,Bacteroidota,Bacteroidia,Sphingobacteriales,Sphingobacteriaceae,Sphingobacterium,Sphingobacterium_mizutaii
ASV_5775,Bacteria,Actinomycetota,Coriobacteriia,Coriobacteriales,Atopobiaceae,NA,NA_NA
ASV_5776,Bacteria,Bacteroidota,Bacteroidia,Bacteroidales,Bacteroidaceae,Bacteroides,Bacteroides_NA
ASV_5777,Bacteria,Pseudomonadota,Gammaproteobacteria,Enterobacterales,Enterobacteriaceae,NA,NA_NA
ASV_5778,Bacteria,Actinomycetota,Actinobacteria,Streptosporangiales,Thermomonosporaceae,Actinomadura,Actinomadura_rubrobrunea
ASV_5779,Bacteria,NA,NA,NA,NA,NA,NA_NA
ASV_5780,Bacteria,Actinomycetota,Actinobacteria,Kitasatosporales,Streptomycetaceae,Streptomyces,Streptomyces_peucetius
ASV_5781,Bacteria,Bacteroidota,Bacteroidia,Bacteroidales,Muribaculaceae,NA,NA_NA
ASV_5782,Bacteria,Bacillota,Clostridia,Peptostreptococcales-Tissierellales,Peptostreptococcaceae,Romboutsia,Romboutsia_NA
ASV_5783,Bacteria,Pseudomonadota,Gammaproteobacteria,Rickettsiellales,Rickettsiellaceae,Rickettsiella,Rickettsiella_viridis
ASV_5784,Bacteria,Pseudomonadota,Alphaproteobacteria,Acetobacterales,Acetobacteraceae,Roseomonas,Roseomonas_gilardii
ASV_5785,Bacteria,Pseudomonadota,Alphaproteobacteria,Rickettsiales,Mitochondria,NA,NA_NA
ASV_5786,Bacteria,Actinomycetota,Actinobacteria,Frankiales,Nakamurellaceae,Nakamurella,Nakamurella_NA
ASV_5787,Bacteria,Bacillota,Bacilli,Erysipelotrichales,Erysipelotrichaceae,Erysipelothrix,Erysipelothrix_rhusiopathiae
ASV_5788,Bacteria,Pseudomonadota,Alphaproteobacteria,Hyphomicrobiales,Beijerinckiaceae,Bosea,Bosea_sp.
ASV_5789,Bacteria,Pseudomonadota,Alphaproteobacteria,Acetobacterales,Acetobacteraceae,Roseomonas,Roseomonas_aquatica
ASV_5790,Bacteria,Bacillota,Clostridia,Oscillospirales,Oscillospiraceae,UCG-005,UCG-005_NA
ASV_5791,Bacteria,Bacillota,Clostridia,Lachnospirales,Lachnospiraceae,Eubacterium,Eubacterium_cellulosolvens_group
ASV_5792,Bacteria,Bacillota,Clostridia,Clostridia UCG-014,NA,NA,NA_NA
ASV_5793,Bacteria,Bacillota,Clostridia,Clostridia vadinBB60 group,NA,NA,NA_NA
ASV_5794,Bacteria,Verrucomicrobiota,Verrucomicrobiia,Verrucomicrobiales,Akkermansiaceae,Akkermansia,Akkermansia_sp.
ASV_5795,Bacteria,Bacillota,Clostridia,Lachnospirales,Lachnospiraceae,Ruminococcus,Ruminococcus_gauvreauii_group
ASV_5796,Bacteria,Bacillota,Clostridia,Oscillospirales,Oscillospiraceae,Colidextribacter,Colidextribacter_NA
ASV_5797,Bacteria,Bacteroidota,Bacteroidia,Sphingobacteriales,Sphingobacteriaceae,Sphingobacterium,Sphingobacterium_mizutaii
ASV_5798,Bacteria,Bacteroidota,Bacteroidia,Bacteroidales,Bacteroidaceae,Bacteroides,Bacteroides_NA
ASV_5799,Bacteria,Cyanobacteriota,Cyanobacteriia,NA,NA,NA,NA_NA
ASV_5800,Bacteria,Bacillota,Clostridia,Oscillospirales,Ruminococcaceae,Ruminococcus,Ruminococcus_NA
ASV_5801,Bacteria,Myxococcota,Polyangiia,Polyangiales,Phaselicystaceae,Phaselicystis,Phaselicystis_NA
ASV_5802,Bacteria,Bacillota,Clostridia,Lachnospirales,Lachnospiraceae,Enterocloster,Enterocloster_NA
ASV_5803,Bacteria,Bacillota,Clostridia,Oscillospirales,Ruminococcaceae,Paludicola,Paludicola_psychrotolerans
ASV_5804,Bacteria,Actinomycetota,Thermoleophilia,Gaiellales,NA,NA,NA_NA
ASV_5805,Bacteria,Bacteroidota,Bacteroidia,Bacteroidales,Muribaculaceae,Muribaculum,Muribaculum_sp.
ASV_5806,Bacteria,Fusobacteriota,Fusobacteriia,Fusobacteriales,Fusobacteriaceae,Fusobacterium,Fusobacterium_periodonticum
ASV_5807,Bacteria,Bacillota,Clostridia,Lachnospirales,Lachnospiraceae,Robinsoniella,Robinsoniella_NA
ASV_5808,Bacteria,Bacillota,Bacilli,Erysipelotrichales,Erysipelatoclostridiaceae,Longibaculum,Longibaculum_NA
ASV_5809,Bacteria,Bacillota,Clostridia,Monoglobales,Monoglobaceae,Monoglobus,Monoglobus_NA
ASV_5810,Bacteria,Bacillota,Clostridia,Oscillospirales,[Eubacterium] coprostanoligenes group,NA,NA_NA
ASV_5811,Bacteria,Bacillota,Clostridia,Oscillospirales,UCG-010,NA,NA_NA
ASV_5812,Bacteria,Bacillota,Bacilli,Erysipelotrichales,Erysipelotrichaceae,NA,NA_NA
ASV_5813,Bacteria,Bacillota,Bacilli,RF39,NA,NA,NA_NA
ASV_5814,Bacteria,Bacillota,Clostridia,Oscillospirales,UCG-010,NA,NA_NA
ASV_5815,Bacteria,Bacillota,Clostridia,NA,NA,NA,NA_NA
ASV_5816,Bacteria,Bacteroidota,Bacteroidia,Bacteroidales,Bacteroidales RF16 group,NA,NA_NA
ASV_5817,Bacteria,Cyanobacteriota,Vampirivibrionia,Gastranaerophilales,Gastranaerophilaceae,NA,NA_NA
ASV_5818,Bacteria,Bacteroidota,Bacteroidia,Bacteroidales,Prevotellaceae,Prevotellaceae UCG-003,Prevotellaceae_UCG-003_NA
ASV_5819,Bacteria,Bacteroidota,Bacteroidia,Bacteroidales,Prevotellaceae,Prevotellaceae UCG-001,Prevotellaceae_UCG-001_NA
ASV_5820,Bacteria,Bacillota,Clostridia,Clostridia vadinBB60 group,NA,NA,NA_NA
ASV_5821,Bacteria,Bacillota,Clostridia,Oscillospirales,[Eubacterium] coprostanoligenes group,NA,NA_NA
ASV_5822,Bacteria,Bacteroidota,Bacteroidia,Bacteroidales,NA,NA,NA_NA
ASV_5823,Bacteria,Bacillota,Clostridia,Oscillospirales,Ruminococcaceae,Ruthenibacterium,Ruthenibacterium_lactatiformans
ASV_5824,Bacteria,Bacillota,Clostridia,Lachnospirales,Lachnospiraceae,Anaerobutyricum,Anaerobutyricum_NA
ASV_5825,Bacteria,Spirochaetota,Spirochaetia,Spirochaetales,Spirochaetaceae,Treponema,Treponema_NA
ASV_5826,NA,NA,NA,NA,NA,NA,NA_NA
ASV_5827,Bacteria,Actinomycetota,Actinobacteria,Micrococcales,Micrococcaceae,Arthrobacter,Arthrobacter_woluwensis
ASV_5828,Bacteria,Bacillota,Clostridia,Clostridiales,Clostridiaceae,Candidatus Arthromitus,Candidatus_Arthromitus_NA
ASV_5829,Bacteria,Bacteroidota,Bacteroidia,Bacteroidales,Muribaculaceae,NA,NA_NA
ASV_5830,Bacteria,Bacteroidota,Bacteroidia,Bacteroidales,Bacteroidaceae,Bacteroides,Bacteroides_NA
ASV_5831,Bacteria,Bacillota,Clostridia,Oscillospirales,Ruminococcaceae,Acutalibacter,Acutalibacter_NA
ASV_5832,Bacteria,Bacillota,Bacilli,RF39,NA,NA,NA_NA
ASV_5833,Bacteria,Bacillota,Clostridia,Lachnospirales,Lachnospiraceae,NA,NA_NA
ASV_5834,Bacteria,Patescibacteria,Saccharimonadia,Saccharimonadales,Saccharimonadaceae,Candidatus Saccharimonas,Candidatus_Saccharimonas_NA
ASV_5835,Bacteria,Bacteroidota,Bacteroidia,Bacteroidales,Prevotellaceae,Xylanibacter,Xylanibacter_NA
ASV_5836,Bacteria,Bacillota,Clostridia,Oscillospirales,Ruminococcaceae,NA,NA_NA
ASV_5837,Bacteria,Bacillota,Clostridia,Oscillospirales,Oscillospiraceae,Oscillibacter,Oscillibacter_NA
ASV_5838,Bacteria,Pseudomonadota,Alphaproteobacteria,Rhodospirillales,NA,NA,NA_NA
ASV_5839,Bacteria,Bacteroidota,Bacteroidia,Bacteroidales,Rikenellaceae,Rikenellaceae RC9 gut group,Rikenellaceae_RC9_gut_group_NA
ASV_5840,Bacteria,Bacillota,Clostridia,Oscillospirales,Ruminococcaceae,Acutalibacter,Acutalibacter_NA
ASV_5841,Bacteria,Bacillota,Clostridia,Lachnospirales,Lachnospiraceae,NA,NA_NA
ASV_5842,Bacteria,Bacillota,Clostridia,Monoglobales,Monoglobaceae,Monoglobus,Monoglobus_NA
ASV_5843,Bacteria,Pseudomonadota,Gammaproteobacteria,Burkholderiales,Sutterellaceae,Parasutterella,Parasutterella_NA
ASV_5844,Bacteria,Bacillota,Bacilli,Erysipelotrichales,Erysipelotrichaceae,Anaerorhabdus,Anaerorhabdus_NA
ASV_5845,Bacteria,Bacillota,Clostridia,Oscillospirales,UCG-010,NA,NA_NA
ASV_5846,Bacteria,Bacillota,Clostridia,Clostridia UCG-014,NA,NA,NA_NA
ASV_5847,Bacteria,Bacillota,Bacilli,RF39,NA,NA,NA_NA
ASV_5848,Bacteria,Bacillota,Clostridia,Christensenellales,Christensenellaceae,Christensenellaceae R-7 group,Christensenellaceae_R-7_group_NA
ASV_5849,Bacteria,Bacillota,Clostridia,Clostridia vadinBB60 group,NA,NA,NA_NA
ASV_5850,Bacteria,Bacillota,Clostridia,Oscillospirales,UCG-010,NA,NA_NA
ASV_5851,Bacteria,Bacillota,Clostridia,Monoglobales,Monoglobaceae,Monoglobus,Monoglobus_NA
ASV_5852,Bacteria,Bacillota,Clostridia,Oscillospirales,Ruminococcaceae,Ruminococcus,Ruminococcus_NA
ASV_5853,Bacteria,Bacillota,Clostridia,Oscillospirales,[Eubacterium] coprostanoligenes group,NA,NA_NA
ASV_5854,Bacteria,Bacillota,Clostridia,NA,NA,NA,NA_NA
ASV_5855,Bacteria,Bacillota,Clostridia,Monoglobales,Monoglobaceae,Monoglobus,Monoglobus_NA
ASV_5856,Bacteria,Pseudomonadota,Alphaproteobacteria,Hyphomicrobiales,Beijerinckiaceae,Methylobacterium,Methylobacterium_komagatae
ASV_5857,Bacteria,Pseudomonadota,Alphaproteobacteria,Sphingomonadales,Sphingomonadaceae,Sphingomonas,Sphingomonas_NA
ASV_5858,Bacteria,Bacillota,Bacilli,Lactobacillales,Streptococcaceae,Streptococcus,Streptococcus_salivarius
ASV_5859,Bacteria,Bacteroidota,Bacteroidia,Bacteroidales,Dysgonomonadaceae,Dysgonomonas,Dysgonomonas_alginatilytica
ASV_5860,Bacteria,Bacillota,Bacilli,Bacillales,Planococcaceae,Lysinibacillus,Lysinibacillus_massiliensis
ASV_5861,Bacteria,Pseudomonadota,Gammaproteobacteria,Burkholderiales,Rhodocyclaceae,Methyloversatilis,Methyloversatilis_NA
ASV_5862,Bacteria,Bacteroidota,Bacteroidia,Bacteroidales,Prevotellaceae,NA,NA_NA
ASV_5863,Bacteria,Bacillota,Clostridia,Oscillospirales,Ruminococcaceae,Acutalibacter,Acutalibacter_NA
ASV_5864,Bacteria,Bacillota,Clostridia,Oscillospirales,Oscillospiraceae,Colidextribacter,Colidextribacter_NA
ASV_5865,Bacteria,Pseudomonadota,Gammaproteobacteria,Steroidobacterales,Steroidobacteraceae,Steroidobacter,Steroidobacter_NA
ASV_5866,Bacteria,Pseudomonadota,Alphaproteobacteria,Hyphomicrobiales,Xanthobacteraceae,Variibacter,Variibacter_gotjawalensis
ASV_5867,Bacteria,Pseudomonadota,Alphaproteobacteria,Rickettsiales,Mitochondria,NA,NA_NA
ASV_5868,Bacteria,Cyanobacteriota,Cyanobacteriia,Chloroplast,NA,NA,NA_NA
ASV_5869,Bacteria,Bacillota,Bacilli,Paenibacillales,Paenibacillaceae,Paenibacillus,Paenibacillus_odorifer
ASV_5870,Bacteria,Pseudomonadota,Alphaproteobacteria,Hyphomicrobiales,Devosiaceae,Devosia,Devosia_NA
ASV_5871,Bacteria,Bacillota,Clostridia,Lachnospirales,Lachnospiraceae,NA,NA_NA
ASV_5872,Bacteria,Actinomycetota,Coriobacteriia,Coriobacteriales,Eggerthellaceae,NA,NA_NA
ASV_5873,Bacteria,Bacillota,Clostridia,Clostridia UCG-014,NA,NA,NA_NA
ASV_5874,Bacteria,Pseudomonadota,Alphaproteobacteria,Rickettsiales,Mitochondria,NA,NA_NA
ASV_5875,Bacteria,Cyanobacteriota,Cyanobacteriia,Chloroplast,NA,NA,NA_NA
ASV_5876,Bacteria,Actinomycetota,Actinobacteria,Micrococcales,Intrasporangiaceae,Pedococcus-Phycicoccus,Pedococcus-Phycicoccus_NA
ASV_5877,Bacteria,Pseudomonadota,Alphaproteobacteria,Acetobacterales,Acetobacteraceae,Acidiphilium,Acidiphilium_NA
ASV_5878,Bacteria,Bacteroidota,Bacteroidia,Flavobacteriales,Weeksellaceae,NA,NA_NA
ASV_5879,Bacteria,Actinomycetota,Actinobacteria,Frankiales,Nakamurellaceae,Nakamurella,Nakamurella_NA
ASV_5880,Bacteria,Pseudomonadota,Gammaproteobacteria,Burkholderiales,Methylophilaceae,Methylophilus,Methylophilus_NA
ASV_5881,Bacteria,Bacillota,Clostridia,Lachnospirales,Lachnospiraceae,Blautia,Blautia_NA
ASV_5882,Bacteria,Bacillota,Bacilli,Lactobacillales,Streptococcaceae,Streptococcus,Streptococcus_dysgalactiae
ASV_5883,Bacteria,Bacillota,Clostridia,Monoglobales,Monoglobaceae,Monoglobus,Monoglobus_NA
ASV_5884,Bacteria,Actinomycetota,Actinobacteria,Mycobacteriales,Dietziaceae,Dietzia,Dietzia_cercidiphylli
ASV_5885,Bacteria,Bacteroidota,Bacteroidia,Bacteroidales,Rikenellaceae,Rikenellaceae RC9 gut group,Rikenellaceae_RC9_gut_group_NA
ASV_5886,Eukaryota,NA,NA,NA,NA,NA,NA_NA
ASV_5887,Bacteria,Bacillota,Clostridia,Clostridia vadinBB60 group,NA,NA,NA_NA
ASV_5888,Bacteria,Bacillota,Clostridia,Lachnospirales,Lachnospiraceae,Tyzzerella,Tyzzerella_NA
ASV_5889,Bacteria,Actinomycetota,Thermoleophilia,Gaiellales,NA,NA,NA_NA
ASV_5890,Bacteria,Verrucomicrobiota,Verrucomicrobiia,Chthoniobacterales,Chthoniobacteraceae,Chthoniobacter,Chthoniobacter_NA
ASV_5891,Bacteria,Pseudomonadota,Alphaproteobacteria,Hyphomicrobiales,Hyphomicrobiaceae,Hyphomicrobium,Hyphomicrobium_NA
ASV_5892,Bacteria,Bacillota,Clostridia,Oscillospirales,Ruminococcaceae,Angelakisella,Angelakisella_NA
ASV_5893,Bacteria,Bacillota,Clostridia,Oscillospirales,Ruminococcaceae,Paludicola,Paludicola_NA
ASV_5894,Bacteria,Planctomycetota,Planctomycetes,Gemmatales,Gemmataceae,NA,NA_NA
ASV_5895,Bacteria,Bacteroidota,Bacteroidia,Bacteroidales,Bacteroidaceae,Bacteroides,Bacteroides_NA
ASV_5896,Bacteria,Bacteroidota,Bacteroidia,Bacteroidales,Rikenellaceae,Alistipes,Alistipes_NA
ASV_5897,Bacteria,Bacillota,Bacilli,RF39,NA,NA,NA_NA
ASV_5898,Bacteria,Actinomycetota,Actinobacteria,Frankiales,Nakamurellaceae,Vallicoccus,Vallicoccus_NA
ASV_5899,Bacteria,Bacillota,Clostridia,Lachnospirales,Lachnospiraceae,Marvinbryantia,Marvinbryantia_NA
ASV_5900,Bacteria,Actinomycetota,Actinobacteria,Kitasatosporales,Streptomycetaceae,Streptomyces,Streptomyces_globosus
ASV_5901,Bacteria,Pseudomonadota,Gammaproteobacteria,Enterobacterales,Orbaceae,Orbus,Orbus_mooreae
ASV_5902,Archaea,Methanobacteriota,Methanobacteria,Methanobacteriales,Methanobacteriaceae,Methanobrevibacter,Methanobrevibacter_NA
ASV_5903,Bacteria,Bacillota,Clostridia,Oscillospirales,[Eubacterium] coprostanoligenes group,NA,NA_NA
ASV_5904,Bacteria,Bacillota,Clostridia,Lachnospirales,Lachnospiraceae,Cellulosilyticum,Cellulosilyticum_NA
ASV_5905,Bacteria,Bacteroidota,Bacteroidia,Bacteroidales,Prevotellaceae,Prevotellaceae UCG-003,Prevotellaceae_UCG-003_NA
ASV_5906,Bacteria,Bacillota,Clostridia,Peptostreptococcales-Tissierellales,Anaerovoracaceae,NA,NA_NA
ASV_5907,Bacteria,Bacillota,Bacilli,RF39,NA,NA,NA_NA
ASV_5908,Bacteria,Bacillota,NA,NA,NA,NA,NA_NA
ASV_5909,Bacteria,Bacillota,Clostridia,Oscillospirales,[Eubacterium] coprostanoligenes group,NA,NA_NA
ASV_5910,Bacteria,Verrucomicrobiota,Kiritimatiellia,WCHB1-41,NA,NA,NA_NA
ASV_5911,Bacteria,Bacteroidota,Bacteroidia,Bacteroidales,Rikenellaceae,dgA-11 gut group,dgA-11_gut_group_NA
ASV_5912,Bacteria,Bacillota,Clostridia,NA,NA,NA,NA_NA
ASV_5913,Bacteria,Bacillota,Clostridia,Lachnospirales,Lachnospiraceae,Coprococcus,Coprococcus_comes
ASV_5914,Bacteria,Verrucomicrobiota,Lentisphaeria,Victivallales,Victivallaceae,Victivallis,Victivallis_NA
ASV_5915,Bacteria,Myxococcota,Myxococcia,Myxococcales,Myxococcaceae,P3OB-42,P3OB-42_NA
ASV_5916,Bacteria,Pseudomonadota,Gammaproteobacteria,Lysobacterales,Lysobacteraceae,Stenotrophomonas,Stenotrophomonas_nitritireducens
ASV_5917,Bacteria,Bacillota,Clostridia,Oscillospirales,Oscillospiraceae,NK4A214 group,NK4A214_group_NA
ASV_5918,Bacteria,Pseudomonadota,Gammaproteobacteria,Burkholderiales,Comamonadaceae,Xylophilus,Xylophilus_NA
ASV_5919,Bacteria,Bacillota,Bacilli,Bacillales,Bacillaceae,Neobacillus,Neobacillus_NA
ASV_5920,Bacteria,Bacteroidota,Bacteroidia,Bacteroidales,Rikenellaceae,Alistipes,Alistipes_NA
ASV_5921,Bacteria,Bacteroidota,Bacteroidia,Flavobacteriales,Weeksellaceae,Apibacter,Apibacter_NA
ASV_5922,Bacteria,Bacillota,Clostridia,Clostridiales,Clostridiaceae,Candidatus Arthromitus,Candidatus_Arthromitus_NA
ASV_5923,Bacteria,Bacillota,Clostridia,Lachnospirales,Lachnospiraceae,Lachnospira,Lachnospira_NA
ASV_5924,Bacteria,Bacillota,Clostridia,Lachnospirales,Lachnospiraceae,NA,NA_NA
ASV_5925,Bacteria,Actinomycetota,Coriobacteriia,Coriobacteriales,Eggerthellaceae,Adlercreutzia,Adlercreutzia_NA
ASV_5926,Bacteria,Pseudomonadota,Gammaproteobacteria,Lysobacterales,Lysobacteraceae,Xanthomonas,Xanthomonas_phaseoli
ASV_5927,Bacteria,Bacteroidota,Bacteroidia,Bacteroidales,Rs-E47 termite group,NA,NA_NA
ASV_5928,Bacteria,Bacteroidota,Bacteroidia,Bacteroidales,Rikenellaceae,Rikenellaceae RC9 gut group,Rikenellaceae_RC9_gut_group_NA
ASV_5929,Bacteria,Bacillota,Clostridia,Oscillospirales,UCG-010,NA,NA_NA
ASV_5930,Bacteria,Bacillota,Clostridia,Oscillospirales,Ruminococcaceae,Acutalibacter,Acutalibacter_NA
ASV_5931,Bacteria,Bacillota,Clostridia,Peptostreptococcales-Tissierellales,Anaerovoracaceae,Family XIII AD3011 group,Family_XIII_AD3011_group_NA
ASV_5932,Bacteria,Bacteroidota,Bacteroidia,Bacteroidales,Muribaculaceae,NA,NA_NA
ASV_5933,Bacteria,Bacillota,Clostridia,Oscillospirales,Oscillospiraceae,Oscillospira,Oscillospira_NA
ASV_5934,Bacteria,Pseudomonadota,Alphaproteobacteria,Rickettsiales,Mitochondria,NA,NA_NA
ASV_5935,Eukaryota,NA,NA,NA,NA,NA,NA_NA
ASV_5936,Bacteria,Bacillota,Clostridia,Oscillospirales,[Eubacterium] coprostanoligenes group,NA,NA_NA
ASV_5937,Bacteria,Bacteroidota,Bacteroidia,Bacteroidales,Rikenellaceae,Rikenellaceae RC9 gut group,Rikenellaceae_RC9_gut_group_NA
ASV_5938,Bacteria,Bacillota,Bacilli,RF39,NA,NA,NA_NA
ASV_5939,Bacteria,Bacillota,Clostridia,Oscillospirales,NA,NA,NA_NA
ASV_5940,Bacteria,Bacillota,Clostridia,Oscillospirales,NA,NA,NA_NA
ASV_5941,Bacteria,Bacteroidota,Bacteroidia,Bacteroidales,Prevotellaceae,Xylanibacter,Xylanibacter_NA
ASV_5942,Bacteria,Bacillota,Clostridia,Clostridia vadinBB60 group,NA,NA,NA_NA
ASV_5943,Bacteria,Bacillota,Clostridia,Oscillospirales,UCG-010,NA,NA_NA
ASV_5944,Bacteria,Bacillota,Clostridia,Oscillospirales,Ruminococcaceae,Ruminococcus,Ruminococcus_bicirculans
ASV_5945,Bacteria,Bacillota,Bacilli,Lactobacillales,Lactobacillaceae,Weissella,Weissella_ceti
ASV_5946,Bacteria,Bacillota,Clostridia,Lachnospirales,Lachnospiraceae,Syntrophococcus,Syntrophococcus_NA
ASV_5947,Bacteria,Bacteroidota,Bacteroidia,Bacteroidales,Rikenellaceae,Rikenellaceae RC9 gut group,Rikenellaceae_RC9_gut_group_NA
ASV_5948,Bacteria,Bacillota,Clostridia,Oscillospirales,Oscillospiraceae,Colidextribacter,Colidextribacter_NA
ASV_5949,Bacteria,Bacillota,Clostridia,Oscillospirales,UCG-010,NA,NA_NA
ASV_5950,Bacteria,Bacillota,Clostridia,Lachnospirales,Lachnospiraceae,NA,NA_NA
ASV_5951,Bacteria,Bacillota,Clostridia,Oscillospirales,Ruminococcaceae,Acutalibacter,Acutalibacter_NA
ASV_5952,Bacteria,Bacillota,Clostridia,Oscillospirales,Oscillospiraceae,NA,NA_NA
ASV_5953,Bacteria,Bacillota,Clostridia,Lachnospirales,Lachnospiraceae,NA,NA_NA
ASV_5954,Bacteria,Bacillota,Negativicutes,Veillonellales-Selenomonadales,Veillonellaceae,Megasphaera,Megasphaera_stantonii
ASV_5955,Bacteria,Bacteroidota,Bacteroidia,Flavobacteriales,Weeksellaceae,Chryseobacterium,Chryseobacterium_hispanicum
ASV_5956,Bacteria,Pseudomonadota,Gammaproteobacteria,Burkholderiales,Comamonadaceae,Comamonas,Comamonas_NA
ASV_5957,Bacteria,Bacillota,Negativicutes,Acidaminococcales,Acidaminococcaceae,NA,NA_NA
ASV_5958,Bacteria,Actinomycetota,Actinobacteria,Actinomycetales,Actinomycetaceae,Changpingibacter,Changpingibacter_yushuensis
ASV_5959,Bacteria,Actinomycetota,Actinobacteria,Bifidobacteriales,Bifidobacteriaceae,Neoscardovia,Neoscardovia_arbecensis
ASV_5960,Bacteria,Bacillota,Clostridia,Oscillospirales,Ruminococcaceae,Anaerofilum,Anaerofilum_NA
ASV_5961,Bacteria,Bacillota,Clostridia,Lachnospirales,Lachnospiraceae,Acetitomaculum,Acetitomaculum_NA
ASV_5962,Bacteria,Bacteroidota,Bacteroidia,Bacteroidales,Bacteroidaceae,Bacteroides,Bacteroides_NA
ASV_5963,Bacteria,Pseudomonadota,Alphaproteobacteria,Acetobacterales,Acetobacteraceae,Commensalibacter,Commensalibacter_oyaizuii
ASV_5964,Bacteria,Bacteroidota,Bacteroidia,Bacteroidales,Bacteroidaceae,Bacteroides,Bacteroides_NA
ASV_5965,Bacteria,Bacillota,Bacilli,Erysipelotrichales,Erysipelatoclostridiaceae,Thomasclavelia,Thomasclavelia_cocleata
ASV_5966,Bacteria,Bacteroidota,Bacteroidia,Cytophagales,Hymenobacteraceae,Hymenobacter,Hymenobacter_NA
ASV_5967,Bacteria,Myxococcota,NA,NA,NA,NA,NA_NA
ASV_5968,Eukaryota,NA,NA,NA,NA,NA,NA_NA
ASV_5969,Bacteria,Bacillota,Clostridia,Oscillospirales,Butyricicoccaceae,UCG-008,UCG-008_NA
ASV_5970,Bacteria,Bacillota,Bacilli,Lactobacillales,Lactobacillaceae,Lactobacillus,Lactobacillus_porci
ASV_5971,Bacteria,Cyanobacteriota,Cyanobacteriia,Chloroplast,NA,NA,NA_NA
ASV_5972,Bacteria,Actinomycetota,Actinobacteria,Pseudonocardiales,Pseudonocardiaceae,Pseudonocardia,Pseudonocardia_NA
ASV_5973,Bacteria,Actinomycetota,Actinobacteria,Micrococcales,Sanguibacteraceae,Sanguibacter,Sanguibacter_NA
ASV_5974,Bacteria,Pseudomonadota,Alphaproteobacteria,Rhodospirillales,NA,NA,NA_NA
ASV_5975,Bacteria,Bacillota,Clostridia,Lachnospirales,Lachnospiraceae,Lachnospiraceae UCG-010,Lachnospiraceae_UCG-010_NA
ASV_5976,Bacteria,Pseudomonadota,Alphaproteobacteria,Rickettsiales,Mitochondria,NA,NA_NA
ASV_5977,Bacteria,Bacillota,Negativicutes,Acidaminococcales,Acidaminococcaceae,Phascolarctobacterium,Phascolarctobacterium_NA
ASV_5978,Bacteria,Bacillota,Clostridia,Oscillospirales,[Eubacterium] coprostanoligenes group,NA,NA_NA
ASV_5979,Bacteria,Actinomycetota,Actinobacteria,Pseudonocardiales,Pseudonocardiaceae,Actinomycetospora,Actinomycetospora_sp.
ASV_5980,Bacteria,Bacillota,Bacilli,Erysipelotrichales,Erysipelatoclostridiaceae,NA,NA_NA
ASV_5981,Bacteria,Bacteroidota,Bacteroidia,Bacteroidales,Prevotellaceae,Xylanibacter,Xylanibacter_NA
ASV_5982,Bacteria,Bacillota,Negativicutes,Acidaminococcales,Acidaminococcaceae,Phascolarctobacterium,Phascolarctobacterium_NA
ASV_5983,Bacteria,Bacillota,Bacilli,Izemoplasmatales,NA,NA,NA_NA
ASV_5984,Bacteria,Bacillota,Clostridia,Peptostreptococcales-Tissierellales,Family XI,Tissierella,Tissierella_NA
ASV_5985,Bacteria,Pseudomonadota,Alphaproteobacteria,Hyphomicrobiales,Rhizobiaceae,Pseudochrobactrum,Pseudochrobactrum_NA
ASV_5986,Bacteria,Actinomycetota,Actinobacteria,Kitasatosporales,Streptomycetaceae,Streptomyces,Streptomyces_NA
ASV_5987,Bacteria,Actinomycetota,Thermoleophilia,Gaiellales,Gaiellaceae,Gaiella,Gaiella_NA
ASV_5988,Bacteria,Myxococcota,Polyangiia,Polyangiales,Sandaracinaceae,NA,NA_NA
ASV_5989,Bacteria,Bacteroidota,Bacteroidia,Bacteroidales,Dysgonomonadaceae,Dysgonomonas,Dysgonomonas_alginatilytica
ASV_5990,Bacteria,Bacillota,Clostridia,Oscillospirales,Oscillospiraceae,Intestinimonas,Intestinimonas_NA
ASV_5991,Bacteria,Bacteroidota,Bacteroidia,Bacteroidales,F082,NA,NA_NA
ASV_5992,Bacteria,Pseudomonadota,Gammaproteobacteria,Enterobacterales,Hafniaceae,Hafnia-Obesumbacterium,Hafnia-Obesumbacterium_NA
ASV_5993,Bacteria,Bacillota,Clostridia,Peptostreptococcales-Tissierellales,Anaerovoracaceae,Anaerovorax,Anaerovorax_NA
ASV_5994,Bacteria,Bacillota,Clostridia,Lachnospirales,Lachnospiraceae,Lachnospiraceae NK4A136 group,Lachnospiraceae_NK4A136_group_NA
ASV_5995,Bacteria,Bacteroidota,Bacteroidia,Bacteroidales,Prevotellaceae,NA,NA_NA
ASV_5996,Bacteria,Campylobacterota,Campylobacteria,Campylobacterales,Helicobacteraceae,Helicobacter,Helicobacter_bilis
ASV_5997,Bacteria,Bacillota,Bacilli,Erysipelotrichales,Erysipelotrichaceae,Holdemanella,Holdemanella_biformis
ASV_5998,Bacteria,Bacillota,Clostridia,Monoglobales,Monoglobaceae,Monoglobus,Monoglobus_NA
ASV_5999,Bacteria,Bacillota,Bacilli,Acholeplasmatales,Acholeplasmataceae,Anaeroplasma,Anaeroplasma_NA
ASV_6000,Bacteria,Bacteroidota,Bacteroidia,Bacteroidales,Rikenellaceae,Rikenellaceae RC9 gut group,Rikenellaceae_RC9_gut_group_NA
ASV_6001,Bacteria,Bacillota,Clostridia,Oscillospirales,UCG-010,NA,NA_NA
ASV_6002,Bacteria,Bacillota,Clostridia,Clostridia UCG-014,NA,NA,NA_NA
ASV_6003,Bacteria,Bacillota,Clostridia,Oscillospirales,UCG-010,NA,NA_NA
ASV_6004,Bacteria,Bacillota,Clostridia,Oscillospirales,UCG-010,NA,NA_NA
ASV_6005,Bacteria,Bacteroidota,Bacteroidia,Bacteroidales,Rikenellaceae,Alistipes,Alistipes_sp.
ASV_6006,Bacteria,Bacillota,Clostridia,Lachnospirales,Lachnospiraceae,Lachnospiraceae UCG-006,Lachnospiraceae_UCG-006_NA
ASV_6007,Bacteria,Bacteroidota,Bacteroidia,Bacteroidales,Paludibacteraceae,NA,NA_NA
ASV_6008,Bacteria,Bacteroidota,Bacteroidia,Bacteroidales,Rikenellaceae,Rikenellaceae RC9 gut group,Rikenellaceae_RC9_gut_group_NA
ASV_6009,Bacteria,Armatimonadota,NA,NA,NA,NA,NA_NA
ASV_6010,Bacteria,Bacillota,Clostridia,Monoglobales,Monoglobaceae,Monoglobus,Monoglobus_NA
ASV_6011,Bacteria,Bacillota,Bacilli,RF39,NA,NA,NA_NA
ASV_6012,Bacteria,Bacillota,Clostridia,Lachnospirales,Lachnospiraceae,Lachnospiraceae XPB1014 group,Lachnospiraceae_XPB1014_group_NA
ASV_6013,Bacteria,Bacteroidota,Bacteroidia,Bacteroidales,Paludibacteraceae,NA,NA_NA
ASV_6014,Bacteria,Pseudomonadota,Alphaproteobacteria,Rickettsiales,Anaplasmataceae,Wolbachia,Wolbachia_NA
ASV_6015,Bacteria,Bacteroidota,Bacteroidia,Bacteroidales,NA,NA,NA_NA
ASV_6016,Bacteria,Bacteroidota,Bacteroidia,Bacteroidales,Prevotellaceae,NA,NA_NA
ASV_6017,Bacteria,Pseudomonadota,Alphaproteobacteria,Acetobacterales,Acetobacteraceae,Commensalibacter,Commensalibacter_intestini
ASV_6018,Bacteria,Actinomycetota,Actinobacteria,Mycobacteriales,Corynebacteriaceae,Corynebacterium,Corynebacterium_uterequi
ASV_6019,Bacteria,Fusobacteriota,Fusobacteriia,Fusobacteriales,Fusobacteriaceae,Fusobacterium,Fusobacterium_mortiferum
ASV_6020,Bacteria,Bacillota,Clostridia,Lachnospirales,Lachnospiraceae,NA,NA_NA
ASV_6021,Bacteria,Pseudomonadota,Alphaproteobacteria,Rickettsiales,Mitochondria,NA,NA_NA
ASV_6022,Bacteria,Bacillota,Bacilli,Lactobacillales,Lactobacillaceae,Fructobacillus,Fructobacillus_NA
ASV_6023,Bacteria,Bacillota,Clostridia,Clostridiales,Clostridiaceae,Clostridium,Clostridium_tetani
ASV_6024,Bacteria,Bacillota,Clostridia,Lachnospirales,Lachnospiraceae,Butyrivibrio,Butyrivibrio_fibrisolvens
ASV_6025,Bacteria,Actinomycetota,Actinobacteria,Micrococcales,Cellulomonadaceae,Cellulomonas,Cellulomonas_NA
ASV_6026,Bacteria,Bacillota,Clostridia,Peptostreptococcales-Tissierellales,Family XI,Tepidimicrobium,Tepidimicrobium_NA
ASV_6027,Bacteria,Bacteroidota,Bacteroidia,Bacteroidales,Bacteroidaceae,Bacteroides,Bacteroides_NA
ASV_6028,Bacteria,Bacillota,Bacilli,RF39,NA,NA,NA_NA
ASV_6029,Bacteria,Bacillota,Clostridia,Christensenellales,Christensenellaceae,Christensenellaceae R-7 group,Christensenellaceae_R-7_group_NA
ASV_6030,Bacteria,Bacillota,Clostridia,Oscillospirales,UCG-010,NA,NA_NA
ASV_6031,Bacteria,Bacillota,Clostridia,Lachnospirales,Lachnospiraceae,Lachnospiraceae UCG-010,Lachnospiraceae_UCG-010_NA
ASV_6032,Bacteria,Bacteroidota,Bacteroidia,Bacteroidales,Prevotellaceae,Prevotella,Prevotella_NA
ASV_6033,Bacteria,Bacillota,Clostridia,Lachnospirales,Lachnospiraceae,Cellulosilyticum,Cellulosilyticum_NA
ASV_6034,Bacteria,Actinomycetota,Coriobacteriia,Coriobacteriales,Eggerthellaceae,Berryella,Berryella_NA
ASV_6035,Bacteria,Bacillota,Clostridia,Oscillospirales,Ruminococcaceae,NA,NA_NA
ASV_6036,Bacteria,Bacteroidota,Bacteroidia,Bacteroidales,Prevotellaceae,Xylanibacter,Xylanibacter_NA
ASV_6037,Bacteria,Pseudomonadota,Alphaproteobacteria,Acetobacterales,Acetobacteraceae,Acetobacter,Acetobacter_NA
ASV_6038,Bacteria,Bacillota,Clostridia,Lachnospirales,Lachnospiraceae,Acetitomaculum,Acetitomaculum_NA
ASV_6039,Bacteria,Bacillota,Clostridia,Lachnospirales,Lachnospiraceae,NA,NA_NA
ASV_6040,Bacteria,Bacillota,Clostridia,Monoglobales,Monoglobaceae,Monoglobus,Monoglobus_NA
ASV_6041,Bacteria,Bacillota,Clostridia,Oscillospirales,Oscillospiraceae,UCG-002,UCG-002_NA
ASV_6042,Bacteria,Bacillota,Clostridia,Oscillospirales,UCG-010,NA,NA_NA
ASV_6043,Bacteria,Bacillota,Clostridia,Oscillospirales,Ruminococcaceae,Ruminococcus,Ruminococcus_flavefaciens
ASV_6044,Bacteria,Bacillota,Clostridia,Lachnospirales,Lachnospiraceae,Eubacterium,Eubacterium_ventriosum_group
ASV_6045,Bacteria,Pseudomonadota,Gammaproteobacteria,Burkholderiales,SC-I-84,NA,NA_NA
ASV_6046,Bacteria,Bacillota,Clostridia,Oscillospirales,UCG-010,NA,NA_NA
ASV_6047,Bacteria,Bacillota,Clostridia,Oscillospirales,Oscillospiraceae,UCG-002,UCG-002_NA
ASV_6048,Bacteria,Bacillota,Clostridia,Oscillospirales,UCG-010,NA,NA_NA
ASV_6049,Bacteria,Bacteroidota,Bacteroidia,Bacteroidales,F082,NA,NA_NA
ASV_6050,Bacteria,Patescibacteria,Gracilibacteria,JGI 0000069-P22,NA,NA,NA_NA
ASV_6051,Bacteria,Pseudomonadota,Gammaproteobacteria,Rickettsiellales,Rickettsiellaceae,Rickettsiella,Rickettsiella_viridis
ASV_6052,Bacteria,Bacillota,Clostridia,NA,NA,NA,NA_NA
ASV_6053,Bacteria,Bacteroidota,Bacteroidia,Bacteroidales,Prevotellaceae,Prevotellaceae UCG-001,Prevotellaceae_UCG-001_NA
ASV_6054,Bacteria,Bacteroidota,Bacteroidia,Bacteroidales,Rikenellaceae,Alistipes,Alistipes_NA
ASV_6055,Bacteria,Bacillota,Clostridia,Clostridia UCG-014,NA,NA,NA_NA
ASV_6056,Bacteria,Bacillota,Clostridia,Oscillospirales,Ruminococcaceae,NA,NA_NA
ASV_6057,Bacteria,Bacillota,Clostridia,Lachnospirales,Lachnospiraceae,NA,NA_NA
ASV_6058,Bacteria,Bacillota,Clostridia,Lachnospirales,Lachnospiraceae,NA,NA_NA
ASV_6059,Bacteria,Bacteroidota,Bacteroidia,Bacteroidales,NA,NA,NA_NA
ASV_6060,Bacteria,Bacteroidota,Bacteroidia,Bacteroidales,Bacteroidales RF16 group,NA,NA_NA
ASV_6061,Bacteria,Bacteroidota,Bacteroidia,Bacteroidales,Prevotellaceae,Prevotellaceae UCG-003,Prevotellaceae_UCG-003_NA
ASV_6062,Bacteria,Bacillota,Clostridia,Oscillospirales,Ruminococcaceae,NA,NA_NA
ASV_6063,Bacteria,Actinomycetota,Actinobacteria,Pseudonocardiales,Pseudonocardiaceae,Saccharopolyspora,Saccharopolyspora_rectivirgula
ASV_6064,Bacteria,Bacteroidota,Bacteroidia,Flavobacteriales,Weeksellaceae,Chryseobacterium,Chryseobacterium_sp.
ASV_6065,Bacteria,Bacillota,Clostridia,Christensenellales,Christensenellaceae,Christensenellaceae R-7 group,Christensenellaceae_R-7_group_NA
ASV_6066,Bacteria,Cyanobacteriota,Cyanobacteriia,Chloroplast,NA,NA,NA_NA
ASV_6067,Bacteria,Pseudomonadota,Alphaproteobacteria,Rhodobacterales,Paracoccaceae,Amaricoccus,Amaricoccus_NA
ASV_6068,Bacteria,Pseudomonadota,Gammaproteobacteria,Pseudomonadales,Pseudomonadaceae,Pseudomonas,Pseudomonas_guineae
ASV_6069,Bacteria,Actinomycetota,Actinobacteria,Micrococcales,Micrococcaceae,Micrococcus,Micrococcus_luteus
ASV_6070,Bacteria,Thermodesulfobacteriota,Desulfovibrionia,Desulfovibrionales,Desulfovibrionaceae,Mailhella,Mailhella_NA
ASV_6071,Bacteria,Pseudomonadota,Alphaproteobacteria,Rickettsiales,Mitochondria,NA,NA_NA
ASV_6072,Bacteria,Bacillota,Negativicutes,Veillonellales-Selenomonadales,Veillonellaceae,Allisonella,Allisonella_histaminiformans
ASV_6073,Bacteria,Bacteroidota,Bacteroidia,Cytophagales,Hymenobacteraceae,Pontibacter,Pontibacter_akesuensis
ASV_6074,Bacteria,Campylobacterota,Campylobacteria,Campylobacterales,Helicobacteraceae,Helicobacter,Helicobacter_winghamensis
ASV_6075,Bacteria,Bacillota,Clostridia,Lachnospirales,Lachnospiraceae,NA,NA_NA
ASV_6076,Bacteria,Bacillota,Clostridia,Clostridia UCG-014,NA,NA,NA_NA
ASV_6077,Bacteria,Bacillota,Bacilli,Lactobacillales,Lactobacillaceae,Ligilactobacillus,Ligilactobacillus_aviarius
ASV_6078,Bacteria,Pseudomonadota,Alphaproteobacteria,Rickettsiales,Mitochondria,NA,NA_NA
ASV_6079,Bacteria,Pseudomonadota,Alphaproteobacteria,Acetobacterales,Acetobacteraceae,Acidiphilium,Acidiphilium_NA
ASV_6080,Bacteria,Bacillota,Clostridia,Oscillospirales,Ruminococcaceae,Acutalibacter,Acutalibacter_NA
ASV_6081,Eukaryota,NA,NA,NA,NA,NA,NA_NA
ASV_6082,Bacteria,Pseudomonadota,Alphaproteobacteria,Rickettsiales,Mitochondria,NA,NA_NA
ASV_6083,Bacteria,Cyanobacteriota,Cyanobacteriia,Chloroplast,NA,NA,NA_NA
ASV_6084,Bacteria,Bacteroidota,Bacteroidia,Flavobacteriales,Flavobacteriaceae,Myroides,Myroides_injenensis
ASV_6085,Bacteria,Bacteroidota,Bacteroidia,Bacteroidales,NA,NA,NA_NA
ASV_6086,Bacteria,Bacteroidota,Bacteroidia,Bacteroidales,Prevotellaceae,NA,NA_NA
ASV_6087,Bacteria,Bacteroidota,Bacteroidia,Bacteroidales,Rikenellaceae,Rikenellaceae RC9 gut group,Rikenellaceae_RC9_gut_group_NA
ASV_6088,Bacteria,Bacteroidota,Bacteroidia,Flavobacteriales,Weeksellaceae,Empedobacter,Empedobacter_sp.
ASV_6089,Bacteria,Verrucomicrobiota,Verrucomicrobiia,Verrucomicrobiales,Verrucomicrobiaceae,Phragmitibacter,Phragmitibacter_NA
ASV_6090,Bacteria,Pseudomonadota,Alphaproteobacteria,Tistrellales,Geminicoccaceae,Candidatus Alysiosphaera,Candidatus_Alysiosphaera_NA
ASV_6091,Bacteria,Pseudomonadota,Alphaproteobacteria,Rickettsiales,Mitochondria,NA,NA_NA
ASV_6092,Bacteria,Actinomycetota,Actinobacteria,Micrococcales,Microbacteriaceae,Leucobacter,Leucobacter_sp.
ASV_6093,Bacteria,Bdellovibrionota,Bacteriovoracia,Bacteriovoracales,Bacteriovoracaceae,Peredibacter,Peredibacter_starrii
ASV_6094,Bacteria,Bacillota,Clostridia,Oscillospirales,[Eubacterium] coprostanoligenes group,NA,NA_NA
ASV_6095,Bacteria,Bacillota,Clostridia,Oscillospirales,Butyricicoccaceae,Agathobaculum,Agathobaculum_NA
ASV_6096,Bacteria,Bacillota,Clostridia,Oscillospirales,Ruminococcaceae,NA,NA_NA
ASV_6097,Bacteria,Bacteroidota,Bacteroidia,Bacteroidales,Rikenellaceae,Alistipes,Alistipes_indistinctus
ASV_6098,Bacteria,Bacillota,Clostridia,Oscillospirales,Ruminococcaceae,Caproiciproducens,Caproiciproducens_NA
ASV_6099,Bacteria,Campylobacterota,Campylobacteria,Campylobacterales,Helicobacteraceae,Helicobacter,Helicobacter_canis
ASV_6100,Bacteria,Bacteroidota,Bacteroidia,Bacteroidales,Rikenellaceae,dgA-11 gut group,dgA-11_gut_group_NA
ASV_6101,Bacteria,Bacteroidota,Bacteroidia,Sphingobacteriales,Sphingobacteriaceae,Sphingobacterium,Sphingobacterium_NA
ASV_6102,Bacteria,Bacteroidota,Bacteroidia,Cytophagales,Hymenobacteraceae,Hymenobacter,Hymenobacter_sp.
ASV_6103,Bacteria,Bacillota,Bacilli,Acholeplasmatales,Acholeplasmataceae,Anaeroplasma,Anaeroplasma_sp.
ASV_6104,Bacteria,Pseudomonadota,Gammaproteobacteria,Enterobacterales,Succinivibrionaceae,Anaerobiospirillum,Anaerobiospirillum_NA
ASV_6105,Bacteria,Bacteroidota,Bacteroidia,Flavobacteriales,Weeksellaceae,Elizabethkingia,Elizabethkingia_ursingii
ASV_6106,Bacteria,Bacteroidota,Bacteroidia,Bacteroidales,Rikenellaceae,Rikenella,Rikenella_NA
ASV_6107,Bacteria,Bacteroidota,Bacteroidia,Bacteroidales,Prevotellaceae,Prevotellaceae NK3B31 group,Prevotellaceae_NK3B31_group_NA
ASV_6108,Bacteria,Spirochaetota,Spirochaetia,Spirochaetales,Spirochaetaceae,Treponema,Treponema_NA
ASV_6109,Bacteria,Bacteroidota,Bacteroidia,Bacteroidales,Muribaculaceae,NA,NA_NA
ASV_6110,Bacteria,Spirochaetota,Spirochaetia,Spirochaetales,Spirochaetaceae,Treponema,Treponema_NA
ASV_6111,Bacteria,Actinomycetota,Actinobacteria,Pseudonocardiales,Pseudonocardiaceae,Pseudonocardia,Pseudonocardia_NA
ASV_6112,Bacteria,Pseudomonadota,Alphaproteobacteria,Acetobacterales,Acetobacteraceae,Tanticharoenia,Tanticharoenia_sakaeratensis
ASV_6113,Bacteria,Bacteroidota,Bacteroidia,Bacteroidales,Prevotellaceae,Prevotellaceae NK3B31 group,Prevotellaceae_NK3B31_group_NA
ASV_6114,Bacteria,Bacillota,Clostridia,Oscillospirales,[Eubacterium] coprostanoligenes group,NA,NA_NA
ASV_6115,Bacteria,Bacillota,Clostridia,NA,NA,NA,NA_NA
ASV_6116,Bacteria,Cyanobacteriota,Vampirivibrionia,Gastranaerophilales,Gastranaerophilaceae,NA,NA_NA
ASV_6117,Bacteria,Bacteroidota,Bacteroidia,Bacteroidales,p-251-o5,NA,NA_NA
ASV_6118,Bacteria,Bacillota,Clostridia,Lachnospirales,Defluviitaleaceae,Defluviitaleaceae UCG-011,Defluviitaleaceae_UCG-011_NA
ASV_6119,Bacteria,Bacillota,Clostridia,Lachnospirales,Lachnospiraceae,NA,NA_NA
ASV_6120,Bacteria,Bacillota,Clostridia,Oscillospirales,UCG-010,NA,NA_NA
ASV_6121,Bacteria,Bacillota,Bacilli,RF39,NA,NA,NA_NA
ASV_6122,Bacteria,Bacteroidota,Bacteroidia,Bacteroidales,Rikenellaceae,SP3-e08,SP3-e08_NA
ASV_6123,Bacteria,Bacteroidota,Bacteroidia,Bacteroidales,Rikenellaceae,Rikenellaceae RC9 gut group,Rikenellaceae_RC9_gut_group_NA
ASV_6124,Bacteria,Bacteroidota,Bacteroidia,Bacteroidales,Prevotellaceae,Prevotellaceae UCG-004,Prevotellaceae_UCG-004_NA
ASV_6125,Bacteria,Actinomycetota,Coriobacteriia,Coriobacteriales,Coriobacteriales Incertae Sedis,Phoenicibacter,Phoenicibacter_NA
ASV_6126,Bacteria,Bacillota,Clostridia,Peptostreptococcales-Tissierellales,Anaerovoracaceae,Anaerovorax,Anaerovorax_NA
ASV_6127,Bacteria,Bacillota,Clostridia,Peptostreptococcales-Tissierellales,Anaerovoracaceae,Anaerovorax,Anaerovorax_sp.
ASV_6128,Bacteria,Fibrobacterota,Fibrobacteria,Fibrobacterales,Fibrobacteraceae,Fibrobacter,Fibrobacter_NA
ASV_6129,Bacteria,Bacillota,Clostridia,Oscillospirales,Oscillospiraceae,Papillibacter,Papillibacter_NA
ASV_6130,Bacteria,Bacillota,Negativicutes,Veillonellales-Selenomonadales,Veillonellaceae,NA,NA_NA
ASV_6131,Bacteria,Bacillota,Clostridia,Oscillospirales,[Eubacterium] coprostanoligenes group,NA,NA_NA
ASV_6132,Bacteria,Bacillota,Clostridia,Oscillospirales,UCG-010,NA,NA_NA
ASV_6133,Bacteria,Bacteroidota,Bacteroidia,Bacteroidales,Bacteroidaceae,Bacteroides,Bacteroides_NA
ASV_6134,Bacteria,Pseudomonadota,Gammaproteobacteria,Lysobacterales,Rhodanobacteraceae,Luteibacter,Luteibacter_rhizovicinus
ASV_6135,Bacteria,Pseudomonadota,Alphaproteobacteria,Acetobacterales,Acetobacteraceae,Tanticharoenia,Tanticharoenia_sakaeratensis
ASV_6136,Bacteria,Bacillota,Clostridia,Peptostreptococcales-Tissierellales,Family XI,Tissierella,Tissierella_NA
ASV_6137,Bacteria,Bacillota,Clostridia,Oscillospirales,Oscillospiraceae,NK4A214 group,NK4A214_group_NA
ASV_6138,Bacteria,Bacteroidota,Bacteroidia,Flavobacteriales,Weeksellaceae,Chryseobacterium,Chryseobacterium_aahli
ASV_6139,Bacteria,NA,NA,NA,NA,NA,NA_NA
ASV_6140,Bacteria,Pseudomonadota,Gammaproteobacteria,Burkholderiales,Alcaligenaceae,Alcaligenes,Alcaligenes_faecalis
ASV_6141,Bacteria,Bacillota,Clostridia,Lachnospirales,Lachnospiraceae,Ruminococcus,Ruminococcus_gauvreauii_group
ASV_6142,Bacteria,Bacillota,Negativicutes,Acidaminococcales,Acidaminococcaceae,NA,NA_NA
ASV_6143,Bacteria,Bacillota,Clostridia,Clostridia UCG-014,NA,NA,NA_NA
ASV_6144,Bacteria,Bacillota,Bacilli,Mycoplasmatales,Mycoplasmataceae,Metamycoplasma,Metamycoplasma_sualvi
ASV_6145,Bacteria,Bacteroidota,Bacteroidia,Bacteroidales,Rikenellaceae,Rikenellaceae RC9 gut group,Rikenellaceae_RC9_gut_group_NA
ASV_6146,Bacteria,Bacillota,Bacilli,Erysipelotrichales,Erysipelotrichaceae,Dielma,Dielma_fastidiosa
ASV_6147,Bacteria,Bacillota,Clostridia,Oscillospirales,Ruminococcaceae,Candidatus Soleaferrea,Candidatus_Soleaferrea_NA
ASV_6148,Bacteria,Actinomycetota,Coriobacteriia,Coriobacteriales,Eggerthellaceae,Adlercreutzia,Adlercreutzia_NA
ASV_6149,Bacteria,Bacillota,Bacilli,Erysipelotrichales,Erysipelotrichaceae,Dielma,Dielma_NA
ASV_6150,Bacteria,Bacillota,Clostridia,Peptostreptococcales-Tissierellales,Anaerovoracaceae,Eubacterium,Eubacterium_sp
ASV_6151,Bacteria,Pseudomonadota,Alphaproteobacteria,Rhodospirillales,NA,NA,NA_NA
ASV_6152,Bacteria,Bacteroidota,Bacteroidia,Bacteroidales,Prevotellaceae,NA,NA_NA
ASV_6153,Bacteria,NA,NA,NA,NA,NA,NA_NA
ASV_6154,Bacteria,Bacillota,Clostridia,Lachnospirales,Lachnospiraceae,NA,NA_NA
ASV_6155,Bacteria,Bacillota,Bacilli,Paenibacillales,Paenibacillaceae,NA,NA_NA
ASV_6156,Bacteria,Bacillota,Clostridia,Christensenellales,Christensenellaceae,Christensenellaceae R-7 group,Christensenellaceae_R-7_group_NA
ASV_6157,Bacteria,Bacillota,Clostridia,Christensenellales,Christensenellaceae,Christensenellaceae R-7 group,Christensenellaceae_R-7_group_NA
ASV_6158,Bacteria,Bacillota,Bacilli,RF39,NA,NA,NA_NA
ASV_6159,Bacteria,Bacillota,Bacilli,RF39,NA,NA,NA_NA
ASV_6160,Bacteria,Bacillota,Clostridia,Oscillospirales,UCG-010,NA,NA_NA
ASV_6161,Bacteria,Bacillota,Bacilli,Staphylococcales,Staphylococcaceae,Mammaliicoccus,Mammaliicoccus_NA
ASV_6162,Bacteria,Bacteroidota,Bacteroidia,Flavobacteriales,Flavobacteriaceae,Flavobacterium,Flavobacterium_saccharophilum
ASV_6163,Eukaryota,NA,NA,NA,NA,NA,NA_NA
ASV_6164,Bacteria,Bacillota,Bacilli,RF39,NA,NA,NA_NA
ASV_6165,Bacteria,Bacillota,Clostridia,Oscillospirales,UCG-010,NA,NA_NA
ASV_6166,Bacteria,Bacteroidota,Bacteroidia,Bacteroidales,Prevotellaceae,Pseudoprevotella,Pseudoprevotella_NA
ASV_6167,Bacteria,Bacteroidota,Bacteroidia,Bacteroidales,Prevotellaceae,Segatella,Segatella_NA
ASV_6168,Bacteria,Bacillota,Clostridia,Christensenellales,Christensenellaceae,Christensenellaceae R-7 group,Christensenellaceae_R-7_group_NA
ASV_6169,Bacteria,Actinomycetota,Actinobacteria,Micrococcales,Brevibacteriaceae,Brevibacterium,Brevibacterium_iodinum
ASV_6170,Bacteria,Bacteroidota,Bacteroidia,Bacteroidales,Dysgonomonadaceae,Dysgonomonas,Dysgonomonas_NA
ASV_6171,Bacteria,Cyanobacteriota,Cyanobacteriia,Cyanobacteriales,NA,NA,NA_NA
ASV_6172,Bacteria,NA,NA,NA,NA,NA,NA_NA
ASV_6173,Bacteria,Bacteroidota,Bacteroidia,Bacteroidales,Prevotellaceae,Prevotellaceae UCG-003,Prevotellaceae_UCG-003_NA
ASV_6174,Bacteria,Bacillota,Clostridia,Oscillospirales,Oscillospiraceae,Oscillibacter,Oscillibacter_NA
ASV_6175,Bacteria,Pseudomonadota,Gammaproteobacteria,Enterobacterales,Pasteurellaceae,Rodentibacter,Rodentibacter_NA
ASV_6176,Eukaryota,NA,NA,NA,NA,NA,NA_NA
ASV_6177,Bacteria,Actinomycetota,Actinobacteria,Mycobacteriales,Corynebacteriaceae,Corynebacterium,Corynebacterium_amycolatum
ASV_6178,Eukaryota,NA,NA,NA,NA,NA,NA_NA
ASV_6179,Bacteria,Pseudomonadota,Alphaproteobacteria,Rickettsiales,Mitochondria,NA,NA_NA
ASV_6180,Bacteria,Actinomycetota,Actinobacteria,Propionibacteriales,Nocardioidaceae,Marmoricola,Marmoricola_NA
ASV_6181,Bacteria,Pseudomonadota,Alphaproteobacteria,Rickettsiales,Mitochondria,NA,NA_NA
ASV_6182,Bacteria,Bacteroidota,Bacteroidia,NA,NA,NA,NA_NA
ASV_6183,Bacteria,Pseudomonadota,Gammaproteobacteria,Lysobacterales,Lysobacteraceae,Stenotrophomonas,Stenotrophomonas_maltophilia
ASV_6184,Bacteria,Campylobacterota,Campylobacteria,Campylobacterales,Helicobacteraceae,Helicobacter,Helicobacter_rodentium
ASV_6185,Bacteria,Pseudomonadota,Gammaproteobacteria,Enterobacterales,Succinivibrionaceae,Anaerobiospirillum,Anaerobiospirillum_succiniciproducens
ASV_6186,Bacteria,Pseudomonadota,Alphaproteobacteria,Hyphomicrobiales,Beijerinckiaceae,Enterovirga,Enterovirga_NA
ASV_6187,Bacteria,Pseudomonadota,Alphaproteobacteria,Sphingomonadales,Sphingomonadaceae,Novosphingobium,Novosphingobium_NA
ASV_6188,Bacteria,Bacteroidota,Bacteroidia,Cytophagales,Spirosomataceae,Spirosoma,Spirosoma_NA
ASV_6189,Bacteria,Bacillota,Clostridia,Peptostreptococcales-Tissierellales,Anaerovoracaceae,NA,NA_NA
ASV_6190,Bacteria,Bacillota,Clostridia,Oscillospirales,Oscillospiraceae,Oscillibacter,Oscillibacter_NA
ASV_6191,Bacteria,Cyanobacteriota,Cyanobacteriia,Chloroplast,NA,NA,NA_NA
ASV_6192,Bacteria,Bacillota,Bacilli,Lactobacillales,Lactobacillaceae,Companilactobacillus,Companilactobacillus_paralimentarius
ASV_6193,Bacteria,Bacillota,Bacilli,Erysipelotrichales,Erysipelatoclostridiaceae,Kandleria,Kandleria_vitulina
ASV_6194,Bacteria,Bacteroidota,Bacteroidia,Bacteroidales,Prevotellaceae,Xylanibacter,Xylanibacter_NA
ASV_6195,Bacteria,Bacillota,Negativicutes,Veillonellales-Selenomonadales,Veillonellaceae,Dialister,Dialister_sp.
ASV_6196,Bacteria,Pseudomonadota,Alphaproteobacteria,Acetobacterales,Acetobacteraceae,NA,NA_NA
ASV_6197,Bacteria,Pseudomonadota,Gammaproteobacteria,Enterobacterales,Orbaceae,Orbus,Orbus_wheelerorum
ASV_6198,Bacteria,Pseudomonadota,Gammaproteobacteria,Burkholderiales,Burkholderiaceae,Burkholderia-Caballeronia-Paraburkholderia,Burkholderia-Caballeronia-Paraburkholderia_NA
ASV_6199,Bacteria,Cyanobacteriota,Cyanobacteriia,NA,NA,NA,NA_NA
ASV_6200,Bacteria,Pseudomonadota,Gammaproteobacteria,Pseudomonadales,Pseudomonadaceae,Pseudomonas,Pseudomonas_NA
ASV_6201,Bacteria,Bacteroidota,Bacteroidia,Bacteroidales,Dysgonomonadaceae,Dysgonomonas,Dysgonomonas_NA
ASV_6202,Bacteria,Pseudomonadota,Alphaproteobacteria,Sphingomonadales,Sphingomonadaceae,Zymomonas,Zymomonas_mobilis
ASV_6203,Bacteria,Verrucomicrobiota,Kiritimatiellia,WCHB1-41,NA,NA,NA_NA
ASV_6204,Bacteria,Actinomycetota,Actinobacteria,Actinomycetales,Actinomycetaceae,Mobiluncus,Mobiluncus_curtisii
ASV_6205,Bacteria,Bacillota,Clostridia,Lachnospirales,Lachnospiraceae,Extibacter,Extibacter_NA
ASV_6206,Bacteria,Actinomycetota,Thermoleophilia,Gaiellales,NA,NA,NA_NA
ASV_6207,Bacteria,Bacillota,Clostridia,Monoglobales,Monoglobaceae,Monoglobus,Monoglobus_NA
ASV_6208,Bacteria,Bacillota,Clostridia,Clostridiales,Clostridiaceae,NA,NA_NA
ASV_6209,Bacteria,Bacteroidota,Bacteroidia,Bacteroidales,Muribaculaceae,NA,NA_NA
ASV_6210,Bacteria,Chloroflexota,Anaerolineae,Anaerolineales,Anaerolineaceae,Anaerolinea,Anaerolinea_NA
ASV_6211,Bacteria,Bacteroidota,Bacteroidia,Bacteroidales,F082,NA,NA_NA
ASV_6212,Bacteria,Pseudomonadota,Alphaproteobacteria,Rickettsiales,Mitochondria,NA,NA_NA
ASV_6213,Bacteria,Bacillota,Clostridia,Oscillospirales,UCG-010,NA,NA_NA
ASV_6214,Bacteria,Bacillota,Clostridia,Oscillospirales,UCG-010,NA,NA_NA
ASV_6215,Bacteria,Bacillota,Clostridia,Oscillospirales,Ruminococcaceae,NA,NA_NA
ASV_6216,Bacteria,Bacillota,Clostridia,Oscillospirales,Oscillospiraceae,Ruminiclostridium,Ruminiclostridium_NA
ASV_6217,Bacteria,Bacillota,Clostridia,Oscillospirales,Butyricicoccaceae,UCG-008,UCG-008_NA
ASV_6218,Bacteria,Bacillota,Clostridia,Oscillospirales,Butyricicoccaceae,UCG-009,UCG-009_NA
ASV_6219,Bacteria,Verrucomicrobiota,Verrucomicrobiia,Verrucomicrobiales,Akkermansiaceae,Akkermansia,Akkermansia_NA
ASV_6220,Bacteria,Bacillota,Clostridia,Clostridia vadinBB60 group,NA,NA,NA_NA
ASV_6221,Bacteria,Cyanobacteriota,Vampirivibrionia,Gastranaerophilales,Gastranaerophilaceae,Zag_111,Zag_111_NA
ASV_6222,Bacteria,Bacillota,Bacilli,Erysipelotrichales,Erysipelotrichaceae,NA,NA_NA
ASV_6223,Bacteria,Bacillota,Clostridia,Oscillospirales,UCG-010,NA,NA_NA
ASV_6224,Bacteria,Pseudomonadota,Alphaproteobacteria,Rhodospirillales,NA,NA,NA_NA
ASV_6225,Bacteria,Bacillota,Clostridia,Lachnospirales,Lachnospiraceae,NA,NA_NA
ASV_6226,Bacteria,Bacillota,Clostridia,Oscillospirales,Butyricicoccaceae,UCG-009,UCG-009_NA
ASV_6227,Bacteria,Bacteroidota,Bacteroidia,Bacteroidales,Prevotellaceae,Prevotellaceae UCG-004,Prevotellaceae_UCG-004_NA
ASV_6228,Bacteria,Pseudomonadota,Alphaproteobacteria,Hyphomicrobiales,Rhizobiaceae,Agrobacterium,Agrobacterium_rubi
ASV_6229,Bacteria,Bacillota,Clostridia,Clostridia UCG-014,NA,NA,NA_NA
ASV_6230,Bacteria,Bacillota,Clostridia,Lachnospirales,Lachnospiraceae,Tyzzerella,Tyzzerella_NA
ASV_6231,Bacteria,Bacillota,Clostridia,Clostridia UCG-014,NA,NA,NA_NA
ASV_6232,Bacteria,Bacteroidota,Bacteroidia,Bacteroidales,Prevotellaceae,Xylanibacter,Xylanibacter_NA
ASV_6233,Bacteria,Bacteroidota,Bacteroidia,Bacteroidales,Rikenellaceae,Rikenellaceae RC9 gut group,Rikenellaceae_RC9_gut_group_NA
ASV_6234,Bacteria,Bacillota,Clostridia,Lachnospirales,Lachnospiraceae,Butyrivibrio,Butyrivibrio_proteoclasticus
ASV_6235,Bacteria,Pseudomonadota,Alphaproteobacteria,Holosporales,Holosporaceae,NA,NA_NA
ASV_6236,Bacteria,Pseudomonadota,Alphaproteobacteria,Rickettsiales,Mitochondria,NA,NA_NA
ASV_6237,Bacteria,Planctomycetota,Planctomycetes,Isosphaerales,Isosphaeraceae,Aquisphaera,Aquisphaera_NA
ASV_6238,Bacteria,Bacteroidota,Bacteroidia,Bacteroidales,Rikenellaceae,Alistipes,Alistipes_NA
ASV_6239,Bacteria,Rs-K70 termite group,NA,NA,NA,NA,NA_NA
ASV_6240,Bacteria,Bacteroidota,Bacteroidia,Bacteroidales,Williamwhitmaniaceae,Rs-D38 termite group,Rs-D38_termite_group_NA
ASV_6241,Bacteria,Bacillota,Clostridia,Oscillospirales,Ruminococcaceae,Negativibacillus,Negativibacillus_NA
ASV_6242,Bacteria,Bacillota,Clostridia,Peptostreptococcales-Tissierellales,Anaerovoracaceae,Eubacterium,Eubacterium_sp
ASV_6243,Bacteria,Thermodesulfobacteriota,Desulfovibrionia,Desulfovibrionales,Desulfovibrionaceae,Desulfovibrio,Desulfovibrio_NA
ASV_6244,Bacteria,Bacteroidota,Bacteroidia,Bacteroidales,Rikenellaceae,Rikenellaceae RC9 gut group,Rikenellaceae_RC9_gut_group_NA
ASV_6245,Bacteria,Pseudomonadota,Gammaproteobacteria,Burkholderiales,Burkholderiaceae,Burkholderia-Caballeronia-Paraburkholderia,Burkholderia-Caballeronia-Paraburkholderia_NA
ASV_6246,Bacteria,Bacteroidota,Bacteroidia,Bacteroidales,Muribaculaceae,NA,NA_NA
ASV_6247,Bacteria,Bacillota,Clostridia,Oscillospirales,UCG-010,NA,NA_NA
ASV_6248,Bacteria,Bacteroidota,Bacteroidia,Bacteroidales,Muribaculaceae,NA,NA_NA
ASV_6249,Bacteria,Bacillota,Clostridia,Lachnospirales,Lachnospiraceae,Lachnospiraceae AC2044 group,Lachnospiraceae_AC2044_group_NA
ASV_6250,Eukaryota,NA,NA,NA,NA,NA,NA_NA
ASV_6251,Bacteria,Bacteroidota,Bacteroidia,Bacteroidales,Muribaculaceae,NA,NA_NA
ASV_6252,Bacteria,Bacillota,Clostridia,Oscillospirales,Ruminococcaceae,Clostridium,Clostridium_methylpentosum_group
ASV_6253,Bacteria,Bacillota,Clostridia,Christensenellales,Christensenellaceae,Christensenellaceae R-7 group,Christensenellaceae_R-7_group_NA
ASV_6254,Bacteria,Bacillota,Clostridia,Oscillospirales,[Eubacterium] coprostanoligenes group,NA,NA_NA
ASV_6255,Bacteria,Verrucomicrobiota,Lentisphaeria,Victivallales,Victivallaceae,NA,NA_NA
ASV_6256,Bacteria,Verrucomicrobiota,Kiritimatiellia,WCHB1-41,NA,NA,NA_NA
ASV_6257,Bacteria,Bacillota,Clostridia,Oscillospirales,Ruminococcaceae,NA,NA_NA
ASV_6258,Bacteria,Bacillota,Bacilli,Staphylococcales,Gemellaceae,Gemella,Gemella_morbillorum
ASV_6259,Bacteria,Bacillota,Clostridia,Oscillospirales,Oscillospiraceae,UCG-005,UCG-005_NA
ASV_6260,Bacteria,Spirochaetota,Spirochaetia,Spirochaetales,Spirochaetaceae,Treponema,Treponema_bryantii
ASV_6261,Bacteria,Bacillota,Clostridia,Oscillospirales,NA,NA,NA_NA
ASV_6262,Bacteria,Bacillota,Clostridia,Clostridia UCG-014,NA,NA,NA_NA
ASV_6263,Bacteria,Bacillota,Bacilli,Paenibacillales,Paenibacillaceae,Paenibacillus,Paenibacillus_xylanexedens
ASV_6264,Bacteria,Bacillota,Negativicutes,Veillonellales-Selenomonadales,Selenomonadaceae,Quinella,Quinella_NA
ASV_6265,Bacteria,Bacillota,Clostridia,Oscillospirales,[Eubacterium] coprostanoligenes group,NA,NA_NA
ASV_6266,Bacteria,Pseudomonadota,Alphaproteobacteria,Acetobacterales,Acetobacteraceae,Acidiphilium,Acidiphilium_NA
ASV_6267,Bacteria,Deinococcota,Deinococci,Deinococcales,Deinococcaceae,Deinococcus,Deinococcus_gobiensis
ASV_6268,Bacteria,Bacteroidota,Bacteroidia,Cytophagales,Hymenobacteraceae,Hymenobacter,Hymenobacter_setariae
ASV_6269,Bacteria,NA,NA,NA,NA,NA,NA_NA
ASV_6270,Bacteria,Bacillota,Bacilli,Lactobacillales,Streptococcaceae,Streptococcus,Streptococcus_dysgalactiae
ASV_6271,Bacteria,Bacillota,Clostridia,Lachnospirales,Lachnospiraceae,Blautia,Blautia_argi
ASV_6272,Bacteria,Actinomycetota,Actinobacteria,Frankiales,Nakamurellaceae,Nakamurella,Nakamurella_NA
ASV_6273,Bacteria,Bacillota,Clostridia,Lachnospirales,Lachnospiraceae,Epulopiscium,Epulopiscium_NA
ASV_6274,Bacteria,Bacillota,Bacilli,Erysipelotrichales,Erysipelatoclostridiaceae,Massiliomicrobiota,Massiliomicrobiota_NA
ASV_6275,Bacteria,Actinomycetota,Actinobacteria,Mycobacteriales,Corynebacteriaceae,Corynebacterium,Corynebacterium_sp.
ASV_6276,Bacteria,Bacteroidota,Bacteroidia,Bacteroidales,Rikenellaceae,Rikenellaceae RC9 gut group,Rikenellaceae_RC9_gut_group_NA
ASV_6277,Bacteria,Bacteroidota,Bacteroidia,Sphingobacteriales,Sphingobacteriaceae,Sphingobacterium,Sphingobacterium_multivorum
ASV_6278,Bacteria,Pseudomonadota,Gammaproteobacteria,Burkholderiales,Comamonadaceae,Comamonas,Comamonas_testosteroni
ASV_6279,Bacteria,Actinomycetota,Coriobacteriia,Coriobacteriales,Coriobacteriaceae,Collinsella,Collinsella_stercoris
ASV_6280,Bacteria,Bacillota,Bacilli,Mycoplasmatales,Mycoplasmataceae,Candidatus Hepatoplasma,Candidatus_Hepatoplasma_crinochetorum
ASV_6281,Bacteria,Bacteroidota,Bacteroidia,Bacteroidales,NA,NA,NA_NA
ASV_6282,Bacteria,Pseudomonadota,Alphaproteobacteria,Hyphomicrobiales,Beijerinckiaceae,Methylobacterium,Methylobacterium_aerolatum
ASV_6283,Bacteria,Bacillota,Clostridia,Oscillospirales,Ruminococcaceae,Faecalibacterium,Faecalibacterium_NA
ASV_6284,Bacteria,Bacteroidota,Bacteroidia,Bacteroidales,Muribaculaceae,NA,NA_NA
ASV_6285,Bacteria,Pseudomonadota,Alphaproteobacteria,NA,NA,NA,NA_NA
ASV_6286,Eukaryota,NA,NA,NA,NA,NA,NA_NA
ASV_6287,Bacteria,Pseudomonadota,Alphaproteobacteria,Hyphomicrobiales,Hyphomicrobiales Incertae Sedis,Alsobacter,Alsobacter_NA
ASV_6288,Bacteria,Bacillota,Clostridia,Peptostreptococcales-Tissierellales,Family XI,Tissierella,Tissierella_NA
ASV_6289,Bacteria,Bacillota,Negativicutes,Acidaminococcales,Acidaminococcaceae,Succinispira,Succinispira_mobilis
ASV_6290,Bacteria,Bacillota,Clostridia,Oscillospirales,Ruminococcaceae,Ruminococcus,Ruminococcus_NA
ASV_6291,Bacteria,Bacteroidota,Bacteroidia,NA,NA,NA,NA_NA
ASV_6292,Bacteria,Bacteroidota,Bacteroidia,Bacteroidales,NA,NA,NA_NA
ASV_6293,Bacteria,Bacillota,Clostridia,Peptostreptococcales-Tissierellales,Peptostreptococcaceae,Peptoclostridium,Peptoclostridium_NA
ASV_6294,Bacteria,Pseudomonadota,Gammaproteobacteria,Burkholderiales,Neisseriaceae,Vitreoscilla,Vitreoscilla_NA
ASV_6295,Bacteria,Pseudomonadota,Alphaproteobacteria,Acetobacterales,Acetobacteraceae,Acidiphilium,Acidiphilium_NA
ASV_6296,Bacteria,Bacteroidota,Bacteroidia,Bacteroidales,Dysgonomonadaceae,Dysgonomonas,Dysgonomonas_NA
ASV_6297,Bacteria,Pseudomonadota,Alphaproteobacteria,Hyphomicrobiales,Xanthobacteraceae,Pseudolabrys,Pseudolabrys_NA
ASV_6298,Bacteria,Actinomycetota,Coriobacteriia,Coriobacteriales,Atopobiaceae,Lancefieldella,Lancefieldella_parvula
ASV_6299,Bacteria,Bacillota,Bacilli,Erysipelotrichales,Erysipelatoclostridiaceae,Catenibacterium,Catenibacterium_mitsuokai
ASV_6300,Bacteria,Bacillota,Clostridia,NA,NA,NA,NA_NA
ASV_6301,Bacteria,Bacteroidota,Bacteroidia,Bacteroidales,Bacteroidaceae,Bacteroides,Bacteroides_NA
ASV_6302,Bacteria,Bacillota,Negativicutes,Veillonellales-Selenomonadales,Sporomusaceae,Sporomusa,Sporomusa_NA
ASV_6303,Bacteria,Actinomycetota,Thermoleophilia,Solirubrobacterales,67-14,NA,NA_NA
ASV_6304,Bacteria,Pseudomonadota,Alphaproteobacteria,Acetobacterales,Acetobacteraceae,NA,NA_NA
ASV_6305,Bacteria,Bacillota,Clostridia,Lachnospirales,Lachnospiraceae,Coprococcus,Coprococcus_NA
ASV_6306,Bacteria,Bacillota,Clostridia,Monoglobales,Monoglobaceae,Monoglobus,Monoglobus_NA
ASV_6307,Bacteria,Bacillota,Clostridia,Christensenellales,Christensenellaceae,Christensenellaceae R-7 group,Christensenellaceae_R-7_group_NA
ASV_6308,Bacteria,Actinomycetota,Coriobacteriia,Coriobacteriales,Coriobacteriales Incertae Sedis,NA,NA_NA
ASV_6309,Bacteria,Verrucomicrobiota,Kiritimatiellia,WCHB1-41,NA,NA,NA_NA
ASV_6310,Bacteria,Bacillota,Clostridia,Oscillospirales,UCG-010,NA,NA_NA
ASV_6311,Bacteria,Verrucomicrobiota,Lentisphaeria,Victivallales,vadinBE97,NA,NA_NA
ASV_6312,Bacteria,Bacillota,Bacilli,Mycoplasmatales,Mycoplasmataceae,Mycoplasma,Mycoplasma_NA
ASV_6313,Bacteria,Bacteroidota,Bacteroidia,Bacteroidales,Prevotellaceae,Prevotellaceae UCG-004,Prevotellaceae_UCG-004_NA
ASV_6314,Bacteria,Bacteroidota,Bacteroidia,Bacteroidales,Rikenellaceae,Rikenellaceae RC9 gut group,Rikenellaceae_RC9_gut_group_NA
ASV_6315,Bacteria,Synergistota,Synergistia,Synergistales,Synergistaceae,Fretibacterium,Fretibacterium_NA
ASV_6316,Bacteria,Bacillota,Clostridia,NA,NA,NA,NA_NA
ASV_6317,Bacteria,Bacillota,Clostridia,NA,NA,NA,NA_NA
ASV_6318,Bacteria,Bacillota,Bacilli,Erysipelotrichales,Erysipelotrichaceae,NA,NA_NA
ASV_6319,Bacteria,Bacillota,Clostridia,Oscillospirales,[Eubacterium] coprostanoligenes group,NA,NA_NA
ASV_6320,Bacteria,Bacillota,Clostridia,Oscillospirales,UCG-010,NA,NA_NA
ASV_6321,Bacteria,Bacillota,Clostridia,Christensenellales,Christensenellaceae,Christensenellaceae R-7 group,Christensenellaceae_R-7_group_NA
ASV_6322,Bacteria,Synergistota,Synergistia,Synergistales,Synergistaceae,NA,NA_NA
ASV_6323,Bacteria,Bacillota,Clostridia,Peptostreptococcales-Tissierellales,Anaerovoracaceae,NA,NA_NA
ASV_6324,Bacteria,Bacillota,Clostridia,Clostridia vadinBB60 group,NA,NA,NA_NA
ASV_6325,Bacteria,Bacillota,Clostridia,Clostridia UCG-014,NA,NA,NA_NA
ASV_6326,Bacteria,Bacteroidota,Bacteroidia,Bacteroidales,Prevotellaceae,NA,NA_NA
ASV_6327,Bacteria,Verrucomicrobiota,Verrucomicrobiia,Opitutales,Puniceicoccaceae,NA,NA_NA
ASV_6328,Bacteria,Bacillota,Bacilli,Lactobacillales,Lactobacillaceae,Limosilactobacillus,Limosilactobacillus_oris
ASV_6329,Bacteria,Pseudomonadota,Gammaproteobacteria,Pseudomonadales,Moraxellaceae,Acinetobacter,Acinetobacter_marinus
ASV_6330,Bacteria,Actinomycetota,Actinobacteria,Micrococcales,Intrasporangiaceae,Terrabacter,Terrabacter_NA
ASV_6331,Bacteria,Bacillota,Clostridia,Lachnospirales,Lachnospiraceae,Lachnospiraceae UCG-008,Lachnospiraceae_UCG-008_NA
ASV_6332,Bacteria,Bacillota,Clostridia,Lachnospirales,Lachnospiraceae,NA,NA_NA
ASV_6333,Bacteria,Bacteroidota,Bacteroidia,Bacteroidales,Bacteroidaceae,Bacteroides,Bacteroides_propionicifaciens
ASV_6334,Bacteria,Bacillota,Clostridia,Oscillospirales,Oscillospiraceae,UCG-002,UCG-002_NA
ASV_6335,Bacteria,Pseudomonadota,Alphaproteobacteria,Hyphomicrobiales,Rhizobiaceae,Paenochrobactrum,Paenochrobactrum_NA
ASV_6336,Bacteria,Pseudomonadota,Gammaproteobacteria,Pseudomonadales,Pseudomonadaceae,Pseudomonas,Pseudomonas_citronellolis
ASV_6337,Bacteria,Pseudomonadota,Gammaproteobacteria,Burkholderiales,NA,NA,NA_NA
ASV_6338,Bacteria,Bacteroidota,Bacteroidia,Bacteroidales,Bacteroidaceae,Bacteroides,Bacteroides_NA
ASV_6339,Bacteria,Bacteroidota,Bacteroidia,Bacteroidales,Rikenellaceae,Alistipes,Alistipes_NA
ASV_6340,Bacteria,Bacteroidota,Bacteroidia,Bacteroidales,Rikenellaceae,Alistipes,Alistipes_NA
ASV_6341,Bacteria,Bacillota,Bacilli,Paenibacillales,Paenibacillaceae,Paenibacillus,Paenibacillus_NA
ASV_6342,Bacteria,Bdellovibrionota,Bdellovibrionia,Bdellovibrionales,Pseudobdellovibrionaceae,Bdellovibrio,Bdellovibrio_bacteriovorus
ASV_6343,Bacteria,Bacillota,Bacilli,RF39,NA,NA,NA_NA
ASV_6344,Bacteria,Bacillota,Clostridia,NA,NA,NA,NA_NA
ASV_6345,Bacteria,Bacteroidota,Bacteroidia,Bacteroidales,Muribaculaceae,NA,NA_NA
ASV_6346,Bacteria,Patescibacteria,Saccharimonadia,Saccharimonadales,Saccharimonadaceae,Candidatus Saccharimonas,Candidatus_Saccharimonas_NA
ASV_6347,Bacteria,Bacillota,Negativicutes,Acidaminococcales,Acidaminococcaceae,Succiniclasticum,Succiniclasticum_NA
ASV_6348,Bacteria,Bacteroidota,Bacteroidia,Bacteroidales,Prevotellaceae,Xylanibacter,Xylanibacter_NA
ASV_6349,Bacteria,Bacillota,Clostridia,Oscillospirales,Ruminococcaceae,Ruminococcus,Ruminococcus_NA
ASV_6350,Bacteria,Bacillota,Clostridia,Lachnospirales,Lachnospiraceae,Lachnospiraceae NK4A136 group,Lachnospiraceae_NK4A136_group_NA
ASV_6351,Bacteria,Bacillota,Clostridia,Oscillospirales,UCG-010,NA,NA_NA
ASV_6352,Bacteria,Bacillota,Clostridia,Oscillospirales,Ruminococcaceae,Ruminococcus,Ruminococcus_NA
ASV_6353,Bacteria,Bacillota,Clostridia,Lachnospirales,Lachnospiraceae,Moryella,Moryella_NA
ASV_6354,Bacteria,Bacillota,Clostridia,Monoglobales,Monoglobaceae,Monoglobus,Monoglobus_NA
ASV_6355,Bacteria,Bacteroidota,Bacteroidia,Bacteroidales,Bacteroidales RF16 group,NA,NA_NA
ASV_6356,Bacteria,Bacillota,Clostridia,Oscillospirales,Oscillospiraceae,Flavonifractor,Flavonifractor_NA
ASV_6357,Bacteria,Bacillota,Bacilli,Bacillales,Planococcaceae,Lysinibacillus,Lysinibacillus_massiliensis
ASV_6358,Bacteria,Bacillota,Clostridia,Lachnospirales,Lachnospiraceae,NA,NA_NA
ASV_6359,Bacteria,NA,NA,NA,NA,NA,NA_NA
ASV_6360,Bacteria,Bacillota,Clostridia,Lachnospirales,Lachnospiraceae,Anaerobutyricum,Anaerobutyricum_NA
ASV_6361,Eukaryota,NA,NA,NA,NA,NA,NA_NA
ASV_6362,Bacteria,NA,NA,NA,NA,NA,NA_NA
ASV_6363,Bacteria,Pseudomonadota,Alphaproteobacteria,Sphingomonadales,Sphingomonadaceae,Sphingomonas,Sphingomonas_NA
ASV_6364,Bacteria,Bacteroidota,Bacteroidia,Bacteroidales,Prevotellaceae,Xylanibacter,Xylanibacter_NA
ASV_6365,Bacteria,Actinomycetota,Actinobacteria,Kitasatosporales,Streptomycetaceae,Streptomyces,Streptomyces_albidoflavus
ASV_6366,Bacteria,Bacteroidota,Bacteroidia,Bacteroidales,Dysgonomonadaceae,Dysgonomonas,Dysgonomonas_mossii
ASV_6367,Bacteria,Bacillota,Bacilli,Erysipelotrichales,Erysipelotrichaceae,Solobacterium,Solobacterium_NA
ASV_6368,Bacteria,Bacillota,Clostridia,Lachnospirales,Lachnospiraceae,Anaerobutyricum,Anaerobutyricum_NA
ASV_6369,Bacteria,Pseudomonadota,Gammaproteobacteria,Burkholderiales,Alcaligenaceae,Achromobacter,Achromobacter_insolitus
ASV_6370,Bacteria,Pseudomonadota,Alphaproteobacteria,Caulobacterales,Caulobacteraceae,Caulobacter,Caulobacter_NA
ASV_6371,Bacteria,Bacillota,Clostridia,Lachnospirales,Lachnospiraceae,Epulopiscium,Epulopiscium_NA
ASV_6372,Bacteria,Bacteroidota,Bacteroidia,Bacteroidales,Bacteroidaceae,Bacteroides,Bacteroides_coprocola
ASV_6373,Bacteria,Bacillota,Clostridia,Lachnospirales,Lachnospiraceae,Anaerostipes,Anaerostipes_hadrus
ASV_6374,Bacteria,Bacillota,Bacilli,NA,NA,NA,NA_NA
ASV_6375,Bacteria,Bacteroidota,Bacteroidia,Bacteroidales,Rikenellaceae,Alistipes,Alistipes_senegalensis
ASV_6376,Bacteria,Bacteroidota,Bacteroidia,Bacteroidales,Bacteroidaceae,Bacteroides,Bacteroides_uniformis
ASV_6377,Bacteria,Bacillota,Clostridia,Peptostreptococcales-Tissierellales,Anaerovoracaceae,Mogibacterium,Mogibacterium_NA
ASV_6378,Bacteria,Actinomycetota,Actinobacteria,Mycobacteriales,Nocardiaceae,Rhodococcus,Rhodococcus_fascians
ASV_6379,Bacteria,Pseudomonadota,Alphaproteobacteria,Hyphomicrobiales,Rhizobiaceae,Bartonella,Bartonella_NA
ASV_6380,Bacteria,Pseudomonadota,Alphaproteobacteria,Rhodobacterales,Paracoccaceae,Falsirhodobacter,Falsirhodobacter_halotolerans
ASV_6381,Bacteria,Bacteroidota,Bacteroidia,Bacteroidales,Bacteroidaceae,Bacteroides,Bacteroides_massiliensis
ASV_6382,Bacteria,Pseudomonadota,Alphaproteobacteria,Caulobacterales,Caulobacteraceae,Brevundimonas,Brevundimonas_intermedia
ASV_6383,Bacteria,Pseudomonadota,Gammaproteobacteria,Enterobacterales,Morganellaceae,Proteus,Proteus_NA
ASV_6384,Bacteria,Bacillota,Clostridia,Oscillospirales,Ruminococcaceae,Pygmaiobacter,Pygmaiobacter_NA
ASV_6385,Bacteria,Pseudomonadota,Gammaproteobacteria,Burkholderiales,Comamonadaceae,Comamonas,Comamonas_denitrificans
ASV_6386,Bacteria,Pseudomonadota,Alphaproteobacteria,Rickettsiales,AB1,NA,NA_NA
ASV_6387,Bacteria,Bacteroidota,Bacteroidia,Cytophagales,Hymenobacteraceae,Hymenobacter,Hymenobacter_sp.
ASV_6388,Bacteria,Bacillota,Clostridia,Lachnospirales,Lachnospiraceae,Sellimonas,Sellimonas_NA
ASV_6389,Bacteria,Bacteroidota,Bacteroidia,Bacteroidales,Rikenellaceae,Rikenellaceae RC9 gut group,Rikenellaceae_RC9_gut_group_NA
ASV_6390,Bacteria,Bacteroidota,Bacteroidia,Bacteroidales,Prevotellaceae,Pseudoprevotella,Pseudoprevotella_NA
ASV_6391,Bacteria,Actinomycetota,Actinobacteria,Mycobacteriales,Nocardiaceae,Gordonia,Gordonia_cholesterolivorans
ASV_6392,Bacteria,Bacteroidota,Bacteroidia,Flavobacteriales,Weeksellaceae,Chryseobacterium,Chryseobacterium_indologenes
ASV_6393,Bacteria,Thermodesulfobacteriota,Desulfovibrionia,Desulfovibrionales,Desulfovibrionaceae,Desulfovibrio,Desulfovibrio_sp.
ASV_6394,Bacteria,Actinomycetota,Coriobacteriia,Coriobacteriales,Eggerthellaceae,Adlercreutzia,Adlercreutzia_NA
ASV_6395,Bacteria,Bacteroidota,Bacteroidia,Cytophagales,Hymenobacteraceae,Hymenobacter,Hymenobacter_NA
ASV_6396,Bacteria,Pseudomonadota,Alphaproteobacteria,Rickettsiales,Mitochondria,NA,NA_NA
ASV_6397,Bacteria,Actinomycetota,Actinobacteria,Mycobacteriales,Nocardiaceae,Rhodococcus,Rhodococcus_aerolatus
ASV_6398,Bacteria,Bacteroidota,Bacteroidia,Bacteroidales,Prevotellaceae,Prevotella,Prevotella_veroralis
ASV_6399,Bacteria,Bacillota,Bacilli,Paenibacillales,Paenibacillaceae,Paenibacillus,Paenibacillus_contaminans
ASV_6400,Bacteria,Campylobacterota,Campylobacteria,Campylobacterales,Helicobacteraceae,Helicobacter,Helicobacter_NA
ASV_6401,Bacteria,Bacillota,Bacilli,Lactobacillales,Streptococcaceae,Streptococcus,Streptococcus_gallolyticus
ASV_6402,Bacteria,Bacillota,Bacilli,RsaHf231,NA,NA,NA_NA
ASV_6403,Bacteria,Bacillota,Clostridia,Peptococcales,Peptococcaceae,NA,NA_NA
ASV_6404,Bacteria,Pseudomonadota,Alphaproteobacteria,Hyphomicrobiales,Beijerinckiaceae,Lichenibacterium,Lichenibacterium_NA
ASV_6405,Bacteria,Bacillota,Clostridia,Oscillospirales,Ruminococcaceae,NA,NA_NA
ASV_6406,Bacteria,Actinomycetota,Actinobacteria,Frankiales,Acidothermaceae,Acidothermus,Acidothermus_NA
ASV_6407,Bacteria,Bacillota,Bacilli,Erysipelotrichales,Erysipelotrichaceae,Dielma,Dielma_fastidiosa
ASV_6408,Bacteria,Bacillota,Clostridia,Oscillospirales,Ruminococcaceae,Hydrogenoanaerobacterium,Hydrogenoanaerobacterium_NA
ASV_6409,Bacteria,Bacillota,Clostridia,Peptostreptococcales-Tissierellales,Anaerovoracaceae,Mogibacterium,Mogibacterium_NA
ASV_6410,Eukaryota,NA,NA,NA,NA,NA,NA_NA
ASV_6411,Bacteria,Bacillota,Bacilli,Erysipelotrichales,Erysipelotrichaceae,Allobaculum,Allobaculum_stercoricanis
ASV_6412,Bacteria,Bacillota,Bacilli,Erysipelotrichales,Erysipelotrichaceae,Catenisphaera,Catenisphaera_NA
ASV_6413,Bacteria,Bacillota,Clostridia,Monoglobales,Monoglobaceae,Monoglobus,Monoglobus_NA
ASV_6414,Bacteria,Bacillota,Clostridia,Lachnospirales,Lachnospiraceae,NA,NA_NA
ASV_6415,Bacteria,Bacteroidota,Bacteroidia,Bacteroidales,Prevotellaceae,Prevotellaceae UCG-003,Prevotellaceae_UCG-003_NA
ASV_6416,Bacteria,Spirochaetota,Spirochaetia,Spirochaetales,Spirochaetaceae,Treponema,Treponema_berlinense
ASV_6417,Bacteria,Bacillota,Clostridia,Oscillospirales,[Eubacterium] coprostanoligenes group,NA,NA_NA
ASV_6418,Bacteria,Bacillota,Bacilli,Acholeplasmatales,Acholeplasmataceae,NED5E9,NED5E9_NA
ASV_6419,Bacteria,Bacteroidota,Bacteroidia,Bacteroidales,Rikenellaceae,Rikenellaceae RC9 gut group,Rikenellaceae_RC9_gut_group_NA
ASV_6420,Bacteria,Bacillota,Bacilli,Acholeplasmatales,Acholeplasmataceae,Anaeroplasma,Anaeroplasma_sp.
ASV_6421,Bacteria,Bacillota,Clostridia,Oscillospirales,Ruminococcaceae,Acutalibacter,Acutalibacter_NA
ASV_6422,Bacteria,Bacillota,Bacilli,Erysipelotrichales,Erysipelotrichaceae,NA,NA_NA
ASV_6423,Bacteria,Bacillota,Bacilli,Erysipelotrichales,Erysipelatoclostridiaceae,UCG-004,UCG-004_NA
ASV_6424,Bacteria,Actinomycetota,Coriobacteriia,Coriobacteriales,Eggerthellaceae,Denitrobacterium,Denitrobacterium_detoxificans
ASV_6425,Bacteria,Bacillota,Clostridia,Lachnospirales,Lachnospiraceae,Coprococcus,Coprococcus_NA
ASV_6426,Bacteria,Actinomycetota,Coriobacteriia,Coriobacteriales,Eggerthellaceae,Adlercreutzia,Adlercreutzia_NA
ASV_6427,Bacteria,Bacteroidota,Bacteroidia,Bacteroidales,F082,NA,NA_NA
ASV_6428,Bacteria,Bacillota,Clostridia,Christensenellales,Christensenellaceae,Christensenellaceae R-7 group,Christensenellaceae_R-7_group_NA
ASV_6429,Bacteria,Bacillota,Bacilli,RF39,NA,NA,NA_NA
ASV_6430,Bacteria,Bacillota,Clostridia,Lachnospirales,Lachnospiraceae,NA,NA_NA
ASV_6431,Bacteria,Bacillota,NA,NA,NA,NA,NA_NA
ASV_6432,Bacteria,Bacteroidota,Bacteroidia,Bacteroidales,Prevotellaceae,Prevotellaceae UCG-003,Prevotellaceae_UCG-003_NA
ASV_6433,Bacteria,Bacillota,Clostridia,Oscillospirales,Butyricicoccaceae,NA,NA_NA
ASV_6434,Bacteria,Bacteroidota,Bacteroidia,Bacteroidales,Marinifilaceae,Odoribacter,Odoribacter_NA
ASV_6435,Bacteria,Bacillota,Bacilli,Lactobacillales,Lactobacillaceae,Lactobacillus,Lactobacillus_gasseri
ASV_6436,Bacteria,Bacteroidota,Bacteroidia,Bacteroidales,Rikenellaceae,Rikenellaceae RC9 gut group,Rikenellaceae_RC9_gut_group_NA
ASV_6437,Bacteria,Bacillota,Clostridia,Lachnospirales,Lachnospiraceae,Anaerosporobacter,Anaerosporobacter_faecicola
ASV_6438,Bacteria,Bacillota,Clostridia,Lachnospirales,Lachnospiraceae,NA,NA_NA
ASV_6439,Bacteria,Bacillota,Clostridia,Christensenellales,Christensenellaceae,Christensenellaceae R-7 group,Christensenellaceae_R-7_group_NA
ASV_6440,Bacteria,Bacillota,Negativicutes,Acidaminococcales,Acidaminococcaceae,NA,NA_NA
ASV_6441,Bacteria,Spirochaetota,Spirochaetia,Spirochaetales,Spirochaetaceae,NA,NA_NA
ASV_6442,Bacteria,Bacillota,Clostridia,Lachnospirales,Lachnospiraceae,NA,NA_NA
ASV_6443,Bacteria,Verrucomicrobiota,Verrucomicrobiia,Verrucomicrobiales,Rubritaleaceae,Luteolibacter,Luteolibacter_NA
ASV_6444,Bacteria,Pseudomonadota,Alphaproteobacteria,Hyphomicrobiales,Rhizobiaceae,Shinella,Shinella_kummerowiae
ASV_6445,Bacteria,Bacillota,Clostridia,Oscillospirales,UCG-010,NA,NA_NA
ASV_6446,Bacteria,Bacillota,Clostridia,Oscillospirales,Oscillospiraceae,UCG-002,UCG-002_NA
ASV_6447,Bacteria,Bacillota,Bacilli,Izemoplasmatales,NA,NA,NA_NA
ASV_6448,Bacteria,Bacillota,Bacilli,RF39,NA,NA,NA_NA
ASV_6449,Bacteria,Bacillota,Bacilli,Erysipelotrichales,Erysipelatoclostridiaceae,Kandleria,Kandleria_vitulina
ASV_6450,Bacteria,Bacillota,Clostridia,Lachnospirales,Lachnospiraceae,Eubacterium,Eubacterium_ventriosum_group
ASV_6451,Bacteria,Bacillota,Bacilli,RF39,NA,NA,NA_NA
ASV_6452,Bacteria,Bacillota,Clostridia,Peptostreptococcales-Tissierellales,Anaerovoracaceae,Hornefia,Hornefia_NA
ASV_6453,Bacteria,Bacillota,Clostridia,Christensenellales,Christensenellaceae,Christensenellaceae R-7 group,Christensenellaceae_R-7_group_NA
ASV_6454,Bacteria,Bacillota,Clostridia,Peptostreptococcales-Tissierellales,Anaerovoracaceae,Family XIII AD3011 group,Family_XIII_AD3011_group_NA
ASV_6455,Bacteria,Bacteroidota,Bacteroidia,Cytophagales,Spirosomataceae,Spirosoma,Spirosoma_rhododendri
ASV_6456,Bacteria,Pseudomonadota,Gammaproteobacteria,Rickettsiellales,Rickettsiellaceae,Rickettsiella,Rickettsiella_NA
ASV_6457,Bacteria,Bacteroidota,Bacteroidia,Bacteroidales,F082,NA,NA_NA
ASV_6458,Bacteria,Bacillota,Clostridia,Oscillospirales,UCG-010,NA,NA_NA
ASV_6459,Bacteria,Bacteroidota,Bacteroidia,Bacteroidales,Prevotellaceae,Xylanibacter,Xylanibacter_NA
ASV_6460,Bacteria,Bacillota,Clostridia,Oscillospirales,UCG-010,NA,NA_NA
ASV_6461,Bacteria,Pseudomonadota,Alphaproteobacteria,Sphingomonadales,Sphingomonadaceae,Sphingomonas,Sphingomonas_NA
ASV_6462,Bacteria,Acidobacteriota,Acidobacteriae,Terriglobales,Acidobacteriaceae (Subgroup 1),Terriglobus,Terriglobus_NA
ASV_6463,Bacteria,Bacillota,Clostridia,Lachnospirales,Lachnospiraceae,Sellimonas,Sellimonas_NA
ASV_6464,Eukaryota,NA,NA,NA,NA,NA,NA_NA
ASV_6465,Bacteria,Bacillota,Clostridia,Oscillospirales,Ruminococcaceae,Acutalibacter,Acutalibacter_NA
ASV_6466,Bacteria,Campylobacterota,Campylobacteria,Campylobacterales,Arcobacteraceae,Arcobacter,Arcobacter_butzleri
ASV_6467,Bacteria,Bacillota,Clostridia,Oscillospirales,Ruminococcaceae,Paludicola,Paludicola_NA
ASV_6468,Bacteria,Pseudomonadota,Alphaproteobacteria,Rickettsiales,Mitochondria,NA,NA_NA
ASV_6469,Bacteria,Bacteroidota,Bacteroidia,Cytophagales,Cyclobacteriaceae,Algoriphagus,Algoriphagus_sp.
ASV_6470,Bacteria,Actinomycetota,Actinobacteria,Mycobacteriales,Tsukamurellaceae,Tsukamurella,Tsukamurella_pseudospumae
ASV_6471,Bacteria,Bacillota,Clostridia,Lachnospirales,Lachnospiraceae,Ruminococcus,Ruminococcus_gauvreauii_group
ASV_6472,Bacteria,Bacteroidota,Bacteroidia,Bacteroidales,Rikenellaceae,dgA-11 gut group,dgA-11_gut_group_NA
ASV_6473,Bacteria,Bacteroidota,Bacteroidia,Cytophagales,Hymenobacteraceae,Hymenobacter,Hymenobacter_NA
ASV_6474,Bacteria,Actinomycetota,Actinobacteria,Mycobacteriales,Corynebacteriaceae,Corynebacterium,Corynebacterium_doosanense
ASV_6475,Bacteria,Bacillota,Clostridia,Clostridiales,Clostridiaceae,Proteiniclasticum,Proteiniclasticum_NA
ASV_6476,Bacteria,Bacteroidota,Bacteroidia,Bacteroidales,Prevotellaceae,Prevotellaceae Ga6A1 group,Prevotellaceae_Ga6A1_group_NA
ASV_6477,Bacteria,Bacteroidota,Bacteroidia,Bacteroidales,Rikenellaceae,Alistipes,Alistipes_indistinctus
ASV_6478,Bacteria,Bacteroidota,Bacteroidia,Bacteroidales,Bacteroidaceae,Bacteroides,Bacteroides_NA
ASV_6479,Bacteria,Bacteroidota,Bacteroidia,Bacteroidales,NA,NA,NA_NA
ASV_6480,Bacteria,Bacteroidota,Bacteroidia,Bacteroidales,Bacteroidaceae,Bacteroides,Bacteroides_NA
ASV_6481,Bacteria,Pseudomonadota,Alphaproteobacteria,Rhodobacterales,Paracoccaceae,Paracoccus,Paracoccus_alimentarius
ASV_6482,Bacteria,Bacillota,Clostridia,Oscillospirales,Ruminococcaceae,Ruminococcus,Ruminococcus_callidus
ASV_6483,Bacteria,Bacillota,Clostridia,Lachnospirales,Lachnospiraceae,NA,NA_NA
ASV_6484,Bacteria,Pseudomonadota,Alphaproteobacteria,Sphingomonadales,Sphingomonadaceae,Novosphingobium,Novosphingobium_NA
ASV_6485,Bacteria,Cyanobacteriota,Cyanobacteriia,Chloroplast,NA,NA,NA_NA
ASV_6486,Eukaryota,NA,NA,NA,NA,NA,NA_NA
ASV_6487,Bacteria,Bacillota,Clostridia,Peptostreptococcales-Tissierellales,Anaerovoracaceae,Family XIII AD3011 group,Family_XIII_AD3011_group_NA
ASV_6488,Bacteria,Bacillota,Bacilli,Erysipelotrichales,Erysipelotrichaceae,Solobacterium,Solobacterium_NA
ASV_6489,Bacteria,Bacillota,Clostridia,Peptostreptococcales-Tissierellales,Anaerovoracaceae,NA,NA_NA
ASV_6490,Bacteria,Bacillota,Bacilli,Erysipelotrichales,NA,NA,NA_NA
ASV_6491,Bacteria,Bacillota,Clostridia,Christensenellales,Christensenellaceae,Christensenellaceae R-7 group,Christensenellaceae_R-7_group_NA
ASV_6492,Bacteria,Pseudomonadota,Gammaproteobacteria,Pseudomonadales,Moraxellaceae,Enhydrobacter,Enhydrobacter_aerosaccus
ASV_6493,Bacteria,Bacteroidota,Bacteroidia,Bacteroidales,Prevotellaceae,Prevotellaceae UCG-004,Prevotellaceae_UCG-004_NA
ASV_6494,Bacteria,Bacillota,Clostridia,Christensenellales,Christensenellaceae,Christensenellaceae R-7 group,Christensenellaceae_R-7_group_NA
ASV_6495,Bacteria,Bacteroidota,Bacteroidia,Bacteroidales,Paludibacteraceae,NA,NA_NA
ASV_6496,Bacteria,Bacillota,Bacilli,Erysipelotrichales,Erysipelotrichaceae,Dielma,Dielma_NA
ASV_6497,Bacteria,Bacillota,Bacilli,Mycoplasmatales,Mycoplasmataceae,Mesomycoplasma,Mesomycoplasma_moatsii
ASV_6498,Bacteria,Bacillota,Bacilli,Lactobacillales,NA,NA,NA_NA
ASV_6499,Bacteria,Bacillota,Clostridia,Oscillospirales,Butyricicoccaceae,Agathobaculum,Agathobaculum_butyriciproducens
ASV_6500,Bacteria,Bacteroidota,Bacteroidia,Bacteroidales,NA,NA,NA_NA
ASV_6501,Bacteria,Bacteroidota,Bacteroidia,NA,NA,NA,NA_NA
ASV_6502,Eukaryota,NA,NA,NA,NA,NA,NA_NA
ASV_6503,Bacteria,Bacteroidota,Bacteroidia,Flavobacteriales,Weeksellaceae,Elizabethkingia,Elizabethkingia_anophelis
ASV_6504,Bacteria,Pseudomonadota,Alphaproteobacteria,Hyphomicrobiales,Beijerinckiaceae,Roseiarcus,Roseiarcus_NA
ASV_6505,Bacteria,Bacteroidota,Bacteroidia,Bacteroidales,NA,NA,NA_NA
ASV_6506,Bacteria,Patescibacteria,Parcubacteria,Candidatus Nomurabacteria,NA,NA,NA_NA
ASV_6507,Bacteria,Bacillota,Clostridia,Christensenellales,Christensenellaceae,Christensenellaceae R-7 group,Christensenellaceae_R-7_group_NA
ASV_6508,Bacteria,Bacillota,Clostridia,Oscillospirales,Ruminococcaceae,Paludicola,Paludicola_NA
ASV_6509,Bacteria,Bacteroidota,Bacteroidia,Bacteroidales,Rikenellaceae,Alistipes,Alistipes_indistinctus
ASV_6510,Bacteria,Gemmatimonadota,Gemmatimonadia,Gemmatimonadales,Gemmatimonadaceae,Gemmatimonas,Gemmatimonas_NA
ASV_6511,Bacteria,Bacillota,Clostridia,Lachnospirales,Lachnospiraceae,NA,NA_NA
ASV_6512,Bacteria,Pseudomonadota,Alphaproteobacteria,Caulobacterales,Caulobacteraceae,Caulobacter,Caulobacter_mirabilis
ASV_6513,Bacteria,Pseudomonadota,Alphaproteobacteria,Acetobacterales,Acetobacteraceae,Roseomonas,Roseomonas_NA
ASV_6514,Bacteria,Actinomycetota,Thermoleophilia,Gaiellales,NA,NA,NA_NA
ASV_6515,Bacteria,Bacillota,Bacilli,Erysipelotrichales,NA,NA,NA_NA
ASV_6516,Bacteria,Pseudomonadota,Alphaproteobacteria,Holosporales,Holosporaceae,Holospora,Holospora_sp.
ASV_6517,Bacteria,Bacillota,Clostridia,Lachnospirales,Lachnospiraceae,Lachnospiraceae UCG-010,Lachnospiraceae_UCG-010_NA
ASV_6518,Bacteria,Bacillota,Clostridia,Oscillospirales,Ruminococcaceae,Ruminococcus,Ruminococcus_NA
ASV_6519,Bacteria,Bacteroidota,Bacteroidia,Bacteroidales,Rikenellaceae,dgA-11 gut group,dgA-11_gut_group_NA
ASV_6520,Bacteria,Bacillota,Clostridia,Oscillospirales,Ruminococcaceae,Faecalibacterium,Faecalibacterium_NA
ASV_6521,Bacteria,Spirochaetota,Spirochaetia,Spirochaetales,Spirochaetaceae,Treponema,Treponema_ruminis
ASV_6522,Bacteria,Bacillota,Bacilli,Erysipelotrichales,Erysipelatoclostridiaceae,UCG-004,UCG-004_NA
ASV_6523,Bacteria,Planctomycetota,Planctomycetes,Pirellulales,Pirellulaceae,p-1088-a5 gut group,p-1088-a5_gut_group_NA
ASV_6524,Bacteria,Bacillota,Clostridia,NA,NA,NA,NA_NA
ASV_6525,Bacteria,Bacillota,NA,NA,NA,NA,NA_NA
ASV_6526,Bacteria,Pseudomonadota,Gammaproteobacteria,Burkholderiales,Oxalobacteraceae,NA,NA_NA
ASV_6527,Bacteria,Bacillota,Bacilli,Erysipelotrichales,Erysipelatoclostridiaceae,UCG-004,UCG-004_NA
ASV_6528,Bacteria,Bacillota,Clostridia,Peptostreptococcales-Tissierellales,Anaerovoracaceae,Anaerovorax,Anaerovorax_sp.
ASV_6529,Bacteria,Bacillota,Clostridia,NA,NA,NA,NA_NA
ASV_6530,Bacteria,Bacillota,Clostridia,Christensenellales,Christensenellaceae,Christensenellaceae R-7 group,Christensenellaceae_R-7_group_NA
ASV_6531,Bacteria,Bacillota,Clostridia,Oscillospirales,UCG-010,NA,NA_NA
ASV_6532,Bacteria,Actinomycetota,Actinobacteria,Kitasatosporales,Streptomycetaceae,Kitasatospora,Kitasatospora_NA
ASV_6533,Bacteria,Bacillota,Clostridia,NA,NA,NA,NA_NA
ASV_6534,Bacteria,Bacteroidota,Bacteroidia,Bacteroidales,Rikenellaceae,Rikenellaceae RC9 gut group,Rikenellaceae_RC9_gut_group_NA
ASV_6535,Bacteria,Actinomycetota,Actinobacteria,Actinomycetales,Actinomycetaceae,Schaalia,Schaalia_canis
ASV_6536,Bacteria,Bacteroidota,Bacteroidia,Flavobacteriales,Weeksellaceae,Chryseobacterium,Chryseobacterium_gallinarum
ASV_6537,Bacteria,Bacillota,Bacilli,Erysipelotrichales,Erysipelotrichaceae,Allobaculum,Allobaculum_NA
ASV_6538,Bacteria,Bacteroidota,Bacteroidia,Bacteroidales,Rikenellaceae,Rikenellaceae RC9 gut group,Rikenellaceae_RC9_gut_group_NA
ASV_6539,Archaea,Methanobacteriota,Methanobacteria,Methanobacteriales,Methanobacteriaceae,Methanosphaera,Methanosphaera_NA
ASV_6540,Bacteria,Bacillota,Bacilli,RF39,NA,NA,NA_NA
ASV_6541,Bacteria,Cyanobacteriota,Cyanobacteriia,Cyanobacteriales,Chroococcidiopsaceae,Chroococcidiopsis SAG 2023,Chroococcidiopsis_SAG_2023_NA
ASV_6542,Bacteria,Verrucomicrobiota,Verrucomicrobiia,Chthoniobacterales,Chthoniobacteraceae,Candidatus Udaeobacter,Candidatus_Udaeobacter_NA
ASV_6543,Bacteria,Bacillota,Bacilli,RF39,NA,NA,NA_NA
ASV_6544,Bacteria,Bacteroidota,Bacteroidia,Bacteroidales,Rikenellaceae,Alistipes,Alistipes_NA
ASV_6545,Bacteria,Thermodesulfobacteriota,Desulfovibrionia,Desulfovibrionales,Desulfovibrionaceae,Desulfovibrio,Desulfovibrio_NA
ASV_6546,Bacteria,Bacteroidota,Bacteroidia,Bacteroidales,Dysgonomonadaceae,NA,NA_NA
ASV_6547,Bacteria,Bacillota,Clostridia,Lachnospirales,Lachnospiraceae,NA,NA_NA
ASV_6548,Bacteria,Actinomycetota,Actinobacteria,Catenulisporales,Catenulisporaceae,Catenulispora,Catenulispora_NA
ASV_6549,Bacteria,Pseudomonadota,Alphaproteobacteria,Hyphomicrobiales,Beijerinckiaceae,Lichenibacterium,Lichenibacterium_NA
ASV_6550,Bacteria,Bacteroidota,Bacteroidia,Bacteroidales,Rikenellaceae,Rikenellaceae RC9 gut group,Rikenellaceae_RC9_gut_group_NA
ASV_6551,Bacteria,Bacteroidota,Bacteroidia,Bacteroidales,Dysgonomonadaceae,NA,NA_NA
ASV_6552,Bacteria,Bacteroidota,Bacteroidia,Bacteroidales,Muribaculaceae,NA,NA_NA
ASV_6553,Bacteria,Pseudomonadota,Gammaproteobacteria,NA,NA,NA,NA_NA
ASV_6554,Bacteria,Bacteroidota,Bacteroidia,Bacteroidales,Prevotellaceae,Prevotellaceae NK3B31 group,Prevotellaceae_NK3B31_group_NA
ASV_6555,Bacteria,Bacteroidota,Bacteroidia,Bacteroidales,Prevotellaceae,Xylanibacter,Xylanibacter_NA
ASV_6556,Bacteria,Bacillota,Clostridia,Lachnospirales,Lachnospiraceae,Lachnospiraceae AC2044 group,Lachnospiraceae_AC2044_group_NA
ASV_6557,Bacteria,Verrucomicrobiota,Verrucomicrobiia,Pedosphaerales,Pedosphaeraceae,NA,NA_NA
ASV_6558,Bacteria,Bacillota,Clostridia,Oscillospirales,UCG-010,NA,NA_NA
ASV_6559,Bacteria,Bacillota,Clostridia,Monoglobales,Monoglobaceae,Monoglobus,Monoglobus_NA
ASV_6560,Bacteria,Bacteroidota,Bacteroidia,Bacteroidales,Muribaculaceae,NA,NA_NA
ASV_6561,Bacteria,Bacteroidota,Bacteroidia,Bacteroidales,Muribaculaceae,NA,NA_NA
ASV_6562,Bacteria,Bacillota,Clostridia,Oscillospirales,UCG-010,NA,NA_NA
ASV_6563,Bacteria,Bacteroidota,Bacteroidia,Bacteroidales,F082,NA,NA_NA
ASV_6564,Bacteria,Bacteroidota,Bacteroidia,Bacteroidales,F082,NA,NA_NA
ASV_6565,Bacteria,Bacillota,Clostridia,Lachnospirales,Lachnospiraceae,NA,NA_NA
ASV_6566,Bacteria,Bacillota,Bacilli,Erysipelotrichales,Erysipelotrichaceae,NA,NA_NA
ASV_6567,Bacteria,Cyanobacteriota,Vampirivibrionia,Gastranaerophilales,Gastranaerophilaceae,CAG-196,CAG-196_NA
ASV_6568,Bacteria,Bacillota,Bacilli,Erysipelotrichales,Erysipelotrichaceae,NA,NA_NA
ASV_6569,Bacteria,Bacillota,Clostridia,Lachnospirales,Lachnospiraceae,NA,NA_NA
ASV_6570,Bacteria,Bacillota,Clostridia,Clostridiales,Clostridiaceae,Clostridium,Clostridium_algidicarnis
ASV_6571,Bacteria,Actinomycetota,Coriobacteriia,Coriobacteriales,Atopobiaceae,Atopobium,Atopobium_NA
ASV_6572,Bacteria,Bacillota,Clostridia,Christensenellales,Christensenellaceae,Christensenellaceae R-7 group,Christensenellaceae_R-7_group_NA
ASV_6573,Bacteria,Bacillota,Clostridia,Clostridia vadinBB60 group,NA,NA,NA_NA
ASV_6574,Bacteria,Bacteroidota,Bacteroidia,Bacteroidales,Prevotellaceae,Xylanibacter,Xylanibacter_NA
ASV_6575,Eukaryota,NA,NA,NA,NA,NA,NA_NA
ASV_6576,Bacteria,Bacillota,Clostridia,Lachnospirales,Lachnospiraceae,Anaerotignum,Anaerotignum_NA
ASV_6577,Bacteria,Bacteroidota,Bacteroidia,Bacteroidales,Bacteroidaceae,Bacteroides,Bacteroides_cellulosilyticus
ASV_6578,Bacteria,Pseudomonadota,Gammaproteobacteria,Burkholderiales,Sutterellaceae,Sutterella,Sutterella_NA
ASV_6579,Bacteria,Bacteroidota,Bacteroidia,Bacteroidales,Rikenellaceae,dgA-11 gut group,dgA-11_gut_group_NA
ASV_6580,Bacteria,Bacillota,Negativicutes,Veillonellales-Selenomonadales,Selenomonadaceae,Megamonas,Megamonas_NA
ASV_6581,Bacteria,NA,NA,NA,NA,NA,NA_NA
ASV_6582,Bacteria,Pseudomonadota,Gammaproteobacteria,Burkholderiales,Comamonadaceae,Tepidimonas,Tepidimonas_NA
ASV_6583,Bacteria,Bacillota,Clostridia,Oscillospirales,Ruminococcaceae,Clostridium,Clostridium_methylpentosum_group
ASV_6584,Bacteria,Bacillota,Clostridia,Lachnospirales,Lachnospiraceae,Dorea,Dorea_formicigenerans
ASV_6585,Bacteria,Bacteroidota,Bacteroidia,Bacteroidales,Dysgonomonadaceae,Dysgonomonas,Dysgonomonas_NA
ASV_6586,Bacteria,Bacteroidota,Bacteroidia,Flavobacteriales,Weeksellaceae,Chryseobacterium,Chryseobacterium_indologenes
ASV_6587,Bacteria,Actinomycetota,Actinobacteria,Propionibacteriales,Nocardioidaceae,Nocardioides,Nocardioides_plantarum
ASV_6588,Bacteria,NA,NA,NA,NA,NA,NA_NA
ASV_6589,Bacteria,Myxococcota,Myxococcia,Myxococcales,Myxococcaceae,P3OB-42,P3OB-42_NA
ASV_6590,Bacteria,Planctomycetota,Phycisphaerae,Tepidisphaerales,WD2101 soil group,NA,NA_NA
ASV_6591,Bacteria,Actinomycetota,Coriobacteriia,Coriobacteriales,Atopobiaceae,Tractidigestivibacter,Tractidigestivibacter_montrealensis
ASV_6592,Bacteria,Pseudomonadota,Alphaproteobacteria,Rickettsiales,Mitochondria,NA,NA_NA
ASV_6593,Bacteria,Actinomycetota,Actinobacteria,Micromonosporales,Micromonosporaceae,NA,NA_NA
ASV_6594,Bacteria,Pseudomonadota,Gammaproteobacteria,Legionellales,Legionellaceae,Legionella,Legionella_NA
ASV_6595,Bacteria,Actinomycetota,Actinobacteria,Micrococcales,Brevibacteriaceae,Brevibacterium,Brevibacterium_aurantiacum
ASV_6596,Bacteria,Actinomycetota,Actinobacteria,Propionibacteriales,Nocardioidaceae,Nocardioides,Nocardioides_NA
ASV_6597,Bacteria,Bacillota,Clostridia,Oscillospirales,[Eubacterium] coprostanoligenes group,NA,NA_NA
ASV_6598,Bacteria,Bacteroidota,Bacteroidia,Bacteroidales,NA,NA,NA_NA
ASV_6599,Bacteria,Bacteroidota,Bacteroidia,Bacteroidales,Bacteroidaceae,Bacteroides,Bacteroides_NA
ASV_6600,Bacteria,Pseudomonadota,Alphaproteobacteria,Hyphomicrobiales,Rhizobiaceae,NA,NA_NA
ASV_6601,Bacteria,Bacteroidota,Bacteroidia,Bacteroidales,Rikenellaceae,Rikenellaceae RC9 gut group,Rikenellaceae_RC9_gut_group_NA
ASV_6602,Bacteria,Bacillota,Clostridia,Christensenellales,Christensenellaceae,Christensenellaceae R-7 group,Christensenellaceae_R-7_group_NA
ASV_6603,Bacteria,Bacteroidota,Bacteroidia,Flavobacteriales,Weeksellaceae,Chryseobacterium,Chryseobacterium_sp.
ASV_6604,Bacteria,Pseudomonadota,Gammaproteobacteria,Burkholderiales,Comamonadaceae,Tepidimonas,Tepidimonas_NA
ASV_6605,Bacteria,Actinomycetota,Actinobacteria,Mycobacteriales,Corynebacteriaceae,Corynebacterium,Corynebacterium_diphtheriae
ASV_6606,Bacteria,Bacteroidota,Bacteroidia,Bacteroidales,Barnesiellaceae,Barnesiella,Barnesiella_NA
ASV_6607,Bacteria,Campylobacterota,Campylobacteria,Campylobacterales,Helicobacteraceae,Helicobacter,Helicobacter_canadensis
ASV_6608,Bacteria,Bacillota,Clostridia,Peptostreptococcales-Tissierellales,Family XI,Tissierella,Tissierella_NA
ASV_6609,Bacteria,Bacteroidota,Bacteroidia,Bacteroidales,Muribaculaceae,NA,NA_NA
ASV_6610,Bacteria,Verrucomicrobiota,Lentisphaeria,Victivallales,Victivallaceae,NA,NA_NA
ASV_6611,Bacteria,Bacillota,Clostridia,Oscillospirales,Oscillospiraceae,Oscillibacter,Oscillibacter_NA
ASV_6612,Bacteria,Bacillota,Clostridia,Clostridia vadinBB60 group,NA,NA,NA_NA
ASV_6613,Bacteria,Bacteroidota,Bacteroidia,Bacteroidales,Marinifilaceae,Odoribacter,Odoribacter_NA
ASV_6614,Bacteria,Bacteroidota,Bacteroidia,Bacteroidales,p-2534-18B5 gut group,NA,NA_NA
ASV_6615,Bacteria,Bacillota,Clostridia,Lachnospirales,Lachnospiraceae,Ruminococcus,Ruminococcus_gauvreauii_group
ASV_6616,Bacteria,Patescibacteria,Saccharimonadia,Saccharimonadales,Saccharimonadaceae,Candidatus Saccharimonas,Candidatus_Saccharimonas_NA
ASV_6617,Bacteria,Bacillota,Clostridia,Oscillospirales,Ruminococcaceae,Ruminococcus,Ruminococcus_NA
ASV_6618,Bacteria,Bacillota,Clostridia,Clostridiales,Clostridiaceae,Clostridium,Clostridium_NA
ASV_6619,Bacteria,Cyanobacteriota,Vampirivibrionia,Gastranaerophilales,Gastranaerophilaceae,Zag_111,Zag_111_NA
ASV_6620,Bacteria,Bacillota,Clostridia,Christensenellales,Christensenellaceae,Christensenellaceae R-7 group,Christensenellaceae_R-7_group_NA
ASV_6621,Bacteria,Pseudomonadota,Gammaproteobacteria,Pseudomonadales,Moraxellaceae,Acinetobacter,Acinetobacter_towneri
ASV_6622,Bacteria,Pseudomonadota,Alphaproteobacteria,Rhodobacterales,Paracoccaceae,Paracoccus,Paracoccus_aminophilus
ASV_6623,Bacteria,Actinomycetota,Coriobacteriia,Coriobacteriales,Coriobacteriales Incertae Sedis,Raoultibacter,Raoultibacter_NA
ASV_6624,Bacteria,Actinomycetota,Actinobacteria,Micrococcales,Microbacteriaceae,Leucobacter,Leucobacter_denitrificans
ASV_6625,Bacteria,Thermodesulfobacteriota,Desulfuromonadia,Bradymonadales,NA,NA,NA_NA
ASV_6626,Bacteria,Bacteroidota,Bacteroidia,Bacteroidales,Dysgonomonadaceae,Dysgonomonas,Dysgonomonas_NA
ASV_6627,Bacteria,Bacteroidota,Bacteroidia,Bacteroidales,Rikenellaceae,Rikenellaceae RC9 gut group,Rikenellaceae_RC9_gut_group_NA
ASV_6628,Bacteria,Bacillota,Bacilli,Erysipelotrichales,Erysipelotrichaceae,NA,NA_NA
ASV_6629,Bacteria,Bacillota,Clostridia,Oscillospirales,UCG-010,NA,NA_NA
ASV_6630,Bacteria,Bacillota,Clostridia,Oscillospirales,Oscillospiraceae,Papillibacter,Papillibacter_NA
ASV_6631,Bacteria,Actinomycetota,Coriobacteriia,Coriobacteriales,Eggerthellaceae,NA,NA_NA
ASV_6632,Bacteria,Pseudomonadota,Alphaproteobacteria,Rhodospirillales,NA,NA,NA_NA
ASV_6633,Bacteria,Bacteroidota,Bacteroidia,Bacteroidales,Bacteroidaceae,Bacteroides,Bacteroides_NA
ASV_6634,Bacteria,Actinomycetota,Coriobacteriia,Coriobacteriales,Eggerthellaceae,NA,NA_NA
ASV_6635,Bacteria,Bacillota,Clostridia,Oscillospirales,Oscillospiraceae,UCG-005,UCG-005_NA
ASV_6636,Bacteria,Bacillota,Clostridia,Oscillospirales,UCG-010,NA,NA_NA
ASV_6637,Bacteria,Bacteroidota,Bacteroidia,Bacteroidales,Prevotellaceae,NA,NA_NA
ASV_6638,Bacteria,Verrucomicrobiota,Verrucomicrobiia,Opitutales,Puniceicoccaceae,NA,NA_NA
ASV_6639,Bacteria,NA,NA,NA,NA,NA,NA_NA
ASV_6640,Bacteria,Bacillota,Clostridia,Oscillospirales,Ruminococcaceae,NA,NA_NA
ASV_6641,Bacteria,Bacillota,Bacilli,Erysipelotrichales,Erysipelatoclostridiaceae,Massiliomicrobiota,Massiliomicrobiota_NA
ASV_6642,Bacteria,Bacillota,Clostridia,Lachnospirales,Lachnospiraceae,NA,NA_NA
ASV_6643,Bacteria,Bacillota,Clostridia,Clostridia vadinBB60 group,NA,NA,NA_NA
ASV_6644,Bacteria,Pseudomonadota,Alphaproteobacteria,Rhodobacterales,Paracoccaceae,NA,NA_NA
ASV_6645,Bacteria,Bacillota,Clostridia,NA,NA,NA,NA_NA
ASV_6646,Bacteria,Pseudomonadota,Gammaproteobacteria,Burkholderiales,Neisseriaceae,Vitreoscilla,Vitreoscilla_NA
ASV_6647,Bacteria,Bacteroidota,Bacteroidia,Bacteroidales,Bacteroidaceae,Bacteroides,Bacteroides_plebeius
ASV_6648,Bacteria,Bacillota,Bacilli,Lactobacillales,Lactobacillaceae,Limosilactobacillus,Limosilactobacillus_ingluviei
ASV_6649,Bacteria,Campylobacterota,Campylobacteria,Campylobacterales,Campylobacteraceae,Campylobacter,Campylobacter_avium
ASV_6650,Bacteria,Bacillota,Bacilli,Erysipelotrichales,Erysipelatoclostridiaceae,Asteroleplasma,Asteroleplasma_NA
ASV_6651,Bacteria,Bacillota,Bacilli,Erysipelotrichales,Erysipelatoclostridiaceae,UCG-004,UCG-004_NA
ASV_6652,Bacteria,Bacillota,Clostridia,Christensenellales,Christensenellaceae,Christensenellaceae R-7 group,Christensenellaceae_R-7_group_NA
ASV_6653,Bacteria,Pseudomonadota,Alphaproteobacteria,Rickettsiales,Mitochondria,NA,NA_NA
ASV_6654,Bacteria,Campylobacterota,Campylobacteria,Campylobacterales,Helicobacteraceae,Helicobacter,Helicobacter_canis
ASV_6655,Bacteria,Pseudomonadota,Alphaproteobacteria,Rickettsiales,Mitochondria,NA,NA_NA
ASV_6656,Bacteria,Bacteroidota,Bacteroidia,Flavobacteriales,Flavobacteriaceae,Flavobacterium,Flavobacterium_anatoliense
ASV_6657,Bacteria,Bacillota,Clostridia,Oscillospirales,Ruminococcaceae,NA,NA_NA
ASV_6658,Bacteria,Bacteroidota,Bacteroidia,Bacteroidales,Bacteroidaceae,Bacteroides,Bacteroides_luti
ASV_6659,Bacteria,Bacteroidota,Bacteroidia,Sphingobacteriales,Sphingobacteriaceae,Sphingobacterium,Sphingobacterium_NA
ASV_6660,Bacteria,Pseudomonadota,Alphaproteobacteria,Rhodospirillales,NA,NA,NA_NA
ASV_6661,Bacteria,Bacillota,Bacilli,Erysipelotrichales,Erysipelatoclostridiaceae,Tannockella,Tannockella_NA
ASV_6662,Bacteria,Bacillota,NA,NA,NA,NA,NA_NA
ASV_6663,Bacteria,Bacteroidota,Bacteroidia,Bacteroidales,Prevotellaceae,Segatella,Segatella_NA
ASV_6664,Bacteria,Pseudomonadota,Alphaproteobacteria,Hyphomicrobiales,Beijerinckiaceae,Lichenibacterium,Lichenibacterium_NA
ASV_6665,Bacteria,Bacillota,Clostridia,Clostridia UCG-014,NA,NA,NA_NA
ASV_6666,Bacteria,Bacillota,Clostridia,Lachnospirales,Lachnospiraceae,Marvinbryantia,Marvinbryantia_NA
ASV_6667,Bacteria,Bacillota,Clostridia,Lachnospirales,Lachnospiraceae,Anaerobutyricum,Anaerobutyricum_NA
ASV_6668,Bacteria,Bacillota,Clostridia,Lachnospirales,Lachnospiraceae,Lachnoclostridium,Lachnoclostridium_sp.
ASV_6669,Bacteria,Actinomycetota,Coriobacteriia,Coriobacteriales,NA,NA,NA_NA
ASV_6670,Bacteria,Bacteroidota,Bacteroidia,Flavobacteriales,Weeksellaceae,Chryseobacterium,Chryseobacterium_anthropi
ASV_6671,Eukaryota,NA,NA,NA,NA,NA,NA_NA
ASV_6672,Bacteria,Patescibacteria,Saccharimonadia,Saccharimonadales,Saccharimonadaceae,Candidatus Saccharimonas,Candidatus_Saccharimonas_NA
ASV_6673,Bacteria,Bacillota,Clostridia,Lachnospirales,Lachnospiraceae,Frisingicoccus,Frisingicoccus_NA
ASV_6674,Bacteria,Bacillota,Clostridia,Monoglobales,Monoglobaceae,Monoglobus,Monoglobus_NA
ASV_6675,Bacteria,Actinomycetota,Actinobacteria,Propionibacteriales,Nocardioidaceae,Nocardioides,Nocardioides_simplex
ASV_6676,Bacteria,Bacillota,Clostridia,Clostridiales,Clostridiaceae,Clostridium,Clostridium_manihotivorum
ASV_6677,Bacteria,Bacillota,Bacilli,Erysipelotrichales,Erysipelotrichaceae,Erysipelotrichaceae UCG-009,Erysipelotrichaceae_UCG-009_NA
ASV_6678,Bacteria,Bacteroidota,Bacteroidia,Bacteroidales,Prevotellaceae,Xylanibacter,Xylanibacter_NA
ASV_6679,Bacteria,Bacillota,Clostridia,Oscillospirales,Ruminococcaceae,Ruminococcus,Ruminococcus_NA
ASV_6680,Bacteria,Actinomycetota,Actinobacteria,Propionibacteriales,Nocardioidaceae,Nocardioides,Nocardioides_NA
ASV_6681,Bacteria,Acidobacteriota,Acidobacteriae,Solibacterales,Solibacteraceae,Candidatus Solibacter,Candidatus_Solibacter_NA
ASV_6682,Bacteria,Pseudomonadota,Gammaproteobacteria,Lysobacterales,Lysobacteraceae,Stenotrophomonas,Stenotrophomonas_maltophilia
ASV_6683,Bacteria,Bacillota,Clostridia,Peptostreptococcales-Tissierellales,Anaerovoracaceae,Eubacterium,Eubacterium_sp
ASV_6684,Bacteria,Bacteroidota,Bacteroidia,Bacteroidales,Bacteroidaceae,Bacteroides,Bacteroides_fragilis
ASV_6685,Bacteria,Bacteroidota,Bacteroidia,Bacteroidales,Dysgonomonadaceae,Dysgonomonas,Dysgonomonas_NA
ASV_6686,Bacteria,Bacillota,Bacilli,RF39,NA,NA,NA_NA
ASV_6687,Bacteria,Bacillota,Bacilli,RF39,NA,NA,NA_NA
ASV_6688,Bacteria,Bacillota,Clostridia,Oscillospirales,UCG-010,NA,NA_NA
ASV_6689,Bacteria,Bacillota,Clostridia,Oscillospirales,UCG-010,NA,NA_NA
ASV_6690,Bacteria,Verrucomicrobiota,Verrucomicrobiia,Chthoniobacterales,Chthoniobacteraceae,Candidatus Udaeobacter,Candidatus_Udaeobacter_NA
ASV_6691,Bacteria,Pseudomonadota,Alphaproteobacteria,Acetobacterales,Acetobacteraceae,Roseomonas,Roseomonas_NA
ASV_6692,Bacteria,Pseudomonadota,Alphaproteobacteria,Rickettsiales,Mitochondria,NA,NA_NA
ASV_6693,Bacteria,Bacillota,Clostridia,Oscillospirales,Ruminococcaceae,Candidatus Soleaferrea,Candidatus_Soleaferrea_NA
ASV_6694,Bacteria,Pseudomonadota,Alphaproteobacteria,Rickettsiales,Mitochondria,NA,NA_NA
ASV_6695,Bacteria,Bacillota,Negativicutes,Veillonellales-Selenomonadales,Veillonellaceae,Megasphaera,Megasphaera_hexanoica
ASV_6696,Bacteria,Pseudomonadota,Alphaproteobacteria,Hyphomicrobiales,Beijerinckiaceae,Methylorubrum,Methylorubrum_extorquens
ASV_6697,Bacteria,Actinomycetota,Coriobacteriia,Coriobacteriales,Coriobacteriales Incertae Sedis,NA,NA_NA
ASV_6698,Bacteria,Actinomycetota,Actinobacteria,Micrococcales,Dermacoccaceae,Dermacoccus,Dermacoccus_sp.
ASV_6699,Bacteria,Bacillota,Clostridia,Oscillospirales,UCG-010,NA,NA_NA
ASV_6700,Bacteria,Bacillota,Bacilli,Erysipelotrichales,Erysipelotrichaceae,Culicoidibacter,Culicoidibacter_NA
ASV_6701,Bacteria,Bacteroidota,Bacteroidia,Bacteroidales,Dysgonomonadaceae,Dysgonomonas,Dysgonomonas_NA
ASV_6702,Bacteria,Bacillota,Clostridia,Oscillospirales,Oscillospiraceae,Colidextribacter,Colidextribacter_NA
ASV_6703,Bacteria,Bacillota,Bacilli,Lactobacillales,Lactobacillaceae,Limosilactobacillus,Limosilactobacillus_mucosae
ASV_6704,Bacteria,Bacillota,Clostridia,Lachnospirales,Lachnospiraceae,Mediterraneibacter,Mediterraneibacter_NA
ASV_6705,Bacteria,Bacillota,Bacilli,Erysipelotrichales,Erysipelotrichaceae,NA,NA_NA
ASV_6706,Bacteria,Pseudomonadota,Gammaproteobacteria,Burkholderiales,Comamonadaceae,Ramlibacter,Ramlibacter_NA
ASV_6707,Bacteria,Bacillota,Clostridia,Peptostreptococcales-Tissierellales,Family XI,Peptoniphilus,Peptoniphilus_indolicus
ASV_6708,Bacteria,Pseudomonadota,Alphaproteobacteria,Rickettsiales,Mitochondria,NA,NA_NA
ASV_6709,Bacteria,Pseudomonadota,Alphaproteobacteria,Hyphomicrobiales,Devosiaceae,Devosia,Devosia_sp.
ASV_6710,Bacteria,Actinomycetota,Actinobacteria,Micromonosporales,Micromonosporaceae,NA,NA_NA
ASV_6711,Bacteria,Bacillota,Bacilli,Exiguobacterales,Exiguobacteraceae,Exiguobacterium,Exiguobacterium_sibiricum
ASV_6712,Bacteria,Bacteroidota,Bacteroidia,Flavobacteriales,Weeksellaceae,Chryseobacterium,Chryseobacterium_NA
ASV_6713,Bacteria,Pseudomonadota,Alphaproteobacteria,Rickettsiales,Mitochondria,NA,NA_NA
ASV_6714,Bacteria,Actinomycetota,Actinobacteria,Mycobacteriales,Nocardiaceae,Rhodococcus,Rhodococcus_tukisamuensis
ASV_6715,Bacteria,Bacillota,Bacilli,Bacillales,Bacillaceae,Bacillus,Bacillus_cellulasensis
ASV_6716,Bacteria,Bacteroidota,Bacteroidia,Bacteroidales,Prevotellaceae,Prevotellaceae Ga6A1 group,Prevotellaceae_Ga6A1_group_NA
ASV_6717,Bacteria,Bacteroidota,Bacteroidia,Bacteroidales,Bacteroidaceae,Bacteroides,Bacteroides_caecigallinarum
ASV_6718,Bacteria,Bacteroidota,Bacteroidia,Bacteroidales,Bacteroidaceae,Bacteroides,Bacteroides_caecigallinarum
ASV_6719,Bacteria,Actinomycetota,Actinobacteria,Micrococcales,Micrococcaceae,Glutamicibacter,Glutamicibacter_protophormiae
ASV_6720,Bacteria,Actinomycetota,Actinobacteria,Mycobacteriales,Mycobacteriaceae,Mycobacterium,Mycobacterium_NA
ASV_6721,Bacteria,Actinomycetota,Actinobacteria,Pseudonocardiales,Pseudonocardiaceae,Saccharopolyspora,Saccharopolyspora_rectivirgula
ASV_6722,Eukaryota,NA,NA,NA,NA,NA,NA_NA
ASV_6723,Bacteria,Armatimonadota,Armatimonadia,Armatimonadales,Armatimonadaceae,NA,NA_NA
ASV_6724,Bacteria,Actinomycetota,Actinobacteria,Propionibacteriales,Nocardioidaceae,Nocardioides,Nocardioides_halotolerans
ASV_6725,Bacteria,Verrucomicrobiota,Verrucomicrobiia,Chthoniobacterales,Chthoniobacteraceae,Candidatus Udaeobacter,Candidatus_Udaeobacter_NA
ASV_6726,Eukaryota,NA,NA,NA,NA,NA,NA_NA
ASV_6727,Bacteria,Bacteroidota,Bacteroidia,Sphingobacteriales,Sphingobacteriaceae,Mucilaginibacter,Mucilaginibacter_NA
ASV_6728,Bacteria,Actinomycetota,Actinobacteria,Micrococcales,Micrococcaceae,Arthrobacter,Arthrobacter_woluwensis
ASV_6729,Bacteria,Bacillota,Clostridia,Oscillospirales,Oscillospiraceae,Oscillibacter,Oscillibacter_NA
ASV_6730,Bacteria,Bacillota,Bacilli,Erysipelotrichales,Erysipelotrichaceae,Dielma,Dielma_fastidiosa
ASV_6731,Bacteria,Bacteroidota,Bacteroidia,Bacteroidales,Rikenellaceae,NA,NA_NA
ASV_6732,Bacteria,Bacillota,Clostridia,Eubacteriales,Eubacteriaceae,Eubacterium,Eubacterium_NA
ASV_6733,Bacteria,Actinomycetota,Actinobacteria,Mycobacteriales,Mycobacteriaceae,Mycobacterium,Mycobacterium_doricum
ASV_6734,Bacteria,Pseudomonadota,Alphaproteobacteria,Acetobacterales,Acetobacteraceae,Acidiphilium,Acidiphilium_NA
ASV_6735,Bacteria,Bacteroidota,Bacteroidia,Bacteroidales,Dysgonomonadaceae,Dysgonomonas,Dysgonomonas_gadei
ASV_6736,Bacteria,Bacillota,Clostridia,Peptostreptococcales-Tissierellales,Anaerovoracaceae,Eubacterium,Eubacterium_sp
ASV_6737,Bacteria,Bacillota,Clostridia,Lachnospirales,Lachnospiraceae,NA,NA_NA
ASV_6738,Bacteria,Bacillota,Clostridia,Lachnospirales,Lachnospiraceae,Faecalimonas,Faecalimonas_NA
ASV_6739,Bacteria,Armatimonadota,Armatimonadia,Armatimonadales,Armatimonadaceae,NA,NA_NA
ASV_6740,Bacteria,Planctomycetota,Planctomycetes,Pirellulales,Pirellulaceae,Pir4 lineage,Pir4_lineage_NA
ASV_6741,Bacteria,Actinomycetota,Acidimicrobiia,Acidimicrobiales,Acidimicrobiaceae,Acidiferrimicrobium,Acidiferrimicrobium_NA
ASV_6742,Bacteria,Bacillota,Negativicutes,Veillonellales-Selenomonadales,Selenomonadaceae,Quinella,Quinella_NA
ASV_6743,Bacteria,Pseudomonadota,Alphaproteobacteria,Hyphomicrobiales,Xanthobacteraceae,Pseudolabrys,Pseudolabrys_NA
ASV_6744,Bacteria,Pseudomonadota,Alphaproteobacteria,Sphingomonadales,Sphingomonadaceae,Sandaracinobacter,Sandaracinobacter_NA
ASV_6745,Bacteria,Bacillota,Desulfotomaculia,Desulfotomaculales,Pelotomaculaceae,Pelotomaculum,Pelotomaculum_NA
ASV_6746,Bacteria,Thermodesulfobacteriota,Desulfovibrionia,Desulfovibrionales,Desulfovibrionaceae,Desulfovibrio,Desulfovibrio_cuneatus
ASV_6747,Bacteria,Pseudomonadota,Gammaproteobacteria,Burkholderiales,Comamonadaceae,Comamonas,Comamonas_koreensis
ASV_6748,Bacteria,Bacillota,Clostridia,Oscillospirales,Ruminococcaceae,Ruminococcus,Ruminococcus_NA
ASV_6749,Bacteria,Bacteroidota,Bacteroidia,Bacteroidales,Rikenellaceae,Rikenellaceae RC9 gut group,Rikenellaceae_RC9_gut_group_NA
ASV_6750,Bacteria,Bacillota,Clostridia,NA,NA,NA,NA_NA
ASV_6751,Bacteria,Bacillota,Clostridia,Clostridia vadinBB60 group,NA,NA,NA_NA
ASV_6752,Bacteria,Bacillota,Clostridia,Clostridia vadinBB60 group,NA,NA,NA_NA
ASV_6753,Bacteria,Bacteroidota,Bacteroidia,Bacteroidales,Bacteroidales RF16 group,NA,NA_NA
ASV_6754,Bacteria,Bacillota,Clostridia,Oscillospirales,Ruminococcaceae,Faecalibacterium,Faecalibacterium_NA
ASV_6755,Bacteria,Bacillota,Clostridia,Oscillospirales,UCG-010,NA,NA_NA
ASV_6756,Bacteria,Bacteroidota,Bacteroidia,Bacteroidales,Prevotellaceae,Xylanibacter,Xylanibacter_NA
ASV_6757,Bacteria,Bacillota,Clostridia,Lachnospirales,Lachnospiraceae,Anaerobutyricum,Anaerobutyricum_NA
ASV_6758,Bacteria,Bacillota,Clostridia,Oscillospirales,Oscillospiraceae,NA,NA_NA
ASV_6759,Bacteria,Bacteroidota,Bacteroidia,Sphingobacteriales,Sphingobacteriaceae,Sphingobacterium,Sphingobacterium_corticis
ASV_6760,Bacteria,Pseudomonadota,Gammaproteobacteria,Lysobacterales,Lysobacteraceae,Thermomonas,Thermomonas_NA
ASV_6761,Bacteria,Actinomycetota,Actinobacteria,Mycobacteriales,Nocardiaceae,Rhodococcus,Rhodococcus_corynebacterioides
ASV_6762,Bacteria,Bacillota,Negativicutes,Veillonellales-Selenomonadales,Veillonellaceae,Allisonella,Allisonella_histaminiformans
ASV_6763,Bacteria,Bacteroidota,Bacteroidia,Bacteroidales,Rikenellaceae,Rikenellaceae RC9 gut group,Rikenellaceae_RC9_gut_group_NA
ASV_6764,Bacteria,Bacteroidota,Bacteroidia,Bacteroidales,Muribaculaceae,NA,NA_NA
ASV_6765,Bacteria,Bacillota,Clostridia,Clostridia UCG-014,NA,NA,NA_NA
ASV_6766,Bacteria,Bacillota,Clostridia,Lachnospirales,Lachnospiraceae,Shuttleworthia,Shuttleworthia_NA
ASV_6767,Bacteria,Bacillota,Clostridia,Lachnospirales,Lachnospiraceae,Roseburia,Roseburia_NA
ASV_6768,Bacteria,Bacillota,Clostridia,Lachnospirales,Lachnospiraceae,Tyzzerella,Tyzzerella_NA
ASV_6769,Bacteria,Actinomycetota,Actinobacteria,Frankiales,Acidothermaceae,Acidothermus,Acidothermus_NA
ASV_6770,Bacteria,Bacillota,Clostridia,Oscillospirales,Ruminococcaceae,UCG-001,UCG-001_NA
ASV_6771,Bacteria,Bacillota,Clostridia,Oscillospirales,Ruminococcaceae,Candidatus Soleaferrea,Candidatus_Soleaferrea_NA
ASV_6772,Bacteria,Actinomycetota,Coriobacteriia,Coriobacteriales,Atopobiaceae,Olsenella,Olsenella_NA
ASV_6773,Bacteria,Bacillota,Bacilli,Erysipelotrichales,Erysipelotrichaceae,Amedibacillus,Amedibacillus_NA
ASV_6774,Bacteria,Pseudomonadota,Alphaproteobacteria,Rickettsiales,Mitochondria,NA,NA_NA
ASV_6775,Bacteria,Cyanobacteriota,Cyanobacteriia,Cyanobacteriales,Chroococcidiopsaceae,Dapisostemonum CCIBt 3536,Dapisostemonum_CCIBt_3536_apicaliramis
ASV_6776,Bacteria,Campylobacterota,Campylobacteria,Campylobacterales,Campylobacteraceae,Campylobacter,Campylobacter_helveticus
ASV_6777,Bacteria,Pseudomonadota,Alphaproteobacteria,Hyphomicrobiales,Beijerinckiaceae,Microvirga,Microvirga_NA
ASV_6778,Bacteria,Verrucomicrobiota,Verrucomicrobiia,Chthoniobacterales,Terrimicrobiaceae,Terrimicrobium,Terrimicrobium_NA
ASV_6779,Bacteria,Campylobacterota,Campylobacteria,Campylobacterales,Helicobacteraceae,Helicobacter,Helicobacter_NA
ASV_6780,Bacteria,Spirochaetota,Spirochaetia,Spirochaetales,Spirochaetaceae,Treponema,Treponema_NA
ASV_6781,Bacteria,Bacteroidota,Bacteroidia,Bacteroidales,Marinifilaceae,Butyricimonas,Butyricimonas_NA
ASV_6782,Bacteria,Bacillota,Clostridia,Christensenellales,Christensenellaceae,Christensenellaceae R-7 group,Christensenellaceae_R-7_group_NA
ASV_6783,Bacteria,Actinomycetota,Coriobacteriia,Coriobacteriales,Eggerthellaceae,NA,NA_NA
ASV_6784,Bacteria,Synergistota,Synergistia,Synergistales,Synergistaceae,Cloacibacillus,Cloacibacillus_porcorum
ASV_6785,Bacteria,Bacillota,Clostridia,Oscillospirales,Ruminococcaceae,Acutalibacter,Acutalibacter_NA
ASV_6786,Bacteria,Bacteroidota,Bacteroidia,Bacteroidales,Prevotellaceae,Prevotella,Prevotella_NA
ASV_6787,Bacteria,Pseudomonadota,Gammaproteobacteria,Burkholderiales,Comamonadaceae,NA,NA_NA
ASV_6788,Bacteria,Patescibacteria,Saccharimonadia,Saccharimonadales,Saccharimonadaceae,Candidatus Saccharimonas,Candidatus_Saccharimonas_NA
ASV_6789,Bacteria,Bacteroidota,Bacteroidia,Bacteroidales,Prevotellaceae,Prevotellaceae UCG-001,Prevotellaceae_UCG-001_NA
ASV_6790,Bacteria,Bacteroidota,Bacteroidia,Bacteroidales,Prevotellaceae,Prevotella,Prevotella_sp.
ASV_6791,Bacteria,Bacillota,Clostridia,Oscillospirales,Oscillospiraceae,UCG-002,UCG-002_NA
ASV_6792,Bacteria,Bacillota,Clostridia,NA,NA,NA,NA_NA
ASV_6793,Bacteria,Bacteroidota,Bacteroidia,Bacteroidales,Prevotellaceae,Xylanibacter,Xylanibacter_NA
ASV_6794,Bacteria,Bacteroidota,Bacteroidia,Bacteroidales,Prevotellaceae,Prevotellaceae NK3B31 group,Prevotellaceae_NK3B31_group_NA
ASV_6795,Bacteria,Bacillota,Clostridia,Oscillospirales,UCG-010,NA,NA_NA
ASV_6796,Bacteria,Bacillota,Clostridia,Clostridia UCG-014,NA,NA,NA_NA
ASV_6797,Bacteria,Bacillota,Clostridia,Lachnospirales,Lachnospiraceae,Lachnospiraceae NK3A20 group,Lachnospiraceae_NK3A20_group_NA
ASV_6798,Bacteria,NA,NA,NA,NA,NA,NA_NA
ASV_6799,Bacteria,Bacteroidota,Bacteroidia,Flavobacteriales,Weeksellaceae,Chryseobacterium,Chryseobacterium_indologenes
ASV_6800,Bacteria,Bacillota,Clostridia,Oscillospirales,Ruminococcaceae,Acutalibacter,Acutalibacter_NA
ASV_6801,Bacteria,Bacillota,Clostridia,Oscillospirales,Ruminococcaceae,NA,NA_NA
ASV_6802,Bacteria,Bacillota,Clostridia,Oscillospirales,Oscillospiraceae,NA,NA_NA
ASV_6803,Bacteria,Bacillota,Clostridia,Oscillospirales,Ruminococcaceae,Acutalibacter,Acutalibacter_NA
ASV_6804,Bacteria,Bacteroidota,Bacteroidia,Bacteroidales,Rikenellaceae,Alistipes,Alistipes_sp.
ASV_6805,Bacteria,Bacteroidota,Bacteroidia,Bacteroidales,Dysgonomonadaceae,Dysgonomonas,Dysgonomonas_NA
ASV_6806,Bacteria,Pseudomonadota,Alphaproteobacteria,Acetobacterales,Acetobacteraceae,Acidiphilium,Acidiphilium_NA
ASV_6807,Bacteria,Bacillota,Bacilli,Exiguobacterales,Exiguobacteraceae,Exiguobacterium,Exiguobacterium_acetylicum
ASV_6808,Bacteria,Bacillota,Clostridia,Peptostreptococcales-Tissierellales,Family XI,Finegoldia,Finegoldia_magna
ASV_6809,Bacteria,Bacillota,Clostridia,Lachnospirales,Lachnospiraceae,Anaerotignum,Anaerotignum_NA
ASV_6810,Bacteria,Bacillota,Bacilli,Lactobacillales,Lactobacillaceae,Lactobacillus,Lactobacillus_amylovorus
ASV_6811,Bacteria,Pseudomonadota,Alphaproteobacteria,Rhodospirillales,NA,NA,NA_NA
ASV_6812,Bacteria,Pseudomonadota,Gammaproteobacteria,Enterobacterales,Succinivibrionaceae,NA,NA_NA
ASV_6813,Bacteria,Bacillota,Bacilli,Staphylococcales,Staphylococcaceae,Staphylococcus,Staphylococcus_aureus
ASV_6814,Bacteria,Bacteroidota,Bacteroidia,Bacteroidales,Prevotellaceae,NA,NA_NA
ASV_6815,Bacteria,Bacillota,Clostridia,Oscillospirales,Ruminococcaceae,NA,NA_NA
ASV_6816,Bacteria,Bacillota,Clostridia,Oscillospirales,UCG-010,NA,NA_NA
ASV_6817,Bacteria,Thermodesulfobacteriota,Desulfovibrionia,Desulfovibrionales,Desulfovibrionaceae,NA,NA_NA
ASV_6818,Bacteria,Fibrobacterota,Fibrobacteria,Fibrobacterales,Fibrobacteraceae,Fibrobacter,Fibrobacter_NA
ASV_6819,Bacteria,Bacillota,Clostridia,Lachnospirales,Lachnospiraceae,Ruminococcus,Ruminococcus_gauvreauii_group
ASV_6820,Bacteria,Bacteroidota,Bacteroidia,Bacteroidales,Bacteroidaceae,Bacteroides,Bacteroides_uniformis
ASV_6821,Eukaryota,NA,NA,NA,NA,NA,NA_NA
ASV_6822,Bacteria,Pseudomonadota,Alphaproteobacteria,Hyphomicrobiales,Devosiaceae,Devosia,Devosia_submarina
ASV_6823,Bacteria,Bacillota,Clostridia,NA,NA,NA,NA_NA
ASV_6824,Bacteria,Thermodesulfobacteriota,Desulfovibrionia,Desulfovibrionales,Desulfovibrionaceae,NA,NA_NA
ASV_6825,Bacteria,Pseudomonadota,Alphaproteobacteria,Rickettsiales,Mitochondria,NA,NA_NA
ASV_6826,Archaea,Methanobacteriota,Methanobacteria,Methanobacteriales,Methanobacteriaceae,Methanobrevibacter,Methanobrevibacter_NA
ASV_6827,Bacteria,Bacillota,Clostridia,Lachnospirales,Lachnospiraceae,Acetitomaculum,Acetitomaculum_NA
ASV_6828,Bacteria,Bacteroidota,Bacteroidia,Bacteroidales,F082,NA,NA_NA
ASV_6829,Bacteria,Pseudomonadota,Gammaproteobacteria,Pseudomonadales,Pseudomonadaceae,Oblitimonas,Oblitimonas_alkaliphila
ASV_6830,Bacteria,Thermodesulfobacteriota,Desulfovibrionia,Desulfovibrionales,Desulfovibrionaceae,Desulfovibrio,Desulfovibrio_NA
ASV_6831,Bacteria,Pseudomonadota,Alphaproteobacteria,Rickettsiales,Mitochondria,NA,NA_NA
ASV_6832,Bacteria,Pseudomonadota,Alphaproteobacteria,Rickettsiales,Mitochondria,NA,NA_NA
ASV_6833,Eukaryota,NA,NA,NA,NA,NA,NA_NA
ASV_6834,Bacteria,Pseudomonadota,Alphaproteobacteria,Rickettsiales,Mitochondria,NA,NA_NA
ASV_6835,Bacteria,Pseudomonadota,Alphaproteobacteria,Rhodobacterales,Paracoccaceae,Yangia,Yangia_pacifica
ASV_6836,Bacteria,Bacteroidota,Bacteroidia,Bacteroidales,Prevotellaceae,Prevotellaceae UCG-001,Prevotellaceae_UCG-001_NA
ASV_6837,Bacteria,Bacillota,Clostridia,Lachnospirales,Lachnospiraceae,NA,NA_NA
ASV_6838,Bacteria,Bacteroidota,Bacteroidia,Bacteroidales,NA,NA,NA_NA
ASV_6839,Bacteria,Bacteroidota,Bacteroidia,Bacteroidales,Rikenellaceae,Rikenellaceae RC9 gut group,Rikenellaceae_RC9_gut_group_NA
ASV_6840,Bacteria,Bacillota,Clostridia,Oscillospirales,[Eubacterium] coprostanoligenes group,NA,NA_NA
ASV_6841,Bacteria,Actinomycetota,Actinobacteria,Actinomycetales,Actinomycetaceae,Actinomyces,Actinomyces_NA
ASV_6842,Bacteria,Cyanobacteriota,Cyanobacteriia,Chloroplast,NA,NA,NA_NA
ASV_6843,Bacteria,Pseudomonadota,Gammaproteobacteria,Burkholderiales,Oxalobacteraceae,Massilia,Massilia_oculi
ASV_6844,Bacteria,Pseudomonadota,Alphaproteobacteria,Rickettsiales,Mitochondria,NA,NA_NA
ASV_6845,Bacteria,Bacteroidota,Bacteroidia,Sphingobacteriales,Sphingobacteriaceae,Solitalea,Solitalea_NA
ASV_6846,Bacteria,Bacillota,Bacilli,Bacillales,Bacillaceae,Lederbergia,Lederbergia_NA
ASV_6847,Bacteria,Actinomycetota,Actinobacteria,Mycobacteriales,Nocardiaceae,Rhodococcus,Rhodococcus_hoagii
ASV_6848,Bacteria,Bacillota,Clostridia,Oscillospirales,Oscillospiraceae,Colidextribacter,Colidextribacter_NA
ASV_6849,Bacteria,Bacillota,Clostridia,Clostridia UCG-014,NA,NA,NA_NA
ASV_6850,Bacteria,Bacillota,Clostridia,Clostridia vadinBB60 group,NA,NA,NA_NA
ASV_6851,Bacteria,Bacillota,Clostridia,Oscillospirales,Oscillospiraceae,Flavonifractor,Flavonifractor_plautii
ASV_6852,Bacteria,Thermodesulfobacteriota,Desulfovibrionia,Desulfovibrionales,Desulfovibrionaceae,Desulfovibrio,Desulfovibrio_desulfuricans
ASV_6853,Archaea,Methanobacteriota,Methanobacteria,Methanobacteriales,Methanobacteriaceae,Methanosphaera,Methanosphaera_NA
ASV_6854,Bacteria,Bacteroidota,Bacteroidia,Bacteroidales,Barnesiellaceae,NA,NA_NA
ASV_6855,Bacteria,Bacillota,Clostridia,Oscillospirales,Oscillospiraceae,NK4A214 group,NK4A214_group_NA
ASV_6856,Bacteria,Pseudomonadota,Gammaproteobacteria,Enterobacterales,Succinivibrionaceae,Anaerobiospirillum,Anaerobiospirillum_succiniciproducens
ASV_6857,Bacteria,Bacteroidota,Bacteroidia,Sphingobacteriales,Sphingobacteriaceae,Mucilaginibacter,Mucilaginibacter_flavidus
ASV_6858,Bacteria,Bacteroidota,Bacteroidia,Bacteroidales,Prevotellaceae,Prevotellaceae UCG-003,Prevotellaceae_UCG-003_NA
ASV_6859,Bacteria,Bacillota,Clostridia,Oscillospirales,Oscillospiraceae,NA,NA_NA
ASV_6860,Bacteria,Bacillota,Clostridia,Lachnospirales,Lachnospiraceae,Marvinbryantia,Marvinbryantia_NA
ASV_6861,Bacteria,Bacteroidota,Bacteroidia,Bacteroidales,Prevotellaceae,Prevotellaceae NK3B31 group,Prevotellaceae_NK3B31_group_NA
ASV_6862,Bacteria,Bacillota,Clostridia,Oscillospirales,Ruminococcaceae,Hydrogenoanaerobacterium,Hydrogenoanaerobacterium_NA
ASV_6863,Bacteria,Actinomycetota,Actinobacteria,Propionibacteriales,Nocardioidaceae,Marmoricola,Marmoricola_NA
ASV_6864,Bacteria,Bacillota,Bacilli,Erysipelotrichales,Erysipelatoclostridiaceae,Massiliomicrobiota,Massiliomicrobiota_NA
ASV_6865,Bacteria,Chloroflexota,Ktedonobacteria,Ktedonobacterales,Ktedonobacteraceae,HSB OF53-F07,HSB_OF53-F07_NA
ASV_6866,Bacteria,Bacillota,Bacilli,Erysipelotrichales,Erysipelotrichaceae,Culicoidibacter,Culicoidibacter_NA
ASV_6867,Bacteria,Bacillota,Bacilli,Erysipelotrichales,Erysipelotrichaceae,Erysipelothrix,Erysipelothrix_rhusiopathiae
ASV_6868,Bacteria,Bacillota,Clostridia,Monoglobales,Monoglobaceae,Monoglobus,Monoglobus_NA
ASV_6869,Bacteria,Bacillota,Clostridia,Oscillospirales,Butyricicoccaceae,UCG-008,UCG-008_NA
ASV_6870,Bacteria,Bacillota,Clostridia,Oscillospirales,UCG-010,NA,NA_NA
ASV_6871,Bacteria,Pseudomonadota,Alphaproteobacteria,Rickettsiales,NA,NA,NA_NA
ASV_6872,Bacteria,Bacteroidota,Bacteroidia,Bacteroidales,Prevotellaceae,Prevotellaceae NK3B31 group,Prevotellaceae_NK3B31_group_NA
ASV_6873,Bacteria,Bacillota,Bacilli,Erysipelotrichales,Erysipelatoclostridiaceae,UCG-004,UCG-004_NA
ASV_6874,Bacteria,Bacteroidota,Bacteroidia,Bacteroidales,Prevotellaceae,Prevotella,Prevotella_sp.
ASV_6875,Bacteria,Bacteroidota,Bacteroidia,Bacteroidales,Rikenellaceae,Rikenellaceae RC9 gut group,Rikenellaceae_RC9_gut_group_NA
ASV_6876,Bacteria,Bacillota,Bacilli,Acholeplasmatales,Acholeplasmataceae,EMP-G18,EMP-G18_NA
ASV_6877,Bacteria,Bacillota,Clostridia,Clostridia vadinBB60 group,NA,NA,NA_NA
ASV_6878,Bacteria,Bacillota,Clostridia,Clostridia vadinBB60 group,NA,NA,NA_NA
ASV_6879,Bacteria,Bacteroidota,Bacteroidia,Bacteroidales,Muribaculaceae,NA,NA_NA
ASV_6880,Bacteria,Spirochaetota,Spirochaetia,Spirochaetales,Spirochaetaceae,Treponema,Treponema_saccharophilum
ASV_6881,Bacteria,Spirochaetota,Spirochaetia,Spirochaetales,Spirochaetaceae,Treponema,Treponema_NA
ASV_6882,Bacteria,Bacillota,Bacilli,Acholeplasmatales,Acholeplasmataceae,Anaeroplasma,Anaeroplasma_abactoclasticum
ASV_6883,Bacteria,Bacillota,Clostridia,Clostridia vadinBB60 group,NA,NA,NA_NA
ASV_6884,Bacteria,Bacillota,Bacilli,Erysipelotrichales,Erysipelatoclostridiaceae,UCG-004,UCG-004_NA
ASV_6885,Bacteria,Bacillota,Bacilli,Lactobacillales,Lactobacillaceae,Limosilactobacillus,Limosilactobacillus_equigenerosi
ASV_6886,Bacteria,Bacillota,Bacilli,Erysipelotrichales,Erysipelotrichaceae,NA,NA_NA
ASV_6887,Bacteria,Verrucomicrobiota,Lentisphaeria,Victivallales,Victivallaceae,NA,NA_NA
ASV_6888,Bacteria,Bacillota,Negativicutes,Veillonellales-Selenomonadales,Selenomonadaceae,Selenomonas,Selenomonas_sp.
ASV_6889,Bacteria,Actinomycetota,Coriobacteriia,Coriobacteriales,Atopobiaceae,NA,NA_NA
ASV_6890,Bacteria,Pseudomonadota,Alphaproteobacteria,Hyphomicrobiales,Beijerinckiaceae,Methylobacterium,Methylobacterium_komagatae
ASV_6891,Bacteria,Bacteroidota,Bacteroidia,Bacteroidales,NA,NA,NA_NA
ASV_6892,Bacteria,Bacteroidota,Bacteroidia,Bacteroidales,Rikenellaceae,Rikenellaceae RC9 gut group,Rikenellaceae_RC9_gut_group_NA
ASV_6893,Bacteria,Bacteroidota,Bacteroidia,Bacteroidales,Prevotellaceae,Paraprevotella,Paraprevotella_clara
ASV_6894,Bacteria,Bacteroidota,Bacteroidia,Bacteroidales,Dysgonomonadaceae,Dysgonomonas,Dysgonomonas_NA
ASV_6895,Bacteria,Fusobacteriota,Fusobacteriia,Fusobacteriales,Fusobacteriaceae,Fusobacterium,Fusobacterium_NA
ASV_6896,Bacteria,Bacillota,Clostridia,Oscillospirales,Ruminococcaceae,NA,NA_NA
ASV_6897,Bacteria,Pseudomonadota,Gammaproteobacteria,Pseudomonadales,Moraxellaceae,Acinetobacter,Acinetobacter_NA
ASV_6898,Bacteria,Pseudomonadota,Gammaproteobacteria,Enterobacterales,Succinivibrionaceae,Succinivibrio,Succinivibrio_NA
ASV_6899,Bacteria,Bacteroidota,Bacteroidia,Bacteroidales,F082,NA,NA_NA
ASV_6900,Bacteria,Bacteroidota,Bacteroidia,Bacteroidales,Rikenellaceae,Rikenellaceae RC9 gut group,Rikenellaceae_RC9_gut_group_NA
ASV_6901,Bacteria,Bacillota,Clostridia,Lachnospirales,Lachnospiraceae,Ruminococcus,Ruminococcus_gauvreauii_group
ASV_6902,Eukaryota,NA,NA,NA,NA,NA,NA_NA
ASV_6903,Bacteria,Actinomycetota,Thermoleophilia,Solirubrobacterales,67-14,NA,NA_NA
ASV_6904,Bacteria,Pseudomonadota,Alphaproteobacteria,Rickettsiales,Mitochondria,NA,NA_NA
ASV_6905,Bacteria,Bacteroidota,Bacteroidia,Cytophagales,Hymenobacteraceae,Hymenobacter,Hymenobacter_NA
ASV_6906,Bacteria,Bacteroidota,Bacteroidia,Bacteroidales,Rikenellaceae,Alistipes,Alistipes_NA
ASV_6907,Bacteria,Bacteroidota,Bacteroidia,Bacteroidales,Bacteroidaceae,Bacteroides,Bacteroides_NA
ASV_6908,Bacteria,Bacillota,Negativicutes,Veillonellales-Selenomonadales,Veillonellaceae,Veillonella,Veillonella_NA
ASV_6909,Bacteria,Bacteroidota,Bacteroidia,Bacteroidales,Prevotellaceae,Xylanibacter,Xylanibacter_NA
ASV_6910,Bacteria,Bacteroidota,Bacteroidia,Bacteroidales,Muribaculaceae,NA,NA_NA
ASV_6911,Bacteria,Cyanobacteriota,Cyanobacteriia,Chloroplast,NA,NA,NA_NA
ASV_6912,Bacteria,Bacillota,Clostridia,Oscillospirales,Butyricicoccaceae,UCG-009,UCG-009_NA
ASV_6913,Bacteria,Bacillota,Clostridia,Peptococcales,Peptococcaceae,Desulfitispora,Desulfitispora_NA
ASV_6914,Bacteria,Bacteroidota,Bacteroidia,Bacteroidales,Prevotellaceae,Prevotellaceae UCG-003,Prevotellaceae_UCG-003_NA
ASV_6915,Bacteria,Bacteroidota,Bacteroidia,Bacteroidales,Prevotellaceae,Xylanibacter,Xylanibacter_NA
ASV_6916,Bacteria,Bacteroidota,Bacteroidia,Bacteroidales,Rikenellaceae,Rikenellaceae RC9 gut group,Rikenellaceae_RC9_gut_group_NA
ASV_6917,Bacteria,Bacillota,Clostridia,Christensenellales,Christensenellaceae,Christensenellaceae R-7 group,Christensenellaceae_R-7_group_NA
ASV_6918,Bacteria,Actinomycetota,Coriobacteriia,Coriobacteriales,Atopobiaceae,Atopobium,Atopobium_NA
ASV_6919,Bacteria,Bacillota,Clostridia,Lachnospirales,Lachnospiraceae,Eisenbergiella,Eisenbergiella_NA
ASV_6920,Bacteria,Bacteroidota,Bacteroidia,Bacteroidales,Prevotellaceae,Prevotellaceae UCG-001,Prevotellaceae_UCG-001_NA
ASV_6921,Bacteria,Bacteroidota,Bacteroidia,Bacteroidales,Rikenellaceae,Rikenellaceae RC9 gut group,Rikenellaceae_RC9_gut_group_NA
ASV_6922,Bacteria,Actinomycetota,Coriobacteriia,Coriobacteriales,Atopobiaceae,Atopobium,Atopobium_NA
ASV_6923,Bacteria,Bacteroidota,Bacteroidia,Cytophagales,Hymenobacteraceae,Hymenobacter,Hymenobacter_NA
ASV_6924,Bacteria,Actinomycetota,Actinobacteria,Kineosporiales,Kineosporiaceae,Kineococcus,Kineococcus_NA
ASV_6925,Bacteria,Pseudomonadota,Gammaproteobacteria,Burkholderiales,Alcaligenaceae,Candidatus Kinetoplastibacterium,Candidatus_Kinetoplastibacterium_sorsogonicusi
ASV_6926,Bacteria,Bacteroidota,Bacteroidia,Bacteroidales,Bacteroidaceae,Bacteroides,Bacteroides_coprosuis
ASV_6927,Bacteria,Bacteroidota,Bacteroidia,Bacteroidales,Prevotellaceae,Xylanibacter,Xylanibacter_NA
ASV_6928,Bacteria,Bacteroidota,Bacteroidia,Bacteroidales,Bacteroidaceae,Bacteroides,Bacteroides_propionicifaciens
ASV_6929,Bacteria,Bacillota,Clostridia,Lachnospirales,Lachnospiraceae,NA,NA_NA
ASV_6930,Bacteria,Bacteroidota,Bacteroidia,Bacteroidales,F082,NA,NA_NA
ASV_6931,Bacteria,Bacillota,Bacilli,Erysipelotrichales,Erysipelatoclostridiaceae,Longibaculum,Longibaculum_NA
ASV_6932,Bacteria,Bacteroidota,Bacteroidia,Bacteroidales,Muribaculaceae,NA,NA_NA
ASV_6933,Bacteria,Pseudomonadota,Gammaproteobacteria,Burkholderiales,SC-I-84,NA,NA_NA
ASV_6934,Bacteria,Bacteroidota,Bacteroidia,Sphingobacteriales,Sphingobacteriaceae,Sphingobacterium,Sphingobacterium_NA
ASV_6935,Bacteria,Pseudomonadota,Gammaproteobacteria,Enterobacterales,Orbaceae,Orbus,Orbus_NA
ASV_6936,Bacteria,Bacillota,Clostridia,Peptostreptococcales-Tissierellales,Family XI,Peptoniphilus,Peptoniphilus_stercorisuis
ASV_6937,Bacteria,Bacteroidota,Bacteroidia,Bacteroidales,Dysgonomonadaceae,Dysgonomonas,Dysgonomonas_NA
ASV_6938,Bacteria,Bacillota,Clostridia,Clostridiales,Clostridiaceae,Candidatus Arthromitus,Candidatus_Arthromitus_NA
ASV_6939,Bacteria,Campylobacterota,Campylobacteria,Campylobacterales,Helicobacteraceae,Helicobacter,Helicobacter_bilis
ASV_6940,Bacteria,Bacillota,Bacilli,Lactobacillales,Lactobacillaceae,Limosilactobacillus,Limosilactobacillus_NA
ASV_6941,Bacteria,Bacillota,Clostridia,Clostridiales,Clostridiaceae,Clostridium,Clostridium_intestinale
ASV_6942,Bacteria,Bacillota,Bacilli,Lactobacillales,Lactobacillaceae,Oenococcus,Oenococcus_kitaharae
ASV_6943,Bacteria,Actinomycetota,Actinobacteria,Propionibacteriales,Nocardioidaceae,Aeromicrobium,Aeromicrobium_NA
ASV_6944,Bacteria,Pseudomonadota,Gammaproteobacteria,Enterobacterales,Pasteurellaceae,Pasteurella,Pasteurella_multocida
ASV_6945,Bacteria,Bacillota,Clostridia,Clostridia vadinBB60 group,NA,NA,NA_NA
ASV_6946,Bacteria,Pseudomonadota,Alphaproteobacteria,Rickettsiales,Mitochondria,NA,NA_NA
ASV_6947,Bacteria,Bacteroidota,Bacteroidia,Bacteroidales,Prevotellaceae,Prevotellaceae UCG-004,Prevotellaceae_UCG-004_NA
ASV_6948,Bacteria,Cyanobacteriota,Cyanobacteriia,Chloroplast,NA,NA,NA_NA
ASV_6949,Bacteria,Bacillota,Clostridia,Oscillospirales,Ruminococcaceae,Paludicola,Paludicola_NA
ASV_6950,Bacteria,Bacillota,Clostridia,Lachnospirales,Lachnospiraceae,Roseburia,Roseburia_NA
ASV_6951,Eukaryota,NA,NA,NA,NA,NA,NA_NA
ASV_6952,Bacteria,Actinomycetota,Actinobacteria,Micrococcales,Microbacteriaceae,Leucobacter,Leucobacter_denitrificans
ASV_6953,Bacteria,Pseudomonadota,Alphaproteobacteria,Hyphomicrobiales,Xanthobacteraceae,Rhodoplanes,Rhodoplanes_NA
ASV_6954,Bacteria,Actinomycetota,Actinobacteria,Pseudonocardiales,Pseudonocardiaceae,Actinomycetospora,Actinomycetospora_sp.
ASV_6955,Bacteria,Bacillota,Clostridia,Lachnospirales,Lachnospiraceae,NA,NA_NA
ASV_6956,Bacteria,Bacillota,Clostridia,Oscillospirales,Ruminococcaceae,NA,NA_NA
ASV_6957,Bacteria,Abditibacteriota,Abditibacteriia,Abditibacteriales,Abditibacteriaceae,Abditibacterium,Abditibacterium_NA
ASV_6958,Bacteria,Bacteroidota,Bacteroidia,Bacteroidales,NA,NA,NA_NA
ASV_6959,Bacteria,Bacillota,Bacilli,Erysipelotrichales,Erysipelotrichaceae,NA,NA_NA
ASV_6960,Bacteria,Bacteroidota,Bacteroidia,Bacteroidales,F082,NA,NA_NA
ASV_6961,Bacteria,Bacillota,Bacilli,Lactobacillales,Catellicoccaceae,Catellicoccus,Catellicoccus_NA
ASV_6962,Eukaryota,NA,NA,NA,NA,NA,NA_NA
ASV_6963,Bacteria,Bacillota,Clostridia,Lachnospirales,Lachnospiraceae,NA,NA_NA
ASV_6964,Bacteria,Pseudomonadota,Gammaproteobacteria,Lysobacterales,Lysobacteraceae,Stenotrophomonas,Stenotrophomonas_maltophilia
ASV_6965,Bacteria,Thermodesulfobacteriota,Desulfovibrionia,Desulfovibrionales,Desulfovibrionaceae,Mailhella,Mailhella_NA
ASV_6966,Bacteria,Actinomycetota,Coriobacteriia,Coriobacteriales,Coriobacteriales Incertae Sedis,NA,NA_NA
ASV_6967,Bacteria,Bacillota,Bacilli,Thermoactinomycetales,Thermoactinomycetaceae,Thermoactinomyces,Thermoactinomyces_vulgaris
ASV_6968,Bacteria,Bacillota,Bacilli,Lactobacillales,Lactobacillaceae,Apilactobacillus,Apilactobacillus_ozensis
ASV_6969,Bacteria,Bacteroidota,Bacteroidia,Bacteroidales,Rikenellaceae,Rikenella,Rikenella_NA
ASV_6970,Bacteria,Bacillota,Clostridia,Lachnospirales,Lachnospiraceae,Faecalimonas,Faecalimonas_NA
ASV_6971,Bacteria,NA,NA,NA,NA,NA,NA_NA
ASV_6972,Bacteria,Bacillota,Bacilli,Lactobacillales,Lactobacillaceae,Weissella,Weissella_ceti
ASV_6973,Bacteria,Pseudomonadota,Alphaproteobacteria,Hyphomicrobiales,Rhizobiaceae,Aureimonas,Aureimonas_phyllosphaerae
ASV_6974,Bacteria,Actinomycetota,Actinobacteria,Mycobacteriales,Corynebacteriaceae,Corynebacterium,Corynebacterium_glyciniphilum
ASV_6975,Bacteria,Pseudomonadota,Gammaproteobacteria,Enterobacterales,Succinivibrionaceae,Succinivibrio,Succinivibrio_NA
ASV_6976,Bacteria,Pseudomonadota,Gammaproteobacteria,Enterobacterales,Succinivibrionaceae,Anaerobiospirillum,Anaerobiospirillum_thomasii
ASV_6977,Bacteria,Pseudomonadota,Alphaproteobacteria,Rickettsiales,Mitochondria,NA,NA_NA
ASV_6978,Eukaryota,NA,NA,NA,NA,NA,NA_NA
ASV_6979,Bacteria,Pseudomonadota,Alphaproteobacteria,Rickettsiales,Mitochondria,NA,NA_NA
ASV_6980,Bacteria,Pseudomonadota,Alphaproteobacteria,Sphingomonadales,Sphingomonadaceae,Sphingobium,Sphingobium_NA
ASV_6981,Bacteria,Actinomycetota,Actinobacteria,Propionibacteriales,Nocardioidaceae,Nocardioides,Nocardioides_ganghwensis
ASV_6982,Eukaryota,NA,NA,NA,NA,NA,NA_NA
ASV_6983,Bacteria,Bacteroidota,Bacteroidia,Bacteroidales,Tannerellaceae,Parabacteroides,Parabacteroides_absconsus
ASV_6984,Bacteria,Bacteroidota,Bacteroidia,Bacteroidales,Rikenellaceae,Rikenella,Rikenella_NA
ASV_6985,Bacteria,Spirochaetota,Spirochaetia,Spirochaetales,Spirochaetaceae,Treponema,Treponema_NA
ASV_6986,Bacteria,Bacillota,Clostridia,Oscillospirales,UCG-010,NA,NA_NA
ASV_6987,Bacteria,Bacillota,Clostridia,Oscillospirales,Ruminococcaceae,Harryflintia,Harryflintia_NA
ASV_6988,Bacteria,Bacillota,Clostridia,Oscillospirales,Ruminococcaceae,Negativibacillus,Negativibacillus_NA
ASV_6989,Bacteria,Actinomycetota,Coriobacteriia,Coriobacteriales,Eggerthellaceae,Paraeggerthella,Paraeggerthella_NA
ASV_6990,Bacteria,Bacteroidota,Bacteroidia,Sphingobacteriales,Sphingobacteriaceae,Mucilaginibacter,Mucilaginibacter_terrae
ASV_6991,Bacteria,Pseudomonadota,Gammaproteobacteria,Burkholderiales,Neisseriaceae,Vitreoscilla,Vitreoscilla_NA
ASV_6992,Bacteria,Bacteroidota,Bacteroidia,Bacteroidales,NA,NA,NA_NA
ASV_6993,Bacteria,Chlamydiota,Chlamydiia,Chlamydiales,cvE6,NA,NA_NA
ASV_6994,Bacteria,Bacillota,Clostridia,Eubacteriales,Eubacteriaceae,Pseudoramibacter,Pseudoramibacter_NA
ASV_6995,Bacteria,Pseudomonadota,Alphaproteobacteria,Acetobacterales,Acetobacteraceae,NA,NA_NA
ASV_6996,Bacteria,Bacteroidota,Bacteroidia,Bacteroidales,Rikenellaceae,Rikenellaceae RC9 gut group,Rikenellaceae_RC9_gut_group_NA
ASV_6997,Bacteria,Bacillota,Clostridia,Lachnospirales,Lachnospiraceae,NA,NA_NA
ASV_6998,Bacteria,Actinomycetota,Actinobacteria,Mycobacteriales,Mycobacteriaceae,Mycobacterium,Mycobacterium_simiae
ASV_6999,Bacteria,Bacillota,Bacilli,Erysipelotrichales,Erysipelatoclostridiaceae,Longibaculum,Longibaculum_NA
ASV_7000,Bacteria,Bacillota,Clostridia,Lachnospirales,Lachnospiraceae,NA,NA_NA
ASV_7001,Bacteria,Bacillota,Bacilli,Lactobacillales,Streptococcaceae,Streptococcus,Streptococcus_NA
ASV_7002,Bacteria,Bacillota,Clostridia,Clostridia UCG-014,NA,NA,NA_NA
ASV_7003,Bacteria,Bacillota,Clostridia,Oscillospirales,Ruminococcaceae,Faecalibacterium,Faecalibacterium_NA
ASV_7004,Bacteria,Cyanobacteriota,Cyanobacteriia,Chloroplast,NA,NA,NA_NA
ASV_7005,Bacteria,Fibrobacterota,Fibrobacteria,Fibrobacterales,Fibrobacteraceae,Fibrobacter,Fibrobacter_NA
ASV_7006,Bacteria,Bacillota,Clostridia,NA,NA,NA,NA_NA
ASV_7007,Bacteria,Cyanobacteriota,Vampirivibrionia,Gastranaerophilales,Gastranaerophilaceae,NA,NA_NA
ASV_7008,Bacteria,Bacillota,Bacilli,Izemoplasmatales,NA,NA,NA_NA
ASV_7009,Bacteria,Bacillota,Bacilli,Erysipelotrichales,Erysipelatoclostridiaceae,Erysipelotrichaceae UCG-003,Erysipelotrichaceae_UCG-003_NA
ASV_7010,Bacteria,Verrucomicrobiota,Kiritimatiellia,WCHB1-41,NA,NA,NA_NA
ASV_7011,Bacteria,Actinomycetota,Coriobacteriia,Coriobacteriales,Coriobacteriales Incertae Sedis,NA,NA_NA
ASV_7012,Bacteria,Bacillota,Clostridia,Lachnospirales,Lachnospiraceae,NA,NA_NA
ASV_7013,Bacteria,Verrucomicrobiota,Kiritimatiellia,WCHB1-41,NA,NA,NA_NA
ASV_7014,Bacteria,Bacillota,Clostridia,Lachnospirales,Defluviitaleaceae,Defluviitaleaceae UCG-011,Defluviitaleaceae_UCG-011_NA
ASV_7015,Bacteria,Bacillota,Clostridia,Lachnospirales,Lachnospiraceae,NA,NA_NA
ASV_7016,Bacteria,Bacillota,Bacilli,Erysipelotrichales,Erysipelatoclostridiaceae,NA,NA_NA
ASV_7017,Bacteria,Bacillota,Bacilli,Erysipelotrichales,Erysipelotrichaceae,Anaerorhabdus,Anaerorhabdus_NA
ASV_7018,Bacteria,Verrucomicrobiota,Lentisphaeria,Oligosphaerales,Oligosphaeraceae,Z20,Z20_NA
ASV_7019,Bacteria,Bacillota,Clostridia,Monoglobales,Monoglobaceae,Monoglobus,Monoglobus_NA
ASV_7020,Bacteria,Bacillota,Clostridia,Peptococcales,Peptococcaceae,NA,NA_NA
ASV_7021,Bacteria,Bacillota,Clostridia,Peptostreptococcales-Tissierellales,Anaerovoracaceae,Anaerovorax,Anaerovorax_sp.
ASV_7022,Bacteria,Bacillota,Clostridia,Oscillospirales,Ruminococcaceae,NA,NA_NA
ASV_7023,Bacteria,Bacillota,Clostridia,Oscillospirales,UCG-010,NA,NA_NA
ASV_7024,Bacteria,Bacillota,Negativicutes,Acidaminococcales,Acidaminococcaceae,Succiniclasticum,Succiniclasticum_NA
ASV_7025,Bacteria,Bacteroidota,Bacteroidia,Bacteroidales,Rikenellaceae,Rikenellaceae RC9 gut group,Rikenellaceae_RC9_gut_group_NA
ASV_7026,Bacteria,Bacteroidota,Bacteroidia,Bacteroidales,Muribaculaceae,NA,NA_NA
ASV_7027,Bacteria,Bacteroidota,Bacteroidia,Bacteroidales,Rikenellaceae,Alistipes,Alistipes_indistinctus
ASV_7028,Bacteria,Bacteroidota,Bacteroidia,Bacteroidales,F082,NA,NA_NA
ASV_7029,Bacteria,Bacillota,Clostridia,Peptostreptococcales-Tissierellales,Peptostreptococcaceae,Paraclostridium,Paraclostridium_bifermentans
ASV_7030,Bacteria,Bacteroidota,Bacteroidia,Bacteroidales,Bacteroidaceae,Bacteroides,Bacteroides_NA
ASV_7031,Bacteria,Spirochaetota,Spirochaetia,Spirochaetales,Spirochaetaceae,Treponema,Treponema_NA
ASV_7032,Bacteria,Bacillota,Clostridia,Oscillospirales,Oscillospiraceae,UCG-005,UCG-005_NA
ASV_7033,Eukaryota,NA,NA,NA,NA,NA,NA_NA
ASV_7034,Bacteria,Bacteroidota,Bacteroidia,Bacteroidales,Dysgonomonadaceae,Dysgonomonas,Dysgonomonas_NA
ASV_7035,Bacteria,Cyanobacteriota,Cyanobacteriia,Chloroplast,NA,NA,NA_NA
ASV_7036,Bacteria,Cyanobacteriota,Cyanobacteriia,Chloroplast,NA,NA,NA_NA
ASV_7037,Bacteria,Cyanobacteriota,Cyanobacteriia,Chloroplast,NA,NA,NA_NA
ASV_7038,Bacteria,Bacteroidota,Bacteroidia,Bacteroidales,Prevotellaceae,Segatella,Segatella_NA
ASV_7039,Bacteria,Bacteroidota,Bacteroidia,Bacteroidales,Prevotellaceae,Prevotella,Prevotella_sp.
ASV_7040,Bacteria,Bacillota,Clostridia,Lachnospirales,Lachnospiraceae,CHKCI001,CHKCI001_NA
ASV_7041,Bacteria,Bacillota,Bacilli,Staphylococcales,Gemellaceae,Gemella,Gemella_morbillorum
ASV_7042,Bacteria,Cyanobacteriota,Vampirivibrionia,Gastranaerophilales,Gastranaerophilaceae,Zag_111,Zag_111_NA
ASV_7043,Bacteria,Thermodesulfobacteriota,Desulfobulbia,Desulfobulbales,Desulfobulbaceae,Desulfobulbus,Desulfobulbus_oralis
ASV_7044,Bacteria,Bacteroidota,Bacteroidia,Bacteroidales,Prevotellaceae,Prevotellamassilia,Prevotellamassilia_sp.
ASV_7045,Bacteria,Bacillota,Clostridia,Oscillospirales,Ruminococcaceae,Ruminococcus,Ruminococcus_NA
ASV_7046,Bacteria,NA,NA,NA,NA,NA,NA_NA
ASV_7047,Bacteria,Bacillota,Clostridia,Oscillospirales,UCG-010,NA,NA_NA
ASV_7048,Bacteria,Bacteroidota,Bacteroidia,Bacteroidales,Prevotellaceae,Xylanibacter,Xylanibacter_NA
ASV_7049,Bacteria,Bacteroidota,Bacteroidia,Bacteroidales,Rikenellaceae,Rikenellaceae RC9 gut group,Rikenellaceae_RC9_gut_group_NA
ASV_7050,Bacteria,Pseudomonadota,Alphaproteobacteria,Rickettsiales,Mitochondria,NA,NA_NA
ASV_7051,Bacteria,Thermodesulfobacteriota,Desulfuromonadia,Bradymonadales,NA,NA,NA_NA
ASV_7052,Bacteria,Bacillota,Clostridia,Oscillospirales,Oscillospiraceae,UCG-002,UCG-002_NA
ASV_7053,Bacteria,Pseudomonadota,Alphaproteobacteria,Rickettsiales,Mitochondria,NA,NA_NA
ASV_7054,Bacteria,Bacillota,Clostridia,Oscillospirales,UCG-010,NA,NA_NA
ASV_7055,Bacteria,Bacillota,Clostridia,Lachnospirales,Lachnospiraceae,Ruminococcus,Ruminococcus_gauvreauii_group
ASV_7056,Bacteria,Bacteroidota,Bacteroidia,NA,NA,NA,NA_NA
ASV_7057,Bacteria,Bacillota,Clostridia,Clostridia vadinBB60 group,NA,NA,NA_NA
ASV_7058,Bacteria,Bacteroidota,Bacteroidia,Chitinophagales,Chitinophagaceae,Ferruginibacter,Ferruginibacter_NA
ASV_7059,Bacteria,Bacillota,Clostridia,Oscillospirales,Ruminococcaceae,Candidatus Soleaferrea,Candidatus_Soleaferrea_NA
ASV_7060,Bacteria,Bacillota,Clostridia,Peptostreptococcales-Tissierellales,Family XI,Tissierella,Tissierella_NA
ASV_7061,Bacteria,Bacillota,Clostridia,Lachnospirales,Lachnospiraceae,Lachnospira,Lachnospira_NA
ASV_7062,Bacteria,Bacillota,Clostridia,Monoglobales,Monoglobaceae,Monoglobus,Monoglobus_NA
ASV_7063,Bacteria,Bacteroidota,Bacteroidia,Bacteroidales,Rikenellaceae,Alistipes,Alistipes_sp.
ASV_7064,Bacteria,Bacillota,Clostridia,Clostridia vadinBB60 group,NA,NA,NA_NA
ASV_7065,Bacteria,Bacillota,Clostridia,Christensenellales,Christensenellaceae,Christensenellaceae R-7 group,Christensenellaceae_R-7_group_NA
ASV_7066,Bacteria,Bacteroidota,Bacteroidia,Bacteroidales,p-251-o5,NA,NA_NA
ASV_7067,Bacteria,Actinomycetota,Coriobacteriia,Coriobacteriales,Eggerthellaceae,NA,NA_NA
ASV_7068,Bacteria,Pseudomonadota,Alphaproteobacteria,Rhodobacterales,Paracoccaceae,Amaricoccus,Amaricoccus_tamworthensis
ASV_7069,Eukaryota,NA,NA,NA,NA,NA,NA_NA
ASV_7070,Bacteria,Campylobacterota,Campylobacteria,Campylobacterales,Helicobacteraceae,Helicobacter,Helicobacter_canis
ASV_7071,Bacteria,Pseudomonadota,Alphaproteobacteria,Rickettsiales,Mitochondria,NA,NA_NA
ASV_7072,Bacteria,Pseudomonadota,Alphaproteobacteria,Rickettsiales,Mitochondria,NA,NA_NA
ASV_7073,Bacteria,Pseudomonadota,Alphaproteobacteria,Rickettsiales,Mitochondria,NA,NA_NA
ASV_7074,Bacteria,Pseudomonadota,Alphaproteobacteria,Acetobacterales,Acetobacteraceae,Acidiphilium,Acidiphilium_NA
ASV_7075,Bacteria,Pseudomonadota,Alphaproteobacteria,Hyphomicrobiales,Beijerinckiaceae,Enterovirga,Enterovirga_NA
ASV_7076,Bacteria,Pseudomonadota,Alphaproteobacteria,Hyphomicrobiales,Rhizobiaceae,Rhizobium,Rhizobium_NA
ASV_7077,Bacteria,Actinomycetota,Actinobacteria,Kitasatosporales,Streptomycetaceae,Kitasatospora,Kitasatospora_setae
ASV_7078,Eukaryota,NA,NA,NA,NA,NA,NA_NA
ASV_7079,Bacteria,Pseudomonadota,Gammaproteobacteria,Enterobacterales,Succinivibrionaceae,Anaerobiospirillum,Anaerobiospirillum_thomasii
ASV_7080,Bacteria,Bacillota,Clostridia,Lachnospirales,Lachnospiraceae,Lachnospiraceae UCG-010,Lachnospiraceae_UCG-010_NA
ASV_7081,Bacteria,Bacillota,Clostridia,Oscillospirales,Oscillospiraceae,NK4A214 group,NK4A214_group_NA
ASV_7082,Bacteria,Bacillota,Clostridia,Peptostreptococcales-Tissierellales,Anaerovoracaceae,Eubacterium,Eubacterium_sp
ASV_7083,NA,NA,NA,NA,NA,NA,NA_NA
ASV_7084,Bacteria,Bacillota,Bacilli,Lactobacillales,Lactobacillaceae,Levilactobacillus,Levilactobacillus_brevis
ASV_7085,Bacteria,Pseudomonadota,Gammaproteobacteria,Gammaproteobacteria Incertae Sedis,Unknown Family,Candidatus Berkiella,Candidatus_Berkiella_NA
ASV_7086,Bacteria,Bacillota,Clostridia,Oscillospirales,Oscillospiraceae,Colidextribacter,Colidextribacter_NA
ASV_7087,Bacteria,Bacteroidota,Bacteroidia,Sphingobacteriales,Sphingobacteriaceae,Pedobacter,Pedobacter_heparinus
ASV_7088,Bacteria,Planctomycetota,Planctomycetes,Gemmatales,Gemmataceae,Fimbriiglobus,Fimbriiglobus_NA
ASV_7089,Bacteria,Pseudomonadota,Alphaproteobacteria,Hyphomicrobiales,Hyphomicrobiales Incertae Sedis,Bauldia,Bauldia_NA
ASV_7090,Bacteria,Cyanobacteriota,Cyanobacteriia,Chloroplast,NA,NA,NA_NA
ASV_7091,Bacteria,Bacillota,Bacilli,Bacillales,Planococcaceae,Rummeliibacillus,Rummeliibacillus_pycnus
ASV_7092,Bacteria,Bacteroidota,Bacteroidia,Chitinophagales,Chitinophagaceae,Edaphocola,Edaphocola_flava
ASV_7093,Bacteria,Bacillota,Clostridia,Lachnospirales,Lachnospiraceae,Anaerobutyricum,Anaerobutyricum_NA
ASV_7094,Bacteria,Pseudomonadota,Alphaproteobacteria,Hyphomicrobiales,Rhizobiaceae,Bartonella,Bartonella_NA
ASV_7095,Bacteria,Bacillota,Clostridia,Clostridia UCG-014,NA,NA,NA_NA
ASV_7096,Bacteria,Verrucomicrobiota,Lentisphaeria,Victivallales,Victivallaceae,Victivallis,Victivallis_NA
ASV_7097,Bacteria,Cyanobacteriota,Vampirivibrionia,Gastranaerophilales,Gastranaerophilaceae,CAG-196,CAG-196_NA
ASV_7098,Bacteria,Bacillota,Bacilli,Erysipelotrichales,Erysipelatoclostridiaceae,Massiliomicrobiota,Massiliomicrobiota_NA
ASV_7099,Bacteria,Actinomycetota,Coriobacteriia,Coriobacteriales,Eggerthellaceae,Slackia,Slackia_equolifaciens
ASV_7100,Bacteria,Bacteroidota,Bacteroidia,Bacteroidales,Rikenellaceae,Rikenellaceae RC9 gut group,Rikenellaceae_RC9_gut_group_NA
ASV_7101,Bacteria,Pseudomonadota,Gammaproteobacteria,Lysobacterales,Rhodanobacteraceae,Dokdonella,Dokdonella_NA
ASV_7102,Bacteria,Pseudomonadota,Alphaproteobacteria,Rickettsiales,SM2D12,NA,NA_NA
ASV_7103,Bacteria,Pseudomonadota,Alphaproteobacteria,Hyphomicrobiales,Beijerinckiaceae,Lichenibacterium,Lichenibacterium_NA
ASV_7104,Bacteria,Bacillota,Bacilli,Bacillales,Planococcaceae,Savagea,Savagea_NA
ASV_7105,Bacteria,Pseudomonadota,Alphaproteobacteria,Acetobacterales,Acetobacteraceae,Acidiphilium,Acidiphilium_NA
ASV_7106,Bacteria,Bdellovibrionota,Oligoflexia,0319-6G20,NA,NA,NA_NA
ASV_7107,Bacteria,Actinomycetota,Thermoleophilia,Solirubrobacterales,67-14,NA,NA_NA
ASV_7108,Bacteria,Actinomycetota,Acidimicrobiia,Acidimicrobiales,Acidimicrobiaceae,Acidiferrimicrobium,Acidiferrimicrobium_NA
ASV_7109,Bacteria,Bacillota,Bacilli,Thermoactinomycetales,Thermoactinomycetaceae,Laceyella,Laceyella_sacchari
ASV_7110,Bacteria,Bacillota,Clostridia,Oscillospirales,NA,NA,NA_NA
ASV_7111,Bacteria,Actinomycetota,Thermoleophilia,Gaiellales,NA,NA,NA_NA
ASV_7112,Bacteria,Bacillota,Clostridia,Clostridiales,Clostridiaceae,Clostridium,Clostridium_NA
ASV_7113,Bacteria,Pseudomonadota,Gammaproteobacteria,Pseudomonadales,Halomonadaceae,Zymobacter,Zymobacter_palmae
ASV_7114,Bacteria,Bacteroidota,Bacteroidia,Bacteroidales,Incertae Sedis,UCG-001,UCG-001_NA
ASV_7115,Bacteria,Bacillota,Bacilli,Izemoplasmatales,NA,NA,NA_NA
ASV_7116,Bacteria,Bacteroidota,Bacteroidia,Bacteroidales,Prevotellaceae,Prevotellaceae UCG-001,Prevotellaceae_UCG-001_NA
ASV_7117,Bacteria,NA,NA,NA,NA,NA,NA_NA
ASV_7118,Bacteria,Bacillota,Clostridia,Monoglobales,Monoglobaceae,Monoglobus,Monoglobus_NA
ASV_7119,Bacteria,Cyanobacteriota,Vampirivibrionia,Gastranaerophilales,Gastranaerophilaceae,NA,NA_NA
ASV_7120,Bacteria,Bacteroidota,Bacteroidia,Bacteroidales,Bacteroidaceae,Bacteroides,Bacteroides_NA
ASV_7121,Bacteria,Pseudomonadota,NA,NA,NA,NA,NA_NA
ASV_7122,Bacteria,Actinomycetota,Coriobacteriia,Coriobacteriales,NA,NA,NA_NA
ASV_7123,Bacteria,Bacillota,Clostridia,Oscillospirales,UCG-010,NA,NA_NA
ASV_7124,Bacteria,Bacillota,Clostridia,Clostridia vadinBB60 group,NA,NA,NA_NA
ASV_7125,Bacteria,Pseudomonadota,Alphaproteobacteria,NA,NA,NA,NA_NA
ASV_7126,Bacteria,Bacteroidota,Bacteroidia,Bacteroidales,Prevotellaceae,Segatella,Segatella_NA
ASV_7127,Bacteria,Bacillota,Bacilli,Erysipelotrichales,Erysipelatoclostridiaceae,UCG-004,UCG-004_NA
ASV_7128,Bacteria,Bacillota,Clostridia,Oscillospirales,UCG-010,NA,NA_NA
ASV_7129,Bacteria,Bacillota,Clostridia,Oscillospirales,Ruminococcaceae,Ruminococcus,Ruminococcus_NA
ASV_7130,Bacteria,Bacillota,Clostridia,Christensenellales,Christensenellaceae,Christensenellaceae R-7 group,Christensenellaceae_R-7_group_NA
ASV_7131,Bacteria,Bacillota,Clostridia,Clostridia vadinBB60 group,NA,NA,NA_NA
ASV_7132,Bacteria,Pseudomonadota,Gammaproteobacteria,Enterobacterales,Succinivibrionaceae,Succinivibrionaceae UCG-002,Succinivibrionaceae_UCG-002_NA
ASV_7133,Bacteria,Bacillota,Clostridia,Oscillospirales,UCG-010,NA,NA_NA
ASV_7134,Bacteria,Bacteroidota,Bacteroidia,Bacteroidales,Prevotellaceae,Segatella,Segatella_NA
ASV_7135,Bacteria,Bacillota,Clostridia,Oscillospirales,Ruminococcaceae,Acutalibacter,Acutalibacter_NA
ASV_7136,Bacteria,Bacteroidota,Bacteroidia,Bacteroidales,Bacteroidaceae,Bacteroides,Bacteroides_NA
ASV_7137,Bacteria,Bacillota,Clostridia,Clostridia vadinBB60 group,NA,NA,NA_NA
ASV_7138,Bacteria,Bacteroidota,Bacteroidia,Bacteroidales,NA,NA,NA_NA
ASV_7139,Bacteria,Bacteroidota,Bacteroidia,Bacteroidales,Prevotellaceae,Alloprevotella,Alloprevotella_NA
ASV_7140,Bacteria,Bacillota,Clostridia,Oscillospirales,UCG-010,NA,NA_NA
ASV_7141,Bacteria,Campylobacterota,Campylobacteria,Campylobacterales,Campylobacteraceae,Campylobacter,Campylobacter_helveticus
ASV_7142,Bacteria,Bacteroidota,Bacteroidia,Bacteroidales,Dysgonomonadaceae,Dysgonomonas,Dysgonomonas_NA
ASV_7143,Bacteria,Pseudomonadota,Gammaproteobacteria,Coxiellales,Coxiellaceae,Coxiella,Coxiella_NA
ASV_7144,Bacteria,Bacteroidota,Bacteroidia,Bacteroidales,Prevotellaceae,NA,NA_NA
ASV_7145,Bacteria,Bacillota,Clostridia,Peptostreptococcales-Tissierellales,Anaerovoracaceae,Mogibacterium,Mogibacterium_NA
ASV_7146,Bacteria,Bacillota,Bacilli,Erysipelotrichales,Erysipelotrichaceae,Erysipelothrix,Erysipelothrix_NA
ASV_7147,Bacteria,Pseudomonadota,Alphaproteobacteria,Hyphomicrobiales,Beijerinckiaceae,Methylobacterium,Methylobacterium_currus
ASV_7148,Bacteria,Bacillota,Negativicutes,Veillonellales-Selenomonadales,Veillonellaceae,Veillonella,Veillonella_NA
ASV_7149,Bacteria,Pseudomonadota,Gammaproteobacteria,Pseudomonadales,Cellvibrionaceae,Cellvibrio,Cellvibrio_NA
ASV_7150,Bacteria,Bacteroidota,Bacteroidia,Flavobacteriales,Flavobacteriaceae,Flavobacterium,Flavobacterium_ceti
ASV_7151,Bacteria,Bacillota,Clostridia,Clostridia vadinBB60 group,NA,NA,NA_NA
ASV_7152,Bacteria,Pseudomonadota,Alphaproteobacteria,Rhodospirillales,NA,NA,NA_NA
ASV_7153,Bacteria,Pseudomonadota,Alphaproteobacteria,Rhodospirillales,NA,NA,NA_NA
ASV_7154,Bacteria,Bacillota,Clostridia,Oscillospirales,Ruminococcaceae,NA,NA_NA
ASV_7155,Bacteria,Bacillota,Clostridia,Oscillospirales,Ruminococcaceae,Ruminococcus,Ruminococcus_NA
ASV_7156,Bacteria,Bacillota,Clostridia,Oscillospirales,Ruminococcaceae,Caproiciproducens,Caproiciproducens_NA
ASV_7157,Bacteria,Bacillota,Clostridia,Oscillospirales,Oscillospiraceae,UCG-002,UCG-002_NA
ASV_7158,Bacteria,Verrucomicrobiota,Kiritimatiellia,WCHB1-41,NA,NA,NA_NA
ASV_7159,Bacteria,Pseudomonadota,Alphaproteobacteria,Rickettsiales,Midichloriaceae,Candidatus Jidaibacter,Candidatus_Jidaibacter_NA
ASV_7160,Bacteria,Patescibacteria,Saccharimonadia,Saccharimonadales,Saccharimonadaceae,Candidatus Saccharimonas,Candidatus_Saccharimonas_NA
ASV_7161,Bacteria,Bacillota,Clostridia,Lachnospirales,Lachnospiraceae,NA,NA_NA
ASV_7162,Bacteria,Cyanobacteriota,Cyanobacteriia,Chloroplast,NA,NA,NA_NA
ASV_7163,Bacteria,Bacteroidota,Bacteroidia,Bacteroidales,Prevotellaceae,Prevotellaceae UCG-003,Prevotellaceae_UCG-003_NA
ASV_7164,Bacteria,Bacteroidota,Bacteroidia,Bacteroidales,F082,NA,NA_NA
ASV_7165,Bacteria,Bacillota,Clostridia,Peptostreptococcales-Tissierellales,Anaerovoracaceae,Anaerovorax,Anaerovorax_sp.
ASV_7166,Bacteria,Bacteroidota,Bacteroidia,Bacteroidales,Rikenellaceae,SP3-e08,SP3-e08_NA
ASV_7167,Bacteria,Actinomycetota,Actinobacteria,Micrococcales,Cellulomonadaceae,Cellulomonas,Cellulomonas_hominis
ASV_7168,Bacteria,Cyanobacteriota,Cyanobacteriia,Cyanobacteriales,Chroococcidiopsaceae,NA,NA_NA
ASV_7169,Bacteria,Pseudomonadota,Gammaproteobacteria,Cardiobacteriales,Wohlfahrtiimonadaceae,Wohlfahrtiimonas,Wohlfahrtiimonas_chitiniclastica
ASV_7170,Bacteria,Pseudomonadota,Alphaproteobacteria,Rickettsiales,Mitochondria,NA,NA_NA
ASV_7171,Bacteria,Bacillota,Negativicutes,Veillonellales-Selenomonadales,Selenomonadaceae,Selenomonas,Selenomonas_NA
ASV_7172,Bacteria,Bacteroidota,Bacteroidia,Bacteroidales,Prevotellaceae,Xylanibacter,Xylanibacter_NA
ASV_7173,Bacteria,Pseudomonadota,Alphaproteobacteria,Acetobacterales,Acetobacteraceae,Acidiphilium,Acidiphilium_NA
ASV_7174,Bacteria,Deinococcota,Deinococci,Deinococcales,Deinococcaceae,Deinococcus,Deinococcus_gobiensis
ASV_7175,Bacteria,Cyanobacteriota,Cyanobacteriia,Chloroplast,NA,NA,NA_NA
ASV_7176,Bacteria,Bacillota,Clostridia,Peptostreptococcales-Tissierellales,Sedimentibacteraceae,Sedimentibacter,Sedimentibacter_NA
ASV_7177,Bacteria,Pseudomonadota,Gammaproteobacteria,Burkholderiales,Rhodocyclaceae,C39,C39_NA
ASV_7178,Bacteria,Pseudomonadota,Gammaproteobacteria,Enterobacterales,Succinivibrionaceae,Anaerobiospirillum,Anaerobiospirillum_NA
ASV_7179,Bacteria,Bacillota,Bacilli,Erysipelotrichales,Erysipelotrichaceae,Breznakia,Breznakia_pachnodae
ASV_7180,Bacteria,Bacillota,Bacilli,NA,NA,NA,NA_NA
ASV_7181,Bacteria,Bacteroidota,Bacteroidia,Bacteroidales,Prevotellaceae,Segatella,Segatella_NA
ASV_7182,Bacteria,Bacteroidota,Bacteroidia,Sphingobacteriales,Sphingobacteriaceae,Mucilaginibacter,Mucilaginibacter_NA
ASV_7183,Bacteria,Actinomycetota,Coriobacteriia,Coriobacteriales,Coriobacteriales Incertae Sedis,NA,NA_NA
ASV_7184,Bacteria,Bacteroidota,Bacteroidia,Bacteroidales,p-2534-18B5 gut group,NA,NA_NA
ASV_7185,Bacteria,Cyanobacteriota,Vampirivibrionia,Gastranaerophilales,Gastranaerophilaceae,CAG-196,CAG-196_NA
ASV_7186,Bacteria,Bacteroidota,Bacteroidia,Bacteroidales,Prevotellaceae,Prevotellaceae UCG-001,Prevotellaceae_UCG-001_NA
ASV_7187,Bacteria,Bacillota,Clostridia,Oscillospirales,NA,NA,NA_NA
ASV_7188,Bacteria,Pseudomonadota,Gammaproteobacteria,Pseudomonadales,Cellvibrionaceae,Cellvibrio,Cellvibrio_NA
ASV_7189,Bacteria,Bacteroidota,Bacteroidia,Chitinophagales,Chitinophagaceae,Ferruginibacter,Ferruginibacter_NA
ASV_7190,Bacteria,Thermodesulfobacteriota,Desulfovibrionia,Desulfovibrionales,Desulfovibrionaceae,Mailhella,Mailhella_NA
ASV_7191,Bacteria,Actinomycetota,Coriobacteriia,Coriobacteriales,Coriobacteriaceae,NA,NA_NA
ASV_7192,Bacteria,Pseudomonadota,Gammaproteobacteria,Burkholderiales,Oxalobacteraceae,Massilia,Massilia_NA
ASV_7193,Bacteria,Actinomycetota,Actinobacteria,Pseudonocardiales,Pseudonocardiaceae,Crossiella,Crossiella_NA
ASV_7194,Bacteria,Bacteroidota,Bacteroidia,Chitinophagales,Chitinophagaceae,Parasegetibacter,Parasegetibacter_NA
ASV_7195,Bacteria,Bacillota,Bacilli,Lactobacillales,Lactobacillaceae,Companilactobacillus,Companilactobacillus_paralimentarius
ASV_7196,Bacteria,Bacteroidota,Bacteroidia,Bacteroidales,Muribaculaceae,NA,NA_NA
ASV_7197,Bacteria,Bacteroidota,Bacteroidia,Flavobacteriales,Flavobacteriaceae,Flavobacterium,Flavobacterium_NA
ASV_7198,Bacteria,Bacillota,Bacilli,Erysipelotrichales,Erysipelotrichaceae,Faecalicoccus,Faecalicoccus_pleomorphus
ASV_7199,Bacteria,Bacteroidota,Bacteroidia,Cytophagales,Hymenobacteraceae,Hymenobacter,Hymenobacter_NA
ASV_7200,Eukaryota,NA,NA,NA,NA,NA,NA_NA
ASV_7201,Bacteria,Actinomycetota,Actinobacteria,Mycobacteriales,Dietziaceae,Dietzia,Dietzia_maris
ASV_7202,Bacteria,Actinomycetota,Actinobacteria,Mycobacteriales,Corynebacteriaceae,Corynebacterium,Corynebacterium_sp.
ASV_7203,Bacteria,Actinomycetota,Thermoleophilia,Gaiellales,Gaiellaceae,Gaiella,Gaiella_NA
ASV_7204,Bacteria,Fusobacteriota,Fusobacteriia,Fusobacteriales,Fusobacteriaceae,Fusobacterium,Fusobacterium_mortiferum
ASV_7205,Bacteria,Bacteroidota,Bacteroidia,Bacteroidales,Bacteroidaceae,Bacteroides,Bacteroides_NA
ASV_7206,Bacteria,Bacillota,Clostridia,Christensenellales,Christensenellaceae,Christensenellaceae R-7 group,Christensenellaceae_R-7_group_NA
ASV_7207,Bacteria,Bacteroidota,Bacteroidia,Bacteroidales,Muribaculaceae,NA,NA_NA
ASV_7208,Bacteria,Pseudomonadota,Gammaproteobacteria,Lysobacterales,Lysobacteraceae,Stenotrophomonas,Stenotrophomonas_maltophilia
ASV_7209,Bacteria,Pseudomonadota,Alphaproteobacteria,Rickettsiales,Mitochondria,NA,NA_NA
ASV_7210,Bacteria,Pseudomonadota,Alphaproteobacteria,Rickettsiales,Mitochondria,NA,NA_NA
ASV_7211,Bacteria,Acidobacteriota,Acidobacteriae,Terriglobales,Acidobacteriaceae (Subgroup 1),Granulicella,Granulicella_paludicola
ASV_7212,Bacteria,Bacillota,Clostridia,Clostridia UCG-014,NA,NA,NA_NA
ASV_7213,Eukaryota,NA,NA,NA,NA,NA,NA_NA
ASV_7214,Bacteria,Bacillota,Clostridia,Oscillospirales,Oscillospiraceae,NA,NA_NA
ASV_7215,Bacteria,Bacillota,Bacilli,Erysipelotrichales,Erysipelotrichaceae,Amedibacillus,Amedibacillus_NA
ASV_7216,Bacteria,Bacteroidota,Bacteroidia,Bacteroidales,Rikenellaceae,Rikenellaceae RC9 gut group,Rikenellaceae_RC9_gut_group_NA
ASV_7217,Bacteria,Actinomycetota,Coriobacteriia,Coriobacteriales,Eggerthellaceae,NA,NA_NA
ASV_7218,Bacteria,Bacillota,Clostridia,Lachnospirales,Lachnospiraceae,Lachnoclostridium,Lachnoclostridium_NA
ASV_7219,Bacteria,Bacteroidota,Bacteroidia,Bacteroidales,Paludibacteraceae,NA,NA_NA
ASV_7220,Bacteria,Bacillota,Clostridia,Peptostreptococcales-Tissierellales,Peptostreptococcaceae,Proteocatella,Proteocatella_NA
ASV_7221,Bacteria,Bacillota,Bacilli,Erysipelotrichales,Erysipelotrichaceae,Holdemania,Holdemania_massiliensis
ASV_7222,Bacteria,Bacillota,Clostridia,NA,NA,NA,NA_NA
ASV_7223,Bacteria,Pseudomonadota,Gammaproteobacteria,Enterobacterales,Succinivibrionaceae,Succinivibrio,Succinivibrio_NA
ASV_7224,Bacteria,Pseudomonadota,Alphaproteobacteria,Hyphomicrobiales,Rhizobiaceae,Aquamicrobium,Aquamicrobium_NA
ASV_7225,Bacteria,Bacillota,Bacilli,Erysipelotrichales,Erysipelatoclostridiaceae,Asteroleplasma,Asteroleplasma_NA
ASV_7226,Bacteria,Pseudomonadota,Alphaproteobacteria,Rickettsiales,Mitochondria,NA,NA_NA
ASV_7227,Bacteria,Pseudomonadota,Alphaproteobacteria,Acetobacterales,Acetobacteraceae,NA,NA_NA
ASV_7228,Bacteria,Pseudomonadota,Alphaproteobacteria,Sphingomonadales,Sphingomonadaceae,NA,NA_NA
ASV_7229,Bacteria,Abditibacteriota,Abditibacteriia,Abditibacteriales,Abditibacteriaceae,Abditibacterium,Abditibacterium_NA
ASV_7230,Bacteria,Bacillota,Bacilli,Erysipelotrichales,Erysipelotrichaceae,Erysipelothrix,Erysipelothrix_NA
ASV_7231,Bacteria,Bacteroidota,Bacteroidia,Sphingobacteriales,Sphingobacteriaceae,Mucilaginibacter,Mucilaginibacter_NA
ASV_7232,Bacteria,Bacteroidota,Bacteroidia,Bacteroidales,Rikenellaceae,Rikenellaceae RC9 gut group,Rikenellaceae_RC9_gut_group_NA
ASV_7233,Bacteria,Pseudomonadota,Gammaproteobacteria,Burkholderiales,Comamonadaceae,NA,NA_NA
ASV_7234,Bacteria,Bacillota,Clostridia,Peptostreptococcales-Tissierellales,Anaerovoracaceae,Family XIII UCG-001,Family_XIII_UCG-001_NA
ASV_7235,Bacteria,Actinomycetota,Acidimicrobiia,Microtrichales,Iamiaceae,Iamia,Iamia_NA
ASV_7236,Bacteria,Bacteroidota,Bacteroidia,Bacteroidales,Prevotellaceae,NA,NA_NA
ASV_7237,Bacteria,Patescibacteria,Microgenomatia,Candidatus Pacebacteria,NA,NA,NA_NA
ASV_7238,Bacteria,Pseudomonadota,Alphaproteobacteria,Hyphomicrobiales,Rhizobiaceae,NA,NA_NA
ASV_7239,Bacteria,Actinomycetota,Coriobacteriia,Coriobacteriales,Coriobacteriaceae,Collinsella,Collinsella_NA
ASV_7240,Bacteria,Actinomycetota,Actinobacteria,Mycobacteriales,Corynebacteriaceae,Corynebacterium,Corynebacterium_ureicelerivorans
ASV_7241,Bacteria,Bacillota,Clostridia,NA,NA,NA,NA_NA
ASV_7242,Bacteria,Bacillota,Clostridia,Clostridia vadinBB60 group,NA,NA,NA_NA
ASV_7243,Bacteria,Bacillota,Clostridia,Oscillospirales,Butyricicoccaceae,UCG-009,UCG-009_NA
ASV_7244,Bacteria,Thermodesulfobacteriota,Desulfovibrionia,Desulfovibrionales,Desulfovibrionaceae,Bilophila,Bilophila_sp.
ASV_7245,Bacteria,Bacillota,Clostridia,NA,NA,NA,NA_NA
ASV_7246,Bacteria,Bacillota,Bacilli,Acholeplasmatales,Acholeplasmataceae,Acholeplasma,Acholeplasma_sp.
ASV_7247,Bacteria,Bacteroidota,Bacteroidia,Bacteroidales,F082,NA,NA_NA
ASV_7248,Bacteria,Bacillota,Clostridia,Peptococcales,Peptococcaceae,NA,NA_NA
ASV_7249,Bacteria,Bacteroidota,Bacteroidia,Bacteroidales,Prevotellaceae,Prevotellaceae UCG-001,Prevotellaceae_UCG-001_NA
ASV_7250,Bacteria,Bacteroidota,Bacteroidia,Bacteroidales,Prevotellaceae,Xylanibacter,Xylanibacter_NA
ASV_7251,Bacteria,Bacillota,Clostridia,Clostridia vadinBB60 group,NA,NA,NA_NA
ASV_7252,Bacteria,Bacillota,Bacilli,Acholeplasmatales,Acholeplasmataceae,Anaeroplasma,Anaeroplasma_sp.
ASV_7253,Bacteria,Bacteroidota,Bacteroidia,Bacteroidales,Rikenellaceae,Rikenellaceae RC9 gut group,Rikenellaceae_RC9_gut_group_NA
ASV_7254,Bacteria,Bacillota,Clostridia,Clostridia vadinBB60 group,NA,NA,NA_NA
ASV_7255,Bacteria,Bacillota,Clostridia,Peptostreptococcales-Tissierellales,Anaerovoracaceae,Family XIII AD3011 group,Family_XIII_AD3011_group_NA
ASV_7256,Bacteria,Bacillota,Bacilli,Erysipelotrichales,Erysipelotrichaceae,Solobacterium,Solobacterium_NA
ASV_7257,Bacteria,Bacteroidota,Bacteroidia,Bacteroidales,Rikenellaceae,Rikenellaceae RC9 gut group,Rikenellaceae_RC9_gut_group_NA
ASV_7258,Bacteria,Bacteroidota,Bacteroidia,Bacteroidales,Muribaculaceae,NA,NA_NA
ASV_7259,Bacteria,Bacteroidota,Bacteroidia,Bacteroidales,Porphyromonadaceae,Porphyromonas,Porphyromonas_gingivicanis
ASV_7260,Bacteria,Bacillota,Negativicutes,Veillonellales-Selenomonadales,Veillonellaceae,Megasphaera,Megasphaera_elsdenii
ASV_7261,Bacteria,Bacteroidota,Bacteroidia,Bacteroidales,Rikenellaceae,Alistipes,Alistipes_NA
ASV_7262,Bacteria,Bacteroidota,Bacteroidia,Bacteroidales,Paludibacteraceae,NA,NA_NA
ASV_7263,Bacteria,Bacillota,Clostridia,Lachnospirales,Lachnospiraceae,Coprococcus,Coprococcus_comes
ASV_7264,Bacteria,Bacillota,Bacilli,RF39,NA,NA,NA_NA
ASV_7265,Bacteria,Bacillota,Clostridia,Peptostreptococcales-Tissierellales,Anaerovoracaceae,Family XIII AD3011 group,Family_XIII_AD3011_group_NA
ASV_7266,Bacteria,Bacillota,Bacilli,RF39,NA,NA,NA_NA
ASV_7267,Bacteria,Pseudomonadota,Alphaproteobacteria,Rickettsiales,Mitochondria,NA,NA_NA
ASV_7268,Bacteria,Pseudomonadota,Alphaproteobacteria,Caulobacterales,Caulobacteraceae,Brevundimonas,Brevundimonas_terrae
ASV_7269,Bacteria,Bacillota,Clostridia,Clostridia UCG-014,NA,NA,NA_NA
ASV_7270,Bacteria,Pseudomonadota,Gammaproteobacteria,Burkholderiales,Sutterellaceae,Sutterella,Sutterella_NA
ASV_7271,Bacteria,Bacillota,Clostridia,Lachnospirales,Lachnospiraceae,Roseburia,Roseburia_NA
ASV_7272,Bacteria,Pseudomonadota,Alphaproteobacteria,Rhodospirillales,NA,NA,NA_NA
ASV_7273,Bacteria,Actinomycetota,Actinobacteria,Mycobacteriales,Corynebacteriaceae,Corynebacterium,Corynebacterium_sp.
ASV_7274,Bacteria,Bacillota,Bacilli,Erysipelotrichales,Erysipelotrichaceae,NA,NA_NA
ASV_7275,Eukaryota,NA,NA,NA,NA,NA,NA_NA
ASV_7276,Bacteria,Pseudomonadota,Alphaproteobacteria,Rickettsiales,Mitochondria,NA,NA_NA
ASV_7277,Bacteria,Bacillota,Clostridia,Lachnospirales,Lachnospiraceae,NA,NA_NA
ASV_7278,Bacteria,Actinomycetota,Actinobacteria,Mycobacteriales,Corynebacteriaceae,Corynebacterium,Corynebacterium_marinum
ASV_7279,Bacteria,Bacillota,Clostridia,Oscillospirales,NA,NA,NA_NA
ASV_7280,Bacteria,Bacillota,Clostridia,Oscillospirales,Ruminococcaceae,Harryflintia,Harryflintia_NA
ASV_7281,Bacteria,Bacillota,Bacilli,RF39,NA,NA,NA_NA
ASV_7282,Bacteria,Pseudomonadota,Alphaproteobacteria,Rickettsiales,Mitochondria,NA,NA_NA
ASV_7283,Eukaryota,NA,NA,NA,NA,NA,NA_NA
ASV_7284,Bacteria,Bacillota,Clostridia,Oscillospirales,Ruminococcaceae,Negativibacillus,Negativibacillus_NA
ASV_7285,Bacteria,Bacillota,Bacilli,Erysipelotrichales,Erysipelotrichaceae,Catenisphaera,Catenisphaera_NA
ASV_7286,Bacteria,Bacillota,Clostridia,Monoglobales,Monoglobaceae,Monoglobus,Monoglobus_NA
ASV_7287,Bacteria,Bacillota,Clostridia,Oscillospirales,Oscillospiraceae,Oscillibacter,Oscillibacter_sp.
ASV_7288,Bacteria,Acidobacteriota,Blastocatellia,Blastocatellales,Blastocatellaceae,Blastocatella,Blastocatella_NA
ASV_7289,Bacteria,Cyanobacteriota,Cyanobacteriia,Chloroplast,NA,NA,NA_NA
ASV_7290,Bacteria,Pseudomonadota,Alphaproteobacteria,Sphingomonadales,Sphingomonadaceae,NA,NA_NA
ASV_7291,Bacteria,Bacillota,Negativicutes,Acidaminococcales,Acidaminococcaceae,Phascolarctobacterium,Phascolarctobacterium_NA
ASV_7292,Bacteria,Bacteroidota,Bacteroidia,Bacteroidales,Dysgonomonadaceae,Dysgonomonas,Dysgonomonas_NA
ASV_7293,Eukaryota,NA,NA,NA,NA,NA,NA_NA
ASV_7294,Bacteria,Bacteroidota,Bacteroidia,Bacteroidales,Prevotellaceae,Hoylesella,Hoylesella_NA
ASV_7295,Bacteria,Bacillota,Clostridia,Oscillospirales,Ruminococcaceae,NA,NA_NA
ASV_7296,Bacteria,Bacillota,Bacilli,Erysipelotrichales,Erysipelatoclostridiaceae,UCG-004,UCG-004_NA
ASV_7297,Bacteria,Bacillota,Bacilli,Bacillales,Bacillaceae,Anaerobacillus,Anaerobacillus_sp.
ASV_7298,Bacteria,Bacteroidota,Bacteroidia,Bacteroidales,Rikenellaceae,Alistipes,Alistipes_NA
ASV_7299,Bacteria,Cyanobacteriota,Vampirivibrionia,Gastranaerophilales,Gastranaerophilaceae,Zag_111,Zag_111_NA
ASV_7300,Bacteria,Bacillota,Clostridia,NA,NA,NA,NA_NA
ASV_7301,Bacteria,Bacillota,Clostridia,Monoglobales,Monoglobaceae,Monoglobus,Monoglobus_NA
ASV_7302,Bacteria,Bacillota,Clostridia,Oscillospirales,UCG-010,NA,NA_NA
ASV_7303,Bacteria,Bacillota,Clostridia,Oscillospirales,Ruminococcaceae,NA,NA_NA
ASV_7304,Bacteria,Bacteroidota,Bacteroidia,Bacteroidales,Prevotellaceae,NA,NA_NA
ASV_7305,Bacteria,Bacteroidota,Bacteroidia,Bacteroidales,Tannerellaceae,Parabacteroides,Parabacteroides_NA
ASV_7306,Bacteria,Bacillota,Clostridia,Lachnospirales,Lachnospiraceae,Fusicatenibacter,Fusicatenibacter_saccharivorans
ASV_7307,Bacteria,Myxococcota,Myxococcia,Myxococcales,Myxococcaceae,NA,NA_NA
ASV_7308,Bacteria,Pseudomonadota,Alphaproteobacteria,Rickettsiales,Mitochondria,NA,NA_NA
ASV_7309,Bacteria,Bacillota,Clostridia,Christensenellales,Christensenellaceae,Christensenellaceae R-7 group,Christensenellaceae_R-7_group_NA
ASV_7310,Bacteria,Pseudomonadota,Gammaproteobacteria,Legionellales,Legionellaceae,Legionella,Legionella_NA
ASV_7311,Bacteria,Pseudomonadota,Alphaproteobacteria,Rickettsiales,Mitochondria,NA,NA_NA
ASV_7312,Bacteria,Actinomycetota,Actinobacteria,Micrococcales,Micrococcaceae,Glutamicibacter,Glutamicibacter_arilaitensis
ASV_7313,Bacteria,Pseudomonadota,Alphaproteobacteria,Rickettsiales,Mitochondria,NA,NA_NA
ASV_7314,Archaea,Methanobacteriota,Methanobacteria,Methanobacteriales,Methanobacteriaceae,Methanobrevibacter,Methanobrevibacter_woesei
ASV_7315,Bacteria,Verrucomicrobiota,Lentisphaeria,Victivallales,vadinBE97,NA,NA_NA
ASV_7316,Bacteria,Bacillota,Bacilli,Erysipelotrichales,Erysipelatoclostridiaceae,UCG-004,UCG-004_NA
ASV_7317,Bacteria,Bacteroidota,Bacteroidia,NA,NA,NA,NA_NA
ASV_7318,Eukaryota,NA,NA,NA,NA,NA,NA_NA
ASV_7319,Bacteria,Actinomycetota,Thermoleophilia,Solirubrobacterales,Solirubrobacteraceae,Solirubrobacter,Solirubrobacter_NA
ASV_7320,Bacteria,Deinococcota,Deinococci,Deinococcales,Deinococcaceae,Deinococcus,Deinococcus_gobiensis
ASV_7321,Bacteria,Bacteroidota,Bacteroidia,Cytophagales,Spirosomataceae,Dyadobacter,Dyadobacter_NA
ASV_7322,Bacteria,Pseudomonadota,Alphaproteobacteria,Caulobacterales,Caulobacteraceae,Caulobacter,Caulobacter_vibrioides
ASV_7323,Bacteria,Bacillota,Bacilli,Acholeplasmatales,Acholeplasmataceae,EMP-G18,EMP-G18_NA
ASV_7324,Bacteria,Bacillota,Clostridia,Oscillospirales,Oscillospiraceae,Saccharofermentans,Saccharofermentans_NA
ASV_7325,Bacteria,Bacillota,Clostridia,Oscillospirales,UCG-010,NA,NA_NA
ASV_7326,Bacteria,Bacillota,Clostridia,Oscillospirales,Ruminococcaceae,NA,NA_NA
ASV_7327,Bacteria,Pseudomonadota,Alphaproteobacteria,Rickettsiales,Mitochondria,NA,NA_NA
ASV_7328,Bacteria,Bacteroidota,Bacteroidia,Bacteroidales,Marinifilaceae,Odoribacter,Odoribacter_NA
ASV_7329,Bacteria,Pseudomonadota,Gammaproteobacteria,Burkholderiales,Oxalobacteraceae,Oxalobacter,Oxalobacter_formigenes
ASV_7330,Bacteria,Actinomycetota,Actinobacteria,Mycobacteriales,Nocardiaceae,Smaragdicoccus,Smaragdicoccus_NA
ASV_7331,Bacteria,Bacteroidota,Bacteroidia,Sphingobacteriales,Sphingobacteriaceae,Sphingobacterium,Sphingobacterium_faecium
ASV_7332,Bacteria,Cyanobacteriota,Cyanobacteriia,Chloroplast,NA,NA,NA_NA
ASV_7333,Bacteria,Bacteroidota,Bacteroidia,Cytophagales,Hymenobacteraceae,Hymenobacter,Hymenobacter_NA
ASV_7334,Bacteria,Candidatus Eremiobacterota,Eremiobacteria,NA,NA,NA,NA_NA
ASV_7335,Bacteria,Pseudomonadota,Alphaproteobacteria,Rickettsiales,Mitochondria,NA,NA_NA
ASV_7336,Bacteria,Actinomycetota,Actinobacteria,Propionibacteriales,Nocardioidaceae,Nocardioides,Nocardioides_NA
ASV_7337,Bacteria,Bacteroidota,Bacteroidia,Bacteroidales,Rikenellaceae,Alistipes,Alistipes_indistinctus
ASV_7338,Bacteria,Bacillota,Bacilli,Erysipelotrichales,Erysipelotrichaceae,NA,NA_NA
ASV_7339,Bacteria,Bacillota,Symbiobacteriia,Symbiobacteriales,Symbiobacteraceae,Symbiobacterium,Symbiobacterium_thermophilum
ASV_7340,Bacteria,Bacillota,Bacilli,Erysipelotrichales,Erysipelatoclostridiaceae,NA,NA_NA
ASV_7341,Bacteria,Bacillota,Bacilli,Erysipelotrichales,Erysipelotrichaceae,Faecalicoccus,Faecalicoccus_acidiformans
ASV_7342,Bacteria,Bacillota,Clostridia,Lachnospirales,Lachnospiraceae,Enterocloster,Enterocloster_NA
ASV_7343,Bacteria,Bacteroidota,Bacteroidia,Bacteroidales,Bacteroidaceae,Bacteroides,Bacteroides_NA
ASV_7344,Bacteria,Bacillota,Bacilli,Erysipelotrichales,NA,NA,NA_NA
ASV_7345,Bacteria,Bacillota,Clostridia,Oscillospirales,UCG-010,NA,NA_NA
ASV_7346,Bacteria,Bacillota,Bacilli,Erysipelotrichales,Erysipelotrichaceae,Catenisphaera,Catenisphaera_NA
ASV_7347,Bacteria,Actinomycetota,Coriobacteriia,Coriobacteriales,NA,NA,NA_NA
ASV_7348,Bacteria,Bacillota,Clostridia,Clostridia vadinBB60 group,NA,NA,NA_NA
ASV_7349,Bacteria,Bacillota,Clostridia,Clostridia vadinBB60 group,NA,NA,NA_NA
ASV_7350,Bacteria,Bacillota,Clostridia,Clostridia vadinBB60 group,NA,NA,NA_NA
ASV_7351,Bacteria,Bacillota,Bacilli,RF39,NA,NA,NA_NA
ASV_7352,Bacteria,Bacillota,Clostridia,Clostridia vadinBB60 group,NA,NA,NA_NA
ASV_7353,Bacteria,Planctomycetota,Planctomycetes,Pirellulales,Pirellulaceae,p-1088-a5 gut group,p-1088-a5_gut_group_NA
ASV_7354,Bacteria,Bacillota,Clostridia,Oscillospirales,Ruminococcaceae,Candidatus Soleaferrea,Candidatus_Soleaferrea_NA
ASV_7355,Bacteria,Elusimicrobiota,Elusimicrobia,Elusimicrobiales,Elusimicrobiaceae,Elusimicrobium,Elusimicrobium_NA
ASV_7356,Bacteria,Bacillota,Bacilli,Erysipelotrichales,Erysipelatoclostridiaceae,NA,NA_NA
ASV_7357,Bacteria,Bacillota,Bacilli,Erysipelotrichales,Erysipelatoclostridiaceae,NA,NA_NA
ASV_7358,Bacteria,Bacteroidota,Bacteroidia,Bacteroidales,F082,NA,NA_NA
ASV_7359,Bacteria,Bacillota,Clostridia,Lachnospirales,Lachnospiraceae,Pseudobutyrivibrio,Pseudobutyrivibrio_sp.
ASV_7360,Bacteria,Bacteroidota,Bacteroidia,Bacteroidales,M2PB4-65 termite group,NA,NA_NA
ASV_7361,Bacteria,Pseudomonadota,Alphaproteobacteria,Rickettsiales,Mitochondria,NA,NA_NA
ASV_7362,Bacteria,Actinomycetota,Coriobacteriia,Coriobacteriales,Coriobacteriaceae,Collinsella,Collinsella_NA
ASV_7363,Bacteria,Bacteroidota,Bacteroidia,Bacteroidales,NA,NA,NA_NA
ASV_7364,Bacteria,Actinomycetota,Actinobacteria,Mycobacteriales,Corynebacteriaceae,Lawsonella,Lawsonella_clevelandensis
ASV_7365,Bacteria,Bacteroidota,Bacteroidia,Bacteroidales,Barnesiellaceae,Barnesiella,Barnesiella_NA
ASV_7366,Bacteria,Bacillota,Clostridia,Lachnospirales,Lachnospiraceae,Tyzzerella,Tyzzerella_NA
ASV_7367,Bacteria,Bacillota,Clostridia,Lachnospirales,Lachnospiraceae,Tyzzerella,Tyzzerella_NA
ASV_7368,Bacteria,Bacteroidota,Bacteroidia,Bacteroidales,p-2534-18B5 gut group,NA,NA_NA
ASV_7369,Bacteria,Actinomycetota,Actinobacteria,Catenulisporales,Actinospicaceae,Actinospica,Actinospica_NA
ASV_7370,Bacteria,Bacillota,Clostridia,Oscillospirales,Oscillospiraceae,Ruminiclostridium,Ruminiclostridium_NA
ASV_7371,Bacteria,Bacillota,Clostridia,Clostridiales,Clostridiaceae,Clostridium,Clostridium_novyi
ASV_7372,Bacteria,Pseudomonadota,Gammaproteobacteria,Rickettsiellales,Rickettsiellaceae,Aquicella,Aquicella_NA
ASV_7373,Bacteria,Bacillota,Bacilli,Erysipelotrichales,Erysipelotrichaceae,NA,NA_NA
ASV_7374,Bacteria,Bacillota,Clostridia,Oscillospirales,Ruminococcaceae,Candidatus Soleaferrea,Candidatus_Soleaferrea_NA
ASV_7375,Bacteria,Bacteroidota,Bacteroidia,Bacteroidales,Rikenellaceae,Alistipes,Alistipes_NA
ASV_7376,Bacteria,Pseudomonadota,Alphaproteobacteria,Rickettsiales,Mitochondria,NA,NA_NA
ASV_7377,Bacteria,Bacillota,Clostridia,Oscillospirales,Ruminococcaceae,Ruthenibacterium,Ruthenibacterium_NA
ASV_7378,Bacteria,Bacillota,NA,NA,NA,NA,NA_NA
ASV_7379,Bacteria,Bacillota,Bacilli,Paenibacillales,Paenibacillaceae,Paenibacillus,Paenibacillus_NA
ASV_7380,Bacteria,Pseudomonadota,Alphaproteobacteria,Hyphomicrobiales,Rhizobiaceae,Rhizobium,Rhizobium_phaseoli
ASV_7381,Bacteria,Pseudomonadota,Gammaproteobacteria,Enterobacterales,Succinivibrionaceae,Succinivibrio,Succinivibrio_NA
ASV_7382,Bacteria,Pseudomonadota,Alphaproteobacteria,Acetobacterales,Acetobacteraceae,Commensalibacter,Commensalibacter_intestini
ASV_7383,Bacteria,Bacteroidota,Bacteroidia,Bacteroidales,Prevotellaceae,Xylanibacter,Xylanibacter_NA
ASV_7384,Bacteria,Bacteroidota,Bacteroidia,Flavobacteriales,Weeksellaceae,Chishuiella,Chishuiella_NA
ASV_7385,Bacteria,Bacillota,Bacilli,Erysipelotrichales,Erysipelatoclostridiaceae,Longibaculum,Longibaculum_NA
ASV_7386,Bacteria,Bacteroidota,Bacteroidia,Bacteroidales,Prevotellaceae,Prevotellaceae UCG-004,Prevotellaceae_UCG-004_NA
ASV_7387,Bacteria,Bacillota,Clostridia,Lachnospirales,Lachnospiraceae,NA,NA_NA
ASV_7388,Bacteria,Bacillota,Negativicutes,Acidaminococcales,Acidaminococcaceae,Succiniclasticum,Succiniclasticum_NA
ASV_7389,Bacteria,Pseudomonadota,Alphaproteobacteria,Rickettsiales,Mitochondria,NA,NA_NA
ASV_7390,Bacteria,Pseudomonadota,Alphaproteobacteria,Acetobacterales,Acetobacteraceae,Acidiphilium,Acidiphilium_NA
ASV_7391,Bacteria,Pseudomonadota,Gammaproteobacteria,Enterobacterales,Shewanellaceae,Shewanella,Shewanella_putrefaciens
ASV_7392,Eukaryota,NA,NA,NA,NA,NA,NA_NA
ASV_7393,Bacteria,Bacillota,Bacilli,Erysipelotrichales,Erysipelotrichaceae,Culicoidibacter,Culicoidibacter_NA
ASV_7394,Bacteria,Bacillota,Clostridia,Oscillospirales,UCG-010,NA,NA_NA
ASV_7395,Bacteria,Bacteroidota,Bacteroidia,Bacteroidales,Prevotellaceae,Prevotellaceae UCG-004,Prevotellaceae_UCG-004_NA
ASV_7396,Bacteria,Bacillota,Clostridia,Oscillospirales,UCG-010,NA,NA_NA
ASV_7397,Bacteria,Bacillota,Clostridia,Oscillospirales,Ruminococcaceae,Ruminococcus,Ruminococcus_NA
ASV_7398,NA,NA,NA,NA,NA,NA,NA_NA
ASV_7399,Bacteria,Bacillota,Bacilli,Bacillales,Planococcaceae,Kurthia,Kurthia_NA
ASV_7400,Bacteria,Bacillota,Bacilli,Erysipelotrichales,Erysipelotrichaceae,Breznakia,Breznakia_pachnodae
ASV_7401,Bacteria,Bacteroidota,Bacteroidia,Bacteroidales,Dysgonomonadaceae,Dysgonomonas,Dysgonomonas_NA
ASV_7402,Bacteria,Bacillota,Bacilli,Erysipelotrichales,Erysipelotrichaceae,Erysipelothrix,Erysipelothrix_NA
ASV_7403,Bacteria,Pseudomonadota,Gammaproteobacteria,Burkholderiales,Comamonadaceae,Comamonas,Comamonas_NA
ASV_7404,Bacteria,Pseudomonadota,Gammaproteobacteria,Burkholderiales,Comamonadaceae,Xylophilus,Xylophilus_NA
ASV_7405,Bacteria,Bacteroidota,Bacteroidia,Bacteroidales,NA,NA,NA_NA
ASV_7406,Bacteria,Bacillota,Bacilli,RF39,NA,NA,NA_NA
ASV_7407,Bacteria,Campylobacterota,Campylobacteria,Campylobacterales,Helicobacteraceae,Helicobacter,Helicobacter_apodemus
ASV_7408,Bacteria,Bacillota,Clostridia,NA,NA,NA,NA_NA
ASV_7409,Bacteria,Bacteroidota,Bacteroidia,Bacteroidales,Prevotellaceae,Prevotellaceae UCG-003,Prevotellaceae_UCG-003_NA
ASV_7410,Bacteria,Bacillota,Clostridia,Clostridia vadinBB60 group,NA,NA,NA_NA
ASV_7411,Bacteria,Planctomycetota,Planctomycetes,Pirellulales,Pirellulaceae,p-1088-a5 gut group,p-1088-a5_gut_group_NA
ASV_7412,Bacteria,Pseudomonadota,Alphaproteobacteria,Rhodospirillales,NA,NA,NA_NA
ASV_7413,Bacteria,Pseudomonadota,Alphaproteobacteria,Rickettsiales,Mitochondria,NA,NA_NA
ASV_7414,Bacteria,Cyanobacteriota,Cyanobacteriia,Chloroplast,NA,NA,NA_NA
ASV_7415,Bacteria,Bacteroidota,Bacteroidia,Bacteroidales,Dysgonomonadaceae,Dysgonomonas,Dysgonomonas_NA
ASV_7416,Bacteria,Bacteroidota,Bacteroidia,Cytophagales,Spirosomataceae,Spirosoma,Spirosoma_NA
ASV_7417,Bacteria,Bacillota,Bacilli,Mycoplasmatales,Mycoplasmataceae,Malacoplasma,Malacoplasma_NA
ASV_7418,Bacteria,Pseudomonadota,Alphaproteobacteria,Rickettsiales,Mitochondria,NA,NA_NA
ASV_7419,Bacteria,Verrucomicrobiota,Kiritimatiellia,WCHB1-41,NA,NA,NA_NA
ASV_7420,Bacteria,Pseudomonadota,Alphaproteobacteria,Rickettsiales,Mitochondria,NA,NA_NA
ASV_7421,Bacteria,Bacillota,Clostridia,Lachnospirales,Lachnospiraceae,Agathobacter,Agathobacter_NA
ASV_7422,Bacteria,Bacillota,Bacilli,Brevibacillales,Brevibacillaceae,Brevibacillus,Brevibacillus_borstelensis
ASV_7423,Eukaryota,NA,NA,NA,NA,NA,NA_NA
ASV_7424,Bacteria,Pseudomonadota,Gammaproteobacteria,Enterobacterales,Succinivibrionaceae,Anaerobiospirillum,Anaerobiospirillum_succiniciproducens
ASV_7425,Bacteria,Spirochaetota,Spirochaetia,Spirochaetales,Spirochaetaceae,NA,NA_NA
ASV_7426,Bacteria,Bacillota,Clostridia,Oscillospirales,Ruminococcaceae,NA,NA_NA
ASV_7427,Bacteria,Bacillota,Clostridia,Clostridia vadinBB60 group,NA,NA,NA_NA
ASV_7428,Bacteria,Bacteroidota,Bacteroidia,Cytophagales,Hymenobacteraceae,Hymenobacter,Hymenobacter_NA
ASV_7429,Bacteria,Bacteroidota,Bacteroidia,Bacteroidales,Bacteroidaceae,Bacteroides,Bacteroides_NA
ASV_7430,Bacteria,Actinomycetota,Actinobacteria,Micrococcales,Intrasporangiaceae,Lapillicoccus,Lapillicoccus_jejuensis
ASV_7431,Bacteria,Bacteroidota,Bacteroidia,Bacteroidales,Muribaculaceae,NA,NA_NA
ASV_7432,Bacteria,Bacteroidota,Bacteroidia,Cytophagales,Spirosomataceae,Spirosoma,Spirosoma_linguale
ASV_7433,Bacteria,Bacteroidota,Bacteroidia,Cytophagales,Spirosomataceae,Fibrella,Fibrella_NA
ASV_7434,Bacteria,Cyanobacteriota,Vampirivibrionia,Obscuribacterales,Obscuribacteraceae,Candidatus Obscuribacter,Candidatus_Obscuribacter_NA
ASV_7435,Bacteria,Bacillota,Clostridia,Oscillospirales,Ruminococcaceae,Faecalibacterium,Faecalibacterium_NA
ASV_7436,Bacteria,Bacteroidota,Bacteroidia,Flavobacteriales,Flavobacteriaceae,Flavobacterium,Flavobacterium_NA
ASV_7437,Bacteria,Bacillota,Clostridia,Oscillospirales,Oscillospiraceae,Intestinimonas,Intestinimonas_NA
ASV_7438,Bacteria,Bacteroidota,Bacteroidia,Bacteroidales,Bacteroidaceae,Bacteroides,Bacteroides_caecigallinarum
ASV_7439,Bacteria,Bacillota,Bacilli,Erysipelotrichales,NA,NA,NA_NA
ASV_7440,Bacteria,Bacillota,Clostridia,NA,NA,NA,NA_NA
ASV_7441,Bacteria,Pseudomonadota,Gammaproteobacteria,Lysobacterales,Rhodanobacteraceae,Dokdonella,Dokdonella_NA
ASV_7442,Bacteria,Bacteroidota,Bacteroidia,Bacteroidales,Dysgonomonadaceae,Dysgonomonas,Dysgonomonas_NA
ASV_7443,Bacteria,Bacteroidota,Bacteroidia,Bacteroidales,Prevotellaceae,Hoylesella,Hoylesella_NA
ASV_7444,Bacteria,Bacteroidota,Bacteroidia,Bacteroidales,Muribaculaceae,NA,NA_NA
ASV_7445,Bacteria,Acidobacteriota,Acidobacteriae,Bryobacterales,Bryobacteraceae,Bryobacter,Bryobacter_NA
ASV_7446,Bacteria,Bacillota,Clostridia,Oscillospirales,Oscillospiraceae,Ruminiclostridium,Ruminiclostridium_NA
ASV_7447,Bacteria,Pseudomonadota,Alphaproteobacteria,Sphingomonadales,Sphingomonadaceae,Sphingomonas,Sphingomonas_faeni
ASV_7448,Bacteria,Verrucomicrobiota,Kiritimatiellia,WCHB1-41,NA,NA,NA_NA
ASV_7449,Bacteria,Bacillota,Clostridia,Oscillospirales,UCG-010,NA,NA_NA
ASV_7450,Bacteria,Spirochaetota,Spirochaetia,Spirochaetales,Spirochaetaceae,Treponema,Treponema_NA
ASV_7451,Bacteria,Bacillota,Clostridia,Oscillospirales,UCG-010,NA,NA_NA
ASV_7452,Bacteria,Bacteroidota,Bacteroidia,Bacteroidales,Rikenellaceae,Rikenellaceae RC9 gut group,Rikenellaceae_RC9_gut_group_NA
ASV_7453,Bacteria,Bacillota,Clostridia,NA,NA,NA,NA_NA
ASV_7454,Bacteria,Bacillota,Bacilli,Erysipelotrichales,Erysipelotrichaceae,NA,NA_NA
ASV_7455,Bacteria,Bacillota,Clostridia,Oscillospirales,Ruminococcaceae,NA,NA_NA
ASV_7456,Bacteria,Bacillota,Bacilli,Erysipelotrichales,Erysipelotrichaceae,NA,NA_NA
ASV_7457,Bacteria,Bacillota,Clostridia,Oscillospirales,UCG-010,NA,NA_NA
ASV_7458,Bacteria,Bacillota,Clostridia,Lachnospirales,Lachnospiraceae,Acetitomaculum,Acetitomaculum_NA
ASV_7459,Bacteria,Verrucomicrobiota,Verrucomicrobiia,Opitutales,NA,NA,NA_NA
ASV_7460,Bacteria,Bacteroidota,Bacteroidia,Flavobacteriales,Weeksellaceae,Wautersiella,Wautersiella_falsenii
ASV_7461,Bacteria,Bacteroidota,Bacteroidia,Flavobacteriales,Flavobacteriaceae,Myroides,Myroides_marinus
ASV_7462,Bacteria,Pseudomonadota,Gammaproteobacteria,Burkholderiales,Neisseriaceae,Conchiformibius,Conchiformibius_NA
ASV_7463,Bacteria,Bacteroidota,Bacteroidia,Bacteroidales,Prevotellaceae,Alloprevotella,Alloprevotella_sp.
ASV_7464,Bacteria,Actinomycetota,Coriobacteriia,Coriobacteriales,Eggerthellaceae,Adlercreutzia,Adlercreutzia_NA
ASV_7465,Bacteria,Bacteroidota,Bacteroidia,Flavobacteriales,Flavobacteriaceae,Myroides,Myroides_sp.
ASV_7466,Bacteria,Bacillota,Clostridia,Lachnospirales,Lachnospiraceae,Lachnospiraceae UCG-010,Lachnospiraceae_UCG-010_NA
ASV_7467,Bacteria,Verrucomicrobiota,Verrucomicrobiia,Chthoniobacterales,Xiphinematobacteraceae,Candidatus Xiphinematobacter,Candidatus_Xiphinematobacter_NA
ASV_7468,Bacteria,Actinomycetota,Thermoleophilia,Solirubrobacterales,67-14,NA,NA_NA
ASV_7469,Bacteria,Bacteroidota,Bacteroidia,Bacteroidales,Prevotellaceae,Prevotellaceae UCG-003,Prevotellaceae_UCG-003_NA
ASV_7470,Bacteria,Bacillota,Clostridia,Lachnospirales,Lachnospiraceae,NA,NA_NA
ASV_7471,Bacteria,Pseudomonadota,Alphaproteobacteria,Caulobacterales,Caulobacteraceae,Caulobacter,Caulobacter_NA
ASV_7472,Bacteria,Cyanobacteriota,Vampirivibrionia,Gastranaerophilales,Gastranaerophilaceae,NA,NA_NA
ASV_7473,Bacteria,Bacteroidota,Bacteroidia,Bacteroidales,Muribaculaceae,NA,NA_NA
ASV_7474,Bacteria,Bacteroidota,Bacteroidia,Bacteroidales,Prevotellaceae,Xylanibacter,Xylanibacter_NA
ASV_7475,Bacteria,Bacteroidota,Bacteroidia,Bacteroidales,Prevotellaceae,Prevotellaceae UCG-001,Prevotellaceae_UCG-001_NA
ASV_7476,Bacteria,Bacteroidota,Bacteroidia,Cytophagales,Hymenobacteraceae,Hymenobacter,Hymenobacter_setariae
ASV_7477,Bacteria,Bacillota,Clostridia,Oscillospirales,Oscillospiraceae,UCG-002,UCG-002_NA
ASV_7478,Bacteria,Bacteroidota,Bacteroidia,Sphingobacteriales,Sphingobacteriaceae,Pedobacter,Pedobacter_wanjuense
ASV_7479,Bacteria,Bacillota,Clostridia,Oscillospirales,Oscillospiraceae,UCG-005,UCG-005_NA
ASV_7480,Bacteria,Bacteroidota,Bacteroidia,Sphingobacteriales,Sphingobacteriaceae,Sphingobacterium,Sphingobacterium_paucimobilis
ASV_7481,Bacteria,Bacteroidota,Bacteroidia,Bacteroidales,Prevotellaceae,Prevotellaceae UCG-001,Prevotellaceae_UCG-001_NA
ASV_7482,Bacteria,Verrucomicrobiota,Lentisphaeria,Victivallales,Victivallaceae,NA,NA_NA
ASV_7483,Bacteria,Bacillota,Clostridia,Oscillospirales,UCG-010,NA,NA_NA
ASV_7484,Bacteria,Bacillota,Clostridia,NA,NA,NA,NA_NA
ASV_7485,Bacteria,Bacillota,Clostridia,Oscillospirales,Ruminococcaceae,Candidatus Soleaferrea,Candidatus_Soleaferrea_NA
ASV_7486,Bacteria,Pseudomonadota,Alphaproteobacteria,Rickettsiales,Mitochondria,NA,NA_NA
ASV_7487,Bacteria,Actinomycetota,Actinobacteria,Mycobacteriales,Nocardiaceae,Williamsia,Williamsia_herbipolensis
ASV_7488,Bacteria,Actinomycetota,Coriobacteriia,Coriobacteriales,Eggerthellaceae,Adlercreutzia,Adlercreutzia_NA
ASV_7489,Bacteria,Bacillota,Clostridia,Peptostreptococcales-Tissierellales,Anaerovoracaceae,S5-A14a,S5-A14a_NA
ASV_7490,Bacteria,Bacteroidota,Bacteroidia,Cytophagales,Spirosomataceae,Dyadobacter,Dyadobacter_linearis
ASV_7491,Bacteria,Pseudomonadota,Alphaproteobacteria,Rickettsiales,Mitochondria,NA,NA_NA
ASV_7492,Bacteria,Pseudomonadota,Alphaproteobacteria,Rickettsiales,Mitochondria,NA,NA_NA
ASV_7493,Bacteria,Bacillota,Clostridia,Oscillospirales,Ruminococcaceae,Angelakisella,Angelakisella_NA
ASV_7494,Bacteria,Bacillota,Clostridia,Lachnospirales,Lachnospiraceae,Epulopiscium,Epulopiscium_NA
ASV_7495,Bacteria,NA,NA,NA,NA,NA,NA_NA
ASV_7496,Bacteria,Pseudomonadota,Alphaproteobacteria,Rickettsiales,Mitochondria,NA,NA_NA
ASV_7497,Eukaryota,NA,NA,NA,NA,NA,NA_NA
ASV_7498,Bacteria,Bacteroidota,Bacteroidia,Bacteroidales,Incertae Sedis,UCG-001,UCG-001_NA
ASV_7499,Bacteria,Bacillota,Clostridia,Lachnospirales,Lachnospiraceae,Coprococcus,Coprococcus_NA
ASV_7500,Bacteria,Pseudomonadota,Gammaproteobacteria,Burkholderiales,Sutterellaceae,Parasutterella,Parasutterella_NA
ASV_7501,Bacteria,Spirochaetota,Spirochaetia,Spirochaetales,Spirochaetaceae,Treponema,Treponema_porcinum
ASV_7502,Bacteria,Bacillota,Clostridia,Peptostreptococcales-Tissierellales,Anaerovoracaceae,Family XIII AD3011 group,Family_XIII_AD3011_group_NA
ASV_7503,Bacteria,Bacteroidota,Bacteroidia,Cytophagales,Spirosomataceae,Dyadobacter,Dyadobacter_tibetensis
ASV_7504,Bacteria,Candidatus Eremiobacterota,Eremiobacteria,NA,NA,NA,NA_NA
ASV_7505,Bacteria,Bacillota,Bacilli,Lactobacillales,Lactobacillaceae,Apilactobacillus,Apilactobacillus_micheneri
ASV_7506,Bacteria,Pseudomonadota,Alphaproteobacteria,Hyphomicrobiales,Beijerinckiaceae,Lichenibacterium,Lichenibacterium_NA
ASV_7507,Bacteria,Pseudomonadota,Gammaproteobacteria,Lysobacterales,Lysobacteraceae,Pseudoxanthomonas,Pseudoxanthomonas_mexicana
ASV_7508,Bacteria,Bacillota,Clostridia,Oscillospirales,Oscillospiraceae,Flavonifractor,Flavonifractor_plautii
ASV_7509,Eukaryota,NA,NA,NA,NA,NA,NA_NA
ASV_7510,Bacteria,Bacillota,Clostridia,Oscillospirales,[Eubacterium] coprostanoligenes group,Eubacterium,Eubacterium_coprostanoligenes
ASV_7511,Bacteria,Bacillota,Clostridia,Oscillospirales,Oscillospiraceae,Intestinimonas,Intestinimonas_NA
ASV_7512,Bacteria,Pseudomonadota,Alphaproteobacteria,Hyphomicrobiales,Rhizobiaceae,Agrobacterium,Agrobacterium_fabrum
ASV_7513,Bacteria,Actinomycetota,Acidimicrobiia,Microtrichales,Microtrichaceae,IMCC26207,IMCC26207_NA
ASV_7514,Bacteria,Pseudomonadota,Alphaproteobacteria,Rickettsiales,Mitochondria,NA,NA_NA
ASV_7515,Bacteria,Actinomycetota,Thermoleophilia,Solirubrobacterales,67-14,NA,NA_NA
ASV_7516,Bacteria,Pseudomonadota,Gammaproteobacteria,Pseudomonadales,Moraxellaceae,Psychrobacter,Psychrobacter_nivimaris
ASV_7517,Bacteria,Bacteroidota,Bacteroidia,Bacteroidales,Muribaculaceae,NA,NA_NA
ASV_7518,Bacteria,Bacteroidota,Bacteroidia,Bacteroidales,Muribaculaceae,NA,NA_NA
ASV_7519,Bacteria,Pseudomonadota,Gammaproteobacteria,Burkholderiales,Alcaligenaceae,NA,NA_NA
ASV_7520,Bacteria,Bacteroidota,Bacteroidia,Bacteroidales,NA,NA,NA_NA
ASV_7521,Bacteria,Planctomycetota,Phycisphaerae,Tepidisphaerales,WD2101 soil group,NA,NA_NA
ASV_7522,Bacteria,Bacteroidota,Bacteroidia,Bacteroidales,Rikenellaceae,Rikenellaceae RC9 gut group,Rikenellaceae_RC9_gut_group_NA
ASV_7523,Bacteria,Bacillota,Bacilli,RF39,NA,NA,NA_NA
ASV_7524,Bacteria,Verrucomicrobiota,Lentisphaeria,Victivallales,vadinBE97,NA,NA_NA
ASV_7525,Bacteria,Bacteroidota,Bacteroidia,Bacteroidales,Muribaculaceae,NA,NA_NA
ASV_7526,Bacteria,Pseudomonadota,Gammaproteobacteria,Enterobacterales,Pasteurellaceae,Rodentibacter,Rodentibacter_NA
ASV_7527,Bacteria,Pseudomonadota,Alphaproteobacteria,Rickettsiales,Mitochondria,NA,NA_NA
ASV_7528,Eukaryota,NA,NA,NA,NA,NA,NA_NA
ASV_7529,Bacteria,Bacteroidota,Bacteroidia,Bacteroidales,F082,NA,NA_NA
ASV_7530,Bacteria,Pseudomonadota,Alphaproteobacteria,Rickettsiales,Mitochondria,NA,NA_NA
ASV_7531,Bacteria,Deinococcota,Deinococci,Deinococcales,Deinococcaceae,Deinococcus,Deinococcus_radiomollis
ASV_7532,Bacteria,Bacteroidota,Bacteroidia,Bacteroidales,Prevotellaceae,Paraprevotella,Paraprevotella_xylaniphila
ASV_7533,Bacteria,Bacteroidota,Bacteroidia,Bacteroidales,Muribaculaceae,NA,NA_NA
ASV_7534,Bacteria,Verrucomicrobiota,Kiritimatiellia,WCHB1-41,NA,NA,NA_NA
ASV_7535,Bacteria,Bacillota,Bacilli,Erysipelotrichales,Erysipelatoclostridiaceae,UCG-004,UCG-004_NA
ASV_7536,Bacteria,Bacillota,Clostridia,Peptostreptococcales-Tissierellales,Family XI,Tissierella,Tissierella_NA
ASV_7537,Bacteria,Bacillota,Clostridia,Oscillospirales,UCG-010,NA,NA_NA
ASV_7538,Bacteria,Bacillota,Clostridia,Clostridia vadinBB60 group,NA,NA,NA_NA
ASV_7539,Bacteria,Pseudomonadota,Alphaproteobacteria,Rhodospirillales,NA,NA,NA_NA
ASV_7540,Bacteria,Bacteroidota,Bacteroidia,Bacteroidales,Marinifilaceae,Odoribacter,Odoribacter_NA
ASV_7541,Bacteria,Bacillota,Clostridia,NA,NA,NA,NA_NA
ASV_7542,Bacteria,Pseudomonadota,Alphaproteobacteria,Rickettsiales,Mitochondria,NA,NA_NA
ASV_7543,Bacteria,Campylobacterota,Campylobacteria,Campylobacterales,Helicobacteraceae,Helicobacter,Helicobacter_NA
ASV_7544,Bacteria,Verrucomicrobiota,Verrucomicrobiia,Chthoniobacterales,Chthoniobacteraceae,LD29,LD29_NA
ASV_7545,Bacteria,Actinomycetota,Thermoleophilia,Solirubrobacterales,Solirubrobacteraceae,NA,NA_NA
ASV_7546,Bacteria,Bacteroidota,Bacteroidia,Bacteroidales,Rikenellaceae,NA,NA_NA
ASV_7547,Bacteria,Bacteroidota,Bacteroidia,Bacteroidales,Muribaculaceae,NA,NA_NA
ASV_7548,Bacteria,Pseudomonadota,Gammaproteobacteria,Enterobacterales,Succinivibrionaceae,Anaerobiospirillum,Anaerobiospirillum_succiniciproducens
ASV_7549,Bacteria,Actinomycetota,Acidimicrobiia,Microtrichales,NA,NA,NA_NA
ASV_7550,Bacteria,Pseudomonadota,Gammaproteobacteria,Pseudomonadales,Pseudomonadaceae,Pseudomonas,Pseudomonas_citronellolis
ASV_7551,Bacteria,Bacillota,Clostridia,Clostridia UCG-014,NA,NA,NA_NA
ASV_7552,Bacteria,Bacillota,Clostridia,Oscillospirales,Ruminococcaceae,Candidatus Soleaferrea,Candidatus_Soleaferrea_NA
ASV_7553,Bacteria,Verrucomicrobiota,Kiritimatiellia,WCHB1-41,NA,NA,NA_NA
ASV_7554,Bacteria,Bacillota,Clostridia,Oscillospirales,UCG-010,NA,NA_NA
ASV_7555,Bacteria,Bacteroidota,Bacteroidia,Bacteroidales,Muribaculaceae,NA,NA_NA
ASV_7556,Bacteria,Pseudomonadota,Alphaproteobacteria,Rickettsiales,Mitochondria,NA,NA_NA
ASV_7557,Bacteria,Bacteroidota,Bacteroidia,Bacteroidales,Rikenellaceae,Alistipes,Alistipes_senegalensis
ASV_7558,Bacteria,Bacillota,Clostridia,Oscillospirales,Ruminococcaceae,Candidatus Soleaferrea,Candidatus_Soleaferrea_NA
ASV_7559,Bacteria,Bacillota,Bacilli,Izemoplasmatales,NA,NA,NA_NA
ASV_7560,Bacteria,Patescibacteria,Saccharimonadia,Saccharimonadales,Saccharimonadaceae,Candidatus Saccharimonas,Candidatus_Saccharimonas_NA
ASV_7561,Bacteria,Bacillota,Bacilli,Erysipelotrichales,Erysipelotrichaceae,NA,NA_NA
ASV_7562,Bacteria,Bacillota,Clostridia,Oscillospirales,UCG-010,NA,NA_NA
ASV_7563,Bacteria,Bacillota,Clostridia,Oscillospirales,UCG-010,NA,NA_NA
ASV_7564,Bacteria,Bacteroidota,Bacteroidia,Bacteroidales,Prevotellaceae,Prevotellaceae NK3B31 group,Prevotellaceae_NK3B31_group_NA
ASV_7565,Bacteria,Bacillota,Clostridia,Oscillospirales,Ruminococcaceae,NA,NA_NA
ASV_7566,Bacteria,Bacillota,Clostridia,Clostridia vadinBB60 group,NA,NA,NA_NA
ASV_7567,Bacteria,Bacillota,Bacilli,Erysipelotrichales,Erysipelotrichaceae,NA,NA_NA
ASV_7568,Bacteria,Bacillota,Clostridia,Oscillospirales,Ruminococcaceae,NA,NA_NA
ASV_7569,Bacteria,Bacillota,NA,NA,NA,NA,NA_NA
ASV_7570,Bacteria,Pseudomonadota,NA,NA,NA,NA,NA_NA
ASV_7571,Bacteria,Bacteroidota,Bacteroidia,Bacteroidales,Prevotellaceae,Prevotellaceae UCG-004,Prevotellaceae_UCG-004_NA
ASV_7572,Bacteria,Bacteroidota,Bacteroidia,Bacteroidales,F082,NA,NA_NA
ASV_7573,Bacteria,Bacillota,Clostridia,Oscillospirales,UCG-010,NA,NA_NA
ASV_7574,Bacteria,Bacillota,Bacilli,Erysipelotrichales,Erysipelatoclostridiaceae,UCG-004,UCG-004_NA
ASV_7575,Bacteria,Bacillota,Bacilli,Erysipelotrichales,Erysipelatoclostridiaceae,NA,NA_NA
ASV_7576,Bacteria,Bacillota,Clostridia,Oscillospirales,UCG-010,NA,NA_NA
ASV_7577,Bacteria,Bacillota,Bacilli,Izemoplasmatales,NA,NA,NA_NA
ASV_7578,Bacteria,Pseudomonadota,Gammaproteobacteria,Rickettsiellales,Rickettsiellaceae,Rickettsiella,Rickettsiella_NA
ASV_7579,Bacteria,Pseudomonadota,Gammaproteobacteria,Lysobacterales,Lysobacteraceae,Stenotrophomonas,Stenotrophomonas_maltophilia
ASV_7580,Bacteria,Bacteroidota,Bacteroidia,Flavobacteriales,Flavobacteriaceae,Flavobacterium,Flavobacterium_resistens
ASV_7581,Bacteria,Pseudomonadota,Alphaproteobacteria,Rickettsiales,Mitochondria,NA,NA_NA
ASV_7582,Bacteria,Campylobacterota,Campylobacteria,Campylobacterales,Campylobacteraceae,Campylobacter,Campylobacter_peloridis
ASV_7583,Bacteria,Bacillota,Clostridia,Clostridia UCG-014,NA,NA,NA_NA
ASV_7584,Bacteria,Bacillota,Clostridia,Oscillospirales,Ruminococcaceae,Ruminococcus,Ruminococcus_NA
ASV_7585,Bacteria,Pseudomonadota,Alphaproteobacteria,Rickettsiales,Mitochondria,NA,NA_NA
ASV_7586,Bacteria,Bacillota,Bacilli,Erysipelotrichales,Erysipelotrichaceae,NA,NA_NA
ASV_7587,Bacteria,Bacteroidota,Bacteroidia,Bacteroidales,Rikenellaceae,Alistipes,Alistipes_indistinctus
ASV_7588,Bacteria,Bacillota,Clostridia,Oscillospirales,Ruminococcaceae,Ruminococcus,Ruminococcus_NA
ASV_7589,Bacteria,Bacteroidota,Bacteroidia,Bacteroidales,Rikenellaceae,Rikenellaceae RC9 gut group,Rikenellaceae_RC9_gut_group_NA
ASV_7590,Bacteria,Bacteroidota,Bacteroidia,Bacteroidales,NA,NA,NA_NA
ASV_7591,Bacteria,Bacillota,Bacilli,Erysipelotrichales,Erysipelatoclostridiaceae,UCG-004,UCG-004_NA
ASV_7592,Bacteria,Bacillota,Clostridia,Oscillospirales,UCG-010,NA,NA_NA
ASV_7593,Bacteria,Bacillota,Clostridia,Peptostreptococcales-Tissierellales,Anaerovoracaceae,Aminicella,Aminicella_NA
ASV_7594,Bacteria,Cyanobacteriota,Cyanobacteriia,Chloroplast,NA,NA,NA_NA
ASV_7595,Eukaryota,NA,NA,NA,NA,NA,NA_NA
ASV_7596,Bacteria,Pseudomonadota,Alphaproteobacteria,Rhodospirillales,NA,NA,NA_NA
ASV_7597,Bacteria,Bacillota,Clostridia,Lachnospirales,Lachnospiraceae,Cellulosilyticum,Cellulosilyticum_NA
ASV_7598,Eukaryota,NA,NA,NA,NA,NA,NA_NA
ASV_7599,Bacteria,Bacillota,NA,NA,NA,NA,NA_NA
ASV_7600,Bacteria,Bacteroidota,Bacteroidia,Bacteroidales,Prevotellaceae,NA,NA_NA
ASV_7601,Bacteria,Bacillota,Negativicutes,Acidaminococcales,Acidaminococcaceae,Succiniclasticum,Succiniclasticum_NA
ASV_7602,Bacteria,Bacillota,Bacilli,RF39,NA,NA,NA_NA
ASV_7603,Bacteria,Bacteroidota,Bacteroidia,Sphingobacteriales,Sphingobacteriaceae,Sphingobacterium,Sphingobacterium_NA
ASV_7604,Bacteria,NA,NA,NA,NA,NA,NA_NA
ASV_7605,Bacteria,Fusobacteriota,Fusobacteriia,Fusobacteriales,Fusobacteriaceae,Fusobacterium,Fusobacterium_ulcerans
ASV_7606,Bacteria,Bacteroidota,Bacteroidia,Bacteroidales,Bacteroidales BS11 gut group,NA,NA_NA
ASV_7607,Bacteria,Bacteroidota,Bacteroidia,Bacteroidales,Rikenellaceae,Rikenellaceae RC9 gut group,Rikenellaceae_RC9_gut_group_NA
ASV_7608,Bacteria,Bacteroidota,Bacteroidia,Sphingobacteriales,env.OPS 17,NA,NA_NA
ASV_7609,Bacteria,Bacteroidota,Bacteroidia,Cytophagales,Spirosomataceae,Dyadobacter,Dyadobacter_sp.
ASV_7610,Bacteria,Bacteroidota,Bacteroidia,Flavobacteriales,Weeksellaceae,Chryseobacterium,Chryseobacterium_anthropi
ASV_7611,Bacteria,Pseudomonadota,Alphaproteobacteria,Sphingomonadales,Sphingomonadaceae,NA,NA_NA
ASV_7612,Bacteria,Bacillota,Clostridia,Oscillospirales,Ruminococcaceae,Faecalibacterium,Faecalibacterium_prausnitzii
ASV_7613,Bacteria,Bacteroidota,Bacteroidia,Chitinophagales,Chitinophagaceae,Chitinophaga,Chitinophaga_pinensis
ASV_7614,Bacteria,Bacillota,Bacilli,Acholeplasmatales,Acholeplasmataceae,NA,NA_NA
ASV_7615,Bacteria,Bacteroidota,Bacteroidia,Bacteroidales,Paludibacteraceae,NA,NA_NA
ASV_7616,Bacteria,Actinomycetota,Actinobacteria,Bifidobacteriales,Bifidobacteriaceae,NA,NA_NA
ASV_7617,Bacteria,Bacillota,Negativicutes,Veillonellales-Selenomonadales,Veillonellaceae,Megasphaera,Megasphaera_cerevisiae
ASV_7618,Bacteria,Bacillota,Clostridia,Oscillospirales,Oscillospiraceae,Colidextribacter,Colidextribacter_NA
ASV_7619,Bacteria,Actinomycetota,Coriobacteriia,Coriobacteriales,Eggerthellaceae,Adlercreutzia,Adlercreutzia_NA
ASV_7620,Bacteria,Bacillota,Clostridia,Peptococcales,Peptococcaceae,NA,NA_NA
ASV_7621,Bacteria,Bacteroidota,Bacteroidia,Sphingobacteriales,Sphingobacteriaceae,Pedobacter,Pedobacter_NA
ASV_7622,Bacteria,Bacteroidota,Bacteroidia,Bacteroidales,Muribaculaceae,NA,NA_NA
ASV_7623,Bacteria,Campylobacterota,Campylobacteria,Campylobacterales,Helicobacteraceae,Helicobacter,Helicobacter_mastomyrinus
ASV_7624,Bacteria,Pseudomonadota,Gammaproteobacteria,Enterobacterales,NA,NA,NA_NA
ASV_7625,Bacteria,Bacillota,Clostridia,Lachnospirales,Lachnospiraceae,Lachnospiraceae ND3007 group,Lachnospiraceae_ND3007_group_NA
ASV_7626,Bacteria,Pseudomonadota,Gammaproteobacteria,Rickettsiellales,Rickettsiellaceae,Rickettsiella,Rickettsiella_NA
ASV_7627,Bacteria,Bacteroidota,Bacteroidia,Bacteroidales,Bacteroidaceae,Bacteroides,Bacteroides_NA
ASV_7628,Bacteria,Pseudomonadota,Alphaproteobacteria,Hyphomicrobiales,Beijerinckiaceae,Lichenibacterium,Lichenibacterium_NA
ASV_7629,Bacteria,Pseudomonadota,Gammaproteobacteria,Enterobacterales,Succinivibrionaceae,Anaerobiospirillum,Anaerobiospirillum_succiniciproducens
ASV_7630,Bacteria,Bacteroidota,Bacteroidia,Bacteroidales,Dysgonomonadaceae,Dysgonomonas,Dysgonomonas_alginatilytica
ASV_7631,Bacteria,Pseudomonadota,Alphaproteobacteria,Hyphomicrobiales,Beijerinckiaceae,Microvirga,Microvirga_ossetica
ASV_7632,Eukaryota,NA,NA,NA,NA,NA,NA_NA
ASV_7633,Bacteria,Pseudomonadota,Gammaproteobacteria,Enterobacterales,Succinivibrionaceae,Anaerobiospirillum,Anaerobiospirillum_sp.
ASV_7634,Bacteria,Actinomycetota,Coriobacteriia,Coriobacteriales,Eggerthellaceae,Slackia,Slackia_equolifaciens
ASV_7635,Bacteria,Bacteroidota,Bacteroidia,Bacteroidales,Rikenellaceae,Rikenellaceae RC9 gut group,Rikenellaceae_RC9_gut_group_NA
ASV_7636,Bacteria,Bacillota,Clostridia,Oscillospirales,Ruminococcaceae,Negativibacillus,Negativibacillus_NA
ASV_7637,Bacteria,Bacteroidota,Bacteroidia,Bacteroidales,Prevotellaceae,Paraprevotella,Paraprevotella_clara
ASV_7638,Bacteria,Bacillota,Clostridia,Lachnospirales,Lachnospiraceae,Oribacterium,Oribacterium_sp.
ASV_7639,Bacteria,Bacillota,Clostridia,Lachnospirales,Lachnospiraceae,GCA-900066575,GCA-900066575_NA
ASV_7640,Bacteria,Bacillota,Clostridia,Clostridiales,Clostridiaceae,Clostridium,Clostridium_NA
ASV_7641,Eukaryota,NA,NA,NA,NA,NA,NA_NA
ASV_7642,Bacteria,Bacteroidota,Bacteroidia,Bacteroidales,Prevotellaceae,NA,NA_NA
ASV_7643,Bacteria,Pseudomonadota,Gammaproteobacteria,Pseudomonadales,Moraxellaceae,Psychrobacter,Psychrobacter_pulmonis
ASV_7644,Bacteria,Pseudomonadota,Alphaproteobacteria,Rickettsiales,Mitochondria,NA,NA_NA
ASV_7645,Eukaryota,NA,NA,NA,NA,NA,NA_NA
ASV_7646,Bacteria,Pseudomonadota,Alphaproteobacteria,Rickettsiales,Mitochondria,NA,NA_NA
ASV_7647,Eukaryota,NA,NA,NA,NA,NA,NA_NA
ASV_7648,Bacteria,Bacillota,Clostridia,Oscillospirales,Ruminococcaceae,Ruminococcus,Ruminococcus_sp.
ASV_7649,Bacteria,Armatimonadota,Fimbriimonadia,Fimbriimonadales,Fimbriimonadaceae,NA,NA_NA
ASV_7650,Bacteria,Bacillota,NA,NA,NA,NA,NA_NA
ASV_7651,Bacteria,Cyanobacteriota,Vampirivibrionia,Gastranaerophilales,Gastranaerophilaceae,NA,NA_NA
ASV_7652,Bacteria,Bacillota,Clostridia,Lachnospirales,Lachnospiraceae,Eubacterium,Eubacterium_ruminantium_group
ASV_7653,Bacteria,Pseudomonadota,Gammaproteobacteria,Burkholderiales,Oxalobacteraceae,Herbaspirillum,Herbaspirillum_chlorophenolicum
ASV_7654,Bacteria,Pseudomonadota,Gammaproteobacteria,Pseudomonadales,Halomonadaceae,Zymobacter,Zymobacter_palmae
ASV_7655,Bacteria,Pseudomonadota,Gammaproteobacteria,Enterobacterales,Succinivibrionaceae,Anaerobiospirillum,Anaerobiospirillum_succiniciproducens
ASV_7656,Bacteria,Bacillota,Clostridia,Oscillospirales,Oscillospiraceae,Ruminiclostridium,Ruminiclostridium_sp.
ASV_7657,Eukaryota,NA,NA,NA,NA,NA,NA_NA
ASV_7658,Bacteria,Pseudomonadota,Gammaproteobacteria,Rickettsiellales,Rickettsiellaceae,Rickettsiella,Rickettsiella_NA
ASV_7659,Eukaryota,NA,NA,NA,NA,NA,NA_NA
ASV_7660,Bacteria,Acidobacteriota,Acidobacteriae,Terriglobales,Acidobacteriaceae (Subgroup 1),Granulicella,Granulicella_NA
ASV_7661,Bacteria,Bacillota,Clostridia,Oscillospirales,Oscillospiraceae,UCG-005,UCG-005_NA
ASV_7662,Bacteria,Bacillota,Clostridia,Lachnospirales,Lachnospiraceae,Cellulosilyticum,Cellulosilyticum_NA
ASV_7663,Bacteria,Bacillota,Negativicutes,Veillonellales-Selenomonadales,Veillonellaceae,Veillonella,Veillonella_NA
ASV_7664,Bacteria,Verrucomicrobiota,Kiritimatiellia,WCHB1-41,NA,NA,NA_NA
ASV_7665,Bacteria,Actinomycetota,Actinobacteria,Micrococcales,Dermabacteraceae,Brachybacterium,Brachybacterium_paraconglomeratum
ASV_7666,Bacteria,Pseudomonadota,Alphaproteobacteria,Reyranellales,Reyranellaceae,Reyranella,Reyranella_NA
ASV_7667,Bacteria,Verrucomicrobiota,Verrucomicrobiia,Chthoniobacterales,Chthoniobacteraceae,Candidatus Udaeobacter,Candidatus_Udaeobacter_NA
ASV_7668,Archaea,Methanobacteriota,Methanobacteria,Methanobacteriales,Methanobacteriaceae,Methanobrevibacter,Methanobrevibacter_NA
ASV_7669,Eukaryota,NA,NA,NA,NA,NA,NA_NA
ASV_7670,Bacteria,Spirochaetota,Spirochaetia,Spirochaetales,Spirochaetaceae,GWE2-31-10,GWE2-31-10_NA
ASV_7671,Bacteria,Bacillota,Clostridia,Lachnospirales,Lachnospiraceae,Anaerobutyricum,Anaerobutyricum_NA
ASV_7672,Bacteria,Bacteroidota,Bacteroidia,Bacteroidales,Bacteroidaceae,Bacteroides,Bacteroides_NA
ASV_7673,Bacteria,Bacillota,Bacilli,RF39,NA,NA,NA_NA
ASV_7674,Bacteria,Bacillota,Clostridia,Lachnospirales,Lachnospiraceae,NA,NA_NA
ASV_7675,Bacteria,Bacillota,Bacilli,Erysipelotrichales,Erysipelotrichaceae,NA,NA_NA
ASV_7676,Bacteria,Bacillota,Clostridia,Oscillospirales,Oscillospiraceae,NA,NA_NA
ASV_7677,Bacteria,Verrucomicrobiota,Kiritimatiellia,WCHB1-41,NA,NA,NA_NA
ASV_7678,Bacteria,Verrucomicrobiota,Kiritimatiellia,WCHB1-41,NA,NA,NA_NA
ASV_7679,Bacteria,Actinomycetota,Actinobacteria,Mycobacteriales,Mycobacteriaceae,Mycobacterium,Mycobacterium_mengxianglii
ASV_7680,Bacteria,Bacillota,Clostridia,Oscillospirales,UCG-010,NA,NA_NA
ASV_7681,Bacteria,Bacillota,Clostridia,Oscillospirales,Oscillospiraceae,NA,NA_NA
ASV_7682,Bacteria,Spirochaetota,Spirochaetia,Spirochaetales,Spirochaetaceae,Treponema,Treponema_saccharophilum
ASV_7683,Bacteria,Bacillota,Clostridia,Oscillospirales,Ruminococcaceae,Ruminococcus,Ruminococcus_NA
ASV_7684,Bacteria,Bacillota,Clostridia,Oscillospirales,UCG-010,NA,NA_NA
ASV_7685,Bacteria,Verrucomicrobiota,Lentisphaeria,Victivallales,Victivallaceae,NA,NA_NA
ASV_7686,Bacteria,Bacillota,Clostridia,Oscillospirales,UCG-010,NA,NA_NA
ASV_7687,Bacteria,Bacillota,Clostridia,Lachnospirales,Lachnospiraceae,Anaerostipes,Anaerostipes_caccae
ASV_7688,Bacteria,Bacillota,Clostridia,Oscillospirales,NA,NA,NA_NA
ASV_7689,Bacteria,Pseudomonadota,Alphaproteobacteria,Rickettsiales,Mitochondria,NA,NA_NA
ASV_7690,Bacteria,Bacteroidota,Bacteroidia,Bacteroidales,Rikenellaceae,Rikenellaceae RC9 gut group,Rikenellaceae_RC9_gut_group_NA
ASV_7691,Bacteria,Pseudomonadota,Alphaproteobacteria,Azospirillales,Azospirillaceae,Skermanella,Skermanella_NA
ASV_7692,Bacteria,Pseudomonadota,Alphaproteobacteria,Hyphomicrobiales,Xanthobacteraceae,NA,NA_NA
ASV_7693,Bacteria,Pseudomonadota,Gammaproteobacteria,NA,NA,NA,NA_NA
ASV_7694,Bacteria,Myxococcota,Myxococcia,Myxococcales,Myxococcaceae,P3OB-42,P3OB-42_NA
ASV_7695,Bacteria,Verrucomicrobiota,Verrucomicrobiia,Chthoniobacterales,Chthoniobacteraceae,NA,NA_NA
ASV_7696,Bacteria,Cyanobacteriota,Cyanobacteriia,Chloroplast,NA,NA,NA_NA
ASV_7697,Bacteria,Thermodesulfobacteriota,Desulfovibrionia,Desulfovibrionales,Desulfovibrionaceae,Desulfovibrio,Desulfovibrio_NA
ASV_7698,Bacteria,Bacillota,Bacilli,Bacillales,Bacillaceae,Amphibacillus,Amphibacillus_NA
ASV_7699,Bacteria,Bacillota,Clostridia,Lachnospirales,Lachnospiraceae,Lachnospiraceae NK4A136 group,Lachnospiraceae_NK4A136_group_NA
ASV_7700,Bacteria,Cyanobacteriota,Vampirivibrionia,Obscuribacterales,Obscuribacteraceae,NA,NA_NA
ASV_7701,Bacteria,Bdellovibrionota,Oligoflexia,Oligoflexales,Oligoflexaceae,Oligoflexus,Oligoflexus_NA
ASV_7702,Bacteria,Bacteroidota,Bacteroidia,Bacteroidales,Prevotellaceae,Prevotella,Prevotella_sp.
ASV_7703,Bacteria,Bacillota,Clostridia,Oscillospirales,UCG-010,NA,NA_NA
ASV_7704,Bacteria,Cyanobacteriota,Vampirivibrionia,Gastranaerophilales,Gastranaerophilaceae,NA,NA_NA
ASV_7705,Bacteria,Bacteroidota,Bacteroidia,Bacteroidales,Prevotellaceae,Prevotellaceae UCG-004,Prevotellaceae_UCG-004_NA
ASV_7706,Bacteria,Thermodesulfobacteriota,Desulfovibrionia,Desulfovibrionales,Desulfovibrionaceae,NA,NA_NA
ASV_7707,Bacteria,Pseudomonadota,Alphaproteobacteria,Rickettsiales,Mitochondria,NA,NA_NA
ASV_7708,Bacteria,Chloroflexota,Chloroflexia,Thermomicrobiales,JG30-KF-CM45,NA,NA_NA
ASV_7709,Bacteria,NA,NA,NA,NA,NA,NA_NA
ASV_7710,Bacteria,Bacillota,Negativicutes,Veillonellales-Selenomonadales,Selenomonadaceae,Selenomonas,Selenomonas_NA
ASV_7711,Bacteria,Bacteroidota,Bacteroidia,Bacteroidales,Prevotellaceae,Xylanibacter,Xylanibacter_NA
ASV_7712,Bacteria,Pseudomonadota,Alphaproteobacteria,Acetobacterales,Acetobacteraceae,Acidiphilium,Acidiphilium_NA
ASV_7713,Bacteria,Actinomycetota,Coriobacteriia,Coriobacteriales,Eggerthellaceae,Adlercreutzia,Adlercreutzia_NA
ASV_7714,Eukaryota,NA,NA,NA,NA,NA,NA_NA
ASV_7715,Bacteria,Bacteroidota,Bacteroidia,Bacteroidales,Prevotellaceae,Prevotellaceae UCG-001,Prevotellaceae_UCG-001_NA
ASV_7716,Bacteria,Bacteroidota,Bacteroidia,Bacteroidales,Rikenellaceae,Rikenellaceae RC9 gut group,Rikenellaceae_RC9_gut_group_NA
ASV_7717,Bacteria,Bacillota,Clostridia,Peptococcales,Peptococcaceae,NA,NA_NA
ASV_7718,Bacteria,Bacillota,Clostridia,Oscillospirales,[Eubacterium] coprostanoligenes group,NA,NA_NA
ASV_7719,Bacteria,Pseudomonadota,Gammaproteobacteria,Burkholderiales,Alcaligenaceae,Bordetella,Bordetella_sp.
ASV_7720,Bacteria,Bacteroidota,Bacteroidia,Bacteroidales,Rikenellaceae,Alistipes,Alistipes_NA
ASV_7721,Bacteria,Actinomycetota,Coriobacteriia,Coriobacteriales,Eggerthellaceae,Berryella,Berryella_NA
ASV_7722,Bacteria,Bacillota,Clostridia,Christensenellales,Christensenellaceae,Christensenellaceae R-7 group,Christensenellaceae_R-7_group_NA
ASV_7723,Bacteria,Thermodesulfobacteriota,Desulfuromonadia,Bradymonadales,NA,NA,NA_NA
ASV_7724,Bacteria,NA,NA,NA,NA,NA,NA_NA
ASV_7725,Bacteria,Pseudomonadota,Alphaproteobacteria,Rickettsiales,Mitochondria,NA,NA_NA
ASV_7726,Bacteria,Bacillota,Clostridia,Oscillospirales,Ruminococcaceae,Caproiciproducens,Caproiciproducens_NA
ASV_7727,Bacteria,Bacillota,Clostridia,Oscillospirales,Ruminococcaceae,Acutalibacter,Acutalibacter_NA
ASV_7728,Bacteria,Bacillota,Clostridia,Clostridia UCG-014,NA,NA,NA_NA
ASV_7729,Bacteria,Campylobacterota,Campylobacteria,Campylobacterales,Campylobacteraceae,Campylobacter,Campylobacter_helveticus
ASV_7730,Bacteria,Actinomycetota,Coriobacteriia,Coriobacteriales,Coriobacteriaceae,Enorma,Enorma_NA
ASV_7731,Bacteria,Pseudomonadota,Gammaproteobacteria,Burkholderiales,Oxalobacteraceae,Massilia,Massilia_timonae
ASV_7732,Bacteria,Bacillota,Bacilli,Erysipelotrichales,NA,NA,NA_NA
ASV_7733,Bacteria,Bacillota,Clostridia,Oscillospirales,Ethanoligenenaceae,NA,NA_NA
ASV_7734,Bacteria,Candidatus Eremiobacterota,Eremiobacteria,NA,NA,NA,NA_NA
ASV_7735,Bacteria,Bacillota,Clostridia,Christensenellales,Christensenellaceae,NA,NA_NA
ASV_7736,Bacteria,Cyanobacteriota,Cyanobacteriia,Chloroplast,NA,NA,NA_NA
ASV_7737,Bacteria,Bacteroidota,Bacteroidia,Sphingobacteriales,Sphingobacteriaceae,Mucilaginibacter,Mucilaginibacter_terrae
ASV_7738,Bacteria,Bacillota,Bacilli,RF39,NA,NA,NA_NA
ASV_7739,Bacteria,Actinomycetota,Thermoleophilia,Solirubrobacterales,Solirubrobacteraceae,Conexibacter,Conexibacter_NA
ASV_7740,Bacteria,Bacteroidota,Bacteroidia,Bacteroidales,Prevotellaceae,Prevotellaceae NK3B31 group,Prevotellaceae_NK3B31_group_NA
ASV_7741,Archaea,Methanobacteriota,Methanobacteria,Methanobacteriales,Methanobacteriaceae,Methanosphaera,Methanosphaera_NA
ASV_7742,Bacteria,Pseudomonadota,Alphaproteobacteria,Sphingomonadales,Sphingomonadaceae,Sphingobium,Sphingobium_yanoikuyae
ASV_7743,Bacteria,Bacillota,Clostridia,Clostridiales,Clostridiaceae,Sarcina,Sarcina_NA
ASV_7744,Bacteria,Pseudomonadota,Gammaproteobacteria,Pseudomonadales,Moraxellaceae,Enhydrobacter,Enhydrobacter_NA
ASV_7745,Bacteria,NA,NA,NA,NA,NA,NA_NA
ASV_7746,Bacteria,Pseudomonadota,Gammaproteobacteria,Burkholderiales,Neisseriaceae,Vitreoscilla,Vitreoscilla_NA
ASV_7747,Bacteria,Actinomycetota,Actinobacteria,Propionibacteriales,Nocardioidaceae,Nocardioides,Nocardioides_campestrisoli
ASV_7748,Bacteria,Pseudomonadota,Alphaproteobacteria,Rickettsiales,Mitochondria,NA,NA_NA
ASV_7749,Bacteria,Pseudomonadota,Alphaproteobacteria,Rickettsiales,Mitochondria,NA,NA_NA
ASV_7750,Bacteria,Pseudomonadota,Alphaproteobacteria,Rickettsiales,Mitochondria,NA,NA_NA
ASV_7751,Bacteria,Chloroflexota,Chloroflexia,Thermomicrobiales,JG30-KF-CM45,NA,NA_NA
ASV_7752,Bacteria,Bacillota,Clostridia,Peptostreptococcales-Tissierellales,Anaerovoracaceae,NA,NA_NA
ASV_7753,Bacteria,Spirochaetota,Spirochaetia,Spirochaetales,Spirochaetaceae,Treponema,Treponema_NA
ASV_7754,Bacteria,Verrucomicrobiota,Verrucomicrobiia,Pedosphaerales,Pedosphaeraceae,ADurb.Bin063-1,ADurb.Bin063-1_NA
ASV_7755,Bacteria,Bacteroidota,Bacteroidia,Bacteroidales,Prevotellaceae,Prevotellaceae UCG-003,Prevotellaceae_UCG-003_NA
ASV_7756,Bacteria,Bacteroidota,Bacteroidia,Bacteroidales,Muribaculaceae,NA,NA_NA
ASV_7757,Bacteria,Thermodesulfobacteriota,Desulfovibrionia,Desulfovibrionales,Desulfovibrionaceae,NA,NA_NA
ASV_7758,Bacteria,Bacillota,Clostridia,Oscillospirales,UCG-010,NA,NA_NA
ASV_7759,Bacteria,Cyanobacteriota,Cyanobacteriia,Chloroplast,NA,NA,NA_NA
ASV_7760,Bacteria,Pseudomonadota,Gammaproteobacteria,Burkholderiales,Comamonadaceae,Variovorax,Variovorax_sp.
ASV_7761,Bacteria,Pseudomonadota,Alphaproteobacteria,Rickettsiales,Mitochondria,NA,NA_NA
ASV_7762,Bacteria,Planctomycetota,Planctomycetes,Gemmatales,Gemmataceae,NA,NA_NA
ASV_7763,Bacteria,Bdellovibrionota,Bdellovibrionia,Bdellovibrionales,Pseudobdellovibrionaceae,NA,NA_NA
ASV_7764,Eukaryota,NA,NA,NA,NA,NA,NA_NA
ASV_7765,Bacteria,Pseudomonadota,Alphaproteobacteria,Rickettsiales,Mitochondria,NA,NA_NA
ASV_7766,Bacteria,Bacteroidota,Bacteroidia,Bacteroidales,Rikenellaceae,Alistipes,Alistipes_indistinctus
ASV_7767,Bacteria,Bacillota,Bacilli,Erysipelotrichales,Erysipelotrichaceae,Catenisphaera,Catenisphaera_NA
ASV_7768,Bacteria,Bacillota,Clostridia,Clostridia vadinBB60 group,NA,NA,NA_NA
ASV_7769,Bacteria,Bacillota,Bacilli,Erysipelotrichales,Erysipelotrichaceae,Breznakia,Breznakia_NA
ASV_7770,Bacteria,Pseudomonadota,Alphaproteobacteria,Sphingomonadales,Sphingomonadaceae,Sphingopyxis,Sphingopyxis_NA
ASV_7771,Bacteria,Bacteroidota,Bacteroidia,Bacteroidales,Porphyromonadaceae,Porphyromonas,Porphyromonas_NA
ASV_7772,Bacteria,Fibrobacterota,Fibrobacteria,Fibrobacterales,Fibrobacteraceae,Fibrobacter,Fibrobacter_NA
ASV_7773,Bacteria,Bacillota,Clostridia,Lachnospirales,Lachnospiraceae,Lachnospiraceae UCG-010,Lachnospiraceae_UCG-010_NA
ASV_7774,Bacteria,Pseudomonadota,Alphaproteobacteria,Holosporales,Holosporaceae,Holospora,Holospora_sp.
ASV_7775,Bacteria,Bacillota,Clostridia,Oscillospirales,Ruminococcaceae,NA,NA_NA
ASV_7776,Bacteria,Bacteroidota,Bacteroidia,Bacteroidales,Rikenellaceae,Rikenella,Rikenella_NA
ASV_7777,Bacteria,Bacteroidota,Bacteroidia,Bacteroidales,Rikenellaceae,Rikenellaceae RC9 gut group,Rikenellaceae_RC9_gut_group_NA
ASV_7778,Bacteria,Pseudomonadota,Alphaproteobacteria,Rickettsiales,Mitochondria,NA,NA_NA
ASV_7779,Bacteria,Pseudomonadota,Alphaproteobacteria,Hyphomicrobiales,Xanthobacteraceae,Tardiphaga,Tardiphaga_NA
ASV_7780,Bacteria,Bacillota,Clostridia,Oscillospirales,Ruminococcaceae,Subdoligranulum,Subdoligranulum_NA
ASV_7781,Bacteria,Pseudomonadota,Gammaproteobacteria,Burkholderiales,Nitrosomonadaceae,Ellin6067,Ellin6067_NA
ASV_7782,Bacteria,Deinococcota,Deinococci,Deinococcales,Deinococcaceae,Deinococcus,Deinococcus_sp.
ASV_7783,Bacteria,Bacillota,Bacilli,Mycoplasmatales,Mycoplasmataceae,Spiroplasma,Spiroplasma_monobiae
ASV_7784,Bacteria,Pseudomonadota,Alphaproteobacteria,Rickettsiales,Mitochondria,NA,NA_NA
ASV_7785,Bacteria,Bacillota,Clostridia,Lachnospirales,Lachnospiraceae,NA,NA_NA
ASV_7786,Bacteria,Bacillota,Clostridia,Oscillospirales,Oscillospiraceae,NA,NA_NA
ASV_7787,Bacteria,Bacillota,Negativicutes,Veillonellales-Selenomonadales,Sporomusaceae,Dendrosporobacter,Dendrosporobacter_NA
ASV_7788,Bacteria,Bacillota,Clostridia,Clostridia UCG-014,NA,NA,NA_NA
ASV_7789,Eukaryota,NA,NA,NA,NA,NA,NA_NA
ASV_7790,Bacteria,Verrucomicrobiota,Lentisphaeria,Victivallales,Victivallaceae,NA,NA_NA
ASV_7791,Bacteria,Actinomycetota,Coriobacteriia,Coriobacteriales,Eggerthellaceae,Adlercreutzia,Adlercreutzia_NA
ASV_7792,Bacteria,Bacillota,Clostridia,Peptococcales,Peptococcaceae,NA,NA_NA
ASV_7793,Bacteria,Bacillota,Clostridia,Oscillospirales,Ruminococcaceae,Ruminococcus,Ruminococcus_NA
ASV_7794,Bacteria,Bacillota,Clostridia,Oscillospirales,Ruminococcaceae,NA,NA_NA
ASV_7795,Bacteria,Bacillota,Clostridia,Oscillospirales,Ruminococcaceae,NA,NA_NA
ASV_7796,Bacteria,Bacillota,Clostridia,Oscillospirales,UCG-010,NA,NA_NA
ASV_7797,Bacteria,NA,NA,NA,NA,NA,NA_NA
ASV_7798,Bacteria,NA,NA,NA,NA,NA,NA_NA
ASV_7799,Bacteria,Bacillota,Clostridia,Christensenellales,Christensenellaceae,Christensenellaceae R-7 group,Christensenellaceae_R-7_group_NA
ASV_7800,Bacteria,Bacillota,Clostridia,NA,NA,NA,NA_NA
ASV_7801,Bacteria,Bacteroidota,Bacteroidia,Bacteroidales,NA,NA,NA_NA
ASV_7802,Bacteria,Bacteroidota,Bacteroidia,Bacteroidales,Rikenellaceae,Rikenellaceae RC9 gut group,Rikenellaceae_RC9_gut_group_NA
ASV_7803,Bacteria,Pseudomonadota,Gammaproteobacteria,Enterobacterales,Succinivibrionaceae,Anaerobiospirillum,Anaerobiospirillum_sp.
ASV_7804,Bacteria,Patescibacteria,Gracilibacteria,Absconditabacteriales (SR1),NA,NA,NA_NA
ASV_7805,Bacteria,Bacillota,Clostridia,Oscillospirales,NA,NA,NA_NA
ASV_7806,Bacteria,Bacillota,Bacilli,Erysipelotrichales,Erysipelotrichaceae,Anaerorhabdus,Anaerorhabdus_NA
ASV_7807,Bacteria,Bacteroidota,Bacteroidia,Bacteroidales,Prevotellaceae,Prevotellaceae UCG-001,Prevotellaceae_UCG-001_NA
ASV_7808,Bacteria,Bacillota,Clostridia,NA,NA,NA,NA_NA
ASV_7809,Bacteria,Bacillota,Clostridia,NA,NA,NA,NA_NA
ASV_7810,Bacteria,Pseudomonadota,Gammaproteobacteria,Burkholderiales,Comamonadaceae,NA,NA_NA
ASV_7811,Archaea,Halobacteriota,Methanomicrobia,Methanomicrobiales,Methanocorpusculaceae,Methanocorpusculum,Methanocorpusculum_NA
ASV_7812,Bacteria,Bacillota,Bacilli,RF39,NA,NA,NA_NA
ASV_7813,Bacteria,Bacteroidota,Bacteroidia,Bacteroidales,Rikenellaceae,Alistipes,Alistipes_NA
ASV_7814,Bacteria,Bacteroidota,Bacteroidia,Bacteroidales,Dysgonomonadaceae,Proteiniphilum,Proteiniphilum_NA
ASV_7815,Bacteria,Pseudomonadota,Gammaproteobacteria,Rickettsiellales,Rickettsiellaceae,NA,NA_NA
ASV_7816,Bacteria,Pseudomonadota,Gammaproteobacteria,Rickettsiellales,Rickettsiellaceae,Aquicella,Aquicella_NA
ASV_7817,Bacteria,Bacteroidota,Bacteroidia,Sphingobacteriales,Sphingobacteriaceae,Pedobacter,Pedobacter_NA
ASV_7818,Bacteria,Pseudomonadota,Alphaproteobacteria,Rickettsiales,Mitochondria,NA,NA_NA
ASV_7819,Bacteria,Spirochaetota,Spirochaetia,Spirochaetales,Spirochaetaceae,Treponema,Treponema_NA
ASV_7820,Bacteria,Bacillota,Clostridia,Lachnospirales,Defluviitaleaceae,Defluviitaleaceae UCG-011,Defluviitaleaceae_UCG-011_NA
ASV_7821,Bacteria,Bacillota,Clostridia,Oscillospirales,[Eubacterium] coprostanoligenes group,NA,NA_NA
ASV_7822,Bacteria,Bacteroidota,Bacteroidia,Bacteroidales,Rikenellaceae,Rikenellaceae RC9 gut group,Rikenellaceae_RC9_gut_group_NA
ASV_7823,Bacteria,Bacillota,Thermoanaerobacteria,Thermoanaerobacterales,Family III,Thermoanaerobacterium,Thermoanaerobacterium_thermosaccharolyticum
ASV_7824,Bacteria,Bacillota,Clostridia,Clostridiales,Clostridiaceae,Clostridium,Clostridium_swellfunianum
ASV_7825,Bacteria,Bacillota,Clostridia,Oscillospirales,UCG-010,NA,NA_NA
ASV_7826,Bacteria,Chloroflexota,Ktedonobacteria,Ktedonobacterales,Ktedonobacteraceae,Thermosporothrix,Thermosporothrix_NA
ASV_7827,Bacteria,Pseudomonadota,Alphaproteobacteria,Hyphomicrobiales,Labraceae,Labrys,Labrys_methylaminiphilus
ASV_7828,Bacteria,Actinomycetota,Thermoleophilia,Gaiellales,NA,NA,NA_NA
ASV_7829,Bacteria,Bacillota,Bacilli,Mycoplasmatales,Mycoplasmataceae,Mesomycoplasma,Mesomycoplasma_moatsii
ASV_7830,Bacteria,Bacteroidota,Bacteroidia,Bacteroidales,Paludibacteraceae,NA,NA_NA
ASV_7831,Eukaryota,NA,NA,NA,NA,NA,NA_NA
ASV_7832,Bacteria,Bacteroidota,Bacteroidia,Bacteroidales,Paludibacteraceae,NA,NA_NA
ASV_7833,Bacteria,Bacteroidota,Bacteroidia,Bacteroidales,Dysgonomonadaceae,Dysgonomonas,Dysgonomonas_NA
ASV_7834,Bacteria,Bacillota,Clostridia,Lachnospirales,Lachnospiraceae,NA,NA_NA
ASV_7835,Bacteria,Bacteroidota,Bacteroidia,Bacteroidales,Prevotellaceae,Prevotellaceae UCG-003,Prevotellaceae_UCG-003_NA
ASV_7836,Bacteria,Bacillota,Clostridia,Peptococcales,Peptococcaceae,NA,NA_NA
ASV_7837,Bacteria,Cyanobacteriota,Cyanobacteriia,Chloroplast,NA,NA,NA_NA
ASV_7838,Bacteria,Bacteroidota,Bacteroidia,Bacteroidales,NA,NA,NA_NA
ASV_7839,Bacteria,Bacillota,Clostridia,Lachnospirales,Lachnospiraceae,Lachnospiraceae NK3A20 group,Lachnospiraceae_NK3A20_group_NA
ASV_7840,Bacteria,Cyanobacteriota,Cyanobacteriia,Chloroplast,NA,NA,NA_NA
ASV_7841,Bacteria,Pseudomonadota,Alphaproteobacteria,Rickettsiales,Mitochondria,NA,NA_NA
ASV_7842,Bacteria,Bacteroidota,Bacteroidia,Bacteroidales,Prevotellaceae,Prevotellaceae UCG-003,Prevotellaceae_UCG-003_NA
ASV_7843,Bacteria,Bacillota,Clostridia,Peptococcales,Peptococcaceae,Desulfonispora,Desulfonispora_thiosulfatigenes
ASV_7844,Bacteria,Pseudomonadota,Gammaproteobacteria,Enterobacterales,Succinivibrionaceae,Succinivibrio,Succinivibrio_NA
ASV_7845,Bacteria,Verrucomicrobiota,Verrucomicrobiia,Chthoniobacterales,Chthoniobacteraceae,Chthoniobacter,Chthoniobacter_NA
ASV_7846,Bacteria,Myxococcota,Polyangiia,NA,NA,NA,NA_NA
ASV_7847,Bacteria,Verrucomicrobiota,Verrucomicrobiia,Opitutales,Opitutaceae,Opitutus,Opitutus_NA
ASV_7848,Bacteria,Pseudomonadota,Alphaproteobacteria,Hyphomicrobiales,Devosiaceae,Devosia,Devosia_NA
ASV_7849,Bacteria,Cyanobacteriota,Cyanobacteriia,Chloroplast,NA,NA,NA_NA
ASV_7850,Bacteria,Pseudomonadota,Alphaproteobacteria,Hyphomicrobiales,Rhizobiaceae,Mesorhizobium,Mesorhizobium_ciceri
ASV_7851,Bacteria,Armatimonadota,Armatimonadia,Armatimonadales,Armatimonadaceae,NA,NA_NA
ASV_7852,Bacteria,Campylobacterota,Campylobacteria,Campylobacterales,Arcobacteraceae,Arcobacter,Arcobacter_cryaerophilus
ASV_7853,Bacteria,Pseudomonadota,Alphaproteobacteria,Hyphomicrobiales,Labraceae,Labrys,Labrys_miyagiensis
ASV_7854,Bacteria,Actinomycetota,Actinobacteria,Frankiales,Acidothermaceae,Acidothermus,Acidothermus_NA
ASV_7855,Bacteria,Pseudomonadota,Alphaproteobacteria,Acetobacterales,Acetobacteraceae,Commensalibacter,Commensalibacter_intestini
ASV_7856,Bacteria,NA,NA,NA,NA,NA,NA_NA
ASV_7857,Bacteria,Actinomycetota,Coriobacteriia,Coriobacteriales,Coriobacteriaceae,Enorma,Enorma_NA
ASV_7858,Bacteria,Pseudomonadota,NA,NA,NA,NA,NA_NA
ASV_7859,Bacteria,Bacteroidota,Bacteroidia,Bacteroidales,Prevotellaceae,Hoylesella,Hoylesella_NA
ASV_7860,Bacteria,Bacillota,Clostridia,Oscillospirales,[Eubacterium] coprostanoligenes group,NA,NA_NA
ASV_7861,Bacteria,Bacillota,Clostridia,Eubacteriales,Eubacteriaceae,Pseudoramibacter,Pseudoramibacter_NA
ASV_7862,Bacteria,Bacteroidota,Bacteroidia,Bacteroidales,Prevotellaceae,Pseudoprevotella,Pseudoprevotella_NA
ASV_7863,Archaea,Methanobacteriota,Methanobacteria,Methanobacteriales,Methanobacteriaceae,Methanobrevibacter,Methanobrevibacter_ruminantium
ASV_7864,Bacteria,Bacillota,Clostridia,Lachnospirales,Lachnospiraceae,Coprococcus,Coprococcus_NA
ASV_7865,Bacteria,Bacteroidota,Bacteroidia,Bacteroidales,Rikenellaceae,Rikenellaceae RC9 gut group,Rikenellaceae_RC9_gut_group_NA
ASV_7866,Bacteria,Pseudomonadota,NA,NA,NA,NA,NA_NA
ASV_7867,Bacteria,Pseudomonadota,Alphaproteobacteria,Paracaedibacterales,Paracaedibacteraceae,NA,NA_NA
ASV_7868,Bacteria,Bacteroidota,Bacteroidia,Bacteroidales,Rikenellaceae,Rikenellaceae RC9 gut group,Rikenellaceae_RC9_gut_group_NA
ASV_7869,Bacteria,Actinomycetota,Coriobacteriia,Coriobacteriales,Coriobacteriales Incertae Sedis,NA,NA_NA
ASV_7870,Eukaryota,NA,NA,NA,NA,NA,NA_NA
ASV_7871,Bacteria,Bacteroidota,Bacteroidia,Bacteroidales,Rikenellaceae,Rikenellaceae RC9 gut group,Rikenellaceae_RC9_gut_group_NA
ASV_7872,Bacteria,Bacillota,Clostridia,Clostridia UCG-014,NA,NA,NA_NA
ASV_7873,Bacteria,Bacteroidota,Bacteroidia,Bacteroidales,Rikenellaceae,Alistipes,Alistipes_sp.
ASV_7874,Bacteria,Bacteroidota,Bacteroidia,Bacteroidales,Tannerellaceae,Parabacteroides,Parabacteroides_merdae
ASV_7875,Eukaryota,NA,NA,NA,NA,NA,NA_NA
ASV_7876,Bacteria,Pseudomonadota,Alphaproteobacteria,Rickettsiales,Mitochondria,NA,NA_NA
ASV_7877,Bacteria,Pseudomonadota,Alphaproteobacteria,Rickettsiales,Mitochondria,NA,NA_NA
ASV_7878,Eukaryota,NA,NA,NA,NA,NA,NA_NA
ASV_7879,Bacteria,Verrucomicrobiota,Lentisphaeria,Victivallales,Victivallaceae,NA,NA_NA
ASV_7880,Bacteria,Pseudomonadota,Alphaproteobacteria,Rickettsiales,Mitochondria,NA,NA_NA
ASV_7881,Bacteria,Verrucomicrobiota,Lentisphaeria,Victivallales,Victivallaceae,Victivallis,Victivallis_vadensis
ASV_7882,Archaea,Methanobacteriota,Methanobacteria,Methanobacteriales,Methanobacteriaceae,Methanobrevibacter,Methanobrevibacter_ruminantium
ASV_7883,Bacteria,Pseudomonadota,Alphaproteobacteria,Caulobacterales,Caulobacteraceae,Brevundimonas,Brevundimonas_bacteroides
ASV_7884,Bacteria,Pseudomonadota,Alphaproteobacteria,Rickettsiales,Mitochondria,NA,NA_NA
ASV_7885,Bacteria,Bacillota,Bacilli,Lactobacillales,Lactobacillaceae,Leuconostoc,Leuconostoc_lactis
ASV_7886,Bacteria,Pseudomonadota,Alphaproteobacteria,Rickettsiales,Mitochondria,NA,NA_NA
ASV_7887,Bacteria,Bacillota,Bacilli,Paenibacillales,Paenibacillaceae,Paenibacillus,Paenibacillus_hunanensis
ASV_7888,Bacteria,Bacillota,Clostridia,Lachnospirales,Lachnospiraceae,Faecalimonas,Faecalimonas_umbilicata
ASV_7889,Eukaryota,NA,NA,NA,NA,NA,NA_NA
ASV_7890,Bacteria,Pseudomonadota,Alphaproteobacteria,Rickettsiales,Mitochondria,NA,NA_NA
ASV_7891,Bacteria,Pseudomonadota,Alphaproteobacteria,Rickettsiales,Mitochondria,NA,NA_NA
ASV_7892,Bacteria,Bacillota,Clostridia,Clostridiales,Caloramatoraceae,NA,NA_NA
ASV_7893,Bacteria,Bacillota,Bacilli,Erysipelotrichales,Erysipelotrichaceae,NA,NA_NA
ASV_7894,Bacteria,Pseudomonadota,Alphaproteobacteria,Rickettsiales,Mitochondria,NA,NA_NA
ASV_7895,Bacteria,Pseudomonadota,Alphaproteobacteria,Rickettsiales,Mitochondria,NA,NA_NA
ASV_7896,Bacteria,Bacillota,Bacilli,Erysipelotrichales,Erysipelatoclostridiaceae,UCG-004,UCG-004_NA
ASV_7897,Bacteria,Cyanobacteriota,Cyanobacteriia,Chloroplast,NA,NA,NA_NA
ASV_7898,Bacteria,Acidobacteriota,Vicinamibacteria,Vicinamibacterales,Vicinamibacteraceae,Luteitalea,Luteitalea_NA
ASV_7899,Bacteria,Bacillota,Clostridia,Clostridia UCG-014,NA,NA,NA_NA
ASV_7900,Bacteria,Planctomycetota,Planctomycetes,Gemmatales,Gemmataceae,NA,NA_NA
ASV_7901,Bacteria,Pseudomonadota,Alphaproteobacteria,Micropepsales,Micropepsaceae,NA,NA_NA
ASV_7902,Bacteria,Pseudomonadota,Gammaproteobacteria,Enterobacterales,Orbaceae,NA,NA_NA
ASV_7903,Bacteria,Thermodesulfobacteriota,Desulfovibrionia,Desulfovibrionales,Desulfovibrionaceae,Desulfovibrio,Desulfovibrio_NA
ASV_7904,Bacteria,Actinomycetota,Coriobacteriia,Coriobacteriales,Eggerthellaceae,Adlercreutzia,Adlercreutzia_NA
ASV_7905,Bacteria,Bacteroidota,Bacteroidia,Bacteroidales,Prevotellaceae,Prevotellaceae UCG-003,Prevotellaceae_UCG-003_NA
ASV_7906,Bacteria,Actinomycetota,Coriobacteriia,Coriobacteriales,Coriobacteriaceae,Enorma,Enorma_NA
ASV_7907,Bacteria,Planctomycetota,Planctomycetes,Gemmatales,Gemmataceae,NA,NA_NA
ASV_7908,Bacteria,Actinomycetota,Acidimicrobiia,Microtrichales,NA,NA,NA_NA
ASV_7909,Bacteria,Bacillota,Clostridia,Lachnospirales,Lachnospiraceae,Tyzzerella,Tyzzerella_NA
ASV_7910,Bacteria,Pseudomonadota,Alphaproteobacteria,Rickettsiales,Mitochondria,NA,NA_NA
ASV_7911,Bacteria,Pseudomonadota,Alphaproteobacteria,Rickettsiales,Rickettsiaceae,Ac37b,Ac37b_NA
ASV_7912,Bacteria,Bacillota,Bacilli,Erysipelotrichales,Erysipelotrichaceae,Culicoidibacter,Culicoidibacter_NA
ASV_7913,Bacteria,Verrucomicrobiota,Kiritimatiellia,WCHB1-41,NA,NA,NA_NA
ASV_7914,Bacteria,Spirochaetota,Spirochaetia,Spirochaetales,Spirochaetaceae,Treponema,Treponema_porcinum
ASV_7915,Bacteria,Bacteroidota,Bacteroidia,Bacteroidales,Prevotellaceae,Prevotellaceae UCG-003,Prevotellaceae_UCG-003_NA
ASV_7916,Bacteria,Bacillota,Clostridia,Peptostreptococcales-Tissierellales,Anaerovoracaceae,NA,NA_NA
ASV_7917,Bacteria,Bacteroidota,Bacteroidia,Bacteroidales,Rikenellaceae,Rikenellaceae RC9 gut group,Rikenellaceae_RC9_gut_group_NA
ASV_7918,Bacteria,Pseudomonadota,Alphaproteobacteria,Holosporales,Holosporaceae,NA,NA_NA
ASV_7919,Bacteria,Bacillota,Bacilli,Erysipelotrichales,Erysipelotrichaceae,Anaerorhabdus,Anaerorhabdus_NA
ASV_7920,Bacteria,Bacillota,Clostridia,Lachnospirales,Lachnospiraceae,NA,NA_NA
ASV_7921,Bacteria,Bacillota,Clostridia,Oscillospirales,UCG-010,NA,NA_NA
ASV_7922,Bacteria,Bacteroidota,Bacteroidia,Cytophagales,Spirosomataceae,Dyadobacter,Dyadobacter_NA
ASV_7923,Bacteria,Bacillota,Clostridia,Oscillospirales,Ruminococcaceae,Paludicola,Paludicola_NA
ASV_7924,Bacteria,Bacteroidota,Bacteroidia,Bacteroidales,Rikenellaceae,Rikenellaceae RC9 gut group,Rikenellaceae_RC9_gut_group_NA
ASV_7925,Bacteria,Pseudomonadota,Alphaproteobacteria,Hyphomicrobiales,Hyphomicrobiales Incertae Sedis,NA,NA_NA
ASV_7926,Bacteria,Bacillota,Bacilli,RF39,NA,NA,NA_NA
ASV_7927,Bacteria,Bacillota,Bacilli,Erysipelotrichales,Erysipelatoclostridiaceae,UCG-004,UCG-004_NA
ASV_7928,Bacteria,Bacteroidota,Bacteroidia,Bacteroidales,Prevotellaceae,Xylanibacter,Xylanibacter_NA
ASV_7929,Bacteria,Acidobacteriota,Acidobacteriae,Subgroup 2,NA,NA,NA_NA
ASV_7930,Bacteria,Planctomycetota,Planctomycetes,Pirellulales,Pirellulaceae,Pir4 lineage,Pir4_lineage_NA
ASV_7931,Bacteria,Dependentiae,Babeliae,Babeliales,Vermiphilaceae,NA,NA_NA
ASV_7932,Bacteria,Bacteroidota,Bacteroidia,Bacteroidales,Dysgonomonadaceae,Dysgonomonas,Dysgonomonas_termitidis
ASV_7933,Bacteria,Pseudomonadota,Alphaproteobacteria,Rickettsiales,Mitochondria,NA,NA_NA
ASV_7934,Bacteria,Planctomycetota,Planctomycetes,Isosphaerales,Isosphaeraceae,Tautonia,Tautonia_NA
ASV_7935,Bacteria,Bacillota,Clostridia,Oscillospirales,[Eubacterium] coprostanoligenes group,NA,NA_NA
ASV_7936,Bacteria,Bacillota,Clostridia,Lachnospirales,Lachnospiraceae,Acetatifactor,Acetatifactor_NA
ASV_7937,Bacteria,Pseudomonadota,Alphaproteobacteria,Rhodospirillales,NA,NA,NA_NA
ASV_7938,Bacteria,Nitrospirota,Nitrospiria,Nitrospirales,Nitrospiraceae,Nitrospira,Nitrospira_NA
ASV_7939,Bacteria,Cyanobacteriota,Cyanobacteriia,Chloroplast,NA,NA,NA_NA
ASV_7940,Bacteria,Actinomycetota,Thermoleophilia,Solirubrobacterales,67-14,NA,NA_NA
ASV_7941,Bacteria,Actinomycetota,Acidimicrobiia,Microtrichales,Iamiaceae,Aquihabitans,Aquihabitans_NA
ASV_7942,Bacteria,Thermodesulfobacteriota,Desulfovibrionia,Desulfovibrionales,Desulfovibrionaceae,Desulfovibrio,Desulfovibrio_sp.
ASV_7943,Bacteria,Pseudomonadota,NA,NA,NA,NA,NA_NA
ASV_7944,Bacteria,Bacillota,Clostridia,Oscillospirales,[Eubacterium] coprostanoligenes group,NA,NA_NA
ASV_7945,Bacteria,Pseudomonadota,Alphaproteobacteria,Rickettsiales,Mitochondria,NA,NA_NA
ASV_7946,Bacteria,Actinomycetota,Coriobacteriia,Coriobacteriales,Coriobacteriales Incertae Sedis,Raoultibacter,Raoultibacter_NA
ASV_7947,Bacteria,Actinomycetota,Actinobacteria,Propionibacteriales,Nocardioidaceae,Nocardioides,Nocardioides_NA
ASV_7948,Bacteria,Cyanobacteriota,Cyanobacteriia,Chloroplast,NA,NA,NA_NA
ASV_7949,Bacteria,Pseudomonadota,Alphaproteobacteria,Caulobacterales,Caulobacteraceae,Brevundimonas,Brevundimonas_terrae
ASV_7950,Bacteria,Actinomycetota,Actinobacteria,Actinomycetales,Actinomycetaceae,Actinomyces,Actinomyces_minihominis
ASV_7951,Bacteria,Pseudomonadota,Alphaproteobacteria,Caulobacterales,Caulobacteraceae,Phenylobacterium,Phenylobacterium_NA
ASV_7952,Bacteria,Pseudomonadota,Alphaproteobacteria,Hyphomicrobiales,Beijerinckiaceae,Microvirga,Microvirga_NA
ASV_7953,Bacteria,Bacteroidota,Bacteroidia,Chitinophagales,Chitinophagaceae,NA,NA_NA
ASV_7954,Bacteria,Bacillota,Clostridia,Clostridia UCG-014,NA,NA,NA_NA
ASV_7955,Bacteria,Pseudomonadota,Gammaproteobacteria,Pseudomonadales,Moraxellaceae,Enhydrobacter,Enhydrobacter_Moraxella_sp.
ASV_7956,Bacteria,Pseudomonadota,Alphaproteobacteria,Acetobacterales,Acetobacteraceae,Roseomonas,Roseomonas_aquatica
ASV_7957,Bacteria,Actinomycetota,Coriobacteriia,Coriobacteriales,Eggerthellaceae,Berryella,Berryella_NA
ASV_7958,Bacteria,Bacillota,Bacilli,Erysipelotrichales,Erysipelotrichaceae,Erysipelothrix,Erysipelothrix_NA
ASV_7959,Archaea,Halobacteriota,Methanomicrobia,Methanomicrobiales,Methanocorpusculaceae,Methanocorpusculum,Methanocorpusculum_NA
ASV_7960,Bacteria,Pseudomonadota,Alphaproteobacteria,Rickettsiales,Mitochondria,NA,NA_NA
ASV_7961,Bacteria,Pseudomonadota,Alphaproteobacteria,Rickettsiales,Mitochondria,NA,NA_NA
ASV_7962,Bacteria,Planctomycetota,Planctomycetes,Pirellulales,Pirellulaceae,CPla-4 termite group,CPla-4_termite_group_NA
ASV_7963,Bacteria,Cyanobacteriota,Vampirivibrionia,Gastranaerophilales,Gastranaerophilaceae,Zag_111,Zag_111_NA
ASV_7964,NA,NA,NA,NA,NA,NA,NA_NA
ASV_7965,Bacteria,Spirochaetota,Spirochaetia,Spirochaetales,Spirochaetaceae,Treponema,Treponema_NA
ASV_7966,Bacteria,Actinomycetota,Acidimicrobiia,Microtrichales,Ilumatobacteraceae,CL500-29 marine group,CL500-29_marine_group_NA
ASV_7967,Bacteria,Actinomycetota,Thermoleophilia,Solirubrobacterales,67-14,NA,NA_NA
ASV_7968,Bacteria,Pseudomonadota,Gammaproteobacteria,Burkholderiales,Sutterellaceae,Parasutterella,Parasutterella_secunda
ASV_7969,Bacteria,Bacteroidota,Bacteroidia,Bacteroidales,Rikenellaceae,Rikenellaceae RC9 gut group,Rikenellaceae_RC9_gut_group_NA
ASV_7970,Bacteria,Pseudomonadota,Alphaproteobacteria,Acetobacterales,Acetobacteraceae,Gluconobacter,Gluconobacter_japonicus
ASV_7971,Bacteria,Bacillota,Clostridia,Oscillospirales,Ruminococcaceae,Ruminococcus,Ruminococcus_NA
ASV_7972,Bacteria,NA,NA,NA,NA,NA,NA_NA
ASV_7973,Bacteria,Bacillota,Clostridia,Peptostreptococcales-Tissierellales,Anaerovoracaceae,Eubacterium,Eubacterium_sp
ASV_7974,Bacteria,Bacillota,Clostridia,Monoglobales,Monoglobaceae,Monoglobus,Monoglobus_NA
ASV_7975,Bacteria,Bacteroidota,Bacteroidia,Flavobacteriales,Flavobacteriaceae,Flavobacterium,Flavobacterium_subsaxonicum
ASV_7976,Bacteria,Bacteroidota,Bacteroidia,Chitinophagales,Saprospiraceae,OLB8,OLB8_NA
ASV_7977,Bacteria,Pseudomonadota,Alphaproteobacteria,Rickettsiales,Mitochondria,NA,NA_NA
ASV_7978,Bacteria,Pseudomonadota,Alphaproteobacteria,Rickettsiales,Mitochondria,NA,NA_NA
ASV_7979,NA,NA,NA,NA,NA,NA,NA_NA
ASV_7980,Bacteria,Pseudomonadota,Alphaproteobacteria,Rickettsiales,Mitochondria,NA,NA_NA
ASV_7981,Bacteria,Bacteroidota,Bacteroidia,Bacteroidales,Rikenellaceae,Alistipes,Alistipes_NA
ASV_7982,Bacteria,Bacteroidota,Bacteroidia,Bacteroidales,Rikenellaceae,Rikenellaceae RC9 gut group,Rikenellaceae_RC9_gut_group_NA
ASV_7983,Bacteria,Bacteroidota,Bacteroidia,Sphingobacteriales,Sphingobacteriaceae,Sphingobacterium,Sphingobacterium_multivorum
ASV_7984,Bacteria,Bacteroidota,Bacteroidia,Bacteroidales,Muribaculaceae,NA,NA_NA
ASV_7985,Bacteria,Bacteroidota,Bacteroidia,Cytophagales,Amoebophilaceae,Candidatus Amoebophilus,Candidatus_Amoebophilus_NA
ASV_7986,Eukaryota,NA,NA,NA,NA,NA,NA_NA
ASV_7987,Bacteria,Actinomycetota,Coriobacteriia,Coriobacteriales,Eggerthellaceae,NA,NA_NA
ASV_7988,Bacteria,Bacteroidota,Bacteroidia,Flavobacteriales,Flavobacteriaceae,Flavobacterium,Flavobacterium_Flavobacterium_sp.
ASV_7989,Bacteria,Pseudomonadota,Alphaproteobacteria,Rickettsiales,Mitochondria,NA,NA_NA
ASV_7990,Bacteria,Myxococcota,Myxococcia,Myxococcales,Anaeromyxobacteraceae,Anaeromyxobacter,Anaeromyxobacter_NA
ASV_7991,Bacteria,Pseudomonadota,Alphaproteobacteria,Rickettsiales,Mitochondria,NA,NA_NA
ASV_7992,Bacteria,Bacteroidota,Bacteroidia,Flavobacteriales,Weeksellaceae,Chryseobacterium,Chryseobacterium_chaponense
ASV_7993,Eukaryota,NA,NA,NA,NA,NA,NA_NA
ASV_7994,Bacteria,Pseudomonadota,Alphaproteobacteria,Rickettsiales,Mitochondria,NA,NA_NA
ASV_7995,Bacteria,Abditibacteriota,Abditibacteriia,Abditibacteriales,Abditibacteriaceae,Abditibacterium,Abditibacterium_NA
ASV_7996,Bacteria,Bacillota,Clostridia,NA,NA,NA,NA_NA
ASV_7997,Bacteria,Bacillota,Clostridia,Oscillospirales,UCG-010,NA,NA_NA
ASV_7998,Bacteria,Chloroflexota,Chloroflexia,Thermomicrobiales,JG30-KF-CM45,NA,NA_NA
ASV_7999,Bacteria,Bacillota,Clostridia,Lachnospirales,Lachnospiraceae,Tyzzerella,Tyzzerella_NA
ASV_8000,Bacteria,Bacillota,Negativicutes,Veillonellales-Selenomonadales,Selenomonadaceae,Mitsuokella,Mitsuokella_NA
ASV_8001,Bacteria,Bacillota,Clostridia,Lachnospirales,Lachnospiraceae,Lachnospiraceae NK4A136 group,Lachnospiraceae_NK4A136_group_NA
ASV_8002,Bacteria,Bacteroidota,Bacteroidia,Chitinophagales,Chitinophagaceae,Ferruginibacter,Ferruginibacter_NA
ASV_8003,Bacteria,Bacillota,Clostridia,Peptostreptococcales-Tissierellales,Anaerovoracaceae,Family XIII AD3011 group,Family_XIII_AD3011_group_NA
ASV_8004,Bacteria,Bacillota,Clostridia,Lachnospirales,Lachnospiraceae,Lachnospiraceae FE2018 group,Lachnospiraceae_FE2018_group_NA
ASV_8005,Bacteria,Bacteroidota,Bacteroidia,Bacteroidales,M2PB4-65 termite group,NA,NA_NA
ASV_8006,Bacteria,Pseudomonadota,Alphaproteobacteria,Caulobacterales,Caulobacteraceae,Asticcacaulis,Asticcacaulis_solisilvae
ASV_8007,Bacteria,Bacillota,Clostridia,Oscillospirales,NA,NA,NA_NA
ASV_8008,Bacteria,Pseudomonadota,Alphaproteobacteria,Rickettsiales,NA,NA,NA_NA
ASV_8009,Bacteria,Verrucomicrobiota,Verrucomicrobiia,Opitutales,Puniceicoccaceae,NA,NA_NA
ASV_8010,Bacteria,Bacillota,Clostridia,Clostridia vadinBB60 group,NA,NA,NA_NA
ASV_8011,Bacteria,Bacteroidota,Bacteroidia,Bacteroidales,Rikenellaceae,Rikenellaceae RC9 gut group,Rikenellaceae_RC9_gut_group_NA
ASV_8012,Bacteria,Bacteroidota,Bacteroidia,Bacteroidales,Prevotellaceae,NA,NA_NA
ASV_8013,Bacteria,Bacteroidota,Bacteroidia,Bacteroidales,NA,NA,NA_NA
ASV_8014,Bacteria,Verrucomicrobiota,Verrucomicrobiia,Opitutales,Puniceicoccaceae,NA,NA_NA
ASV_8015,Bacteria,Bacillota,Clostridia,Eubacteriales,Eubacteriaceae,Eubacterium,Eubacterium_NA
ASV_8016,Bacteria,Bacillota,Bacilli,NA,NA,NA,NA_NA
ASV_8017,Bacteria,Bacteroidota,Bacteroidia,Bacteroidales,Bacteroidaceae,Bacteroides,Bacteroides_NA
ASV_8018,Bacteria,Bacteroidota,Bacteroidia,Bacteroidales,Rikenellaceae,Rikenellaceae RC9 gut group,Rikenellaceae_RC9_gut_group_NA
ASV_8019,Bacteria,Gemmatimonadota,Gemmatimonadia,Gemmatimonadales,Gemmatimonadaceae,Gemmatimonas,Gemmatimonas_NA
ASV_8020,Bacteria,Actinomycetota,Actinobacteria,Actinomycetales,Actinomycetaceae,Schaalia,Schaalia_Schaalia_hyovaginalis
ASV_8021,Bacteria,Pseudomonadota,Gammaproteobacteria,Enterobacterales,Idiomarinaceae,Aliidiomarina,Aliidiomarina_NA
ASV_8022,Bacteria,Pseudomonadota,Alphaproteobacteria,Rickettsiales,Mitochondria,NA,NA_NA
ASV_8023,Bacteria,Cyanobacteriota,Cyanobacteriia,Chloroplast,NA,NA,NA_NA
ASV_8024,Bacteria,Verrucomicrobiota,Verrucomicrobiia,Verrucomicrobiales,Verrucomicrobiaceae,NA,NA_NA
ASV_8025,Bacteria,Pseudomonadota,Alphaproteobacteria,Hyphomicrobiales,Rhodomicrobiaceae,Rhodomicrobium,Rhodomicrobium_NA
ASV_8026,Bacteria,Bdellovibrionota,Oligoflexia,Silvanigrellales,Silvanigrellaceae,NA,NA_NA
ASV_8027,Bacteria,Bacillota,Clostridia,Lachnospirales,Lachnospiraceae,Lachnospiraceae UCG-010,Lachnospiraceae_UCG-010_NA
ASV_8028,Bacteria,NA,NA,NA,NA,NA,NA_NA
ASV_8029,Bacteria,Pseudomonadota,Alphaproteobacteria,Hyphomicrobiales,A0839,NA,NA_NA
ASV_8030,Bacteria,Pseudomonadota,Alphaproteobacteria,Rickettsiales,Mitochondria,NA,NA_NA
ASV_8031,Bacteria,Bacillota,Clostridia,Oscillospirales,Ruminococcaceae,NA,NA_NA
ASV_8032,Bacteria,Bacillota,Clostridia,Lachnospirales,Lachnospiraceae,Acetitomaculum,Acetitomaculum_NA
ASV_8033,Bacteria,Spirochaetota,Spirochaetia,Spirochaetales,Spirochaetaceae,Treponema,Treponema_porcinum
ASV_8034,Eukaryota,NA,NA,NA,NA,NA,NA_NA
ASV_8035,Bacteria,Pseudomonadota,Alphaproteobacteria,Rickettsiales,Mitochondria,NA,NA_NA
ASV_8036,NA,NA,NA,NA,NA,NA,NA_NA
ASV_8037,Bacteria,Bacteroidota,Bacteroidia,Bacteroidales,Dysgonomonadaceae,Dysgonomonas,Dysgonomonas_NA
ASV_8038,Bacteria,Pseudomonadota,Alphaproteobacteria,Hyphomicrobiales,Beijerinckiaceae,Methylobacterium,Methylobacterium_Methylobacterium_sp.
ASV_8039,Archaea,Thermoproteota,Nitrososphaeria,Nitrososphaerales,Nitrososphaeraceae,NA,NA_NA
ASV_8040,Bacteria,Pseudomonadota,Gammaproteobacteria,Cardiobacteriales,Wohlfahrtiimonadaceae,Ignatzschineria,Ignatzschineria_Ignatzschineria_ureiclastica
ASV_8041,Bacteria,Bacillota,Clostridia,Peptostreptococcales-Tissierellales,Anaerovoracaceae,Family XIII AD3011 group,Family_XIII_AD3011_group_NA
ASV_8042,Bacteria,Bacteroidota,Bacteroidia,Bacteroidales,Dysgonomonadaceae,Dysgonomonas,Dysgonomonas_NA
ASV_8043,Bacteria,Bacillota,Clostridia,Peptostreptococcales-Tissierellales,Anaerovoracaceae,Family XIII AD3011 group,Family_XIII_AD3011_group_NA
ASV_8044,Bacteria,Bacteroidota,Bacteroidia,Flavobacteriales,Weeksellaceae,Chryseobacterium,Chryseobacterium_anthropi
ASV_8045,Bacteria,Gemmatimonadota,S0134 terrestrial group,NA,NA,NA,NA_NA
ASV_8046,Bacteria,Cyanobacteriota,Cyanobacteriia,Chloroplast,NA,NA,NA_NA
ASV_8047,Bacteria,Bacillota,Bacilli,Lactobacillales,Lactobacillaceae,Periweissella,Periweissella_Periweissella_beninensis
ASV_8048,Bacteria,Bacteroidota,Bacteroidia,Chitinophagales,Chitinophagaceae,NA,NA_NA
ASV_8049,Bacteria,Pseudomonadota,Alphaproteobacteria,Hyphomicrobiales,Beijerinckiaceae,Bosea,Bosea_Bosea_eneae
ASV_8050,Bacteria,Bacteroidota,Bacteroidia,Bacteroidales,Prevotellaceae,NA,NA_NA
ASV_8051,Bacteria,Bacillota,Clostridia,Clostridia vadinBB60 group,NA,NA,NA_NA
ASV_8052,Bacteria,Fusobacteriota,Fusobacteriia,Fusobacteriales,Leptotrichiaceae,Sebaldella,Sebaldella_NA
ASV_8053,Bacteria,Spirochaetota,Spirochaetia,Spirochaetales,Spirochaetaceae,Treponema,Treponema_NA
ASV_8054,Bacteria,Bacillota,Clostridia,NA,NA,NA,NA_NA
ASV_8055,Bacteria,Pseudomonadota,Alphaproteobacteria,Rickettsiales,Mitochondria,NA,NA_NA
ASV_8056,Bacteria,Bacillota,Clostridia,Oscillospirales,Ruminococcaceae,NA,NA_NA
ASV_8057,Bacteria,Pseudomonadota,Alphaproteobacteria,Sphingomonadales,Sphingomonadaceae,Sphingomonas,Sphingomonas_polyaromaticivorans
ASV_8058,Bacteria,Bacillota,Clostridia,Peptococcales,Peptococcaceae,NA,NA_NA
ASV_8059,Bacteria,Bacillota,Bacilli,RF39,NA,NA,NA_NA
ASV_8060,Bacteria,Bacillota,Clostridia,Peptostreptococcales-Tissierellales,Family XI,Peptoniphilus,Peptoniphilus_grossensis
ASV_8061,Bacteria,Actinomycetota,Actinobacteria,Mycobacteriales,Corynebacteriaceae,Corynebacterium,Corynebacterium_pyruviciproducens
ASV_8062,Bacteria,Pseudomonadota,Alphaproteobacteria,Rickettsiales,Mitochondria,NA,NA_NA
ASV_8063,NA,NA,NA,NA,NA,NA,NA_NA
ASV_8064,Bacteria,Spirochaetota,Spirochaetia,Spirochaetales,Spirochaetaceae,Treponema,Treponema_refringens
ASV_8065,Bacteria,Verrucomicrobiota,Lentisphaeria,Victivallales,vadinBE97,NA,NA_NA
ASV_8066,Bacteria,Bacillota,Clostridia,Lachnospirales,Lachnospiraceae,Howardella,Howardella_NA
ASV_8067,Bacteria,Bacillota,Clostridia,NA,NA,NA,NA_NA
ASV_8068,Bacteria,Bacillota,Bacilli,Erysipelotrichales,Erysipelatoclostridiaceae,Erysipelotrichaceae UCG-003,Erysipelotrichaceae_UCG-003_NA
ASV_8069,Eukaryota,NA,NA,NA,NA,NA,NA_NA
ASV_8070,Bacteria,Bacteroidota,Bacteroidia,Cytophagales,Hymenobacteraceae,Adhaeribacter,Adhaeribacter_NA
ASV_8071,Bacteria,Pseudomonadota,Alphaproteobacteria,Rickettsiales,Mitochondria,NA,NA_NA
ASV_8072,Bacteria,Bacteroidota,Bacteroidia,Chitinophagales,Chitinophagaceae,Ferruginibacter,Ferruginibacter_NA
ASV_8073,Bacteria,Pseudomonadota,Alphaproteobacteria,Rickettsiales,Mitochondria,NA,NA_NA
ASV_8074,Bacteria,Bacillota,Clostridia,Oscillospirales,Oscillospiraceae,NA,NA_NA
ASV_8075,Bacteria,Bacillota,Clostridia,Oscillospirales,Oscillospiraceae,UCG-002,UCG-002_NA
ASV_8076,Bacteria,Bacillota,Clostridia,Christensenellales,Christensenellaceae,NA,NA_NA
ASV_8077,Bacteria,Candidatus Eremiobacterota,Eremiobacteria,NA,NA,NA,NA_NA
ASV_8078,Bacteria,Pseudomonadota,Alphaproteobacteria,Rickettsiales,Mitochondria,NA,NA_NA
ASV_8079,Bacteria,Pseudomonadota,Alphaproteobacteria,Acetobacterales,Acetobacteraceae,Swaminathania,Swaminathania_NA
ASV_8080,Bacteria,Bacillota,Clostridia,NA,NA,NA,NA_NA
ASV_8081,Bacteria,Bacillota,Clostridia,Clostridia vadinBB60 group,NA,NA,NA_NA
ASV_8082,Bacteria,Bacillota,Bacilli,RF39,NA,NA,NA_NA
ASV_8083,Bacteria,Bacillota,Bacilli,Erysipelotrichales,Turicibacteraceae,Turicibacter,Turicibacter_uncultured_Turicibacter_sp.
ASV_8084,Bacteria,Bacillota,Bacilli,Mycoplasmatales,Mycoplasmataceae,Mycoplasma,Mycoplasma_NA
ASV_8085,Bacteria,Bacillota,Clostridia,Clostridia vadinBB60 group,NA,NA,NA_NA
ASV_8086,Bacteria,Pseudomonadota,Gammaproteobacteria,NA,NA,NA,NA_NA
ASV_8087,Bacteria,Actinomycetota,Coriobacteriia,Coriobacteriales,Atopobiaceae,NA,NA_NA
ASV_8088,Bacteria,Pseudomonadota,Alphaproteobacteria,Rickettsiales,Mitochondria,NA,NA_NA
ASV_8089,Bacteria,Bacillota,Clostridia,Lachnospirales,Lachnospiraceae,Oribacterium,Oribacterium_uncultured_Oribacterium_sp.
ASV_8090,Bacteria,Bacteroidota,Bacteroidia,Bacteroidales,NA,NA,NA_NA
ASV_8091,Bacteria,Bacillota,Clostridia,NA,NA,NA,NA_NA
ASV_8092,Bacteria,Bacillota,Clostridia,Oscillospirales,Butyricicoccaceae,UCG-009,UCG-009_NA
ASV_8093,Bacteria,Verrucomicrobiota,Verrucomicrobiia,Chthoniobacterales,Chthoniobacteraceae,LD29,LD29_NA
ASV_8094,Bacteria,Bacillota,Clostridia,Lachnospirales,Lachnospiraceae,Lachnospiraceae NK3A20 group,Lachnospiraceae_NK3A20_group_NA
ASV_8095,Bacteria,Actinomycetota,Thermoleophilia,Solirubrobacterales,Solirubrobacteraceae,Solirubrobacter,Solirubrobacter_NA
ASV_8096,Bacteria,Deinococcota,Deinococci,Deinococcales,Deinococcaceae,Deinococcus,Deinococcus_gobiensis
ASV_8097,Bacteria,Bacillota,Clostridia,Oscillospirales,Butyricicoccaceae,UCG-008,UCG-008_NA
ASV_8098,Bacteria,Actinomycetota,Coriobacteriia,Coriobacteriales,Coriobacteriales Incertae Sedis,Raoultibacter,Raoultibacter_NA
ASV_8099,Bacteria,Bacillota,Clostridia,Lachnospirales,Lachnospiraceae,Tyzzerella,Tyzzerella_NA
ASV_8100,Eukaryota,NA,Peridiniales,Heterocapsaceae,NA,NA,NA_Heterocapsaceae_environmental_sample
ASV_8101,Bacteria,Bacillota,Clostridia,Clostridiales,Clostridiaceae,Candidatus Arthromitus,Candidatus_Arthromitus_NA
ASV_8102,Bacteria,Bacillota,Clostridia,Oscillospirales,Ruminococcaceae,Ruminococcus,Ruminococcus_NA
ASV_8103,Bacteria,Bacillota,Clostridia,Clostridia vadinBB60 group,NA,NA,NA_NA
ASV_8104,Bacteria,Bacillota,Bacilli,Erysipelotrichales,Erysipelotrichaceae,NA,NA_NA
ASV_8105,Bacteria,Bacillota,Negativicutes,Veillonellales-Selenomonadales,Veillonellaceae,Dialister,Dialister_NA
ASV_8106,Bacteria,Bacteroidota,Bacteroidia,Flavobacteriales,Flavobacteriaceae,Flavobacterium,Flavobacterium_Flavobacterium_johnsoniae
ASV_8107,Bacteria,Pseudomonadota,Alphaproteobacteria,Elsterales,NA,NA,NA_NA
ASV_8108,Bacteria,Bacillota,Bacilli,Erysipelotrichales,Erysipelotrichaceae,Bulleidia,Bulleidia_extructa
ASV_8109,Bacteria,Armatimonadota,Armatimonadia,Armatimonadales,Armatimonadaceae,NA,NA_NA
ASV_8110,Bacteria,Bacillota,Clostridia,Peptostreptococcales-Tissierellales,Family XI,Finegoldia,Finegoldia_Finegoldia_magna
ASV_8111,Bacteria,Bacillota,Bacilli,Erysipelotrichales,Erysipelatoclostridiaceae,Thomasclavelia,Thomasclavelia_Erysipelotrichaceae_bacterium
ASV_8112,Bacteria,Bacillota,Clostridia,Lachnospirales,Lachnospiraceae,CHKCI001,CHKCI001_uncultured_Lachnospiraceae_bacterium
ASV_8113,Bacteria,Pseudomonadota,Alphaproteobacteria,Rickettsiales,Mitochondria,NA,NA_NA
ASV_8114,Bacteria,Bacteroidota,Bacteroidia,Bacteroidales,Prevotellaceae,Pseudoprevotella,Pseudoprevotella_NA
ASV_8115,Bacteria,Pseudomonadota,Alphaproteobacteria,Rickettsiales,Mitochondria,NA,NA_NA
ASV_8116,Bacteria,Bacteroidota,Bacteroidia,Cytophagales,Spirosomataceae,Spirosoma,Spirosoma_NA
ASV_8117,Bacteria,Pseudomonadota,Alphaproteobacteria,Rickettsiales,Mitochondria,NA,NA_NA
ASV_8118,Bacteria,NA,NA,NA,NA,NA,NA_NA
ASV_8119,Bacteria,Bacteroidota,Bacteroidia,Bacteroidales,Muribaculaceae,NA,NA_uncultured_Muribaculaceae_bacterium
ASV_8120,Eukaryota,NA,NA,NA,NA,NA,NA_NA
ASV_8121,Bacteria,Bacteroidota,Bacteroidia,Chitinophagales,Chitinophagaceae,Arachidicoccus,Arachidicoccus_NA
ASV_8122,Bacteria,Pseudomonadota,Alphaproteobacteria,Rickettsiales,Mitochondria,NA,NA_NA
ASV_8123,Bacteria,Pseudomonadota,Alphaproteobacteria,Rickettsiales,Mitochondria,NA,NA_NA
ASV_8124,Bacteria,Actinomycetota,Coriobacteriia,Coriobacteriales,Eggerthellaceae,NA,NA_NA
ASV_8125,Bacteria,Bacillota,Clostridia,Clostridia vadinBB60 group,NA,NA,NA_NA
ASV_8126,Bacteria,Bacillota,Clostridia,Clostridia vadinBB60 group,NA,NA,NA_NA
ASV_8127,Bacteria,NA,NA,NA,NA,NA,NA_NA
ASV_8128,Bacteria,Bacillota,Clostridia,Lachnospirales,Lachnospiraceae,Cellulosilyticum,Cellulosilyticum_NA
ASV_8129,Bacteria,Bacteroidota,Bacteroidia,Flavobacteriales,Flavobacteriaceae,Flavobacterium,Flavobacterium_NA
ASV_8130,Bacteria,Planctomycetota,Planctomycetes,Pirellulales,Pirellulaceae,NA,NA_NA
ASV_8131,Bacteria,Planctomycetota,Planctomycetes,Gemmatales,Gemmataceae,NA,NA_NA
ASV_8132,Bacteria,Bacteroidota,Bacteroidia,Bacteroidales,Rikenellaceae,Rikenellaceae RC9 gut group,Rikenellaceae_RC9_gut_group_NA
ASV_8133,Bacteria,Bacillota,Clostridia,Peptostreptococcales-Tissierellales,Anaerovoracaceae,Eubacterium,Eubacterium_saphenum_group
ASV_8134,Bacteria,Pseudomonadota,Gammaproteobacteria,Burkholderiales,Oxalobacteraceae,Massilia,Massilia_oculi
ASV_8135,Bacteria,RCP2-54,NA,NA,NA,NA,NA_NA
ASV_8136,Bacteria,Pseudomonadota,,Hyphomicrobiales,Brucellaceae,Brucella,Brucella_Brucella_pseudogrignonensis
ASV_8137,Bacteria,Actinomycetota,Actinobacteria,PeM15,NA,NA,NA_NA
ASV_8138,Bacteria,Bacillota,Clostridia,Oscillospirales,Oscillospiraceae,UCG-002,UCG-002_NA
ASV_8139,Bacteria,Actinomycetota,Thermoleophilia,Solirubrobacterales,Solirubrobacteraceae,Baekduia,Baekduia_Baekduia_soli
ASV_8140,Bacteria,Bacteroidota,Bacteroidia,Chitinophagales,Chitinophagaceae,NA,NA_NA
ASV_8141,Bacteria,Bdellovibrionota,Bacteriovoracia,Bacteriovoracales,Bacteriovoracaceae,Peredibacter,Peredibacter_starrii
ASV_8142,Bacteria,Acidobacteriota,Blastocatellia,Blastocatellales,Blastocatellaceae,Blastocatella,Blastocatella_NA
ASV_8143,Bacteria,Actinomycetota,Thermoleophilia,Solirubrobacterales,Solirubrobacteraceae,Solirubrobacter,Solirubrobacter_NA
ASV_8144,Bacteria,Pseudomonadota,Alphaproteobacteria,Rickettsiales,Mitochondria,NA,NA_NA
ASV_8145,Bacteria,Bacteroidota,Bacteroidia,Chitinophagales,Chitinophagaceae,DVSBS1,DVSBS1_NA
ASV_8146,Bacteria,Bacillota,Clostridia,Peptostreptococcales-Tissierellales,Anaerovoracaceae,Hornefia,Hornefia_NA
ASV_8147,Bacteria,Actinomycetota,Thermoleophilia,Gaiellales,Gaiellaceae,Gaiella,Gaiella_NA
ASV_8148,Bacteria,Pseudomonadota,Alphaproteobacteria,Rickettsiales,Mitochondria,NA,NA_NA
